item_id,order_id,product_id,quantity,unit_price,discount_percent
1,1,19,4,32145.28,0
2,1,84,5,15145.32,5
3,2,23,2,9387.37,30
4,2,113,3,37476.92,10
5,3,18,3,5750.93,25
6,3,81,2,29399.38,25
7,4,59,4,9158.53,5
8,5,66,5,37464.72,0
9,6,36,1,23135.45,20
10,7,13,5,8314.47,30
11,8,96,5,15938.97,0
12,8,5,5,22895.01,15
13,9,86,1,10109.17,30
14,9,18,1,4948.09,30
15,10,23,5,12049.29,5
16,11,111,4,28565.63,0
17,11,71,3,22156.03,15
18,12,117,5,2406.0,20
19,13,76,1,12161.48,15
20,13,2,4,2770.45,5
21,13,100,5,6928.09,15
22,14,137,4,31069.88,5
23,15,91,2,22763.29,5
24,15,40,-3,16183.36,0
25,16,137,5,34800.07,0
26,17,18,3,5801.17,5
27,17,84,2,15175.15,20
28,18,70,2,20128.58,5
29,19,113,4,28916.97,5
30,19,32,4,20028.3,25
31,20,103,2,11608.19,0
32,20,51,1,17441.86,30
33,21,32,1,29847.05,15
34,21,42,3,8611.27,5
35,21,54,1,30984.75,15
36,22,123,3,11991.94,25
37,23,108,3,28068.13,10
38,23,103,1,10068.93,10
39,23,26,2,31689.73,0
40,24,100,1,7712.73,10
41,24,121,3,25386.99,5
42,25,133,2,8460.08,0
43,25,40,1,19622.9,5
44,26,76,5,14941.19,0
45,26,96,4,14026.19,30
46,27,47,2,1822.88,5
47,27,94,3,24254.47,15
48,27,29,3,18602.15,0
49,28,7,3,15056.01,25
50,29,105,5,31678.21,0
51,29,12,2,2350.11,15
52,29,139,2,28787.86,0
53,29,97,1,36914.8,25
54,30,107,-4,5613.19,0
55,30,138,-3,30872.24,10
56,31,94,4,28106.19,5
57,31,25,2,9917.06,0
58,31,123,2,10501.17,0
59,32,25,5,9348.11,5
60,32,104,3,16724.8,10
61,32,73,3,1042.12,25
62,33,69,2,29522.72,15
63,34,38,5,22568.84,0
64,35,13,2,8105.58,0
65,35,51,2,12299.64,15
66,36,3,5,25219.25,15
67,37,104,4,20462.79,30
68,37,116,4,5821.89,10
69,37,55,5,6080.33,15
70,38,48,5,18156.59,0
71,38,66,3,37697.22,10
72,38,88,1,6219.64,20
73,38,125,1,25006.02,0
74,39,29,3,16152.49,20
75,39,31,5,13452.91,0
76,39,76,5,13352.3,30
77,39,33,2,5148.19,5
78,40,5,5,20536.94,0
79,40,51,5,16745.59,30
80,40,91,1,23007.45,15
81,41,136,2,12280.4,0
82,42,43,5,31704.92,0
83,43,109,2,15730.15,20
84,44,76,4,18266.4,20
85,45,35,1,2906.3,30
86,45,77,3,3048.39,0
87,45,1,1,1401.54,0
88,46,37,-4,13302.96,5
89,47,108,4,31112.99,5
90,48,90,2,7793.89,10
91,48,19,2,32992.16,0
92,49,39,4,21468.28,10
93,49,53,3,3406.06,0
94,50,134,3,122.18,25
95,51,32,5,24490.64,0
96,51,139,3,40899.53,0
97,52,98,4,16482.62,0
98,52,66,4,37625.62,5
99,52,29,5,14565.6,15
100,53,127,4,21640.94,0
101,53,111,3,33596.07,10
102,54,65,-3,38363.92,0
103,54,131,1,2420.87,25
104,54,85,2,13760.41,5
105,54,108,5,29035.19,10
106,55,125,4,16567.1,0
107,55,97,5,35154.99,0
108,55,133,5,6399.71,5
109,56,93,1,26875.17,25
110,56,108,4,30874.81,30
111,56,101,1,6618.94,20
112,57,47,3,1892.61,20
113,57,7,1,20923.22,10
114,58,92,3,35399.0,5
115,58,89,3,1830.58,0
116,59,68,2,31556.05,30
117,60,83,2,32732.81,0
118,60,103,3,9692.64,30
119,60,90,2,5949.02,10
120,61,104,2,21620.53,5
121,61,81,3,39510.9,25
122,61,128,3,26398.34,25
123,62,93,3,22667.43,5
124,62,41,5,26504.03,30
125,62,44,5,28901.11,30
126,63,20,2,25334.48,20
127,64,68,3,36714.57,20
128,64,38,2,24233.81,0
129,65,76,2,15130.4,0
130,65,22,2,16151.78,10
131,65,83,1,28347.15,5
132,66,63,2,163.85,5
133,67,6,4,25005.09,30
134,67,124,5,30622.54,0
135,68,133,5,9124.49,20
136,68,103,3,11314.64,15
137,69,95,2,2608.82,15
138,69,94,1,30443.27,0
139,70,83,2,32117.18,0
140,71,130,1,4433.89,5
141,71,122,3,26784.64,30
142,71,138,2,30721.6,0
143,71,81,4,35941.36,25
144,72,112,1,37194.51,30
145,72,17,1,14041.12,25
146,72,44,2,25648.82,15
147,73,65,4,34476.83,0
148,73,8,4,25350.05,25
149,73,126,3,6637.34,10
150,74,85,5,15002.83,30
151,74,60,4,15912.57,30
152,75,2,5,2725.99,0
153,75,14,5,9788.05,20
154,75,92,2,32288.33,5
155,76,46,1,2727.52,25
156,76,47,1,2128.66,0
157,77,100,4,5408.45,15
158,77,105,2,23711.35,15
159,77,98,2,18595.21,10
160,78,128,1,24487.81,20
161,79,21,4,6541.1,30
162,79,87,3,24042.68,0
163,80,16,2,11480.17,30
164,80,96,-1,12814.32,20
165,80,25,3,8961.24,15
166,81,49,5,2721.57,15
167,81,128,1,33104.93,0
168,81,47,5,2171.6,0
169,82,113,2,36681.82,25
170,83,138,3,37179.97,0
171,83,31,3,11980.95,30
172,84,43,4,31179.05,0
173,84,26,5,30777.5,25
174,85,100,5,5201.36,5
175,85,115,3,10959.09,25
176,85,30,-2,33586.98,0
177,86,92,1,34663.76,25
178,87,26,3,30684.43,30
179,87,134,5,115.25,30
180,87,24,2,22178.17,0
181,88,115,2,11828.53,20
182,89,126,1,6501.71,15
183,90,124,3,35390.08,10
184,90,100,1,6511.38,0
185,91,139,3,38796.47,30
186,91,45,1,20177.2,10
187,92,99,3,17598.82,0
188,92,49,4,3433.82,30
189,93,12,1,2799.08,0
190,93,55,2,5602.87,0
191,94,53,4,3781.04,0
192,95,30,2,31825.14,15
193,95,75,2,29471.43,5
194,95,2,3,3877.47,20
195,96,12,2,2976.99,10
196,96,40,4,20321.33,10
197,97,70,1,16256.8,20
198,97,105,4,26028.0,5
199,98,125,1,22547.92,25
200,98,65,2,33901.79,5
201,98,3,1,26976.98,0
202,98,102,-2,21700.91,25
203,99,43,3,36630.33,10
204,99,66,5,30228.18,0
205,99,102,4,21056.41,5
206,100,23,2,8488.83,0
207,100,128,4,28175.81,0
208,101,48,1,16406.12,15
209,101,22,4,17478.65,25
210,102,11,3,17036.47,0
211,102,129,2,27752.68,10
212,102,49,2,2901.96,5
213,102,54,1,26058.12,0
214,103,58,-3,1234.46,25
215,103,48,1,21542.44,0
216,103,50,2,19736.68,10
217,104,42,-2,9131.63,15
218,105,105,1,30356.84,0
219,105,133,3,7345.37,0
220,105,137,1,31463.62,0
221,106,98,5,13723.23,20
222,106,1,5,1048.7,5
223,107,140,1,28783.7,25
224,107,19,5,29920.23,10
225,108,100,2,6951.74,10
226,108,116,3,8482.27,25
227,109,117,5,2498.77,5
228,110,37,2,14024.65,20
229,110,74,-3,29901.74,15
230,111,77,1,3435.49,30
231,111,37,2,14150.15,0
232,112,91,2,24275.53,20
233,113,116,4,6580.04,15
234,113,114,4,22833.32,30
235,113,100,2,5713.2,5
236,114,50,5,17753.38,25
237,115,105,3,30679.93,5
238,116,101,2,5470.85,30
239,117,106,1,15538.06,15
240,118,41,4,34489.22,20
241,119,53,5,4661.75,10
242,119,99,5,16343.67,20
243,120,51,3,14253.03,0
244,120,39,4,23420.17,30
245,120,106,1,19301.18,0
246,121,14,1,11121.34,15
247,121,85,2,14682.44,5
248,122,79,3,24801.57,15
249,122,17,5,14086.81,25
250,123,75,3,20002.45,30
251,124,41,-2,27837.77,30
252,124,39,5,24469.81,30
253,125,72,2,43359.05,0
254,126,114,1,30305.71,0
255,127,123,5,12936.28,15
256,127,44,4,32940.64,0
257,127,6,4,30495.16,25
258,128,89,3,2278.31,15
259,129,77,2,2897.69,5
260,129,101,3,5036.29,0
261,130,91,1,21410.06,20
262,130,127,2,25298.13,10
263,131,134,4,111.23,0
264,131,7,1,20256.13,10
265,132,68,3,28861.93,25
266,132,115,1,12057.73,0
267,132,111,2,33978.34,0
268,133,98,4,16138.02,0
269,133,52,-3,29273.93,15
270,134,94,4,24293.99,15
271,134,132,-2,3990.67,10
272,135,69,1,37763.8,0
273,136,82,5,11840.67,0
274,137,28,1,22019.6,0
275,137,63,2,173.6,5
276,138,23,1,7962.98,0
277,139,19,5,29688.91,25
278,139,40,3,21198.48,0
279,140,32,1,27241.72,5
280,141,48,2,16148.87,0
281,141,24,4,22587.22,30
282,141,1,2,1246.57,5
283,141,111,-4,30548.92,0
284,142,121,3,34987.14,0
285,143,21,2,7118.08,10
286,144,37,5,14074.36,0
287,144,139,1,30273.76,15
288,145,102,5,17721.03,10
289,145,76,2,15020.86,15
290,146,62,5,25817.8,10
291,147,16,4,13700.37,0
292,147,17,5,13302.51,20
293,148,21,1,7125.8,0
294,148,115,3,13521.65,15
295,149,17,5,10703.98,15
296,150,116,3,7748.19,25
297,151,126,3,6658.97,5
298,152,59,1,10570.74,20
299,152,44,4,37069.67,15
300,153,104,2,21460.41,20
301,153,119,4,15113.52,0
302,153,116,-3,6635.26,0
303,153,40,4,17710.79,20
304,154,45,2,26239.22,0
305,155,121,3,29471.43,0
306,155,39,4,24273.87,10
307,156,72,2,35626.66,25
308,156,59,4,9471.79,0
309,157,91,1,16440.93,15
310,158,123,2,10551.71,25
311,158,75,2,23368.89,0
312,159,87,5,25405.55,0
313,159,80,5,2138.45,15
314,159,110,2,3542.76,25
315,160,17,1,11676.78,20
316,161,60,4,21256.28,30
317,161,81,3,35315.46,15
318,162,50,5,19801.0,5
319,162,33,4,6283.98,0
320,162,83,3,28553.36,0
321,162,59,4,10825.67,15
322,163,69,4,35850.34,10
323,163,18,2,4586.86,0
324,163,116,4,6219.16,0
325,164,84,5,16490.6,0
326,164,92,3,35180.74,25
327,165,138,5,32643.59,10
328,165,52,1,29732.59,5
329,165,49,5,3516.4,10
330,166,64,4,14659.43,0
331,166,97,3,27372.6,0
332,167,108,3,29446.04,0
333,167,21,4,6214.38,30
334,168,41,3,23919.81,10
335,168,114,4,24547.72,25
336,169,83,1,22811.4,15
337,169,5,5,19463.94,0
338,170,81,4,36355.58,20
339,170,97,2,28257.36,0
340,170,7,3,17530.97,0
341,171,34,1,6706.5,0
342,171,128,2,23456.14,0
343,172,61,3,7508.83,15
344,172,24,1,23584.23,0
345,173,135,4,37971.4,20
346,174,40,2,18397.58,0
347,174,23,3,8937.73,0
348,175,14,2,12004.62,0
349,176,57,2,34534.82,0
350,177,102,1,18516.83,10
351,178,127,4,27488.62,0
352,178,7,2,19755.84,5
353,179,90,5,7560.83,30
354,179,21,-2,5620.97,0
355,180,138,3,31972.4,30
356,180,2,4,2783.97,5
357,180,73,5,851.25,5
358,181,31,3,10850.5,25
359,182,132,2,2875.23,0
360,182,104,4,22032.01,5
361,183,77,5,3987.11,15
362,183,55,4,4117.19,5
363,184,65,1,28980.55,5
364,184,56,2,14870.82,5
365,184,131,4,3515.44,20
366,185,101,4,5495.14,10
367,185,43,2,29344.18,0
368,186,1,1,1326.09,0
369,187,78,1,11070.38,5
370,187,114,2,32889.5,15
371,187,98,1,15386.86,0
372,187,41,3,32365.11,0
373,188,78,2,12340.85,5
374,189,8,1,24039.17,5
375,189,122,4,28424.24,30
376,189,45,3,22652.74,25
377,190,17,1,11415.77,20
378,190,40,1,14985.26,20
379,190,56,4,12337.67,0
380,191,17,3,13108.73,5
381,191,72,3,28328.09,10
382,192,49,4,3532.15,0
383,192,61,5,7133.8,20
384,193,60,1,17095.82,0
385,194,95,4,3233.82,30
386,195,96,3,18091.59,15
387,195,139,4,30053.59,20
388,195,38,3,20146.57,15
389,196,75,5,23277.8,20
390,196,38,1,21359.55,0
391,196,127,3,31929.54,25
392,197,43,1,33566.97,0
393,198,88,2,6388.21,0
394,198,139,2,40117.72,20
395,199,29,1,17805.95,0
396,199,129,3,35552.3,0
397,199,140,2,29202.08,15
398,200,126,3,7193.78,15
399,200,30,5,35459.08,30
400,201,90,4,7007.95,0
401,202,58,4,978.99,5
402,203,130,1,3896.88,0
403,204,79,2,26175.85,10
404,205,25,1,8904.22,10
405,205,49,1,2706.11,0
406,206,18,3,4777.86,0
407,207,104,1,21117.67,10
408,208,88,3,4821.47,20
409,208,100,-5,6687.54,25
410,209,126,1,6526.89,15
411,210,8,3,31551.12,20
412,211,109,4,21232.17,20
413,211,90,1,7792.21,0
414,212,122,3,24912.37,0
415,213,25,4,12558.93,5
416,213,117,5,2597.41,0
417,214,83,5,27296.7,0
418,214,80,2,2463.25,0
419,214,116,5,6829.54,30
420,214,56,2,12624.7,20
421,215,13,5,8575.25,30
422,215,65,4,27085.11,25
423,216,76,2,12375.45,15
424,217,20,2,30622.59,5
425,218,2,2,3668.04,0
426,218,100,3,5533.66,15
427,219,127,1,22172.94,0
428,219,59,2,10783.4,0
429,219,114,4,27190.67,20
430,220,6,5,30537.55,15
431,221,122,1,22059.92,30
432,222,109,1,14091.99,10
433,223,122,2,28820.87,0
434,223,103,-1,8195.15,0
435,223,130,5,3366.13,5
436,224,115,5,12289.45,10
437,225,48,5,17805.29,30
438,226,11,2,18010.27,0
439,226,60,4,14806.2,0
440,227,135,5,36218.55,10
441,227,69,2,29404.26,5
442,228,123,2,12809.49,25
443,228,55,4,4477.88,0
444,229,139,1,29622.85,0
445,230,131,4,2954.46,0
446,230,38,5,17419.62,20
447,230,18,3,5820.83,10
448,231,11,3,23960.81,0
449,232,50,4,19776.44,5
450,232,96,2,16243.52,30
451,232,101,4,5900.33,0
452,233,128,4,29692.39,20
453,233,20,1,31704.48,0
454,234,11,4,19264.25,15
455,234,95,3,3253.31,15
456,234,72,3,41452.04,25
457,235,36,4,20207.72,25
458,236,88,5,5815.95,0
459,236,137,3,30755.81,10
460,237,59,2,10034.28,15
461,237,81,3,29515.37,15
462,237,83,5,30621.3,10
463,238,68,5,34976.5,5
464,239,36,2,23565.86,15
465,239,76,5,15885.41,5
466,240,119,5,12725.91,0
467,241,64,2,14050.97,15
468,242,47,4,2172.44,20
469,243,118,-5,16429.76,10
470,244,19,1,33907.79,30
471,244,65,4,24706.44,5
472,245,127,5,27886.3,10
473,245,117,5,2204.44,5
474,246,69,1,38724.16,25
475,247,100,3,5354.4,0
476,248,32,3,27858.24,0
477,249,28,3,21457.49,0
478,249,138,4,27141.53,0
479,250,3,3,30779.35,10
480,250,29,3,17107.61,5
481,251,69,2,27041.7,30
482,251,91,5,18677.77,5
483,252,44,5,33380.09,0
484,252,99,1,15068.87,10
485,252,53,4,3623.8,5
486,253,118,2,20915.27,10
487,253,43,1,28160.41,10
488,254,112,5,42000.12,20
489,255,21,4,6438.9,25
490,256,39,5,28299.51,0
491,256,99,5,16316.73,5
492,257,135,1,35722.67,20
493,257,88,4,5792.03,15
494,257,83,2,30963.86,20
495,258,44,4,27654.74,15
496,259,75,2,22974.33,25
497,260,7,1,18604.92,0
498,260,63,4,173.58,15
499,261,115,4,10661.28,10
500,262,90,3,7646.26,10
501,262,59,4,8281.51,5
502,262,69,5,33986.16,30
503,263,98,2,13960.17,0
504,263,94,-1,26618.6,30
505,263,13,1,9178.42,30
506,264,66,4,28554.02,0
507,265,48,4,16975.95,30
508,265,59,1,8598.26,0
509,266,14,5,12944.14,0
510,267,109,2,13723.3,5
511,267,43,5,39430.95,0
512,268,26,5,21669.08,25
513,268,69,5,35617.04,0
514,268,46,2,2596.99,0
515,269,44,5,36136.79,30
516,269,70,5,19820.09,20
517,270,35,1,3219.49,0
518,270,43,2,41800.83,15
519,271,63,4,144.18,0
520,272,64,2,14300.28,0
521,273,1,5,1425.79,20
522,273,74,5,26061.69,20
523,273,118,5,17404.51,30
524,274,91,3,20529.05,20
525,274,104,2,19451.35,25
526,275,19,3,23360.47,20
527,275,95,4,2678.48,15
528,276,7,4,16481.49,0
529,276,81,2,33183.06,0
530,277,36,3,20776.5,0
531,278,5,-4,17521.46,20
532,278,59,-4,10665.38,15
533,279,107,2,7861.94,0
534,279,14,3,11445.72,15
535,279,63,4,198.63,20
536,280,20,5,28062.82,30
537,281,123,3,11058.66,10
538,281,18,5,4161.43,0
539,282,38,1,16158.17,5
540,282,70,5,15924.83,25
541,283,118,3,18612.26,10
542,284,95,5,2363.02,25
543,284,14,4,11762.79,30
544,284,133,1,8361.37,30
545,285,18,4,4514.54,25
546,285,40,3,15871.15,5
547,286,24,5,23273.44,20
548,287,4,2,7401.45,5
549,287,35,4,3694.73,0
550,288,110,2,2931.54,0
551,288,66,2,39119.83,10
552,289,57,2,34215.48,25
553,289,120,1,4489.89,25
554,290,88,5,6087.91,15
555,291,67,5,17903.57,30
556,291,85,3,15048.24,5
557,291,84,2,18924.72,20
558,292,124,3,32744.44,30
559,293,104,1,23294.29,10
560,294,66,2,39445.91,5
561,294,28,4,30256.48,0
562,294,38,5,20492.08,20
563,294,58,4,1113.05,15
564,295,124,-3,42079.99,0
565,295,17,4,11459.96,20
566,296,40,1,17445.96,15
567,296,107,-1,6125.08,25
568,296,122,4,29049.42,20
569,297,61,3,5511.94,0
570,298,87,2,31802.15,20
571,299,22,2,16098.69,25
572,299,3,1,30303.42,0
573,300,14,1,11964.65,0
574,301,94,2,29715.36,15
575,301,92,1,23336.48,0
576,301,23,1,10669.95,5
577,301,11,2,25054.83,25
578,302,28,1,29426.39,10
579,302,69,2,25820.35,10
580,302,75,2,25797.32,30
581,302,135,1,35681.46,5
582,303,87,4,34654.13,15
583,303,42,5,8182.64,20
584,304,108,3,32099.35,5
585,304,61,2,6109.16,0
586,305,31,1,13520.89,0
587,305,38,2,22445.98,10
588,306,86,5,8697.28,25
589,306,82,4,9681.67,30
590,307,54,1,25731.23,20
591,307,122,2,22772.77,0
592,308,9,3,4512.54,25
593,309,83,4,23819.2,15
594,310,109,5,20260.35,0
595,310,81,1,39709.54,0
596,311,125,1,24269.42,5
597,311,86,5,10276.39,10
598,311,38,2,22428.1,20
599,312,10,3,13038.26,15
600,312,3,3,19861.14,25
601,313,52,2,24949.02,30
602,313,55,3,5193.0,30
603,314,51,4,16171.0,0
604,315,75,-5,29575.19,25
605,316,12,3,2246.77,0
606,316,73,4,1092.18,20
607,317,60,3,17210.29,0
608,317,81,2,36688.26,10
609,317,58,4,1034.77,30
610,317,116,2,5583.48,25
611,318,62,4,25749.01,0
612,319,71,1,27312.14,10
613,319,138,5,33444.21,25
614,319,140,5,23600.36,30
615,319,107,3,7515.87,5
616,320,100,5,7073.19,0
617,321,110,1,3475.19,5
618,322,123,1,9997.51,10
619,322,6,2,27786.77,10
620,323,53,2,4077.05,10
621,324,80,1,2869.21,0
622,324,139,1,42111.3,0
623,324,18,3,5880.04,0
624,325,129,4,29980.6,25
625,325,137,5,26256.98,0
626,326,92,1,27392.84,20
627,327,65,5,35872.9,0
628,327,5,1,16736.19,15
629,328,42,5,10188.53,30
630,329,90,4,7307.04,20
631,329,8,1,32913.43,20
632,329,88,2,4721.69,25
633,330,18,3,5186.28,5
634,330,59,1,7758.5,5
635,330,127,1,27736.43,0
636,330,118,3,18822.0,20
637,330,100,1,7764.54,25
638,331,134,4,120.59,30
639,331,30,3,24751.55,0
640,331,35,3,2898.69,30
641,332,109,1,14013.15,10
642,332,76,2,16863.68,20
643,332,10,2,10774.48,20
644,333,94,3,24290.37,0
645,333,20,3,28522.59,0
646,333,128,2,33848.33,0
647,333,79,3,19516.11,10
648,334,86,3,11508.29,0
649,335,21,2,4717.78,10
650,336,139,1,39914.98,30
651,337,140,1,24772.58,20
652,337,77,1,3740.58,10
653,337,26,1,21815.05,0
654,337,104,5,15178.74,25
655,338,11,4,24232.08,20
656,339,64,1,12483.65,0
657,340,27,4,4342.14,0
658,340,5,2,21723.37,30
659,341,134,5,136.59,5
660,341,70,4,17236.45,0
661,342,111,2,33373.52,10
662,342,55,3,4301.97,20
663,342,100,5,5831.3,5
664,343,108,3,31863.2,25
665,344,1,1,1207.43,5
666,345,48,2,15514.4,0
667,345,31,2,13520.49,0
668,346,19,4,23576.46,5
669,347,1,1,1443.07,0
670,347,54,4,22628.5,5
671,348,115,2,14302.74,0
672,348,37,3,10750.19,20
673,349,71,4,29252.84,0
674,350,53,2,5050.12,5
675,350,100,4,6401.84,10
676,350,91,4,16280.0,0
677,351,16,4,14867.6,5
678,352,106,3,15074.66,10
679,352,29,2,17079.21,0
680,353,17,5,11715.5,10
681,354,58,2,1249.93,10
682,354,116,4,8430.99,10
683,355,35,2,3472.86,20
684,355,5,2,23877.7,30
685,356,131,1,2636.43,15
686,356,38,5,18230.98,0
687,357,80,1,1910.2,0
688,357,104,-2,22837.84,10
689,358,63,4,203.67,0
690,358,136,2,15626.76,15
691,358,47,5,2217.75,15
692,359,28,4,22857.47,10
693,359,79,5,20408.59,20
694,360,92,4,28923.69,5
695,360,25,2,10442.72,15
696,361,137,3,29012.16,20
697,362,5,5,23092.96,5
698,362,20,4,35851.17,5
699,362,27,4,4765.81,0
700,363,113,2,34483.19,0
701,363,35,3,2561.63,20
702,363,57,1,35059.98,25
703,363,55,2,4205.5,5
704,364,31,2,8859.69,10
705,364,24,5,20929.45,0
706,364,65,4,36049.79,5
707,364,138,4,36526.03,0
708,365,72,3,42704.09,25
709,365,1,5,1368.66,0
710,365,110,1,4555.07,0
711,366,71,2,31167.4,5
712,366,50,1,20825.37,5
713,367,76,1,16629.41,5
714,367,118,5,14819.31,0
715,368,53,3,4585.47,10
716,369,17,4,11313.29,0
717,369,41,3,22994.41,0
718,370,108,1,24436.22,0
719,371,28,2,27931.73,0
720,371,112,3,39649.53,30
721,372,136,4,11036.87,30
722,372,85,5,11597.34,25
723,373,114,3,25025.2,5
724,374,6,4,23642.57,30
725,374,51,4,17174.38,0
726,375,14,5,14519.21,0
727,375,59,5,9661.77,0
728,376,14,5,10408.4,5
729,377,13,5,10511.27,0
730,377,131,2,2987.62,0
731,378,87,5,30990.5,10
732,379,46,4,2548.33,5
733,379,12,2,3233.61,5
734,380,23,5,9899.94,20
735,380,133,5,6349.05,15
736,380,38,4,17418.74,10
737,381,9,1,5501.94,0
738,381,3,1,23445.17,0
739,381,7,1,20579.0,25
740,382,26,5,27659.37,0
741,382,113,5,28923.69,0
742,383,30,3,26599.76,0
743,383,130,5,4443.38,30
744,383,75,4,21987.85,30
745,384,20,2,35277.25,10
746,384,39,5,26850.36,0
747,385,130,4,3848.88,0
748,386,13,2,9757.88,15
749,386,1,1,1182.96,30
750,386,67,3,21386.35,20
751,387,106,2,20260.24,30
752,388,59,3,10443.81,15
753,388,83,3,32443.03,20
754,389,11,1,20447.3,5
755,389,121,4,33175.91,30
756,390,118,5,16536.23,0
757,391,135,2,28879.49,10
758,391,48,1,22005.84,20
759,392,65,-5,26392.99,30
760,393,67,4,24645.73,5
761,393,46,5,2213.79,5
762,393,122,5,26032.61,20
763,394,69,2,27086.16,0
764,395,76,5,16012.08,10
765,395,44,4,28920.46,0
766,396,63,3,184.75,30
767,396,108,4,26137.04,10
768,396,34,3,4605.18,0
769,397,100,3,7698.08,15
770,397,41,3,33586.35,0
771,398,48,4,20867.93,15
772,399,76,2,18664.96,0
773,400,22,3,15198.27,10
774,400,121,-3,31929.05,30
775,400,97,5,36207.56,0
776,401,95,5,3079.85,30
777,401,62,2,37786.64,10
778,402,85,2,13058.66,0
779,403,75,1,29536.02,10
780,404,62,2,39037.7,5
781,405,50,1,18013.99,5
782,405,135,2,40556.25,0
783,405,66,1,36923.72,25
784,405,81,5,33648.31,0
785,406,140,1,28278.92,5
786,407,51,-2,12126.54,15
787,407,127,2,21434.22,20
788,408,9,1,5617.42,30
789,408,20,4,34380.1,15
790,409,129,5,32735.46,30
791,409,105,1,22628.29,0
792,410,54,1,28407.32,15
793,410,7,4,15755.47,0
794,411,4,4,7115.47,25
795,411,63,3,185.27,0
796,412,107,1,7818.42,5
797,413,89,2,2194.08,0
798,414,80,5,2511.06,10
799,414,19,1,28611.88,5
800,414,32,2,23858.83,25
801,415,36,2,18610.58,0
802,415,105,2,30204.06,30
803,416,38,2,20000.72,15
804,416,19,3,27112.65,0
805,417,76,5,15770.49,0
806,417,34,3,5969.05,15
807,418,61,4,6019.83,0
808,418,127,-5,29191.27,0
809,419,5,2,22910.16,0
810,419,11,5,24940.95,15
811,420,100,4,7523.44,0
812,421,99,1,13453.72,5
813,421,40,1,22581.0,5
814,421,117,3,2515.8,15
815,422,14,4,12166.88,0
816,423,125,4,23161.18,0
817,424,54,3,24841.04,0
818,424,135,1,31676.27,30
819,425,115,3,11509.99,30
820,425,50,5,15864.37,0
821,425,88,2,4883.14,15
822,426,32,1,26832.86,25
823,426,14,1,12682.78,0
824,427,17,3,10826.88,0
825,428,5,3,20380.66,0
826,428,116,4,7791.46,20
827,429,97,5,32506.25,25
828,429,76,1,18185.64,10
829,430,38,5,22993.27,20
830,431,38,3,21027.97,10
831,432,6,5,30419.02,5
832,433,28,2,28798.12,20
833,433,48,4,19034.41,0
834,433,58,4,1216.26,0
835,433,76,5,15338.65,20
836,434,31,4,12375.52,0
837,435,56,3,13181.62,5
838,436,134,5,106.0,15
839,437,134,2,129.27,30
840,438,5,3,22504.52,15
841,439,31,1,11327.35,0
842,439,37,4,12112.48,15
843,439,112,5,39056.4,20
844,439,88,3,4541.22,30
845,440,98,5,16125.1,20
846,441,56,1,13182.38,20
847,442,26,2,29020.64,30
848,443,31,3,12764.01,10
849,444,103,2,10770.22,10
850,444,139,5,31568.32,0
851,444,39,1,29218.55,0
852,445,2,5,3179.95,20
853,446,100,1,5346.85,20
854,446,17,5,10385.87,0
855,447,86,1,7868.73,0
856,448,97,5,24608.65,10
857,449,19,4,26982.78,0
858,449,83,5,24608.06,25
859,449,14,4,12796.51,0
860,450,95,3,2546.34,25
861,450,57,4,28092.29,10
862,451,115,4,14524.44,20
863,451,36,2,22694.82,15
864,452,5,4,21611.82,25
865,452,24,4,29101.75,0
866,453,18,3,3853.47,30
867,454,137,3,23549.35,5
868,455,23,3,9521.82,0
869,455,34,2,5258.31,20
870,456,28,1,25268.2,5
871,456,120,2,5942.0,0
872,456,140,5,23004.81,20
873,457,61,2,6126.8,30
874,457,132,5,4040.0,20
875,457,82,1,8706.47,25
876,458,20,3,27663.57,0
877,458,140,2,31351.22,15
878,458,76,1,13066.62,20
879,459,25,3,10243.46,0
880,459,111,2,28571.42,10
881,460,27,4,5031.94,0
882,460,102,4,20390.62,25
883,461,48,1,14548.17,0
884,462,24,4,28790.19,30
885,463,50,5,22474.84,20
886,463,67,2,21781.52,15
887,464,126,5,6348.38,20
888,465,139,1,40479.48,0
889,465,63,-5,181.73,15
890,466,105,1,26795.68,25
891,467,140,4,29163.22,0
892,467,110,4,3722.91,0
893,468,104,2,22850.99,30
894,468,128,2,32954.58,0
895,469,139,1,37553.83,0
896,469,37,2,10230.71,15
897,470,84,1,20222.56,15
898,470,41,1,32452.31,30
899,471,68,5,38604.06,0
900,471,104,1,23547.68,0
901,471,39,3,26246.3,25
902,471,19,5,33763.74,30
903,472,137,2,28201.83,30
904,472,69,3,35933.63,0
905,473,10,-1,14299.91,5
906,473,85,5,12868.57,10
907,474,130,-2,3557.75,15
908,474,75,5,24393.86,0
909,475,116,5,7024.23,0
910,476,113,1,34258.59,0
911,477,115,4,11272.31,0
912,477,100,-1,7663.39,25
913,478,71,5,22041.24,25
914,478,98,4,17868.13,25
915,478,20,4,31436.39,20
916,479,40,2,17332.56,5
917,480,127,5,24741.52,30
918,480,10,1,11394.31,0
919,481,95,1,3077.48,0
920,482,93,4,27302.25,15
921,483,8,1,24746.02,30
922,484,46,3,2956.53,10
923,485,101,5,5284.78,0
924,485,118,3,20205.67,10
925,486,48,5,21341.8,20
926,486,64,2,15642.58,5
927,486,35,5,3926.31,0
928,486,137,3,27880.47,10
929,487,84,3,18247.23,25
930,487,48,2,21890.12,15
931,487,137,4,24838.41,0
932,488,104,5,20348.3,15
933,488,57,1,25309.11,30
934,488,88,1,5678.37,20
935,489,126,3,7839.23,30
936,489,133,3,6127.53,15
937,490,125,3,18232.71,5
938,490,74,3,27039.09,0
939,491,20,5,30651.2,0
940,491,29,2,17821.31,15
941,491,124,5,31306.02,0
942,492,23,3,8860.69,10
943,493,28,1,22466.35,0
944,493,84,3,17492.63,5
945,493,52,4,26650.52,30
946,494,25,4,11054.19,15
947,494,61,1,4889.72,10
948,495,28,1,20414.06,15
949,495,73,2,935.45,30
950,496,32,4,25670.44,0
951,496,135,4,27969.39,15
952,497,135,2,41882.9,15
953,497,90,5,7353.91,20
954,497,103,4,8351.7,15
955,498,130,5,3805.67,10
956,498,107,2,5624.43,15
957,498,116,5,6498.98,10
958,499,109,3,19710.84,15
959,500,74,5,21408.42,0
960,500,46,1,2911.35,20
961,501,2,1,2778.31,10
962,501,11,3,22631.46,5
963,502,19,-2,29893.72,0
964,502,61,3,7224.44,0
965,503,124,5,30807.58,20
966,503,9,5,5241.21,0
967,504,73,5,1002.81,20
968,504,78,5,14510.49,25
969,504,134,2,120.87,5
970,505,113,3,38870.21,0
971,506,2,5,3974.46,0
972,506,34,3,5116.95,0
973,506,94,5,22187.03,0
974,507,28,2,22170.25,0
975,508,33,2,6400.58,0
976,509,16,4,16254.94,0
977,510,134,2,116.38,25
978,511,119,5,10752.26,25
979,511,89,4,1890.63,0
980,511,7,-4,16299.23,0
981,512,90,3,5788.74,15
982,512,123,5,12618.39,25
983,512,119,2,11941.0,0
984,513,131,4,2784.94,30
985,514,62,1,33701.62,0
986,514,27,4,5962.93,25
987,514,101,2,4476.79,5
988,515,56,1,11847.92,0
989,515,48,2,19138.29,5
990,516,106,4,20273.68,0
991,516,44,3,28062.5,30
992,516,26,2,22954.52,0
993,517,63,5,194.64,30
994,518,53,-3,4185.06,25
995,518,82,4,11135.56,25
996,518,79,2,20015.65,20
997,519,86,3,11408.8,25
998,520,30,1,25630.0,0
999,520,47,4,1863.31,0
1000,520,115,3,11561.98,25
1001,520,113,5,43180.68,0
1002,521,84,5,19922.93,30
1003,521,36,2,18227.47,0
1004,522,26,4,28593.89,0
1005,522,35,5,2815.85,0
1006,522,94,1,22710.24,30
1007,523,120,5,5518.13,25
1008,524,90,3,6949.61,15
1009,524,54,2,24194.51,30
1010,525,11,1,19238.85,10
1011,525,52,2,31952.99,0
1012,526,83,4,22986.52,0
1013,526,29,2,20547.78,0
1014,527,43,1,29579.34,5
1015,527,90,4,5836.78,30
1016,528,50,5,21581.31,0
1017,528,15,5,16314.89,25
1018,529,128,2,27160.6,0
1019,529,24,2,20373.02,0
1020,529,30,1,34539.28,25
1021,530,105,1,23956.75,0
1022,530,120,1,4569.38,20
1023,530,36,1,18216.29,0
1024,531,9,3,5081.43,30
1025,531,115,4,15496.31,5
1026,531,35,5,3618.93,5
1027,532,10,5,10310.76,20
1028,532,76,3,13528.72,0
1029,533,78,5,11374.6,10
1030,534,46,1,2096.79,0
1031,535,135,3,41405.06,15
1032,535,36,2,18414.17,10
1033,536,97,2,24084.56,5
1034,537,90,1,7357.81,0
1035,537,98,2,18658.36,15
1036,538,33,5,6104.17,0
1037,539,117,2,1928.97,20
1038,539,31,3,11329.51,30
1039,540,94,4,23174.97,0
1040,541,20,1,25980.32,25
1041,541,40,1,18181.57,15
1042,542,42,2,9172.65,10
1043,542,123,1,10189.52,0
1044,543,22,4,15302.88,0
1045,544,106,2,14962.46,10
1046,544,59,5,10395.56,0
1047,545,41,1,25373.77,10
1048,546,9,1,3958.89,15
1049,546,64,4,16178.52,25
1050,547,79,5,19013.42,25
1051,548,90,4,7452.05,5
1052,548,96,3,16245.0,0
1053,548,73,2,1095.21,10
1054,549,12,1,3226.55,30
1055,549,16,-1,11720.03,0
1056,550,106,1,17510.6,10
1057,550,59,1,9703.29,20
1058,551,133,1,8862.66,15
1059,552,115,2,13548.08,0
1060,552,28,3,27983.96,25
1061,553,105,2,23177.65,5
1062,553,116,3,5704.31,0
1063,553,27,3,4653.88,30
1064,554,71,3,23677.02,20
1065,554,126,2,5417.26,5
1066,555,47,5,2477.77,25
1067,555,90,4,7052.46,10
1068,555,137,4,23068.79,0
1069,556,2,2,3996.07,5
1070,556,86,5,9404.52,25
1071,557,101,1,5185.03,0
1072,557,112,5,32093.88,0
1073,557,39,4,20082.14,0
1074,558,69,4,30745.48,0
1075,559,7,1,21476.36,0
1076,560,115,1,15390.35,0
1077,560,125,1,23032.86,10
1078,560,120,5,4868.62,30
1079,561,70,2,18130.31,0
1080,561,1,3,1417.8,0
1081,561,81,3,35817.23,30
1082,562,10,5,13618.26,20
1083,562,77,5,3542.22,25
1084,563,51,4,15028.4,0
1085,564,107,4,6994.88,10
1086,565,26,3,31149.99,25
1087,565,39,4,26281.69,5
1088,565,56,2,14704.32,15
1089,565,125,4,17855.95,30
1090,566,75,1,19633.53,10
1091,566,30,2,34758.02,0
1092,566,115,1,11377.59,0
1093,567,139,2,28997.69,20
1094,568,15,1,17922.18,10
1095,568,41,1,33374.11,30
1096,569,61,5,6227.4,25
1097,569,95,2,3329.63,0
1098,569,132,4,4019.53,30
1099,570,129,5,35947.79,30
1100,571,19,3,28560.74,0
1101,571,140,1,26431.92,15
1102,571,103,5,10429.93,5
1103,571,67,5,25598.21,30
1104,572,96,1,16675.03,0
1105,572,113,1,32688.61,0
1106,573,24,2,28226.52,20
1107,574,22,5,15142.77,0
1108,574,77,2,3514.04,25
1109,575,43,5,38761.78,30
1110,576,130,2,3842.08,20
1111,577,123,1,10720.07,15
1112,578,59,1,8713.57,0
1113,579,91,1,20268.35,30
1114,579,110,2,3223.84,10
1115,580,58,3,1267.45,15
1116,581,102,5,21895.95,10
1117,581,47,5,2173.77,30
1118,581,75,2,26619.46,20
1119,581,12,1,2558.21,30
1120,582,80,4,1856.66,30
1121,582,39,3,21016.83,0
1122,582,17,2,14490.97,15
1123,583,105,3,29391.06,0
1124,584,1,5,1519.52,5
1125,585,129,5,23804.47,20
1126,585,59,2,11834.66,20
1127,586,123,4,12482.61,0
1128,586,39,4,20116.67,0
1129,586,135,1,32586.55,5
1130,587,64,5,14300.05,0
1131,587,92,2,32058.33,0
1132,588,60,4,20698.33,0
1133,588,55,3,4415.69,5
1134,589,131,3,3299.24,0
1135,589,25,2,10620.26,10
1136,589,103,3,10349.71,10
1137,590,32,4,22987.42,0
1138,590,25,2,12299.41,10
1139,591,103,4,12182.11,0
1140,591,17,5,9989.25,10
1141,591,121,5,32282.45,30
1142,592,11,5,25612.73,0
1143,592,140,4,26556.11,30
1144,593,114,4,27440.64,0
1145,593,70,2,19410.14,0
1146,594,101,3,5655.73,30
1147,594,97,5,34704.14,5
1148,595,113,3,43497.24,20
1149,596,80,1,2185.82,10
1150,597,13,5,11128.67,0
1151,597,29,4,21502.16,5
1152,597,32,4,29279.37,0
1153,597,35,3,2707.89,25
1154,598,21,1,5179.6,30
1155,598,109,5,19794.59,5
1156,599,33,1,6152.96,10
1157,600,84,5,13365.42,25
1158,600,96,1,13135.72,10
1159,601,65,1,28749.38,20
1160,601,46,4,2764.74,10
1161,602,112,4,36197.17,0
1162,603,42,1,10208.13,10
1163,604,81,4,38010.21,15
1164,604,109,5,20447.25,25
1165,604,94,3,28321.47,5
1166,605,8,2,25698.95,15
1167,605,109,3,19728.73,20
1168,606,34,3,6143.47,0
1169,606,48,-1,17668.52,15
1170,606,108,5,31334.72,5
1171,607,109,2,14500.97,0
1172,607,42,3,7688.46,25
1173,608,110,4,3445.12,0
1174,608,123,3,12542.26,20
1175,609,72,1,33825.79,30
1176,609,26,3,26353.08,30
1177,610,100,1,7171.77,30
1178,610,16,1,12171.32,30
1179,611,127,1,23018.62,15
1180,611,33,4,7273.85,0
1181,611,51,3,14109.95,20
1182,612,68,4,29431.04,0
1183,612,43,2,28959.64,30
1184,613,123,2,11577.89,20
1185,613,88,5,4430.53,30
1186,614,90,3,7750.05,0
1187,614,44,3,26546.31,30
1188,614,95,2,2837.7,10
1189,615,69,1,25348.65,20
1190,616,66,3,36044.01,15
1191,616,79,2,27358.36,0
1192,616,95,1,2383.8,5
1193,617,115,5,14538.12,25
1194,617,74,5,28226.88,0
1195,617,138,4,30351.78,20
1196,618,53,2,4321.71,0
1197,618,63,2,195.53,30
1198,618,76,5,14699.23,0
1199,619,91,1,23015.83,0
1200,619,4,5,8638.61,5
1201,619,139,1,31305.83,5
1202,620,9,-4,4970.99,5
1203,621,38,3,21557.5,5
1204,622,85,1,10546.63,0
1205,622,59,5,7899.19,20
1206,622,79,-4,23256.32,10
1207,623,109,3,21188.07,10
1208,624,66,3,30233.96,0
1209,624,93,5,25135.09,30
1210,625,122,5,20210.06,15
1211,625,56,2,13645.29,0
1212,625,116,2,7114.0,30
1213,626,132,3,3889.48,20
1214,627,109,5,19555.73,0
1215,627,136,3,15824.89,15
1216,628,124,5,38597.77,25
1217,629,36,2,17323.35,0
1218,629,65,5,32194.07,20
1219,629,97,3,26213.66,0
1220,630,53,2,4383.28,5
1221,630,58,5,1302.78,0
1222,630,116,1,8498.32,30
1223,631,41,-5,25224.08,0
1224,632,133,1,8517.13,30
1225,632,132,2,2850.14,0
1226,633,48,2,21686.24,0
1227,633,59,1,10574.18,20
1228,634,119,4,10471.84,0
1229,634,112,5,41686.81,30
1230,635,99,5,11929.33,10
1231,635,32,2,23590.85,0
1232,635,3,3,20522.16,5
1233,636,75,3,25865.87,0
1234,637,124,3,34196.15,30
1235,638,36,2,19994.61,20
1236,639,26,2,28641.18,0
1237,639,9,4,5444.28,20
1238,639,1,2,984.22,10
1239,640,85,5,12553.27,0
1240,641,12,4,2768.42,20
1241,642,109,1,20543.46,20
1242,642,69,3,29116.54,0
1243,642,24,1,26734.43,5
1244,642,19,3,21948.13,25
1245,643,69,5,31514.52,30
1246,644,4,5,8557.99,20
1247,644,95,4,2893.6,10
1248,645,104,2,18469.2,25
1249,646,4,5,6777.91,20
1250,647,31,4,11229.08,25
1251,648,19,3,22308.18,20
1252,649,20,4,24382.5,5
1253,649,117,2,1690.11,0
1254,650,34,4,6513.28,30
1255,650,111,5,29952.14,0
1256,650,92,4,23023.51,0
1257,651,95,1,3187.93,15
1258,651,36,3,21871.51,0
1259,652,118,4,16035.78,0
1260,652,125,2,20648.0,20
1261,653,25,5,12179.52,30
1262,654,38,3,16763.62,20
1263,655,46,5,3058.64,15
1264,655,42,5,9291.34,25
1265,655,37,1,13245.07,10
1266,656,94,3,29976.21,0
1267,657,76,4,17804.52,0
1268,657,96,3,15923.87,30
1269,658,33,1,7042.69,0
1270,659,128,1,22968.79,20
1271,659,1,2,1496.02,15
1272,659,5,4,17713.73,0
1273,660,118,2,15939.71,25
1274,660,44,2,31796.14,30
1275,660,55,5,4735.2,10
1276,661,134,2,102.83,10
1277,661,133,4,6899.07,0
1278,662,108,4,35728.32,30
1279,662,19,3,22005.9,0
1280,663,16,5,13879.15,0
1281,663,24,5,21047.95,25
1282,663,30,1,36037.28,0
1283,664,81,4,27845.12,0
1284,664,48,3,16289.14,25
1285,665,52,4,21843.22,20
1286,665,12,5,2618.89,0
1287,665,9,1,5698.63,10
1288,666,23,5,11434.72,30
1289,666,130,3,4247.82,5
1290,667,134,4,125.85,5
1291,667,120,4,5132.45,10
1292,668,72,4,40040.29,20
1293,669,132,4,2900.76,10
1294,669,37,5,9505.6,0
1295,670,10,3,11045.81,0
1296,671,104,2,21004.54,0
1297,672,120,3,5358.83,30
1298,672,76,2,14411.15,0
1299,672,55,4,5190.9,20
1300,673,112,2,37646.86,5
1301,673,10,3,13982.42,30
1302,673,110,5,3253.99,10
1303,673,115,2,11971.7,5
1304,674,98,3,16332.31,0
1305,675,14,4,13807.57,10
1306,676,13,3,10080.96,15
1307,676,101,3,4517.69,20
1308,677,3,5,30331.92,15
1309,677,9,1,3787.09,10
1310,678,8,1,34749.97,0
1311,678,27,4,5566.56,20
1312,678,60,-1,19711.32,0
1313,679,114,2,23254.32,0
1314,679,100,4,7048.71,15
1315,679,14,2,11131.13,10
1316,680,22,1,16980.37,0
1317,680,46,4,3011.38,15
1318,680,1,1,988.14,20
1319,681,13,3,8544.91,5
1320,681,21,2,6942.46,15
1321,682,67,4,22350.73,15
1322,683,127,2,30979.05,25
1323,683,26,5,26551.48,15
1324,683,114,5,29326.27,0
1325,684,60,1,14793.97,20
1326,684,17,3,14365.4,5
1327,685,4,1,6924.59,0
1328,685,53,1,5066.07,20
1329,685,31,1,11118.39,10
1330,686,17,1,12180.89,0
1331,687,87,2,35984.56,15
1332,687,45,2,20160.5,20
1333,687,140,1,21455.87,20
1334,687,92,4,30182.55,0
1335,687,89,1,1790.73,20
1336,688,16,1,15013.15,25
1337,689,62,5,29598.04,0
1338,689,123,2,12799.89,10
1339,690,79,2,18553.44,20
1340,690,96,4,16092.61,0
1341,691,42,1,7262.04,5
1342,691,90,4,5939.23,0
1343,692,101,3,4580.49,30
1344,692,48,3,15933.09,0
1345,693,39,2,28732.8,10
1346,694,85,1,10745.18,0
1347,695,108,1,28012.47,0
1348,696,139,5,41491.71,30
1349,697,30,4,28326.46,5
1350,697,23,2,10678.47,0
1351,698,73,4,883.95,30
1352,698,86,5,9614.83,0
1353,699,109,4,13947.96,5
1354,699,80,4,2544.16,0
1355,699,43,1,42167.15,0
1356,700,118,5,15224.28,10
1357,700,95,4,3436.83,0
1358,700,91,5,16970.8,25
1359,701,42,2,7720.0,0
1360,701,58,1,1228.88,0
1361,701,2,1,3062.08,30
1362,702,32,1,27046.19,0
1363,702,134,4,99.92,0
1364,702,126,5,6344.35,30
1365,703,21,5,6875.57,25
1366,704,121,4,32531.1,0
1367,704,43,1,40032.85,15
1368,704,25,2,11210.9,5
1369,705,40,5,16967.51,10
1370,705,131,1,3140.81,30
1371,705,123,2,10198.84,25
1372,705,45,2,19666.35,0
1373,706,55,2,5406.14,5
1374,706,76,2,16635.05,0
1375,706,138,1,27788.67,10
1376,707,55,2,6081.84,30
1377,708,29,1,19000.57,0
1378,708,17,2,9511.59,5
1379,708,108,1,26969.0,0
1380,708,93,2,33288.41,0
1381,708,51,4,14440.59,0
1382,709,96,1,19271.36,0
1383,709,50,5,15506.76,15
1384,710,13,4,9192.4,5
1385,711,15,4,15868.9,0
1386,711,89,5,1905.99,0
1387,711,60,1,20399.56,0
1388,711,113,5,29951.97,0
1389,711,117,4,1950.74,0
1390,712,41,-2,24067.47,0
1391,712,136,3,11555.56,30
1392,713,100,2,5443.39,0
1393,713,101,2,6615.73,20
1394,714,125,1,20765.16,15
1395,715,107,4,6574.75,0
1396,716,99,2,11932.55,30
1397,716,60,4,17723.96,0
1398,716,101,3,5741.96,10
1399,717,111,2,31570.35,5
1400,717,101,2,5708.59,15
1401,718,3,5,24055.28,25
1402,718,78,2,11531.58,0
1403,719,31,1,10087.69,0
1404,720,66,2,40024.78,15
1405,720,56,5,13938.1,10
1406,720,106,2,14764.58,30
1407,721,11,5,25555.83,0
1408,721,137,5,34618.11,0
1409,721,127,2,29554.76,0
1410,722,98,3,14941.03,30
1411,723,35,3,3907.27,0
1412,724,94,3,25682.96,5
1413,724,15,2,15158.62,5
1414,725,62,1,35984.12,15
1415,725,20,5,30858.75,0
1416,726,96,3,19018.93,20
1417,726,69,5,34410.32,25
1418,727,69,3,38237.25,15
1419,728,62,5,32579.7,10
1420,728,112,4,34427.11,30
1421,728,95,4,3410.57,0
1422,729,33,1,5243.49,10
1423,730,95,1,2924.13,10
1424,730,6,5,21260.92,15
1425,730,138,2,34779.25,0
1426,731,98,4,15552.87,25
1427,732,47,4,2674.07,10
1428,732,29,2,15627.89,0
1429,732,62,3,28355.8,0
1430,732,4,3,6164.03,10
1431,733,64,2,16085.75,0
1432,734,78,3,16127.04,5
1433,735,106,4,15747.98,0
1434,735,57,1,29253.9,0
1435,736,127,5,30711.51,0
1436,737,95,1,3352.98,30
1437,737,115,3,11974.08,5
1438,738,93,2,27962.61,30
1439,738,72,4,32045.1,25
1440,739,42,4,10115.26,0
1441,739,7,2,22396.22,25
1442,739,136,4,10891.7,20
1443,740,103,4,8945.46,25
1444,740,83,1,23550.86,0
1445,741,92,4,34867.91,0
1446,741,40,1,22371.82,15
1447,742,84,1,13223.02,0
1448,742,133,4,9013.71,0
1449,743,48,4,19839.25,5
1450,743,82,1,9750.72,10
1451,744,59,5,10576.91,0
1452,745,102,1,18387.92,0
1453,745,136,1,11272.1,5
1454,746,97,5,28516.94,0
1455,747,7,5,20218.19,25
1456,748,64,2,14769.17,15
1457,748,89,2,2213.63,0
1458,749,114,5,23517.34,30
1459,749,59,5,10214.36,0
1460,750,74,2,28772.98,5
1461,750,94,2,22278.54,20
1462,750,122,1,24519.68,0
1463,751,13,5,12476.6,0
1464,752,131,4,3075.81,0
1465,752,48,5,21016.96,5
1466,753,126,1,5537.39,0
1467,754,91,5,21910.67,0
1468,754,57,1,34708.71,25
1469,755,112,3,36782.09,10
1470,756,104,4,16859.0,25
1471,757,54,2,23046.78,0
1472,757,56,5,10100.83,0
1473,758,75,3,29578.92,15
1474,759,40,-2,16158.9,15
1475,760,104,1,18371.73,15
1476,761,100,4,7466.61,5
1477,761,63,1,194.6,0
1478,762,137,4,31455.38,25
1479,762,15,3,13992.21,5
1480,762,70,1,16775.2,15
1481,763,79,5,21699.14,0
1482,763,32,1,21906.59,20
1483,764,45,5,28367.62,20
1484,764,103,2,10693.9,25
1485,764,15,3,16094.84,15
1486,765,12,3,2540.34,0
1487,765,93,2,34360.2,0
1488,766,95,1,2743.62,10
1489,767,88,3,4354.5,0
1490,767,85,5,14549.88,5
1491,767,110,5,3462.38,30
1492,768,128,2,22929.04,0
1493,768,92,2,23068.26,0
1494,769,4,-1,8092.92,25
1495,770,25,1,9569.75,0
1496,770,35,2,3366.93,20
1497,771,119,4,10036.71,30
1498,771,137,4,25453.18,0
1499,771,117,4,2131.88,25
1500,772,60,1,21348.45,0
1501,773,8,5,34913.39,30
1502,773,118,5,17470.94,30
1503,773,87,4,28503.12,5
1504,774,80,5,1940.15,20
1505,774,52,3,24667.07,0
1506,774,30,5,31989.19,15
1507,775,12,-1,2961.08,15
1508,775,41,1,32418.02,25
1509,776,97,3,31445.05,25
1510,776,70,3,16733.33,0
1511,777,119,3,12862.9,20
1512,777,102,4,17628.69,25
1513,777,79,5,23007.19,10
1514,778,23,2,9646.17,15
1515,778,108,4,32420.56,0
1516,779,6,2,24300.62,5
1517,779,105,4,25024.84,20
1518,780,70,4,16446.46,0
1519,780,110,5,4007.4,0
1520,780,48,5,20111.55,5
1521,781,95,1,2432.88,15
1522,781,120,1,4687.88,0
1523,782,119,2,12205.91,5
1524,782,106,1,20699.28,10
1525,783,86,3,9453.75,20
1526,783,101,2,5051.41,15
1527,783,90,3,7540.9,10
1528,784,57,3,31474.93,0
1529,785,32,5,29707.25,5
1530,785,102,5,16341.51,10
1531,786,71,5,26700.45,5
1532,787,105,3,22710.98,30
1533,788,44,2,27898.18,15
1534,789,123,2,14516.66,30
1535,790,134,1,107.53,0
1536,790,70,1,20585.41,25
1537,791,30,4,27464.81,30
1538,791,123,3,10328.31,20
1539,791,12,3,2647.52,0
1540,792,33,1,4882.02,10
1541,792,10,5,11574.29,10
1542,792,63,4,200.07,0
1543,793,14,2,14239.79,15
1544,793,8,1,24342.87,0
1545,794,53,4,4023.26,20
1546,795,101,5,5146.3,25
1547,795,49,1,3183.02,20
1548,795,85,1,15729.01,5
1549,796,18,3,5322.38,30
1550,797,84,-4,14577.26,0
1551,797,102,2,21963.55,30
1552,798,95,3,3320.64,5
1553,798,13,4,8756.59,0
1554,798,53,1,5027.2,5
1555,799,68,4,31532.63,0
1556,800,5,4,21518.4,20
1557,800,78,5,15248.34,20
1558,800,60,5,21625.42,0
1559,801,81,2,35192.96,10
1560,802,98,-5,20487.4,0
1561,803,125,1,20442.55,5
1562,803,113,1,33374.97,15
1563,803,74,1,21704.7,30
1564,804,94,1,21572.33,30
1565,805,101,3,4764.7,15
1566,806,41,2,25108.77,30
1567,807,60,1,15831.15,20
1568,807,3,5,30943.78,5
1569,807,35,2,3807.42,5
1570,808,6,2,23162.85,25
1571,808,57,4,23329.98,0
1572,809,117,3,2549.12,0
1573,810,113,4,30795.25,25
1574,811,81,2,40153.1,0
1575,812,45,3,26781.49,5
1576,813,45,2,22263.08,5
1577,813,60,3,20673.59,0
1578,813,67,1,17638.09,10
1579,813,125,4,16804.91,0
1580,814,24,2,26278.69,0
1581,814,117,3,1718.27,15
1582,814,42,1,8706.75,20
1583,815,140,1,30960.06,25
1584,815,119,4,11619.73,10
1585,816,106,1,18875.83,0
1586,817,93,-2,29281.62,25
1587,817,139,2,39559.92,25
1588,818,38,5,23792.02,0
1589,818,87,2,25858.35,0
1590,819,88,4,6161.85,10
1591,819,99,3,17281.22,0
1592,820,64,4,11979.39,5
1593,821,20,2,25421.07,0
1594,822,23,1,10296.41,30
1595,822,13,1,9111.69,15
1596,823,13,1,11962.29,25
1597,823,19,3,30525.03,5
1598,823,117,5,1811.6,0
1599,824,65,2,32998.76,0
1600,824,91,4,16755.38,0
1601,825,100,2,6596.44,0
1602,825,66,2,26655.17,10
1603,825,64,2,11357.6,20
1604,826,46,3,2661.77,20
1605,826,97,2,36106.4,0
1606,826,83,5,32378.86,5
1607,827,114,5,31325.28,25
1608,827,5,5,20522.08,15
1609,827,79,1,21149.75,0
1610,828,43,3,37863.1,20
1611,828,3,5,27501.07,0
1612,829,49,4,3102.86,0
1613,830,102,4,19527.48,5
1614,831,82,3,8682.48,25
1615,831,107,4,6157.22,0
1616,831,60,2,22297.8,0
1617,832,5,3,20032.66,0
1618,832,108,5,25081.95,15
1619,832,21,5,6471.86,0
1620,832,103,2,10792.69,0
1621,833,106,5,16472.07,20
1622,833,56,2,12470.38,25
1623,833,11,2,22693.36,0
1624,833,39,5,27985.35,0
1625,834,11,1,19775.36,10
1626,834,111,5,29377.16,30
1627,834,97,3,25162.91,5
1628,835,138,1,28072.57,30
1629,835,11,2,23244.2,0
1630,836,17,1,10252.69,0
1631,837,20,5,33079.07,0
1632,837,96,3,16669.44,20
1633,837,76,5,14956.78,25
1634,838,103,1,11574.34,0
1635,838,77,5,3230.18,30
1636,838,3,5,20486.02,10
1637,839,1,2,1298.74,30
1638,839,11,4,20781.01,30
1639,839,100,4,5709.08,15
1640,840,134,4,128.23,10
1641,840,84,4,18441.4,0
1642,841,56,3,13729.3,0
1643,842,37,4,13232.24,0
1644,843,79,1,21288.25,10
1645,843,17,5,10464.37,0
1646,844,73,5,1128.94,0
1647,844,125,1,20490.51,25
1648,845,72,2,36055.5,5
1649,845,135,1,39444.51,0
1650,845,25,1,9917.2,20
1651,846,109,2,19016.6,0
1652,846,105,1,26914.73,5
1653,846,6,2,26433.14,5
1654,847,25,1,10428.01,0
1655,848,84,3,14745.58,30
1656,848,46,2,2615.23,0
1657,849,42,5,9999.65,0
1658,849,107,1,6547.02,30
1659,849,44,4,27051.42,25
1660,850,112,-2,41950.61,0
1661,851,53,4,4165.23,0
1662,851,129,5,27685.29,0
1663,851,99,5,17269.58,20
1664,851,55,-2,4892.23,0
1665,852,64,4,13778.06,0
1666,853,40,2,16345.45,5
1667,853,130,5,3306.87,30
1668,854,131,3,3451.91,25
1669,854,58,5,1270.22,0
1670,855,6,4,31167.07,25
1671,856,127,1,28681.1,20
1672,856,99,3,16706.04,0
1673,857,138,2,34915.46,0
1674,857,134,4,126.58,20
1675,857,26,1,25520.31,30
1676,857,69,1,29866.19,20
1677,858,137,5,31572.14,15
1678,858,64,4,11558.53,0
1679,859,39,4,25864.47,0
1680,859,101,5,6447.15,0
1681,859,97,2,28217.75,5
1682,859,95,3,2979.14,0
1683,860,88,2,5781.76,20
1684,860,84,1,18551.7,10
1685,861,6,4,21892.77,20
1686,861,114,4,28320.37,10
1687,861,69,1,35667.85,20
1688,862,125,1,21326.27,30
1689,863,128,5,26585.61,10
1690,863,66,4,30441.05,30
1691,864,50,5,21404.28,10
1692,865,74,3,22280.95,30
1693,865,118,5,14603.71,20
1694,865,133,3,8739.31,30
1695,866,8,3,22727.1,0
1696,866,68,5,41074.53,0
1697,866,75,3,29233.71,0
1698,867,42,4,7128.82,20
1699,867,103,3,10611.49,0
1700,867,36,1,25031.47,0
1701,868,70,5,19364.23,15
1702,869,1,5,1469.32,30
1703,870,49,3,3083.18,30
1704,870,11,5,18851.99,25
1705,871,28,4,31151.06,5
1706,871,89,1,1585.46,25
1707,872,95,2,2266.41,15
1708,872,4,4,8556.51,20
1709,872,13,1,10731.7,15
1710,872,1,2,991.87,15
1711,873,67,5,18238.27,25
1712,874,139,4,34304.64,0
1713,874,76,5,17310.13,0
1714,875,42,4,10436.76,0
1715,876,8,1,30661.91,5
1716,877,32,1,22029.67,10
1717,878,78,5,14360.74,0
1718,878,65,4,31406.54,15
1719,878,34,4,5790.33,20
1720,879,78,4,11606.2,0
1721,879,10,1,11000.17,15
1722,880,112,4,30439.17,20
1723,881,47,5,1800.52,5
1724,881,32,2,29749.85,10
1725,882,113,1,32674.41,10
1726,883,139,3,37953.22,15
1727,884,96,5,15938.0,0
1728,884,58,1,1331.14,5
1729,885,126,1,7877.16,10
1730,886,86,2,8101.32,0
1731,886,90,1,7159.74,20
1732,887,24,4,21683.83,0
1733,887,18,4,4868.29,20
1734,888,70,5,18604.94,15
1735,888,138,5,28737.65,15
1736,889,79,-2,25403.2,15
1737,890,36,1,20869.75,30
1738,890,81,3,33991.52,0
1739,891,14,-5,13996.49,0
1740,892,93,5,23642.86,25
1741,892,79,4,21526.0,25
1742,893,55,2,4666.26,30
1743,893,92,3,24281.11,25
1744,894,31,5,10888.67,10
1745,894,92,3,33770.59,5
1746,894,77,1,3240.44,25
1747,895,50,5,16540.98,0
1748,895,32,1,27068.06,5
1749,896,134,4,144.14,30
1750,896,47,4,2305.19,0
1751,897,91,4,20706.65,5
1752,897,45,1,22821.3,30
1753,898,112,2,33298.28,0
1754,899,79,3,26963.0,5
1755,899,105,3,31759.78,25
1756,900,132,1,3356.46,0
1757,900,13,3,9971.3,25
1758,901,98,1,18805.13,25
1759,901,128,4,33874.71,20
1760,902,17,2,13607.99,0
1761,902,80,5,2474.9,10
1762,902,58,4,1219.76,20
1763,903,14,1,10047.25,30
1764,903,8,5,29679.3,25
1765,904,59,3,8305.69,0
1766,904,5,5,20480.75,30
1767,904,137,3,34288.5,0
1768,904,60,3,17955.25,30
1769,905,118,4,15100.96,15
1770,905,95,4,2619.35,15
1771,906,134,2,144.62,0
1772,907,37,4,12906.45,25
1773,907,19,5,29479.15,0
1774,908,36,5,22158.86,25
1775,908,77,1,3438.86,15
1776,909,68,1,40814.63,5
1777,909,85,4,13237.79,0
1778,910,134,4,146.57,0
1779,911,8,5,26966.21,20
1780,911,54,5,22714.41,0
1781,911,136,5,11543.07,25
1782,912,138,3,32249.78,0
1783,912,21,5,6294.29,0
1784,912,71,1,26633.15,0
1785,913,109,4,18086.85,5
1786,914,96,3,18158.9,30
1787,914,23,1,11297.46,25
1788,915,82,2,10852.18,0
1789,915,50,1,15742.55,5
1790,916,21,2,7077.43,30
1791,916,3,2,29389.44,25
1792,917,81,3,28453.04,20
1793,918,11,3,24390.43,0
1794,918,16,5,16118.04,0
1795,918,136,3,12012.69,0
1796,919,53,4,3518.78,15
1797,920,136,4,14474.76,0
1798,920,128,4,23163.01,15
1799,920,53,5,4764.38,20
1800,921,62,5,26593.56,0
1801,922,86,3,11885.11,20
1802,922,140,1,25425.2,10
1803,923,86,4,11213.84,5
1804,924,125,3,19353.23,0
1805,924,48,-1,17532.6,5
1806,925,11,2,24502.89,5
1807,926,121,4,25146.41,0
1808,926,125,5,21619.56,20
1809,926,47,4,1797.25,5
1810,927,97,3,27311.07,20
1811,928,20,5,37655.09,25
1812,928,9,3,5024.76,5
1813,928,27,3,5034.63,10
1814,929,96,-1,13051.35,30
1815,930,140,2,26897.62,5
1816,930,1,1,1128.88,25
1817,931,131,1,2630.77,10
1818,932,70,1,17097.36,5
1819,932,117,5,1968.15,5
1820,933,12,4,2551.28,0
1821,933,108,5,25607.55,30
1822,933,127,5,30019.09,10
1823,934,131,4,3280.47,15
1824,935,61,5,6896.13,25
1825,935,85,2,15280.03,0
1826,936,117,3,2507.09,0
1827,937,31,1,12345.07,10
1828,938,9,2,4335.92,5
1829,939,17,5,11920.92,30
1830,940,121,4,33872.59,15
1831,941,60,4,17074.59,25
1832,941,55,4,4025.88,10
1833,942,25,1,11840.74,0
1834,942,60,3,16318.13,20
1835,943,33,-2,5705.78,0
1836,943,102,1,21876.48,0
1837,944,44,1,33308.96,15
1838,944,60,-4,18553.7,0
1839,945,6,4,28153.3,10
1840,945,15,1,17430.83,0
1841,946,70,5,17948.31,0
1842,946,96,5,16267.76,10
1843,946,62,1,39593.9,0
1844,947,120,5,6068.63,30
1845,947,8,4,24530.18,20
1846,948,66,2,29064.64,15
1847,948,105,1,35102.3,10
1848,949,4,2,6569.19,0
1849,949,68,1,36726.4,0
1850,950,10,2,10904.88,30
1851,951,56,1,12690.93,0
1852,952,140,4,29326.45,0
1853,952,103,1,12354.28,0
1854,953,86,4,11529.31,20
1855,953,61,2,5037.68,15
1856,954,51,5,14984.3,0
1857,954,105,3,28402.31,15
1858,955,63,3,202.03,0
1859,955,35,1,3693.38,5
1860,956,119,2,14018.45,0
1861,956,23,4,8688.25,0
1862,957,98,4,19926.77,20
1863,957,11,4,17964.67,0
1864,957,131,1,3330.96,10
1865,958,81,1,41660.39,0
1866,958,72,5,30582.96,0
1867,958,105,4,33098.43,25
1868,959,14,2,13504.63,10
1869,959,38,2,17590.17,0
1870,960,24,2,22824.12,5
1871,960,102,5,16564.25,0
1872,960,4,2,9214.84,0
1873,961,115,4,15214.68,20
1874,962,6,2,27980.81,20
1875,963,25,2,13426.17,25
1876,964,105,1,30775.86,10
1877,965,35,3,3734.56,15
1878,965,70,5,17180.55,0
1879,966,98,2,14078.78,0
1880,966,10,3,14319.27,30
1881,967,44,4,32319.39,20
1882,968,74,5,29003.91,20
1883,969,132,2,2917.99,20
1884,969,108,1,35283.6,30
1885,970,135,4,31939.55,30
1886,970,69,2,31076.55,30
1887,970,80,1,2862.86,0
1888,971,34,1,5488.25,0
1889,972,13,4,10636.75,30
1890,973,52,2,30325.27,5
1891,973,101,3,5642.1,30
1892,973,33,4,5494.94,0
1893,974,130,2,3246.49,30
1894,975,48,2,20262.24,0
1895,976,44,2,27545.19,25
1896,976,17,2,13885.05,15
1897,977,54,1,22073.76,0
1898,977,56,5,12940.36,5
1899,978,75,4,21475.57,0
1900,978,104,5,15185.76,30
1901,979,24,1,21849.15,20
1902,980,1,5,1512.46,0
1903,980,6,4,26759.2,0
1904,981,127,4,29765.85,30
1905,981,52,5,29628.85,0
1906,982,100,1,6551.71,15
1907,983,22,5,15296.31,10
1908,984,100,5,7328.95,30
1909,984,63,3,181.93,5
1910,984,11,4,17741.08,0
1911,984,13,2,12371.94,0
1912,984,6,-1,26251.65,0
1913,985,95,3,2620.77,0
1914,986,80,2,2507.55,0
1915,986,39,1,23945.8,15
1916,986,5,2,17736.47,20
1917,987,65,4,30681.64,0
1918,987,73,1,783.68,30
1919,987,70,2,15149.09,0
1920,988,36,1,23581.36,0
1921,988,139,2,37456.51,30
1922,989,74,1,21638.45,20
1923,990,37,3,11651.97,0
1924,990,9,4,4246.07,15
1925,990,136,2,12813.72,15
1926,991,80,2,2836.08,5
1927,992,89,4,1476.39,10
1928,993,36,5,18088.62,20
1929,993,85,1,14009.08,15
1930,993,28,3,26401.86,10
1931,994,102,1,18146.42,0
1932,994,30,2,23908.08,20
1933,994,9,4,3747.43,0
1934,995,37,1,9233.46,0
1935,995,118,2,21428.9,0
1936,996,110,3,3078.97,0
1937,996,18,3,5839.96,15
1938,997,112,3,33235.79,0
1939,997,84,3,17754.16,0
1940,997,58,-4,1112.88,5
1941,998,77,1,2891.67,0
1942,998,99,3,12914.31,15
1943,999,53,3,4326.55,0
1944,1000,67,3,21649.57,20
1945,1000,61,1,6191.01,20
1946,1001,82,1,11190.37,0
1947,1002,118,4,17298.98,0
1948,1002,47,5,2189.65,20
1949,1003,90,2,7487.47,10
1950,1003,103,1,12455.46,25
1951,1004,105,-5,28111.84,10
1952,1005,120,2,5699.55,5
1953,1005,21,3,4629.48,20
1954,1006,28,5,23447.35,25
1955,1007,33,2,5595.11,10
1956,1007,61,4,7252.43,20
1957,1007,81,5,28921.08,0
1958,1007,70,-2,13809.07,20
1959,1008,65,2,29635.89,0
1960,1008,92,1,35351.47,10
1961,1009,23,1,10921.6,25
1962,1009,32,2,25507.61,0
1963,1010,136,2,12790.97,0
1964,1011,79,3,25360.7,10
1965,1011,58,5,1344.53,30
1966,1012,46,1,2590.88,10
1967,1013,6,4,24897.75,0
1968,1014,89,1,2136.79,0
1969,1015,95,2,3028.79,10
1970,1015,80,1,2680.85,0
1971,1016,64,1,14704.46,0
1972,1016,8,3,30409.97,30
1973,1017,62,4,27784.35,30
1974,1018,99,2,12441.46,5
1975,1018,14,1,12624.0,30
1976,1018,15,5,17862.98,0
1977,1019,9,3,5619.2,25
1978,1019,4,1,6800.31,25
1979,1019,54,1,28450.79,25
1980,1020,107,4,7823.81,0
1981,1020,12,3,3083.84,0
1982,1020,27,5,4429.41,10
1983,1021,135,1,37764.58,0
1984,1021,85,2,15936.47,15
1985,1021,94,2,23518.23,0
1986,1022,31,1,10952.6,0
1987,1023,114,5,30173.73,25
1988,1024,36,4,22718.15,0
1989,1025,107,4,5297.93,30
1990,1025,28,1,28831.25,25
1991,1026,40,2,22091.31,20
1992,1027,31,2,11014.24,5
1993,1027,138,1,30475.8,20
1994,1028,28,3,26204.66,30
1995,1028,2,3,3685.24,25
1996,1028,47,5,1824.4,0
1997,1029,76,2,17564.84,0
1998,1030,55,4,6170.92,0
1999,1031,10,5,12815.01,20
2000,1031,99,5,13659.97,25
2001,1032,67,4,16641.61,25
2002,1032,102,3,14910.47,0
2003,1033,94,1,23341.39,0
2004,1033,37,4,13673.6,0
2005,1034,100,1,5632.63,15
2006,1034,19,1,34065.34,30
2007,1034,2,3,3841.69,0
2008,1034,123,3,13780.75,0
2009,1035,36,3,22172.12,10
2010,1036,129,1,26162.18,0
2011,1037,109,1,16021.85,5
2012,1037,20,1,26068.93,15
2013,1038,19,4,30848.63,30
2014,1038,97,4,33268.51,20
2015,1039,85,3,13551.04,0
2016,1039,60,1,17422.93,0
2017,1040,71,4,26336.29,0
2018,1041,109,1,16050.0,5
2019,1042,87,1,25606.64,0
2020,1042,83,4,33520.31,15
2021,1043,96,5,13491.93,15
2022,1043,128,3,24114.28,0
2023,1044,119,2,11097.03,20
2024,1045,75,3,23438.45,25
2025,1045,112,4,30509.74,15
2026,1045,95,1,2760.38,0
2027,1046,118,-1,20209.11,25
2028,1046,53,1,4077.48,10
2029,1047,59,1,8532.51,25
2030,1047,124,3,32412.56,5
2031,1048,136,-1,14582.41,25
2032,1049,78,3,15031.07,0
2033,1049,129,4,23919.16,0
2034,1050,86,4,10628.56,20
2035,1050,67,2,24767.11,0
2036,1051,12,4,2748.02,10
2037,1052,35,1,3185.33,20
2038,1053,18,3,4252.39,30
2039,1053,53,4,4296.07,0
2040,1054,92,5,24452.05,30
2041,1055,122,5,19617.29,0
2042,1056,68,5,44064.0,5
2043,1056,133,2,6271.38,15
2044,1057,67,3,23787.71,30
2045,1057,2,5,3667.38,25
2046,1058,52,5,25965.16,0
2047,1059,116,1,6427.98,15
2048,1059,110,4,3676.38,25
2049,1059,66,5,35198.1,25
2050,1060,128,3,25366.71,20
2051,1060,87,1,31650.53,0
2052,1061,67,2,20891.72,20
2053,1061,38,2,20038.1,5
2054,1062,47,2,2280.99,0
2055,1062,16,1,16887.75,15
2056,1062,46,4,2475.5,0
2057,1062,45,4,20837.02,0
2058,1063,140,3,24252.55,30
2059,1063,96,4,16949.71,5
2060,1063,30,1,28093.42,0
2061,1064,109,2,18081.57,0
2062,1064,3,2,20162.1,0
2063,1065,4,3,6609.77,20
2064,1065,25,3,11294.22,0
2065,1066,16,4,15010.76,0
2066,1067,5,2,22315.71,0
2067,1068,103,4,12138.78,0
2068,1068,50,3,20432.54,0
2069,1069,48,4,15931.21,10
2070,1069,106,4,18522.82,0
2071,1070,113,5,32996.95,25
2072,1070,41,4,35021.48,30
2073,1071,9,3,3825.47,15
2074,1071,102,5,20289.98,30
2075,1071,84,3,13752.93,5
2076,1072,58,4,1256.18,25
2077,1072,33,2,6223.68,0
2078,1073,100,3,6864.81,10
2079,1073,57,5,32847.43,0
2080,1074,33,4,5830.93,15
2081,1074,111,2,28595.59,0
2082,1074,108,5,31812.9,15
2083,1075,68,4,39744.13,30
2084,1075,96,5,15921.93,0
2085,1075,6,4,28825.63,15
2086,1076,106,2,14316.14,0
2087,1076,6,1,26728.6,0
2088,1077,20,3,34628.07,10
2089,1078,61,5,4934.96,10
2090,1079,58,2,1356.9,15
2091,1080,50,2,16445.39,0
2092,1081,18,3,5752.57,15
2093,1081,11,3,24645.61,0
2094,1081,40,1,19805.3,5
2095,1082,87,3,34465.29,0
2096,1082,73,2,1103.0,30
2097,1083,73,2,824.55,0
2098,1083,54,3,31587.92,20
2099,1083,50,2,19657.06,0
2100,1084,2,5,2591.73,30
2101,1085,33,1,5202.03,0
2102,1085,69,4,35887.54,20
2103,1085,70,3,19915.59,0
2104,1086,15,2,15024.1,25
2105,1086,31,4,9611.68,25
2106,1087,72,2,28978.06,0
2107,1088,99,5,16379.95,10
2108,1088,47,1,2366.31,25
2109,1089,26,5,21764.09,20
2110,1090,115,4,12284.06,20
2111,1090,20,2,36906.7,10
2112,1090,59,-4,8970.74,30
2113,1090,26,4,23131.0,0
2114,1091,7,1,18574.12,5
2115,1091,109,1,13625.95,0
2116,1092,137,3,26732.8,0
2117,1093,28,3,27834.39,15
2118,1093,17,3,9373.65,0
2119,1094,70,2,13909.41,0
2120,1094,54,3,24206.17,0
2121,1095,119,2,11285.17,0
2122,1096,96,2,13888.25,0
2123,1096,65,5,32261.1,10
2124,1097,139,1,36498.89,0
2125,1098,78,5,13679.29,0
2126,1099,51,2,16877.44,0
2127,1100,111,1,27365.12,0
2128,1100,91,2,18888.86,30
2129,1101,71,1,31902.3,15
2130,1102,129,3,32932.11,30
2131,1103,44,4,34699.68,25
2132,1103,83,2,27220.61,0
2133,1104,5,4,19508.6,0
2134,1104,131,3,2684.93,5
2135,1104,69,3,35282.75,0
2136,1105,41,2,33628.44,0
2137,1105,45,1,25576.58,15
2138,1106,104,-2,21623.68,10
2139,1107,49,5,3463.86,0
2140,1108,4,2,8668.66,5
2141,1108,24,3,20066.36,0
2142,1109,107,4,5718.86,25
2143,1110,11,2,20477.16,0
2144,1111,88,5,5194.13,5
2145,1111,14,2,9804.73,10
2146,1112,11,1,23553.84,0
2147,1112,5,5,17232.81,15
2148,1112,60,2,19193.36,0
2149,1112,20,2,26245.23,25
2150,1113,57,4,34726.91,30
2151,1113,98,2,16749.13,0
2152,1113,2,3,3130.49,20
2153,1113,12,1,3385.22,20
2154,1114,15,2,16130.73,5
2155,1114,122,5,26737.94,15
2156,1114,112,1,28487.75,15
2157,1115,70,1,16471.11,20
2158,1115,109,2,20177.82,0
2159,1116,53,-4,3604.87,10
2160,1116,51,3,15806.94,20
2161,1117,26,4,24242.18,10
2162,1118,30,4,29339.15,20
2163,1118,51,5,13574.29,20
2164,1118,118,1,17057.1,5
2165,1118,46,3,2676.78,0
2166,1119,72,1,35418.93,15
2167,1119,110,1,3778.03,25
2168,1120,6,4,27354.69,5
2169,1120,23,2,9261.75,0
2170,1121,57,3,25855.93,10
2171,1121,114,1,30460.66,0
2172,1122,57,3,27910.75,15
2173,1122,69,2,31958.65,20
2174,1123,3,2,23853.6,10
2175,1124,138,3,34572.19,20
2176,1125,11,4,18250.54,30
2177,1125,72,4,39534.12,10
2178,1126,17,1,14480.57,0
2179,1127,87,3,30240.08,10
2180,1128,45,1,23994.02,10
2181,1129,5,5,22097.26,25
2182,1129,9,5,3860.56,20
2183,1130,13,1,9374.79,25
2184,1130,79,5,28253.14,30
2185,1130,126,3,5882.07,25
2186,1130,106,1,17091.12,20
2187,1131,90,4,7467.95,0
2188,1131,107,4,7443.17,20
2189,1131,66,5,40098.93,0
2190,1132,95,5,2674.51,30
2191,1132,77,5,3607.05,0
2192,1132,23,2,9946.78,0
2193,1133,133,3,7222.29,25
2194,1134,99,3,17676.76,15
2195,1134,6,4,28879.62,20
2196,1135,59,4,10146.54,5
2197,1135,64,2,10661.44,25
2198,1135,114,4,29227.85,0
2199,1135,69,4,31536.61,0
2200,1136,35,2,3149.82,25
2201,1136,47,5,2443.33,0
2202,1137,116,5,7454.64,20
2203,1138,85,2,13273.09,15
2204,1139,12,4,2816.04,5
2205,1140,107,2,6115.27,0
2206,1141,129,4,36247.98,0
2207,1142,81,3,39393.28,10
2208,1143,31,4,8930.59,30
2209,1144,109,-5,20231.04,25
2210,1144,20,1,29602.31,5
2211,1145,18,2,5047.26,0
2212,1145,103,4,8960.8,0
2213,1146,131,5,3346.67,0
2214,1146,21,4,4901.79,0
2215,1147,53,2,4272.65,25
2216,1148,2,4,3740.05,10
2217,1148,137,5,26053.26,20
2218,1149,53,5,4410.26,5
2219,1150,23,2,12206.61,10
2220,1151,5,1,17775.84,20
2221,1152,116,1,8524.7,0
2222,1153,138,1,29382.17,30
2223,1153,113,2,43952.91,10
2224,1153,49,2,3191.28,30
2225,1154,72,1,38956.59,0
2226,1154,63,4,184.93,0
2227,1155,2,4,3468.25,10
2228,1156,57,3,33684.69,30
2229,1156,30,5,34499.53,0
2230,1157,65,1,29240.73,5
2231,1157,37,4,13057.96,0
2232,1157,131,4,2360.38,0
2233,1158,106,4,20908.52,5
2234,1158,77,1,3517.55,30
2235,1158,11,1,21488.95,0
2236,1159,136,2,13576.02,20
2237,1160,45,3,29010.81,15
2238,1160,76,1,16621.56,0
2239,1161,87,5,26238.53,25
2240,1162,71,1,26316.3,0
2241,1162,23,4,12114.47,0
2242,1163,99,1,12495.13,25
2243,1164,104,4,16278.02,30
2244,1165,5,5,16370.15,0
2245,1165,62,2,40168.25,20
2246,1166,50,3,16970.11,15
2247,1166,68,5,34300.87,0
2248,1167,134,4,142.2,0
2249,1168,46,1,2824.93,10
2250,1169,37,3,10184.73,0
2251,1169,77,5,2865.4,0
2252,1169,42,2,8782.37,5
2253,1170,3,2,26009.94,10
2254,1171,16,2,15423.55,25
2255,1172,1,2,1492.11,10
2256,1173,79,3,22019.48,20
2257,1173,11,3,21335.31,0
2258,1174,137,3,31404.03,5
2259,1174,113,4,41833.74,10
2260,1174,95,5,2891.79,0
2261,1175,116,4,6225.89,15
2262,1176,71,2,33293.08,0
2263,1176,103,2,10040.32,20
2264,1176,106,4,20332.04,30
2265,1177,34,3,5847.17,25
2266,1178,45,3,21718.87,30
2267,1178,35,4,2810.21,20
2268,1178,13,5,10857.62,0
2269,1179,117,5,2219.49,0
2270,1180,49,4,3258.18,0
2271,1180,89,5,2217.98,30
2272,1181,123,5,12023.69,25
2273,1181,103,4,10876.71,15
2274,1182,112,1,32197.85,30
2275,1182,4,2,6151.23,10
2276,1182,78,5,15683.48,0
2277,1183,49,5,2538.45,0
2278,1184,104,1,22820.97,10
2279,1184,3,3,20387.19,25
2280,1184,8,4,24476.15,0
2281,1185,59,5,7906.04,10
2282,1185,9,1,3733.11,30
2283,1185,73,5,951.87,0
2284,1186,140,2,21454.85,30
2285,1186,121,4,33768.05,20
2286,1187,35,3,3851.69,15
2287,1188,39,2,22491.62,5
2288,1188,15,1,17469.68,25
2289,1188,133,4,7543.58,0
2290,1189,103,2,12268.02,30
2291,1190,9,3,4539.17,0
2292,1191,94,1,24755.83,20
2293,1191,63,4,138.64,30
2294,1192,111,4,24727.49,10
2295,1192,86,1,9001.98,10
2296,1193,42,3,7863.87,0
2297,1194,50,5,17356.58,20
2298,1194,124,1,27820.08,25
2299,1195,44,1,31701.42,15
2300,1196,16,4,12027.5,0
2301,1196,58,1,974.37,15
2302,1197,19,4,24325.25,25
2303,1197,51,1,12477.93,0
2304,1197,133,3,8998.08,10
2305,1198,71,4,24724.73,0
2306,1199,7,5,18301.21,0
2307,1199,114,2,25018.99,0
2308,1200,2,4,3150.06,0
2309,1201,121,-5,36690.72,15
2310,1201,9,1,4708.53,5
2311,1202,43,5,37533.26,0
2312,1203,66,5,38451.52,30
2313,1203,10,3,11974.0,15
2314,1204,89,1,1727.25,25
2315,1204,140,3,24288.78,20
2316,1204,21,3,5236.18,0
2317,1205,126,1,5234.25,0
2318,1205,122,5,21703.71,0
2319,1206,80,3,1966.77,10
2320,1206,82,1,12278.93,5
2321,1207,140,2,23181.31,30
2322,1208,7,2,19746.6,20
2323,1209,11,5,20118.55,30
2324,1209,62,5,31520.83,10
2325,1210,6,4,26375.16,0
2326,1211,87,4,27563.62,20
2327,1211,24,5,21357.59,5
2328,1212,61,2,5393.76,5
2329,1212,88,5,6715.76,10
2330,1212,107,3,7723.25,30
2331,1213,111,-5,29943.41,0
2332,1213,125,5,17720.33,0
2333,1213,11,5,23196.46,0
2334,1213,130,5,4488.69,10
2335,1214,57,1,23636.75,0
2336,1215,25,5,10198.16,15
2337,1215,86,5,7864.96,0
2338,1216,103,2,8937.1,0
2339,1217,9,2,4004.97,15
2340,1217,76,2,16211.83,25
2341,1217,117,1,2118.2,10
2342,1218,94,4,27857.17,0
2343,1218,72,5,38664.74,0
2344,1218,76,2,12649.85,0
2345,1219,87,2,31514.61,20
2346,1220,125,2,24164.79,0
2347,1220,100,2,5942.01,20
2348,1220,105,1,27111.36,0
2349,1221,137,1,24351.88,25
2350,1221,78,5,16255.09,0
2351,1222,56,4,10279.15,0
2352,1222,100,4,5686.26,20
2353,1222,133,4,6893.35,0
2354,1223,136,1,13841.48,20
2355,1224,69,5,32578.56,0
2356,1224,3,-1,29465.1,0
2357,1225,16,2,15611.86,0
2358,1226,94,2,20008.89,10
2359,1227,118,3,18196.98,15
2360,1228,60,4,15059.56,30
2361,1228,29,4,14098.42,25
2362,1228,48,3,21916.86,25
2363,1229,66,1,31084.44,30
2364,1229,70,5,15257.11,10
2365,1229,36,3,19133.72,0
2366,1230,32,5,19665.67,30
2367,1231,100,2,5819.19,10
2368,1231,90,3,6181.77,20
2369,1231,136,2,15101.64,15
2370,1232,39,5,25428.45,15
2371,1232,32,4,23670.31,5
2372,1232,127,4,22184.92,20
2373,1233,109,4,13671.86,25
2374,1233,8,2,32281.02,20
2375,1234,5,2,17034.68,0
2376,1235,19,3,33763.76,0
2377,1236,18,1,4714.55,0
2378,1236,113,3,35327.02,15
2379,1236,59,5,9492.97,0
2380,1237,78,1,12015.7,15
2381,1238,79,5,21091.55,20
2382,1238,114,3,30020.64,15
2383,1239,82,5,8102.35,25
2384,1239,120,1,5686.17,0
2385,1240,135,4,43052.08,10
2386,1240,137,4,30135.34,20
2387,1240,102,3,17526.57,0
2388,1241,83,5,28352.2,30
2389,1242,118,5,21205.0,15
2390,1242,102,4,14771.42,0
2391,1243,123,2,13817.62,0
2392,1243,122,5,21055.08,0
2393,1243,23,5,9530.78,25
2394,1243,139,2,30719.42,0
2395,1243,68,5,39358.45,5
2396,1244,35,2,3358.23,20
2397,1245,35,2,3642.4,20
2398,1245,83,4,26864.12,0
2399,1246,67,4,20859.55,5
2400,1246,43,5,42934.68,0
2401,1247,87,1,25604.56,0
2402,1247,37,1,12034.04,10
2403,1248,1,5,1087.15,0
2404,1248,17,5,10790.72,0
2405,1248,109,2,20977.81,25
2406,1249,135,2,41871.45,0
2407,1250,124,3,40421.27,0
2408,1251,88,2,6499.38,0
2409,1252,114,4,28057.85,0
2410,1252,83,2,29056.18,5
2411,1253,101,2,4843.53,0
2412,1253,73,2,1068.6,20
2413,1254,39,4,24915.89,25
2414,1254,33,2,5315.34,0
2415,1255,9,4,4538.14,10
2416,1256,123,1,10405.27,15
2417,1256,8,1,25641.77,0
2418,1256,114,3,28609.6,0
2419,1257,35,3,2666.79,0
2420,1258,122,3,26896.23,0
2421,1259,112,3,36338.27,20
2422,1259,122,4,23582.32,15
2423,1260,1,4,1443.31,0
2424,1261,104,5,20814.14,15
2425,1261,49,-4,3631.67,10
2426,1262,106,1,16195.65,25
2427,1263,54,5,32498.64,25
2428,1263,27,5,5697.05,10
2429,1264,20,4,24532.23,15
2430,1264,66,3,26547.13,10
2431,1264,130,5,4253.1,5
2432,1265,112,2,30289.57,5
2433,1265,76,5,13862.95,20
2434,1266,26,5,26951.81,30
2435,1266,34,1,6043.81,0
2436,1266,41,3,30395.86,30
2437,1267,5,1,16910.88,25
2438,1267,2,4,3623.09,0
2439,1268,36,5,26300.76,10
2440,1268,50,4,17226.91,0
2441,1269,130,4,3155.19,30
2442,1270,129,2,25960.19,30
2443,1270,135,5,38083.42,0
2444,1270,37,3,12455.12,10
2445,1271,99,3,15096.52,15
2446,1271,20,4,28225.99,30
2447,1271,52,3,25648.16,15
2448,1272,132,4,3520.74,20
2449,1272,110,2,4394.21,30
2450,1273,114,2,25976.31,0
2451,1273,40,1,21640.46,0
2452,1274,37,1,11053.44,0
2453,1274,107,1,5508.66,15
2454,1275,116,5,6712.06,10
2455,1276,85,5,15871.13,15
2456,1276,128,3,31594.79,15
2457,1277,45,4,22703.07,0
2458,1277,66,-1,32087.6,25
2459,1277,121,3,32041.53,20
2460,1278,136,2,11803.2,0
2461,1279,91,3,18752.79,0
2462,1280,45,3,20416.06,30
2463,1280,66,5,35439.9,10
2464,1280,78,1,11618.09,5
2465,1281,137,1,29261.04,5
2466,1281,110,3,4289.84,0
2467,1282,17,2,11471.99,0
2468,1282,116,5,6378.7,10
2469,1282,6,2,30750.73,30
2470,1283,12,1,2903.83,30
2471,1283,86,2,7792.87,10
2472,1284,18,3,5241.0,0
2473,1284,55,5,5733.25,0
2474,1285,125,3,19261.02,0
2475,1285,35,5,2931.33,5
2476,1286,93,4,30203.09,30
2477,1287,11,3,23705.95,20
2478,1287,119,4,11497.66,30
2479,1287,53,1,4481.97,25
2480,1288,58,-1,1351.57,30
2481,1288,65,1,26617.29,20
2482,1289,65,1,35831.86,0
2483,1289,70,3,19942.92,0
2484,1289,38,3,20624.85,0
2485,1290,120,3,4668.58,5
2486,1290,49,1,3194.17,25
2487,1291,137,4,28590.58,15
2488,1292,30,3,24056.31,20
2489,1293,134,2,94.45,30
2490,1293,41,2,33240.04,15
2491,1294,134,4,131.35,10
2492,1295,63,4,133.5,15
2493,1295,57,5,27254.68,10
2494,1295,44,2,31182.53,25
2495,1296,75,2,19972.06,25
2496,1296,133,-2,8476.29,20
2497,1297,55,-1,4833.26,30
2498,1298,24,5,20740.76,0
2499,1298,120,4,6294.78,15
2500,1298,139,5,32194.81,30
2501,1299,108,2,25077.95,0
2502,1299,40,2,20100.39,0
2503,1300,116,5,5541.62,0
2504,1300,129,2,26262.22,0
2505,1301,110,4,3022.75,30
2506,1301,81,3,38817.73,25
2507,1301,70,5,15565.45,10
2508,1301,139,1,37062.15,25
2509,1302,108,3,27455.03,30
2510,1302,128,1,34568.03,30
2511,1303,116,2,6886.12,0
2512,1304,91,5,16422.09,25
2513,1305,78,3,13842.21,20
2514,1306,43,4,41246.11,5
2515,1307,114,4,23700.49,0
2516,1308,40,4,17983.59,0
2517,1308,5,2,20474.05,0
2518,1309,8,5,33823.21,30
2519,1309,86,1,8331.08,30
2520,1309,23,5,10800.72,0
2521,1310,131,1,3474.81,20
2522,1310,35,5,2597.51,0
2523,1310,7,1,18625.32,0
2524,1310,126,2,6472.39,0
2525,1311,60,2,16999.22,30
2526,1312,112,5,42658.43,0
2527,1312,78,2,15080.7,0
2528,1313,131,5,2825.52,30
2529,1314,58,3,1080.0,25
2530,1314,49,1,3518.47,25
2531,1315,44,1,29274.73,15
2532,1315,56,1,13858.47,15
2533,1316,113,3,30553.3,0
2534,1316,9,5,4698.33,5
2535,1317,72,3,28648.7,15
2536,1318,131,2,2425.45,0
2537,1318,138,3,25202.96,25
2538,1319,27,3,5723.68,5
2539,1319,40,4,19121.43,25
2540,1319,59,1,8995.66,20
2541,1320,137,5,23645.39,0
2542,1321,116,5,6835.65,0
2543,1322,37,2,12360.39,10
2544,1323,92,5,26601.47,20
2545,1323,110,4,3882.23,10
2546,1324,7,2,21679.86,20
2547,1325,77,1,3392.45,0
2548,1325,6,5,23914.68,5
2549,1326,128,5,30470.5,0
2550,1327,94,4,27634.02,0
2551,1328,38,5,19480.2,30
2552,1328,113,2,39958.23,0
2553,1328,60,5,21614.37,15
2554,1328,27,5,4669.54,10
2555,1329,59,2,8354.35,0
2556,1330,97,3,24783.73,15
2557,1331,64,5,13070.04,20
2558,1332,7,4,22441.82,10
2559,1333,121,4,27224.16,0
2560,1333,66,3,37395.66,15
2561,1334,140,4,24246.96,0
2562,1334,73,4,770.29,0
2563,1334,22,3,12423.63,0
2564,1335,25,5,11575.27,10
2565,1335,104,1,17095.45,10
2566,1336,71,4,29684.96,0
2567,1336,123,5,10656.96,30
2568,1337,116,1,7728.91,0
2569,1337,74,5,29094.49,0
2570,1338,138,2,37675.76,0
2571,1338,104,2,18780.25,15
2572,1338,74,1,26441.44,20
2573,1339,49,4,3042.04,0
2574,1339,107,5,7417.33,20
2575,1340,106,4,21482.41,0
2576,1341,101,3,4746.92,0
2577,1341,62,2,37249.1,0
2578,1342,35,3,3427.55,30
2579,1342,57,1,23389.03,5
2580,1343,57,4,28670.5,0
2581,1344,25,4,13133.4,0
2582,1345,71,4,22724.55,10
2583,1346,7,2,21323.6,15
2584,1346,43,1,35385.66,20
2585,1346,55,3,4974.93,10
2586,1347,14,2,12062.96,0
2587,1347,29,-4,15461.31,15
2588,1347,99,4,17144.53,15
2589,1348,92,4,31678.56,20
2590,1348,41,-3,32893.33,10
2591,1348,47,5,1838.08,5
2592,1349,83,3,22950.68,5
2593,1349,1,3,1415.04,10
2594,1349,46,5,2445.51,0
2595,1349,86,2,9971.2,30
2596,1350,59,5,7605.59,25
2597,1351,17,3,10775.4,0
2598,1351,65,3,34231.78,10
2599,1352,51,2,13546.17,0
2600,1353,118,5,17404.02,15
2601,1353,135,2,28863.94,0
2602,1354,75,2,23630.5,20
2603,1354,4,4,6306.54,5
2604,1354,83,1,30900.11,15
2605,1354,74,5,20536.59,0
2606,1355,63,3,146.48,0
2607,1355,22,3,12974.09,0
2608,1356,65,2,30698.26,30
2609,1357,4,4,8687.31,0
2610,1358,117,5,2302.49,30
2611,1358,25,3,10934.09,0
2612,1358,12,3,3180.95,0
2613,1359,1,2,1461.81,5
2614,1360,63,3,201.05,0
2615,1360,19,2,22080.15,0
2616,1361,48,4,21566.44,15
2617,1361,129,1,32143.67,0
2618,1362,44,1,26097.44,0
2619,1362,74,1,24508.02,25
2620,1363,66,1,27756.45,20
2621,1363,82,4,11827.42,5
2622,1363,37,5,9803.35,0
2623,1364,35,1,2590.12,15
2624,1364,72,2,41668.13,0
2625,1365,96,-2,17512.38,0
2626,1365,97,5,34066.98,0
2627,1366,30,3,30181.9,5
2628,1366,54,2,28284.13,5
2629,1367,47,4,2760.43,0
2630,1367,133,2,6617.4,10
2631,1368,86,3,9104.33,5
2632,1368,106,3,15429.62,20
2633,1369,114,4,30754.35,0
2634,1370,68,2,32484.92,0
2635,1370,132,5,4002.22,5
2636,1370,111,4,32412.92,25
2637,1370,110,2,3388.98,30
2638,1371,121,2,29735.8,0
2639,1372,86,2,11979.73,20
2640,1373,17,3,11891.98,20
2641,1374,41,2,33663.62,30
2642,1374,95,1,2982.69,20
2643,1375,122,3,21416.62,20
2644,1376,95,3,3305.54,10
2645,1376,41,4,28081.39,15
2646,1377,105,-2,32178.69,30
2647,1378,87,2,25838.79,5
2648,1379,100,3,5308.51,25
2649,1379,127,1,22826.19,25
2650,1379,39,4,30547.9,30
2651,1380,58,3,1037.86,10
2652,1381,110,2,4038.35,0
2653,1382,106,4,19731.65,0
2654,1382,26,3,26720.43,5
2655,1383,140,1,26003.26,15
2656,1384,58,5,942.17,20
2657,1385,51,1,12828.01,25
2658,1385,119,2,12469.49,20
2659,1385,23,1,10030.57,0
2660,1386,2,1,2948.5,20
2661,1387,5,3,20302.17,0
2662,1387,36,2,26368.33,10
2663,1387,99,4,16437.12,10
2664,1388,114,4,23443.4,10
2665,1389,43,3,40036.67,5
2666,1389,100,2,6710.67,25
2667,1389,76,2,17220.39,10
2668,1390,3,2,24262.44,10
2669,1391,29,2,18758.66,20
2670,1392,75,1,25550.94,25
2671,1392,118,1,16976.95,30
2672,1393,29,1,21200.69,0
2673,1393,9,2,4429.65,0
2674,1394,30,5,31065.66,0
2675,1394,103,1,8974.65,5
2676,1394,64,3,16270.36,5
2677,1395,124,2,42561.98,10
2678,1396,137,3,23272.77,30
2679,1396,26,3,21262.49,0
2680,1397,127,3,31739.79,0
2681,1397,56,1,12269.99,10
2682,1397,10,5,12739.13,0
2683,1397,19,1,22517.96,10
2684,1398,42,1,7568.13,30
2685,1399,107,4,7917.79,0
2686,1399,31,1,12924.57,0
2687,1400,64,3,11357.82,5
2688,1401,85,5,11863.47,0
2689,1401,78,1,12017.78,5
2690,1402,20,5,37453.7,0
2691,1402,109,4,20023.74,0
2692,1402,16,2,17437.88,20
2693,1402,123,1,9734.08,25
2694,1403,23,2,11845.2,0
2695,1403,127,5,29050.92,0
2696,1403,30,2,27158.62,25
2697,1404,2,5,3712.12,0
2698,1404,42,3,7337.49,0
2699,1404,134,5,118.73,10
2700,1405,20,5,26963.47,20
2701,1406,122,4,22228.61,20
2702,1406,131,2,3073.3,5
2703,1406,95,5,3193.74,0
2704,1406,126,1,7729.1,25
2705,1407,98,1,19159.82,10
2706,1408,44,3,28729.77,0
2707,1408,64,1,14714.86,0
2708,1408,39,3,22314.89,0
2709,1408,31,4,11559.71,20
2710,1409,18,5,4349.22,15
2711,1409,105,3,24618.53,15
2712,1410,45,3,29577.03,0
2713,1410,128,2,30108.18,10
2714,1411,120,5,5613.66,10
2715,1412,134,3,116.94,10
2716,1412,135,5,36843.69,5
2717,1413,28,4,25122.97,20
2718,1413,88,2,5204.64,30
2719,1414,76,2,15169.52,0
2720,1414,38,4,17341.52,20
2721,1415,104,3,18420.99,0
2722,1415,94,4,20000.51,0
2723,1415,7,1,17280.11,10
2724,1416,29,4,17725.63,20
2725,1416,57,2,25780.59,30
2726,1416,2,4,3676.08,0
2727,1417,106,5,18695.93,10
2728,1417,105,1,28669.48,30
2729,1418,37,4,11173.82,5
2730,1418,2,5,3592.5,0
2731,1419,42,2,7878.96,30
2732,1420,38,5,17332.16,0
2733,1420,47,5,2073.88,15
2734,1420,45,2,25495.77,15
2735,1421,77,3,2868.86,30
2736,1421,9,3,4643.83,0
2737,1421,1,-2,1189.38,0
2738,1422,30,3,31922.36,15
2739,1422,64,2,12392.37,25
2740,1423,136,1,14669.65,20
2741,1423,34,3,4693.47,15
2742,1424,126,5,7272.35,30
2743,1424,11,2,16899.78,30
2744,1425,77,5,3170.05,15
2745,1425,27,2,4523.16,15
2746,1426,33,1,7271.45,10
2747,1426,131,3,2897.7,20
2748,1427,33,2,4995.42,30
2749,1427,10,5,14168.19,5
2750,1428,6,4,22800.72,15
2751,1429,7,2,18708.88,0
2752,1430,38,2,23356.95,25
2753,1430,25,3,13467.13,5
2754,1431,4,3,7855.4,15
2755,1431,82,4,11344.97,10
2756,1432,6,5,28955.9,0
2757,1433,108,5,36033.45,0
2758,1434,77,3,4104.24,30
2759,1435,4,4,6211.53,0
2760,1436,100,3,6207.54,5
2761,1437,96,1,13380.19,15
2762,1437,114,2,26566.7,0
2763,1438,58,3,1198.73,30
2764,1438,108,1,25163.56,5
2765,1438,18,1,4905.65,5
2766,1439,42,5,10321.23,10
2767,1440,69,4,35800.21,25
2768,1440,78,2,12707.58,0
2769,1441,62,2,38811.94,0
2770,1442,55,5,4005.21,0
2771,1442,78,3,11231.19,0
2772,1443,88,2,6610.55,20
2773,1444,28,3,23583.31,10
2774,1444,84,5,19753.98,20
2775,1444,137,2,33384.36,20
2776,1445,95,2,3453.62,5
2777,1445,116,2,7485.85,15
2778,1445,16,5,13356.11,0
2779,1446,57,3,30598.59,0
2780,1446,22,5,15028.78,0
2781,1447,36,5,21148.0,0
2782,1448,24,4,22317.92,0
2783,1448,114,5,22901.97,0
2784,1448,41,1,26395.81,20
2785,1448,26,4,26446.53,0
2786,1449,62,4,34497.42,25
2787,1449,46,1,2442.0,0
2788,1449,104,3,21577.38,5
2789,1450,32,2,25944.51,30
2790,1451,92,2,23415.73,0
2791,1451,2,5,2623.62,5
2792,1451,48,2,16160.51,5
2793,1452,126,1,6825.18,0
2794,1452,125,-1,22091.75,0
2795,1453,111,1,27607.16,0
2796,1454,88,4,6057.73,10
2797,1455,95,5,2595.02,25
2798,1455,91,5,24773.56,0
2799,1456,59,1,8829.6,15
2800,1457,35,2,2663.96,20
2801,1458,120,4,6519.9,30
2802,1459,97,4,33748.9,5
2803,1459,75,4,19054.57,0
2804,1460,76,3,13442.59,0
2805,1461,128,4,26435.69,15
2806,1461,110,2,4021.91,20
2807,1461,108,1,24965.97,0
2808,1462,23,3,10054.12,0
2809,1463,16,2,12324.94,0
2810,1464,30,4,31385.79,25
2811,1464,101,1,5266.01,25
2812,1465,63,2,142.4,25
2813,1466,32,5,23404.32,0
2814,1467,133,5,7335.97,5
2815,1467,73,4,778.76,10
2816,1468,39,2,20111.26,0
2817,1468,80,2,2317.42,15
2818,1469,138,2,33990.37,0
2819,1469,39,2,21477.18,20
2820,1470,89,5,2006.34,30
2821,1471,54,4,30444.11,30
2822,1471,33,3,5044.66,30
2823,1472,52,4,25901.24,0
2824,1473,54,2,21835.98,0
2825,1473,135,3,38372.68,0
2826,1474,100,3,5479.77,20
2827,1475,114,2,31696.0,15
2828,1476,17,4,10285.88,10
2829,1476,37,3,13922.13,5
2830,1477,126,4,6853.63,20
2831,1477,94,3,25652.89,30
2832,1477,101,3,5760.21,0
2833,1477,81,2,30822.29,10
2834,1478,95,1,2236.14,20
2835,1479,106,5,14987.18,20
2836,1480,84,4,16866.13,15
2837,1481,14,2,13457.19,20
2838,1481,108,4,25681.66,5
2839,1482,82,1,10588.07,5
2840,1483,36,2,22495.42,10
2841,1483,19,4,32695.16,15
2842,1484,2,3,3841.97,25
2843,1484,48,5,22461.3,0
2844,1484,38,-3,24138.78,25
2845,1484,51,5,14221.58,0
2846,1485,75,1,23824.49,5
2847,1486,59,1,8859.47,30
2848,1486,136,2,14570.12,5
2849,1486,35,4,3472.7,0
2850,1487,70,3,13639.07,20
2851,1488,125,4,23187.57,25
2852,1489,57,5,27884.56,0
2853,1489,36,1,17620.13,0
2854,1490,39,1,29879.01,30
2855,1490,7,3,19033.16,10
2856,1491,140,4,31167.4,20
2857,1491,53,1,5197.54,30
2858,1491,55,2,6113.33,30
2859,1492,104,2,18407.37,15
2860,1492,128,3,29777.21,10
2861,1492,22,4,18443.08,0
2862,1493,108,2,26765.41,15
2863,1493,72,1,42284.65,5
2864,1493,14,3,9714.83,0
2865,1493,30,1,24601.23,15
2866,1493,49,3,2958.63,25
2867,1494,89,1,1908.99,0
2868,1494,136,2,15586.87,30
2869,1495,10,3,10641.04,0
2870,1496,16,3,11867.22,5
2871,1497,131,-2,3368.98,5
2872,1497,88,5,5859.68,0
2873,1497,20,3,31070.16,5
2874,1498,123,4,10996.89,30
2875,1498,80,1,2050.03,0
2876,1499,82,4,8349.27,25
2877,1499,98,5,15253.85,0
2878,1499,73,5,759.18,25
2879,1500,27,5,5016.5,30
2880,1500,104,2,19285.12,0
2881,1501,133,4,7530.48,30
2882,1502,109,1,17960.47,25
2883,1502,29,4,17175.59,30
2884,1503,106,4,20829.19,15
2885,1503,17,1,11074.9,30
2886,1504,54,2,24421.11,30
2887,1504,96,1,17028.72,20
2888,1505,140,3,23999.11,5
2889,1506,64,3,11445.92,20
2890,1506,131,2,2411.98,25
2891,1506,42,3,9180.65,0
2892,1507,69,4,30927.82,25
2893,1508,54,1,31165.62,5
2894,1509,88,2,5481.03,20
2895,1509,53,4,4519.26,5
2896,1509,41,3,26582.13,15
2897,1509,119,1,10749.74,0
2898,1510,133,3,7537.95,5
2899,1510,95,1,3212.69,25
2900,1511,2,2,3831.9,0
2901,1511,138,4,34849.48,5
2902,1511,121,5,36854.36,0
2903,1512,124,4,34945.57,0
2904,1513,75,2,26330.11,25
2905,1513,36,-5,25815.04,5
2906,1513,82,1,11327.13,0
2907,1514,3,2,20650.74,0
2908,1514,114,-3,22925.71,10
2909,1514,22,3,15739.64,0
2910,1515,115,4,10686.95,20
2911,1516,31,4,10426.0,20
2912,1516,122,3,27369.67,20
2913,1516,28,4,24617.28,0
2914,1517,97,5,35377.3,5
2915,1518,74,3,20135.96,15
2916,1519,73,3,826.03,25
2917,1519,36,5,18895.42,0
2918,1519,98,2,19575.28,0
2919,1520,67,1,19821.96,10
2920,1520,63,4,181.0,20
2921,1520,4,1,8564.94,15
2922,1520,118,4,19910.82,0
2923,1521,10,4,13024.99,0
2924,1521,25,4,8867.78,30
2925,1521,12,1,2393.4,15
2926,1521,18,5,5034.23,5
2927,1522,67,5,20695.07,30
2928,1522,120,2,4831.48,10
2929,1522,87,5,30491.11,5
2930,1523,48,1,16748.25,20
2931,1524,121,4,28144.45,30
2932,1524,24,4,29770.42,20
2933,1524,65,3,34122.24,5
2934,1525,54,4,29692.81,20
2935,1525,24,4,23067.82,30
2936,1526,37,4,11846.66,10
2937,1526,80,5,2784.58,25
2938,1527,11,1,23101.69,0
2939,1528,6,5,24737.11,0
2940,1529,97,1,31798.13,30
2941,1529,5,3,17754.4,0
2942,1529,82,4,11758.89,20
2943,1530,52,2,24803.6,20
2944,1530,15,2,16059.54,5
2945,1530,51,1,11838.03,0
2946,1531,14,5,12591.8,0
2947,1531,135,5,34846.0,0
2948,1532,1,5,1519.25,0
2949,1532,80,5,2515.66,5
2950,1533,17,3,12186.12,0
2951,1534,13,4,9936.32,0
2952,1534,59,2,10912.13,20
2953,1534,68,2,36729.91,0
2954,1534,57,5,32488.84,0
2955,1535,110,1,3508.35,10
2956,1535,134,4,141.89,10
2957,1536,118,3,20866.5,5
2958,1536,1,1,1533.87,0
2959,1537,55,5,4971.25,5
2960,1537,63,5,164.4,30
2961,1537,3,3,30800.6,0
2962,1538,32,2,26835.5,5
2963,1538,79,4,28693.86,15
2964,1539,27,4,5639.49,20
2965,1540,123,1,11993.79,25
2966,1541,136,5,14778.18,5
2967,1542,105,5,29179.32,15
2968,1542,61,1,5086.17,20
2969,1542,111,2,28676.28,20
2970,1543,109,4,17001.01,30
2971,1543,111,1,30091.18,5
2972,1544,115,1,15594.97,15
2973,1544,102,2,15893.13,30
2974,1545,75,3,24964.77,0
2975,1545,62,-2,30417.87,25
2976,1546,123,2,11597.63,25
2977,1546,120,4,5015.35,30
2978,1547,95,3,2245.69,0
2979,1547,137,3,24288.51,25
2980,1547,7,1,22287.38,20
2981,1548,85,4,13559.72,5
2982,1549,36,5,26157.78,15
2983,1550,102,3,20882.21,30
2984,1551,30,3,30069.17,0
2985,1552,15,1,13244.14,0
2986,1552,93,3,25890.65,0
2987,1553,126,3,6928.01,0
2988,1554,60,2,19616.71,0
2989,1554,5,1,16210.96,0
2990,1555,130,1,3893.79,0
2991,1555,101,-5,6164.64,0
2992,1556,103,2,12634.01,0
2993,1556,89,2,2165.23,20
2994,1557,5,4,16786.94,0
2995,1558,4,4,8147.69,0
2996,1559,45,3,27447.92,25
2997,1559,99,3,12931.18,10
2998,1559,109,1,18947.89,15
2999,1559,36,4,25456.12,0
3000,1560,71,3,25980.51,15
3001,1561,127,4,27402.33,25
3002,1561,66,2,31722.49,10
3003,1561,13,3,12311.27,5
3004,1562,66,3,37120.92,10
3005,1563,138,4,29190.68,30
3006,1564,51,2,16278.24,30
3007,1564,69,2,34216.2,15
3008,1564,130,5,4670.42,0
3009,1565,56,3,12932.38,5
3010,1565,112,2,28720.47,25
3011,1565,101,4,5213.57,25
3012,1566,2,5,3853.68,10
3013,1567,105,3,26316.32,20
3014,1567,56,5,13910.29,30
3015,1568,9,3,5369.88,15
3016,1568,92,1,30524.38,30
3017,1568,7,3,18174.84,0
3018,1568,79,-1,18870.92,5
3019,1569,51,5,11559.5,25
3020,1570,115,-5,11953.42,15
3021,1570,59,-1,8640.69,0
3022,1570,126,1,6301.72,15
3023,1570,37,5,14177.44,0
3024,1571,2,3,3985.53,0
3025,1572,48,2,17235.54,0
3026,1572,25,2,13355.88,10
3027,1572,80,2,2704.01,25
3028,1573,85,2,10797.33,0
3029,1574,29,2,15623.24,15
3030,1575,43,4,33797.6,25
3031,1576,68,2,37010.14,20
3032,1577,89,5,1762.38,5
3033,1577,29,5,15261.01,15
3034,1577,14,3,11010.59,0
3035,1578,67,4,25541.88,0
3036,1579,21,4,6317.31,10
3037,1580,89,3,1720.39,5
3038,1581,107,2,6614.26,30
3039,1582,28,4,25170.59,5
3040,1583,36,1,23380.67,25
3041,1584,96,2,18278.36,10
3042,1584,109,1,14926.45,20
3043,1585,31,4,9424.53,0
3044,1585,131,4,3029.06,0
3045,1585,114,5,31224.94,5
3046,1586,6,5,27102.67,0
3047,1586,61,4,6885.49,0
3048,1587,85,2,15699.72,0
3049,1587,139,4,34179.17,0
3050,1588,45,3,28335.4,30
3051,1588,56,5,13005.93,0
3052,1589,24,3,26152.17,0
3053,1590,38,4,18618.0,0
3054,1590,95,2,2899.52,5
3055,1590,63,1,149.46,0
3056,1591,114,4,26835.55,0
3057,1592,29,3,18357.54,10
3058,1592,85,3,11471.69,0
3059,1593,77,2,3398.42,15
3060,1594,58,1,1248.53,0
3061,1594,22,5,15704.44,0
3062,1595,5,2,21250.78,0
3063,1595,105,4,30183.57,20
3064,1596,87,1,35989.93,5
3065,1597,110,-1,4141.71,25
3066,1597,37,2,13290.93,0
3067,1597,22,2,13014.87,30
3068,1598,64,4,13867.39,0
3069,1599,118,4,14658.9,0
3070,1599,112,3,30438.88,30
3071,1600,116,4,5461.41,10
3072,1601,21,-3,6830.59,0
3073,1602,66,1,26489.76,0
3074,1602,71,1,22852.45,20
3075,1602,82,5,8944.83,25
3076,1603,55,3,5982.37,0
3077,1603,80,5,2174.22,20
3078,1604,116,1,6191.86,0
3079,1604,102,-3,14441.07,5
3080,1605,118,3,18640.76,30
3081,1605,90,2,5730.99,20
3082,1606,139,1,28531.02,5
3083,1606,130,5,4189.14,25
3084,1606,25,2,9180.76,15
3085,1607,97,1,31208.45,0
3086,1607,16,2,11487.9,5
3087,1608,138,3,35269.76,0
3088,1608,44,1,35544.09,5
3089,1609,100,1,7067.36,20
3090,1609,134,2,116.38,0
3091,1610,61,5,6394.15,0
3092,1611,63,4,175.7,25
3093,1612,131,5,3204.33,25
3094,1613,11,1,19947.92,0
3095,1614,66,1,40722.74,0
3096,1614,26,4,21554.66,5
3097,1615,8,5,26696.95,0
3098,1615,137,2,28571.37,30
3099,1616,96,5,18223.64,10
3100,1616,21,3,5529.19,15
3101,1616,29,-4,18474.52,0
3102,1617,100,-1,6716.88,25
3103,1618,110,4,3060.21,25
3104,1619,30,5,29740.2,0
3105,1620,109,5,16313.64,0
3106,1620,62,2,36504.18,20
3107,1621,57,3,28749.2,25
3108,1621,7,1,16455.48,30
3109,1621,96,4,18180.04,0
3110,1622,43,2,31564.43,10
3111,1623,78,3,15527.76,20
3112,1624,46,4,2473.63,5
3113,1625,29,1,19086.7,0
3114,1625,19,1,26571.32,10
3115,1625,118,5,15537.4,20
3116,1625,107,5,7390.4,5
3117,1626,107,4,5297.11,10
3118,1626,68,4,33211.72,30
3119,1627,131,-2,2778.46,30
3120,1627,124,2,27667.98,10
3121,1627,6,5,22776.4,5
3122,1628,103,1,11583.16,0
3123,1628,59,2,10951.45,0
3124,1629,15,4,15674.53,5
3125,1630,72,1,28632.41,10
3126,1631,38,5,20004.06,0
3127,1631,25,5,9605.7,25
3128,1631,21,1,5935.99,0
3129,1632,23,1,9917.86,20
3130,1632,138,1,35983.15,25
3131,1633,134,-3,138.61,25
3132,1634,73,3,811.3,0
3133,1634,115,1,12960.64,0
3134,1634,15,3,17290.89,20
3135,1635,92,5,30833.23,0
3136,1635,133,1,7559.24,25
3137,1635,25,2,11974.39,15
3138,1636,105,-2,23696.73,20
3139,1637,119,3,12328.57,0
3140,1637,94,4,20902.43,10
3141,1638,106,4,21177.03,30
3142,1638,56,1,10506.84,5
3143,1639,14,4,12280.76,0
3144,1640,13,2,10962.69,0
3145,1640,30,4,24189.51,25
3146,1641,44,1,30199.83,5
3147,1642,108,1,29515.46,30
3148,1642,31,3,9952.08,0
3149,1642,62,1,30229.11,0
3150,1643,92,3,29492.0,15
3151,1643,76,5,13641.63,20
3152,1644,61,4,7175.48,5
3153,1644,32,5,26448.38,0
3154,1644,40,3,21124.35,15
3155,1645,18,5,5698.2,0
3156,1645,48,3,21222.1,20
3157,1645,83,2,33482.7,0
3158,1646,47,1,1915.62,30
3159,1646,49,4,2741.97,10
3160,1646,104,-3,17354.65,5
3161,1647,82,1,9255.46,5
3162,1647,60,1,19728.62,0
3163,1648,121,5,30347.62,15
3164,1649,110,3,4391.45,30
3165,1649,79,4,19746.63,10
3166,1650,9,5,5757.76,0
3167,1651,49,3,3313.75,0
3168,1652,108,4,30016.5,0
3169,1653,121,4,31087.41,25
3170,1653,50,2,15735.58,5
3171,1654,76,1,16935.1,0
3172,1655,44,3,26072.53,30
3173,1656,59,2,8396.36,5
3174,1656,16,4,13495.84,0
3175,1656,106,1,21001.06,0
3176,1657,69,2,29080.5,30
3177,1658,70,2,18142.9,0
3178,1659,95,5,2593.2,20
3179,1659,2,3,3565.71,0
3180,1660,31,4,11855.58,15
3181,1660,132,4,4059.51,0
3182,1661,27,3,4946.33,5
3183,1662,139,5,38292.65,5
3184,1663,35,3,3751.26,0
3185,1664,15,2,16090.56,0
3186,1664,131,1,2325.13,5
3187,1665,69,2,35454.99,0
3188,1666,10,4,11308.3,20
3189,1666,45,4,26129.79,20
3190,1666,62,5,28234.82,0
3191,1667,138,4,25606.88,10
3192,1668,24,1,25880.86,30
3193,1669,5,3,16428.81,0
3194,1669,60,3,14731.41,20
3195,1670,46,5,2834.96,10
3196,1671,77,5,3557.03,5
3197,1672,61,2,6140.26,0
3198,1672,66,5,32010.7,10
3199,1673,93,2,26074.88,30
3200,1673,74,2,24282.48,0
3201,1674,85,3,10459.33,10
3202,1675,6,2,31412.27,30
3203,1675,89,5,2128.86,15
3204,1676,70,5,16338.89,20
3205,1676,123,3,11033.96,15
3206,1676,3,-5,20907.89,25
3207,1676,64,4,12448.48,10
3208,1677,134,2,94.5,15
3209,1678,71,5,27395.2,25
3210,1678,35,2,3889.04,10
3211,1679,103,-5,12485.07,20
3212,1679,97,4,31795.63,10
3213,1680,117,1,2054.56,0
3214,1681,6,4,26948.42,0
3215,1682,67,1,17207.78,5
3216,1682,113,5,32708.09,25
3217,1683,92,3,22834.55,15
3218,1683,108,1,30472.49,30
3219,1683,111,4,34899.98,0
3220,1684,99,3,13069.87,0
3221,1684,126,2,5905.88,5
3222,1685,112,1,42352.2,10
3223,1685,133,3,8681.16,0
3224,1685,84,3,18680.18,20
3225,1686,59,3,8937.94,0
3226,1686,125,3,24425.11,30
3227,1687,138,5,26631.82,15
3228,1688,115,3,15648.68,0
3229,1688,32,3,20099.7,5
3230,1689,126,4,7230.35,20
3231,1690,78,5,16774.37,0
3232,1691,64,5,14339.98,5
3233,1692,105,5,33529.89,20
3234,1693,57,1,22745.95,0
3235,1693,5,2,19136.19,20
3236,1694,86,1,10948.31,30
3237,1694,22,3,13359.76,25
3238,1694,54,4,25563.21,20
3239,1695,56,3,12351.98,0
3240,1695,100,2,7134.53,5
3241,1696,65,3,34139.3,5
3242,1697,131,5,2778.61,5
3243,1698,60,1,19180.66,0
3244,1699,108,4,32729.47,0
3245,1699,23,4,11871.57,0
3246,1700,115,3,12792.3,20
3247,1700,78,2,14845.98,0
3248,1700,72,4,31812.01,20
3249,1701,11,5,22397.36,30
3250,1702,126,3,7342.49,15
3251,1702,127,5,24200.6,10
3252,1703,129,3,25083.23,15
3253,1704,49,4,3449.38,10
3254,1705,62,4,31819.55,25
3255,1705,122,3,19325.44,0
3256,1705,100,1,7732.55,25
3257,1706,108,4,27992.99,10
3258,1707,77,1,2843.84,25
3259,1708,54,2,22054.9,0
3260,1709,12,1,3225.36,15
3261,1709,72,4,33581.92,30
3262,1710,39,2,28234.04,10
3263,1711,86,4,9243.77,15
3264,1712,47,4,2228.0,0
3265,1712,52,1,31230.74,0
3266,1712,34,3,5560.96,0
3267,1713,79,1,19156.29,30
3268,1713,93,5,29976.77,20
3269,1713,108,3,36413.95,0
3270,1714,27,5,4334.75,25
3271,1714,82,3,9645.74,0
3272,1715,115,4,15444.2,30
3273,1716,105,1,26060.76,25
3274,1716,131,5,2822.73,20
3275,1716,125,5,24280.57,0
3276,1717,95,3,3430.14,15
3277,1717,104,1,19653.38,0
3278,1718,71,2,29713.02,5
3279,1719,48,4,21843.73,0
3280,1719,128,3,25661.85,25
3281,1720,62,4,28256.13,0
3282,1720,137,1,25937.37,15
3283,1721,137,3,28901.91,25
3284,1721,100,2,5620.23,0
3285,1721,97,3,29971.97,30
3286,1721,9,3,4048.7,25
3287,1722,77,1,3016.36,10
3288,1722,78,3,11371.46,0
3289,1722,33,2,6876.11,25
3290,1723,22,5,18715.4,20
3291,1724,106,3,21270.29,25
3292,1725,24,2,29054.01,0
3293,1726,130,1,3287.94,30
3294,1726,49,3,2690.38,20
3295,1727,21,2,7057.56,30
3296,1727,90,5,6086.34,0
3297,1728,31,4,11332.85,15
3298,1729,15,5,17113.38,0
3299,1730,44,3,36057.67,0
3300,1730,97,4,30065.44,0
3301,1730,85,2,13481.42,0
3302,1731,24,5,28760.6,0
3303,1732,15,2,20384.13,0
3304,1733,49,5,3767.22,0
3305,1733,67,3,24964.53,0
3306,1733,33,5,7127.23,25
3307,1734,62,1,37932.01,0
3308,1735,40,2,17125.8,0
3309,1735,121,3,34877.52,0
3310,1736,51,3,16890.35,15
3311,1736,64,3,11662.89,0
3312,1736,22,1,14567.71,0
3313,1737,76,4,15119.56,0
3314,1737,3,1,29847.56,20
3315,1738,93,3,28263.21,20
3316,1738,78,2,15296.08,10
3317,1738,81,3,41497.24,10
3318,1739,48,4,22092.49,10
3319,1739,26,3,21995.98,20
3320,1739,37,3,12594.59,0
3321,1740,6,4,31505.26,20
3322,1740,108,5,24547.67,0
3323,1740,27,-5,5255.35,0
3324,1741,32,5,21043.58,30
3325,1741,104,2,16445.05,0
3326,1742,128,3,33803.97,20
3327,1743,98,5,14737.92,10
3328,1743,38,4,21096.39,0
3329,1743,8,1,22743.02,5
3330,1744,36,2,24265.83,30
3331,1744,91,4,16282.0,5
3332,1744,127,2,22697.16,0
3333,1745,69,2,28483.03,5
3334,1745,87,5,29989.83,0
3335,1745,127,2,28200.11,0
3336,1746,76,3,13377.29,0
3337,1747,6,2,30718.9,30
3338,1748,103,5,8216.03,0
3339,1748,5,3,15440.83,15
3340,1748,98,3,19940.36,10
3341,1748,12,4,3424.38,20
3342,1748,74,5,30850.29,0
3343,1749,22,5,15852.56,20
3344,1749,129,4,35926.16,10
3345,1750,53,1,5108.72,15
3346,1750,10,3,11566.82,0
3347,1751,136,5,12671.81,20
3348,1751,131,3,2840.8,5
3349,1752,19,1,27093.09,0
3350,1752,53,2,4999.21,0
3351,1752,100,1,7828.91,5
3352,1753,72,5,32318.84,25
3353,1753,124,1,39387.55,0
3354,1754,55,1,4462.5,0
3355,1754,131,3,3399.0,30
3356,1755,83,2,29168.95,10
3357,1756,79,1,24447.96,0
3358,1757,13,2,9438.53,0
3359,1757,93,5,25504.63,15
3360,1758,24,1,27988.23,15
3361,1758,105,2,24095.69,20
3362,1758,122,4,19140.23,30
3363,1758,56,3,14894.42,30
3364,1759,106,3,16963.4,0
3365,1760,43,-2,41974.8,0
3366,1760,95,5,3340.6,30
3367,1760,137,1,32435.91,0
3368,1761,96,2,13082.13,30
3369,1762,132,4,3390.73,10
3370,1762,88,4,5495.58,20
3371,1763,103,3,9565.34,30
3372,1764,57,4,34834.55,10
3373,1765,122,3,20634.49,5
3374,1766,92,2,23881.35,25
3375,1767,85,5,14010.05,30
3376,1768,126,4,7865.43,0
3377,1768,71,1,29765.59,10
3378,1768,138,5,29628.38,0
3379,1769,31,1,12503.12,25
3380,1770,109,3,15312.24,20
3381,1770,66,3,38052.4,0
3382,1771,112,1,38015.6,25
3383,1771,80,5,2468.9,5
3384,1772,3,1,26171.4,5
3385,1773,48,1,21246.57,20
3386,1774,50,3,19519.8,0
3387,1774,10,2,14145.2,0
3388,1774,22,2,15986.85,30
3389,1775,43,4,34627.61,0
3390,1775,123,5,12622.05,10
3391,1776,112,1,43501.55,30
3392,1777,53,5,3395.03,15
3393,1777,51,2,14062.3,5
3394,1777,77,3,3951.2,30
3395,1778,103,1,12328.2,15
3396,1778,125,3,18675.01,0
3397,1779,101,1,5824.64,20
3398,1780,125,2,20716.55,0
3399,1780,69,3,35455.52,20
3400,1780,104,3,20486.23,0
3401,1781,136,4,14367.98,0
3402,1781,90,5,6085.63,0
3403,1781,105,2,34965.75,15
3404,1782,83,1,30589.71,25
3405,1782,56,3,14952.22,30
3406,1782,63,2,137.82,0
3407,1783,56,5,12102.17,25
3408,1784,132,3,3704.45,0
3409,1784,69,4,32806.05,0
3410,1785,22,1,15511.19,15
3411,1785,26,3,21032.57,10
3412,1785,130,3,3209.85,10
3413,1786,43,3,31383.2,0
3414,1787,139,-2,35405.64,5
3415,1788,133,5,7707.55,25
3416,1788,87,4,29604.16,20
3417,1789,10,1,11200.1,10
3418,1789,124,5,31732.32,5
3419,1790,79,2,28541.39,20
3420,1791,27,3,5743.32,0
3421,1792,37,1,13342.11,10
3422,1793,14,4,14503.44,5
3423,1793,125,3,24094.81,15
3424,1794,54,3,28499.61,25
3425,1795,13,1,12356.73,10
3426,1795,29,4,17302.5,5
3427,1796,74,2,27434.8,10
3428,1796,68,5,35931.95,0
3429,1797,129,3,28540.89,0
3430,1798,58,4,1056.97,20
3431,1798,88,5,5114.87,15
3432,1798,70,4,14754.78,15
3433,1799,138,3,31923.25,15
3434,1799,94,4,28085.19,10
3435,1799,96,4,15396.59,30
3436,1800,26,1,22026.69,30
3437,1800,105,3,30477.41,0
3438,1800,104,2,18658.64,5
3439,1801,78,1,12570.78,25
3440,1801,114,1,24255.73,25
3441,1802,25,5,11262.72,5
3442,1802,66,3,28188.68,15
3443,1802,127,3,27747.88,0
3444,1803,73,3,1043.56,20
3445,1804,10,4,9432.75,20
3446,1804,32,1,19698.77,25
3447,1805,11,1,20744.22,0
3448,1806,99,5,11606.33,30
3449,1806,118,4,19226.88,0
3450,1806,70,5,15488.38,0
3451,1807,29,3,18262.86,5
3452,1808,109,2,16302.61,5
3453,1808,114,4,27078.59,5
3454,1808,103,3,12102.67,15
3455,1809,12,4,2296.91,0
3456,1810,35,5,3319.12,10
3457,1811,60,1,20977.48,0
3458,1811,89,1,1686.87,0
3459,1812,120,3,4696.27,10
3460,1813,104,4,21241.35,20
3461,1813,58,4,1290.72,0
3462,1813,81,3,34456.68,0
3463,1814,51,1,17091.1,5
3464,1814,3,3,28507.87,20
3465,1815,40,5,16121.31,15
3466,1815,100,2,7705.01,20
3467,1815,7,2,22329.13,25
3468,1816,68,1,30473.29,30
3469,1817,110,2,4044.08,5
3470,1817,27,2,4030.05,0
3471,1817,23,3,11799.68,20
3472,1818,22,1,16413.82,30
3473,1819,86,5,11407.56,20
3474,1820,82,4,12142.53,10
3475,1821,55,2,4840.61,15
3476,1822,72,1,29669.96,0
3477,1822,74,5,27463.23,15
3478,1823,116,1,7578.37,0
3479,1823,49,1,2704.73,30
3480,1823,131,1,3183.08,5
3481,1824,114,5,24847.29,0
3482,1824,110,5,4220.29,10
3483,1825,67,2,16715.81,0
3484,1825,98,3,18254.41,5
3485,1825,35,-2,2894.23,10
3486,1826,16,1,12190.41,25
3487,1827,100,2,5020.36,25
3488,1827,3,4,30143.81,25
3489,1828,124,5,27786.27,20
3490,1828,12,4,2771.74,30
3491,1829,37,1,11561.56,25
3492,1829,96,1,17378.69,0
3493,1830,25,1,10229.39,30
3494,1830,128,5,27122.15,0
3495,1830,38,3,16863.38,20
3496,1831,58,4,1329.54,15
3497,1831,42,4,7986.72,20
3498,1832,120,3,4560.83,0
3499,1833,60,5,20382.46,20
3500,1834,65,5,34687.31,25
3501,1834,9,1,4177.9,0
3502,1835,30,5,29087.05,0
3503,1836,32,5,25806.82,5
3504,1836,18,4,5940.95,0
3505,1836,96,5,15607.05,0
3506,1837,86,2,7951.3,5
3507,1838,102,3,22110.19,20
3508,1838,36,1,18322.71,0
3509,1839,7,5,20745.52,25
3510,1840,94,1,21328.93,5
3511,1840,71,2,30570.75,15
3512,1840,132,5,2942.85,30
3513,1841,22,4,14856.0,5
3514,1841,2,3,3781.79,25
3515,1842,80,3,2801.92,20
3516,1843,89,1,1483.5,0
3517,1844,21,3,4712.61,0
3518,1845,49,3,3125.3,25
3519,1845,23,5,10508.02,5
3520,1845,85,3,15058.98,25
3521,1846,26,4,28251.19,5
3522,1846,127,1,25063.27,30
3523,1846,21,4,6945.18,10
3524,1847,98,3,13984.57,20
3525,1847,2,3,3333.82,5
3526,1848,83,2,27767.68,30
3527,1848,54,3,22729.2,30
3528,1849,118,4,20510.83,20
3529,1850,16,4,13282.85,10
3530,1850,3,3,30386.0,25
3531,1851,60,1,20027.54,25
3532,1852,61,1,5469.24,0
3533,1853,116,4,8223.14,10
3534,1853,86,3,8164.9,0
3535,1854,78,1,14308.16,25
3536,1854,139,2,40411.76,30
3537,1854,72,1,43591.26,20
3538,1854,137,1,33670.96,10
3539,1855,93,4,27716.42,0
3540,1855,77,1,2892.34,25
3541,1856,122,3,28546.18,15
3542,1856,101,3,5967.69,15
3543,1857,132,5,3766.05,0
3544,1858,43,5,31448.02,30
3545,1858,100,3,5776.58,0
3546,1859,130,4,3954.05,15
3547,1859,67,4,16562.4,20
3548,1860,98,5,18757.78,0
3549,1861,105,2,34334.83,30
3550,1861,18,4,3877.2,25
3551,1861,56,4,15040.55,25
3552,1861,133,5,7359.83,0
3553,1862,53,5,4466.59,20
3554,1863,120,4,4465.1,0
3555,1863,48,1,22154.44,5
3556,1864,92,2,29982.56,20
3557,1864,32,2,21550.62,0
3558,1865,43,3,31315.0,5
3559,1866,50,2,16523.51,5
3560,1866,62,3,29785.06,0
3561,1866,14,4,13797.38,0
3562,1867,97,1,29231.02,15
3563,1867,67,2,18230.34,25
3564,1867,59,5,11383.24,15
3565,1868,36,5,19904.99,0
3566,1869,13,1,11610.16,10
3567,1870,65,5,29348.95,30
3568,1870,136,4,14602.77,15
3569,1871,134,3,103.14,15
3570,1871,3,3,29968.73,30
3571,1872,2,2,3959.51,20
3572,1872,83,-3,34309.42,15
3573,1873,109,-4,17773.08,0
3574,1873,136,2,10376.05,0
3575,1874,44,2,37177.96,25
3576,1874,32,1,29420.46,0
3577,1875,84,5,15895.43,20
3578,1876,54,5,30694.02,0
3579,1877,135,4,30375.08,30
3580,1878,128,1,25327.95,0
3581,1878,52,3,27737.02,20
3582,1879,122,3,20293.01,0
3583,1879,101,2,4797.74,0
3584,1879,80,5,2424.96,0
3585,1880,121,3,25851.63,0
3586,1880,2,2,3313.91,10
3587,1880,5,3,21263.38,0
3588,1881,41,1,31762.52,25
3589,1881,1,3,1147.48,10
3590,1882,18,3,4943.93,0
3591,1882,102,1,14823.23,10
3592,1883,120,3,5874.5,0
3593,1884,26,2,24892.1,25
3594,1884,92,3,26393.06,0
3595,1885,15,5,19996.05,15
3596,1885,124,3,39095.28,5
3597,1886,52,5,32306.76,0
3598,1886,4,2,8316.37,5
3599,1886,96,4,16644.75,0
3600,1887,67,3,20599.45,0
3601,1888,59,4,7926.5,30
3602,1888,35,3,3264.22,0
3603,1888,103,5,10983.43,0
3604,1889,28,4,26909.19,25
3605,1889,111,2,23116.53,0
3606,1890,90,5,5418.97,0
3607,1890,19,5,23846.35,15
3608,1891,39,1,29205.19,5
3609,1891,116,4,7264.74,30
3610,1892,42,3,9085.91,15
3611,1892,27,3,5635.69,0
3612,1893,114,-1,24625.41,0
3613,1894,5,3,22525.97,25
3614,1894,120,3,5985.6,0
3615,1895,47,5,2209.97,20
3616,1895,77,2,3259.64,0
3617,1895,120,5,6543.28,5
3618,1895,61,1,5332.77,25
3619,1896,116,4,7643.57,25
3620,1896,61,4,5316.43,10
3621,1897,51,3,16745.6,25
3622,1898,133,5,9419.33,20
3623,1898,127,3,26617.73,15
3624,1898,43,4,40068.93,10
3625,1899,12,5,3375.57,0
3626,1899,41,2,25990.24,30
3627,1900,5,3,19410.21,20
3628,1900,76,1,16388.77,0
3629,1900,33,5,5539.83,0
3630,1901,59,4,9386.24,10
3631,1902,43,4,39144.86,0
3632,1902,104,2,18277.06,0
3633,1903,60,5,21037.3,10
3634,1903,14,1,14320.6,15
3635,1904,38,4,18113.12,0
3636,1905,47,3,2715.94,10
3637,1905,102,4,22170.31,15
3638,1906,108,5,36098.16,0
3639,1907,134,5,136.72,5
3640,1907,69,3,33504.86,10
3641,1907,33,-4,6924.7,0
3642,1908,41,5,29411.86,5
3643,1909,83,4,32138.39,0
3644,1909,107,3,5951.67,0
3645,1909,124,2,30215.46,0
3646,1910,78,4,15170.25,5
3647,1911,52,5,27682.22,0
3648,1911,37,1,11300.5,25
3649,1912,105,3,26320.65,25
3650,1912,18,5,4855.9,15
3651,1913,14,3,10388.34,5
3652,1914,32,5,21067.95,0
3653,1914,103,4,10108.81,15
3654,1914,127,3,32182.83,5
3655,1915,60,5,18041.6,0
3656,1916,71,3,31544.53,0
3657,1917,45,4,25850.42,5
3658,1917,132,3,3275.22,5
3659,1918,131,1,3444.43,5
3660,1919,71,2,21884.81,5
3661,1919,88,4,5069.6,0
3662,1919,64,2,12240.64,25
3663,1920,65,5,32170.18,5
3664,1920,6,4,22059.52,5
3665,1921,19,1,23484.13,0
3666,1921,103,3,8522.93,0
3667,1922,125,3,24845.56,15
3668,1922,23,5,11765.94,0
3669,1923,69,2,27050.29,10
3670,1923,14,3,11548.44,0
3671,1923,70,1,17579.92,0
3672,1924,96,3,18963.19,0
3673,1925,10,4,13350.11,0
3674,1926,24,1,22899.52,5
3675,1926,64,3,14128.78,10
3676,1926,89,1,1971.44,25
3677,1927,81,1,40085.24,20
3678,1927,92,-4,33127.04,0
3679,1927,128,-5,30093.23,0
3680,1928,72,1,41207.5,20
3681,1928,105,1,31963.72,0
3682,1928,63,1,180.97,30
3683,1929,111,2,26824.49,0
3684,1930,1,4,1224.24,0
3685,1931,15,3,17745.12,20
3686,1932,129,5,29120.8,0
3687,1932,92,3,25284.07,5
3688,1932,108,-4,23634.24,30
3689,1933,10,1,14116.27,20
3690,1933,28,1,29627.51,5
3691,1933,12,5,2411.32,30
3692,1934,135,5,29409.42,5
3693,1934,129,1,26959.78,20
3694,1935,63,-5,169.97,20
3695,1936,131,4,3206.0,15
3696,1937,91,3,21462.42,20
3697,1937,108,3,36409.24,30
3698,1937,12,5,3178.03,20
3699,1938,123,1,9377.13,0
3700,1938,46,4,2171.77,0
3701,1938,135,5,29631.42,10
3702,1939,118,2,16509.98,10
3703,1940,5,5,17264.61,0
3704,1940,120,5,4834.61,20
3705,1941,134,5,125.37,15
3706,1942,27,3,4622.33,10
3707,1943,119,1,11281.19,25
3708,1944,68,5,28780.0,20
3709,1945,107,4,6315.47,30
3710,1946,87,1,29478.05,15
3711,1946,126,4,5219.45,15
3712,1946,26,4,22620.03,10
3713,1947,129,4,26019.09,0
3714,1947,13,1,11311.52,0
3715,1948,90,4,5991.07,5
3716,1948,136,2,14549.26,25
3717,1948,89,4,2118.64,0
3718,1949,127,1,27984.9,0
3719,1949,124,4,29303.2,10
3720,1950,124,-2,27818.25,0
3721,1951,36,3,20055.89,0
3722,1951,96,3,14917.37,0
3723,1951,75,5,29540.31,0
3724,1952,54,4,24195.79,30
3725,1952,127,4,22570.78,20
3726,1952,103,1,9875.08,0
3727,1953,73,5,835.9,0
3728,1953,64,1,10678.41,0
3729,1954,75,2,25493.91,5
3730,1954,58,1,1149.89,10
3731,1954,81,1,33215.35,20
3732,1955,100,2,6467.25,25
3733,1956,50,5,19769.77,20
3734,1956,92,2,24708.78,0
3735,1956,26,4,29152.23,20
3736,1957,64,2,11833.09,10
3737,1957,10,1,11256.0,25
3738,1958,116,2,6567.29,15
3739,1958,27,5,5096.78,0
3740,1959,133,5,9103.74,0
3741,1959,43,3,29213.51,20
3742,1960,111,1,31889.13,0
3743,1961,33,5,6257.11,10
3744,1961,125,4,21988.92,0
3745,1962,98,2,16410.34,15
3746,1963,83,3,25948.34,0
3747,1963,73,2,810.82,10
3748,1964,39,5,29261.92,5
3749,1964,65,1,28066.37,25
3750,1964,138,2,30676.74,10
3751,1965,19,1,33249.48,0
3752,1966,40,4,19914.03,0
3753,1966,98,3,19201.33,5
3754,1967,99,1,11548.79,25
3755,1968,24,5,25262.02,0
3756,1969,33,5,5151.71,10
3757,1969,81,4,32786.77,30
3758,1969,97,2,27756.56,0
3759,1970,57,3,23466.77,0
3760,1971,27,5,5248.88,10
3761,1971,29,1,21145.02,15
3762,1972,22,2,14526.83,0
3763,1972,60,4,21980.34,0
3764,1973,129,3,28708.94,10
3765,1974,13,1,9385.3,30
3766,1974,99,4,14781.25,0
3767,1974,117,1,1855.83,10
3768,1975,100,3,6359.0,0
3769,1975,70,4,15603.85,25
3770,1976,69,1,31311.25,10
3771,1977,116,3,7365.77,30
3772,1977,68,4,28275.89,5
3773,1978,64,2,12834.55,10
3774,1978,28,1,22118.19,20
3775,1979,99,2,12471.56,25
3776,1979,5,3,17355.3,0
3777,1980,12,4,3387.72,20
3778,1980,90,2,5296.02,0
3779,1981,104,2,17901.72,20
3780,1981,86,1,9343.54,10
3781,1981,76,1,12523.33,25
3782,1981,105,3,34577.59,20
3783,1981,25,4,11812.83,30
3784,1982,97,5,27255.81,0
3785,1982,133,4,6115.46,5
3786,1982,70,4,19174.96,0
3787,1983,117,4,2127.86,5
3788,1983,120,4,5056.17,10
3789,1983,2,-5,2837.96,5
3790,1983,19,1,27433.44,0
3791,1984,29,4,14593.35,20
3792,1984,19,1,34232.36,10
3793,1985,24,3,22221.97,0
3794,1986,92,3,33793.85,20
3795,1987,60,5,17233.21,20
3796,1988,88,2,4871.11,0
3797,1988,96,4,18387.48,0
3798,1989,93,1,33593.9,0
3799,1989,63,3,176.96,0
3800,1990,99,4,17700.29,5
3801,1991,123,4,10552.79,25
3802,1992,56,5,14919.99,20
3803,1993,130,2,4643.57,5
3804,1993,127,5,30720.18,30
3805,1994,97,3,36928.53,5
3806,1995,123,5,11699.77,0
3807,1995,100,3,7003.94,5
3808,1996,71,5,23692.22,0
3809,1997,100,4,5032.39,15
3810,1997,113,5,38836.99,25
3811,1997,9,2,5422.23,25
3812,1998,33,1,7139.44,0
3813,1999,101,5,5683.53,5
3814,2000,95,-4,2586.47,5
3815,2000,68,5,36751.04,25
3816,2001,84,2,17345.57,5
3817,2001,93,3,30863.62,25
3818,2001,125,1,22806.73,20
3819,2001,2,4,3929.69,0
3820,2002,93,2,30138.89,0
3821,2002,83,3,22453.64,0
3822,2003,13,1,11072.76,0
3823,2003,21,1,6712.76,20
3824,2004,19,1,32415.19,25
3825,2004,107,2,6873.57,10
3826,2005,132,1,3861.94,0
3827,2005,21,-1,6335.53,30
3828,2005,36,5,18316.34,5
3829,2006,136,3,13950.5,20
3830,2007,104,2,16827.65,5
3831,2007,123,1,9636.82,10
3832,2008,136,1,12963.93,25
3833,2009,106,4,14518.29,0
3834,2009,93,2,35008.33,30
3835,2009,82,5,8465.78,0
3836,2010,6,2,28853.91,30
3837,2010,106,4,20451.62,0
3838,2011,58,1,978.91,20
3839,2012,68,4,37906.29,20
3840,2012,30,5,25662.49,0
3841,2013,71,1,31339.23,0
3842,2014,58,-5,1273.2,0
3843,2014,18,3,4105.45,30
3844,2015,103,2,9823.92,5
3845,2015,117,4,2219.27,15
3846,2015,27,2,5910.35,15
3847,2016,48,3,16891.81,30
3848,2016,107,3,7458.21,5
3849,2016,66,4,37748.94,30
3850,2017,30,1,27232.72,5
3851,2018,57,4,25740.29,30
3852,2018,12,1,2627.15,25
3853,2019,82,3,10498.96,0
3854,2020,100,4,6520.15,0
3855,2020,43,2,42763.76,0
3856,2021,69,-2,31493.8,0
3857,2021,100,4,5522.04,20
3858,2022,102,2,15555.95,15
3859,2022,6,5,23658.86,30
3860,2023,82,5,10479.43,25
3861,2023,89,4,2097.95,25
3862,2024,51,5,16558.67,25
3863,2025,89,5,2256.7,0
3864,2025,18,3,5352.47,10
3865,2026,22,1,12780.95,5
3866,2027,117,4,1809.12,15
3867,2027,4,4,9226.65,25
3868,2027,56,4,10593.89,0
3869,2027,136,3,15566.34,10
3870,2028,42,2,7095.49,0
3871,2028,53,5,3467.66,20
3872,2029,131,5,3537.72,10
3873,2029,38,5,17190.68,25
3874,2030,58,1,919.8,25
3875,2030,44,5,32099.3,0
3876,2031,110,3,3832.97,0
3877,2031,91,2,15865.75,0
3878,2032,2,1,3347.59,0
3879,2032,17,5,11797.33,0
3880,2032,115,4,14059.33,0
3881,2033,54,4,25273.38,0
3882,2034,84,3,13625.86,0
3883,2034,91,1,24410.87,0
3884,2035,78,3,15057.36,0
3885,2035,138,4,36383.66,5
3886,2036,13,2,9941.69,25
3887,2036,4,2,6422.39,15
3888,2037,136,2,13971.44,0
3889,2037,60,3,16355.47,25
3890,2037,1,3,1430.25,0
3891,2038,112,5,28733.84,0
3892,2038,37,4,12723.06,5
3893,2039,110,3,2945.92,5
3894,2039,99,1,13027.89,10
3895,2039,121,3,25651.52,0
3896,2040,100,4,5763.94,25
3897,2040,26,1,20598.89,30
3898,2040,112,3,32885.97,15
3899,2041,25,4,10854.16,0
3900,2042,106,5,13992.52,0
3901,2042,44,3,26098.21,15
3902,2043,105,1,26686.66,0
3903,2043,107,3,6315.18,5
3904,2043,26,2,21772.33,30
3905,2043,50,1,17428.41,30
3906,2044,50,4,20022.22,5
3907,2044,117,3,2538.19,0
3908,2045,79,3,26075.83,5
3909,2045,128,5,26738.39,0
3910,2045,104,1,16135.75,15
3911,2045,45,2,28728.93,15
3912,2046,130,4,4481.34,25
3913,2047,138,2,29849.65,5
3914,2048,22,3,16037.03,0
3915,2048,114,2,21474.1,15
3916,2049,130,5,3855.04,30
3917,2049,2,4,2650.54,10
3918,2050,34,2,5916.01,5
3919,2051,76,3,16181.99,0
3920,2052,12,5,2735.63,15
3921,2052,84,4,16588.53,0
3922,2052,91,1,21936.17,25
3923,2053,58,4,1109.18,0
3924,2053,5,4,22903.4,15
3925,2053,79,1,19250.61,20
3926,2053,85,1,13548.36,15
3927,2054,136,1,14706.58,0
3928,2054,119,3,13499.61,0
3929,2055,52,5,30223.53,0
3930,2055,98,1,20158.14,5
3931,2055,134,3,118.68,0
3932,2056,34,5,5936.59,5
3933,2056,130,1,4226.7,25
3934,2056,133,3,7414.18,0
3935,2057,123,4,9867.24,15
3936,2057,33,4,7285.48,5
3937,2058,55,5,5522.38,30
3938,2059,38,5,23689.07,30
3939,2059,132,4,3357.41,0
3940,2059,94,5,28376.87,10
3941,2060,61,5,6125.94,5
3942,2061,3,4,26414.19,10
3943,2061,2,3,3004.44,10
3944,2061,121,3,28629.05,0
3945,2061,61,4,5949.5,0
3946,2062,110,4,3991.13,15
3947,2062,35,3,3485.77,10
3948,2063,28,1,30612.94,10
3949,2063,101,-2,5154.85,30
3950,2064,54,5,27558.65,0
3951,2065,110,3,3769.22,15
3952,2066,116,2,8302.72,25
3953,2066,130,3,3761.68,30
3954,2067,80,1,2354.17,5
3955,2067,56,1,15638.35,0
3956,2067,79,4,23168.42,20
3957,2068,25,3,12102.79,0
3958,2068,50,4,18955.84,5
3959,2069,49,2,3402.26,30
3960,2070,83,1,25113.92,5
3961,2070,73,4,987.99,15
3962,2071,12,1,3185.97,0
3963,2071,48,4,17004.2,0
3964,2071,58,4,1020.79,15
3965,2072,31,2,9926.28,0
3966,2072,73,2,802.24,0
3967,2072,116,2,6284.72,25
3968,2073,85,3,12172.16,15
3969,2073,9,4,5760.74,0
3970,2073,63,2,133.92,20
3971,2074,30,3,24147.36,20
3972,2074,121,3,28466.27,15
3973,2075,101,1,6193.31,0
3974,2076,64,5,11054.32,0
3975,2077,4,4,7085.28,25
3976,2078,104,2,16589.84,0
3977,2078,27,5,5283.0,0
3978,2079,108,5,32477.87,5
3979,2080,2,3,3086.82,15
3980,2080,66,5,31292.01,0
3981,2081,86,1,9825.17,25
3982,2081,110,5,3933.93,10
3983,2082,56,2,12765.96,5
3984,2082,60,5,20727.11,0
3985,2083,10,5,10234.54,5
3986,2083,8,4,29825.72,0
3987,2084,109,1,17925.78,15
3988,2084,5,3,21191.99,20
3989,2084,48,1,18169.61,0
3990,2084,39,4,27093.61,25
3991,2085,88,1,4449.36,5
3992,2085,28,3,23515.58,0
3993,2085,45,4,24500.65,25
3994,2086,42,4,7693.49,0
3995,2086,30,5,31687.03,5
3996,2087,19,5,33329.61,0
3997,2087,41,1,22577.88,15
3998,2088,58,1,1144.12,0
3999,2089,15,-2,17026.71,25
4000,2089,33,4,6783.18,0
4001,2090,117,3,2254.43,15
4002,2090,14,4,13375.19,30
4003,2090,81,4,38507.18,30
4004,2091,50,2,20496.79,30
4005,2091,39,1,30649.91,0
4006,2092,108,3,26727.65,20
4007,2092,14,3,12135.87,15
4008,2093,126,5,6288.05,0
4009,2093,105,4,33758.01,10
4010,2093,4,4,6512.49,10
4011,2094,88,4,4843.58,30
4012,2094,46,4,2778.8,25
4013,2094,93,4,29416.62,30
4014,2095,70,3,16723.01,25
4015,2095,107,1,8147.87,0
4016,2096,37,5,11410.54,0
4017,2096,132,5,3053.98,20
4018,2096,129,5,24070.2,0
4019,2097,103,1,11317.82,20
4020,2098,66,4,26735.28,15
4021,2098,31,2,12873.35,0
4022,2099,9,3,4507.59,20
4023,2100,139,5,27526.61,5
4024,2101,103,5,11914.96,0
4025,2101,97,2,30139.55,30
4026,2101,79,2,27645.48,0
4027,2101,121,3,26620.48,15
4028,2102,61,1,7142.19,0
4029,2102,96,1,16947.37,0
4030,2102,70,5,17301.94,10
4031,2103,1,1,1243.93,30
4032,2104,103,4,12070.83,0
4033,2105,120,1,5440.04,10
4034,2105,27,1,4487.55,5
4035,2106,109,4,18178.28,25
4036,2106,96,2,17462.55,10
4037,2107,84,1,13627.44,0
4038,2108,14,4,12413.55,15
4039,2108,121,1,34916.46,0
4040,2108,28,3,20559.7,15
4041,2109,42,2,9747.43,0
4042,2110,9,1,3723.23,0
4043,2111,94,5,28573.19,25
4044,2112,69,-4,34400.45,15
4045,2113,109,3,18162.15,25
4046,2114,80,3,2711.37,0
4047,2115,67,2,16978.62,0
4048,2116,104,3,21808.81,5
4049,2116,73,4,866.14,15
4050,2116,29,1,20769.11,5
4051,2117,59,4,11023.45,20
4052,2117,114,5,30495.03,25
4053,2118,98,1,19572.98,15
4054,2118,137,3,29053.89,0
4055,2118,30,4,27128.79,0
4056,2118,97,3,30877.76,20
4057,2119,70,5,17717.88,30
4058,2120,15,3,16970.02,0
4059,2120,55,3,5652.68,15
4060,2121,7,5,19986.43,30
4061,2122,112,2,32379.55,5
4062,2122,54,3,23091.68,25
4063,2123,30,1,35119.92,30
4064,2123,24,3,27778.61,0
4065,2124,137,3,27950.46,20
4066,2125,83,1,25194.9,20
4067,2125,57,1,28821.1,5
4068,2125,43,1,41118.37,25
4069,2126,51,3,15683.56,30
4070,2127,40,3,15961.68,25
4071,2127,38,2,16013.77,15
4072,2127,108,3,30522.96,0
4073,2128,133,5,9041.61,0
4074,2128,124,1,40951.87,10
4075,2129,139,3,34274.18,20
4076,2130,2,-2,3395.88,25
4077,2130,76,1,15398.86,30
4078,2131,47,4,1872.06,0
4079,2131,21,4,5462.1,0
4080,2131,68,3,33705.22,0
4081,2132,47,4,2244.39,20
4082,2133,117,5,2606.04,30
4083,2134,119,4,11672.7,10
4084,2135,116,3,8440.15,5
4085,2136,72,1,42442.12,0
4086,2136,2,5,3983.61,5
4087,2137,1,3,1516.68,20
4088,2138,47,1,2793.37,5
4089,2138,117,3,2024.65,5
4090,2138,86,5,10271.57,0
4091,2139,136,3,12876.43,5
4092,2139,74,4,28061.39,15
4093,2140,105,-1,34966.68,20
4094,2140,31,5,12568.63,0
4095,2141,62,1,39758.68,25
4096,2142,8,4,26884.05,10
4097,2143,60,1,17862.98,0
4098,2144,34,3,5000.94,0
4099,2144,116,2,8040.68,0
4100,2145,126,4,6917.33,0
4101,2145,18,3,4445.94,15
4102,2145,138,4,26910.01,0
4103,2146,27,2,5231.53,5
4104,2147,140,5,31821.66,30
4105,2147,48,1,21826.62,20
4106,2148,20,3,28780.52,30
4107,2148,82,3,10142.49,20
4108,2149,76,5,18465.71,0
4109,2149,21,5,6356.49,0
4110,2150,87,2,36059.36,30
4111,2150,36,5,20631.3,0
4112,2150,20,3,35410.87,10
4113,2151,135,3,30629.01,30
4114,2152,41,4,33804.96,15
4115,2152,137,2,23258.22,0
4116,2152,74,2,29425.75,0
4117,2153,118,2,15403.86,0
4118,2153,24,1,21372.06,20
4119,2154,98,5,16561.97,10
4120,2155,124,2,34295.07,30
4121,2155,140,3,23275.85,0
4122,2155,100,5,6327.72,20
4123,2156,8,1,29062.49,25
4124,2156,63,4,172.79,10
4125,2156,39,4,30761.81,0
4126,2157,59,2,8744.98,15
4127,2158,95,3,3321.21,0
4128,2158,123,2,14336.16,0
4129,2158,63,4,168.25,0
4130,2159,87,5,30080.32,0
4131,2159,136,2,14580.3,5
4132,2159,92,2,25030.7,15
4133,2160,115,-3,14215.96,10
4134,2160,6,1,28998.75,0
4135,2161,106,5,18728.5,5
4136,2162,116,3,5780.06,20
4137,2162,118,4,21331.26,30
4138,2162,10,1,11189.8,20
4139,2163,103,4,9149.03,20
4140,2164,88,4,5797.31,10
4141,2165,68,2,31521.73,0
4142,2165,111,5,33670.89,0
4143,2165,128,3,28997.3,15
4144,2166,91,4,24061.88,25
4145,2166,137,1,22823.65,20
4146,2167,68,5,41618.4,10
4147,2167,81,2,32975.48,0
4148,2168,125,4,16401.81,30
4149,2169,22,2,18912.5,0
4150,2170,58,2,1192.71,0
4151,2171,130,1,4536.96,20
4152,2171,128,2,28996.53,5
4153,2172,92,4,29928.68,0
4154,2173,20,1,31420.91,0
4155,2174,30,4,26853.95,5
4156,2174,94,3,24254.98,0
4157,2174,56,2,13601.4,25
4158,2174,53,4,3702.52,25
4159,2175,98,5,16048.47,10
4160,2175,94,3,30472.56,15
4161,2175,111,5,27175.9,15
4162,2176,95,3,2613.88,5
4163,2176,7,4,15939.63,0
4164,2177,94,3,29767.72,30
4165,2178,58,2,1250.57,0
4166,2178,89,3,1580.53,0
4167,2179,136,4,13859.43,0
4168,2179,129,1,31288.68,0
4169,2179,42,1,8154.93,15
4170,2179,20,4,28082.47,10
4171,2180,82,2,8127.36,5
4172,2181,35,4,2836.04,30
4173,2181,122,5,20579.96,0
4174,2181,99,2,16686.8,15
4175,2181,68,2,30964.71,0
4176,2182,44,3,24890.83,0
4177,2182,73,5,827.71,20
4178,2183,6,1,22274.16,0
4179,2183,65,5,37222.21,15
4180,2184,43,5,33146.42,0
4181,2184,91,1,18369.7,25
4182,2184,123,5,14120.63,0
4183,2185,61,3,5959.48,0
4184,2185,40,5,22143.46,0
4185,2185,84,1,14450.26,10
4186,2186,60,3,18646.56,5
4187,2186,68,2,37799.05,20
4188,2186,129,2,34999.88,20
4189,2187,127,2,24410.85,0
4190,2188,30,1,33314.68,0
4191,2188,39,2,25512.22,5
4192,2189,79,5,23789.91,0
4193,2189,9,5,4837.53,30
4194,2189,42,1,9254.92,20
4195,2190,78,2,11888.57,0
4196,2190,93,5,33497.73,0
4197,2191,56,2,11820.27,30
4198,2192,53,4,5220.71,5
4199,2192,25,-4,13216.97,20
4200,2193,18,4,3987.53,5
4201,2194,24,5,27697.57,25
4202,2194,30,3,23651.04,0
4203,2195,41,3,34687.56,10
4204,2195,6,5,24470.97,0
4205,2195,64,4,10955.61,30
4206,2196,122,1,27956.63,25
4207,2196,101,4,5169.19,0
4208,2196,89,3,2046.65,25
4209,2197,97,1,29170.99,5
4210,2197,54,4,32913.17,30
4211,2198,20,1,28355.34,25
4212,2198,24,1,29437.01,20
4213,2199,109,4,13765.77,15
4214,2199,103,5,10861.27,20
4215,2200,102,4,19947.92,5
4216,2201,64,4,10852.65,25
4217,2201,56,1,14202.55,15
4218,2202,134,1,135.88,25
4219,2203,13,2,9175.04,5
4220,2203,108,3,26158.37,0
4221,2204,104,5,21806.72,10
4222,2204,87,3,35613.54,30
4223,2205,44,2,31306.7,0
4224,2206,127,2,22654.18,15
4225,2207,37,3,10909.1,0
4226,2207,96,2,17260.93,0
4227,2207,87,5,36596.0,0
4228,2208,55,3,5167.06,0
4229,2209,127,5,31741.76,30
4230,2209,139,4,30385.94,5
4231,2210,38,2,20726.68,0
4232,2211,66,3,34059.42,20
4233,2211,113,4,42986.08,10
4234,2212,133,3,6411.21,5
4235,2212,111,4,32623.51,0
4236,2212,123,1,11421.23,0
4237,2213,44,5,30944.91,20
4238,2214,10,3,11182.78,10
4239,2214,32,1,25135.0,0
4240,2215,21,4,5052.96,0
4241,2215,95,3,3097.25,20
4242,2216,18,1,4695.0,20
4243,2217,8,4,23573.43,30
4244,2217,51,5,12328.31,0
4245,2218,86,3,10732.6,10
4246,2218,88,4,6681.37,10
4247,2219,64,5,14970.52,5
4248,2219,98,4,16679.1,10
4249,2220,7,3,20109.38,15
4250,2220,51,3,17586.03,15
4251,2220,75,4,27341.99,0
4252,2221,23,4,11390.98,5
4253,2221,24,-5,23192.56,25
4254,2221,106,3,19386.42,0
4255,2221,36,4,24109.27,5
4256,2221,39,4,28829.0,5
4257,2222,137,1,34771.94,15
4258,2222,95,4,2235.88,5
4259,2223,22,3,12563.17,0
4260,2223,105,1,24895.11,10
4261,2224,5,3,20199.34,5
4262,2224,62,4,37532.8,0
4263,2224,71,1,29588.47,0
4264,2224,136,4,15451.07,15
4265,2225,32,3,28421.9,15
4266,2226,66,3,35461.25,20
4267,2227,36,1,26385.21,25
4268,2228,91,2,20091.91,0
4269,2228,112,5,28376.4,0
4270,2229,18,3,4795.83,10
4271,2229,115,3,13504.08,5
4272,2229,53,3,4675.46,20
4273,2229,70,2,17260.55,0
4274,2230,109,5,17327.96,0
4275,2230,72,1,28779.92,25
4276,2230,132,1,3287.65,0
4277,2231,73,4,1143.65,5
4278,2231,87,1,35274.32,10
4279,2231,115,5,11764.76,10
4280,2232,45,3,28249.03,30
4281,2232,63,2,178.64,25
4282,2232,81,2,36779.63,25
4283,2233,126,5,7946.47,0
4284,2234,54,1,32414.12,20
4285,2235,117,1,1991.41,30
4286,2235,121,2,37113.22,0
4287,2235,25,5,13138.69,25
4288,2236,10,5,13453.66,10
4289,2237,1,1,1531.28,0
4290,2237,125,1,18932.31,20
4291,2237,31,3,9887.67,0
4292,2238,27,1,5521.43,25
4293,2238,130,3,4421.83,0
4294,2238,62,3,38407.98,25
4295,2239,133,3,9404.16,0
4296,2239,140,2,26976.5,25
4297,2240,75,1,19521.37,30
4298,2240,127,5,31486.7,0
4299,2240,118,3,15657.95,15
4300,2241,8,2,27789.65,0
4301,2241,42,5,8587.51,20
4302,2242,106,2,18235.29,15
4303,2242,5,2,20089.65,5
4304,2243,93,1,27669.57,20
4305,2243,118,5,14812.16,0
4306,2244,1,1,1087.16,25
4307,2245,6,2,25839.74,0
4308,2245,115,5,13770.44,20
4309,2245,12,4,3168.97,5
4310,2246,43,4,40829.43,0
4311,2246,10,5,14365.63,30
4312,2247,40,4,20670.91,30
4313,2247,112,4,42069.37,0
4314,2248,105,4,32643.41,10
4315,2248,89,3,1788.4,25
4316,2248,16,2,14237.43,20
4317,2249,131,2,2939.91,25
4318,2250,70,4,17458.38,0
4319,2250,128,1,24603.92,15
4320,2251,16,4,17789.15,20
4321,2251,48,5,22524.35,5
4322,2252,15,2,14145.04,20
4323,2253,89,2,2249.56,15
4324,2254,114,2,24134.5,0
4325,2255,67,2,19572.36,20
4326,2255,11,5,19846.82,0
4327,2255,98,3,16776.01,25
4328,2256,95,2,2636.84,30
4329,2256,32,2,24797.06,0
4330,2257,54,5,32563.67,5
4331,2257,103,2,10335.89,5
4332,2257,105,2,35115.7,0
4333,2258,39,3,27698.21,0
4334,2258,137,5,25648.85,0
4335,2259,57,2,26750.16,5
4336,2259,128,-1,22617.55,5
4337,2259,46,4,2925.04,0
4338,2260,2,5,3553.26,10
4339,2261,9,4,3721.53,5
4340,2261,53,2,3831.72,5
4341,2262,32,5,21805.16,10
4342,2262,138,3,29805.07,0
4343,2263,4,2,7474.23,30
4344,2263,69,3,35502.74,0
4345,2263,119,4,15112.65,20
4346,2264,139,3,33078.23,15
4347,2264,5,3,17950.65,0
4348,2264,99,1,13758.07,30
4349,2265,41,3,22930.54,5
4350,2265,112,2,38300.83,25
4351,2266,51,5,13998.88,30
4352,2267,34,5,6868.42,5
4353,2268,10,5,11700.32,25
4354,2268,57,5,33424.08,5
4355,2269,61,5,6242.06,20
4356,2269,43,3,40786.84,0
4357,2269,25,1,9460.51,0
4358,2270,102,4,21495.67,30
4359,2270,112,4,38439.08,0
4360,2271,77,4,3370.17,0
4361,2272,77,4,3106.73,30
4362,2272,137,5,27283.83,0
4363,2273,136,2,11913.47,25
4364,2273,86,4,8392.61,0
4365,2274,84,5,18517.84,5
4366,2274,91,4,18482.91,20
4367,2275,87,1,26469.76,15
4368,2275,74,3,28840.84,10
4369,2276,107,3,5801.85,25
4370,2276,93,1,28986.08,5
4371,2276,112,1,29108.14,0
4372,2277,120,4,5926.09,5
4373,2277,53,2,4056.95,20
4374,2278,119,2,10779.79,5
4375,2278,53,3,5142.3,25
4376,2279,17,4,9348.12,0
4377,2279,110,5,3135.74,0
4378,2280,78,4,13152.29,0
4379,2280,133,4,6787.5,0
4380,2281,115,5,15233.41,5
4381,2282,121,3,33342.89,10
4382,2282,132,1,3315.94,20
4383,2283,6,4,21366.14,20
4384,2283,51,3,17098.23,15
4385,2284,28,1,23246.61,25
4386,2285,108,5,34328.55,10
4387,2285,112,4,40912.32,5
4388,2286,139,4,39242.77,0
4389,2287,84,5,19865.43,0
4390,2287,34,3,5368.38,15
4391,2288,23,5,8776.52,30
4392,2289,116,1,7289.19,30
4393,2289,114,5,24072.89,25
4394,2290,71,2,31082.91,15
4395,2291,131,1,2801.33,15
4396,2291,82,1,8526.13,0
4397,2291,55,5,5937.39,20
4398,2291,129,3,28435.57,0
4399,2292,68,3,40569.35,5
4400,2292,57,3,25659.41,20
4401,2293,29,2,20145.11,15
4402,2294,100,1,7347.69,30
4403,2295,140,2,24989.53,10
4404,2295,12,4,3006.09,20
4405,2296,110,3,3903.6,0
4406,2296,1,2,1247.07,10
4407,2297,32,1,24178.53,0
4408,2298,46,-3,2045.12,5
4409,2298,30,5,33876.48,20
4410,2299,105,5,31531.17,0
4411,2300,12,1,3214.7,10
4412,2301,57,2,33202.89,20
4413,2301,56,4,10012.51,5
4414,2301,96,5,15047.46,0
4415,2302,7,4,16433.92,30
4416,2302,43,1,29793.09,0
4417,2302,87,-1,26245.37,10
4418,2303,25,3,11610.8,20
4419,2303,139,1,36607.72,0
4420,2303,24,2,28996.44,15
4421,2304,10,3,11065.53,0
4422,2305,57,5,27699.71,25
4423,2306,21,5,5714.16,25
4424,2307,3,5,30455.25,5
4425,2307,80,2,2627.75,30
4426,2308,94,-4,30000.33,0
4427,2308,5,5,18991.39,0
4428,2309,36,2,19654.86,15
4429,2309,20,2,37145.63,0
4430,2310,68,1,43266.91,5
4431,2310,11,4,24826.73,0
4432,2311,93,4,24426.98,25
4433,2311,134,3,123.07,20
4434,2311,90,4,5349.15,0
4435,2312,107,2,7342.31,5
4436,2313,95,1,2418.86,0
4437,2313,19,5,27278.15,0
4438,2313,110,5,3066.21,0
4439,2313,82,2,11696.99,5
4440,2313,126,5,7515.64,5
4441,2314,51,1,12428.45,15
4442,2315,127,5,29510.77,0
4443,2316,16,4,16577.33,5
4444,2317,88,5,5917.7,30
4445,2317,111,5,35578.71,0
4446,2318,6,1,26793.59,20
4447,2318,100,5,5152.99,10
4448,2319,23,1,8550.9,0
4449,2320,56,5,10697.81,10
4450,2320,109,1,20823.38,30
4451,2320,2,1,2918.63,20
4452,2321,20,3,24583.36,30
4453,2321,128,2,25598.38,15
4454,2321,27,3,4477.73,15
4455,2322,8,4,22748.55,15
4456,2323,9,4,4246.48,20
4457,2323,106,4,18653.43,5
4458,2323,34,5,5986.96,15
4459,2324,11,4,19048.67,10
4460,2325,5,-5,18441.37,25
4461,2325,75,4,20832.63,5
4462,2326,137,4,27897.6,20
4463,2326,74,5,20919.81,15
4464,2327,74,2,25869.59,20
4465,2327,127,1,26533.11,10
4466,2328,97,3,31706.74,0
4467,2328,133,2,9390.49,20
4468,2329,100,4,6112.76,30
4469,2329,22,4,15366.92,5
4470,2329,31,3,11559.48,0
4471,2330,70,4,18002.03,0
4472,2330,103,4,9773.86,0
4473,2330,106,4,19852.27,10
4474,2331,94,2,22051.33,0
4475,2331,128,3,24028.99,0
4476,2332,52,2,25056.48,20
4477,2332,88,1,4314.96,15
4478,2333,80,1,2316.44,0
4479,2333,100,3,7725.44,0
4480,2334,87,2,23879.5,15
4481,2335,85,1,13347.03,15
4482,2335,51,4,11374.66,5
4483,2335,23,3,10891.62,5
4484,2335,49,2,2596.28,0
4485,2336,2,5,2676.22,0
4486,2337,67,3,24909.14,0
4487,2337,58,3,1338.27,30
4488,2337,28,4,25808.29,10
4489,2338,51,4,16847.66,25
4490,2339,78,1,15338.67,0
4491,2340,30,-4,35375.64,0
4492,2341,133,5,6448.23,0
4493,2341,21,1,6676.55,20
4494,2342,39,2,30800.83,15
4495,2342,80,4,2385.98,20
4496,2343,93,4,28200.22,10
4497,2343,130,3,4536.44,20
4498,2344,55,3,5128.43,30
4499,2345,127,3,24470.98,0
4500,2345,39,2,27049.58,5
4501,2345,81,3,28385.2,25
4502,2346,135,3,28588.89,5
4503,2346,48,3,17178.36,5
4504,2346,7,5,20983.18,0
4505,2347,2,3,3190.24,25
4506,2348,112,4,39568.0,30
4507,2348,98,2,17341.8,25
4508,2349,129,4,24303.39,0
4509,2350,15,2,13751.12,5
4510,2350,121,4,32523.16,5
4511,2350,81,1,32218.02,0
4512,2351,9,4,5457.02,0
4513,2352,66,2,26392.12,0
4514,2352,68,1,41059.63,0
4515,2353,37,3,10890.91,25
4516,2353,98,3,15321.11,5
4517,2354,55,1,5824.95,15
4518,2354,18,2,4292.9,5
4519,2354,123,3,13448.87,25
4520,2355,120,1,4356.79,0
4521,2355,8,-2,32716.04,10
4522,2356,58,5,1204.78,15
4523,2356,76,5,16898.63,30
4524,2356,78,4,14552.62,30
4525,2357,122,5,23401.62,0
4526,2358,30,5,30923.25,25
4527,2358,94,5,22596.56,25
4528,2359,132,2,3325.79,10
4529,2360,12,1,2425.62,0
4530,2360,54,2,31842.91,15
4531,2360,55,3,5251.43,25
4532,2361,31,2,12540.48,30
4533,2361,80,4,2167.39,25
4534,2361,135,4,31892.63,25
4535,2362,5,4,18665.87,15
4536,2362,57,4,22628.93,25
4537,2363,42,5,10335.5,0
4538,2364,47,1,2381.18,5
4539,2364,138,5,30034.87,30
4540,2364,33,2,6061.62,10
4541,2365,67,5,18372.29,0
4542,2365,56,3,14087.94,15
4543,2366,111,5,24896.85,0
4544,2367,102,5,17233.9,5
4545,2367,9,1,4078.06,10
4546,2367,70,3,14692.19,15
4547,2368,134,3,125.06,30
4548,2369,80,2,2852.59,0
4549,2369,111,1,23134.29,20
4550,2369,90,2,6380.12,0
4551,2369,26,4,28913.64,0
4552,2370,79,3,24829.43,30
4553,2370,58,1,942.1,20
4554,2370,97,3,31665.4,15
4555,2371,96,2,13309.81,5
4556,2371,67,4,21793.5,5
4557,2372,27,2,5531.94,20
4558,2373,87,2,30336.17,25
4559,2373,128,4,28687.77,25
4560,2374,125,3,23392.23,20
4561,2374,94,1,22077.41,10
4562,2374,54,1,27194.43,0
4563,2375,7,5,20280.85,10
4564,2376,46,4,2882.26,0
4565,2377,4,4,6374.96,0
4566,2377,126,1,5359.08,0
4567,2378,58,3,1167.16,0
4568,2378,28,3,23218.27,5
4569,2378,86,4,11869.48,25
4570,2379,67,5,22071.62,0
4571,2380,1,5,1510.13,0
4572,2381,65,5,24919.44,0
4573,2381,118,3,21410.47,25
4574,2382,58,5,1236.23,0
4575,2383,98,4,18287.68,20
4576,2384,116,5,7542.69,0
4577,2384,47,1,2604.01,5
4578,2384,10,4,10251.68,10
4579,2385,94,4,26084.64,25
4580,2385,131,2,3449.44,15
4581,2386,121,3,29815.55,25
4582,2386,27,5,4292.0,25
4583,2387,86,3,10596.42,0
4584,2388,120,2,5814.08,0
4585,2388,128,4,22232.24,20
4586,2389,138,5,30100.36,0
4587,2390,9,3,5106.17,25
4588,2390,135,2,42695.21,30
4589,2391,76,2,18594.32,5
4590,2392,106,1,15291.86,5
4591,2392,71,2,27170.83,25
4592,2392,70,4,19747.06,15
4593,2392,128,5,27109.07,10
4594,2393,100,5,5750.84,10
4595,2393,99,4,16184.91,15
4596,2394,91,2,18304.9,25
4597,2395,10,-1,13370.91,5
4598,2395,34,4,5632.45,0
4599,2395,65,5,34766.16,30
4600,2396,102,3,21508.21,10
4601,2397,113,3,37433.27,0
4602,2397,90,4,6543.54,15
4603,2398,59,2,8456.06,30
4604,2398,137,3,34548.96,5
4605,2399,64,5,12754.96,30
4606,2399,105,1,31349.0,10
4607,2400,8,4,25271.2,10
4608,2400,122,1,22844.53,20
4609,2400,57,2,24713.77,10
4610,2401,12,4,2678.05,5
4611,2401,37,-5,11401.27,20
4612,2402,53,2,5090.11,20
4613,2403,69,4,37065.73,0
4614,2404,64,2,15863.0,5
4615,2404,56,5,13507.77,10
4616,2405,14,1,14132.38,0
4617,2405,73,2,1007.59,20
4618,2405,18,1,4843.1,30
4619,2406,29,4,16090.25,30
4620,2406,84,3,17291.38,25
4621,2406,30,4,30595.91,25
4622,2407,61,4,5084.56,10
4623,2407,6,2,30443.16,25
4624,2408,96,4,16595.6,5
4625,2408,70,3,13333.26,15
4626,2409,47,4,1824.63,25
4627,2410,8,4,33596.12,25
4628,2411,16,4,12021.24,30
4629,2412,31,2,12958.16,20
4630,2412,41,1,33540.75,0
4631,2412,47,2,1982.58,25
4632,2413,134,-1,131.54,5
4633,2413,77,2,3494.51,30
4634,2414,115,5,14613.55,0
4635,2414,3,4,26317.73,0
4636,2414,86,4,11320.41,15
4637,2415,110,1,3752.12,25
4638,2415,69,5,27791.77,30
4639,2416,78,5,15183.35,30
4640,2416,113,2,41486.69,5
4641,2417,90,2,6280.8,15
4642,2417,119,3,13670.83,0
4643,2418,75,2,24413.82,0
4644,2418,68,2,30093.62,25
4645,2418,34,5,6562.69,30
4646,2418,123,2,13482.4,20
4647,2419,22,4,17519.49,15
4648,2419,110,5,3763.08,10
4649,2420,67,3,24722.97,30
4650,2421,81,5,29873.05,5
4651,2422,48,1,18196.17,15
4652,2423,88,2,5345.33,0
4653,2424,32,2,28665.35,0
4654,2424,93,2,30173.36,20
4655,2424,41,4,25042.39,0
4656,2425,43,3,32316.3,0
4657,2425,63,2,133.37,0
4658,2425,92,3,26385.37,0
4659,2425,103,2,11204.37,5
4660,2426,42,1,7437.85,15
4661,2427,84,1,15096.62,5
4662,2427,2,1,3511.95,30
4663,2428,36,5,18185.71,0
4664,2428,10,3,12076.29,0
4665,2428,99,1,15039.1,0
4666,2429,136,2,15378.13,15
4667,2429,74,4,28486.82,25
4668,2429,115,5,12712.5,5
4669,2430,135,2,32129.76,15
4670,2431,135,1,33765.32,0
4671,2432,138,2,31006.65,5
4672,2433,112,2,37624.43,0
4673,2433,71,5,25406.45,15
4674,2434,94,4,27401.2,30
4675,2435,21,3,6125.79,5
4676,2435,87,1,36354.78,0
4677,2436,109,5,16113.67,10
4678,2437,100,-3,5057.99,10
4679,2437,27,5,5076.12,0
4680,2438,84,5,13954.36,10
4681,2438,8,3,27802.97,10
4682,2438,131,1,2597.15,15
4683,2439,106,5,19471.51,5
4684,2439,93,3,33397.2,30
4685,2439,89,5,1526.31,0
4686,2439,91,5,22616.8,0
4687,2440,40,4,21114.13,10
4688,2440,115,4,14551.25,25
4689,2441,70,3,17436.28,0
4690,2442,95,3,3307.07,0
4691,2443,38,4,21305.35,0
4692,2443,74,1,25520.21,10
4693,2443,64,3,15799.37,10
4694,2444,80,3,2805.83,0
4695,2444,107,4,6474.1,5
4696,2444,119,5,11729.82,20
4697,2445,40,3,17696.72,5
4698,2446,88,1,6580.88,25
4699,2447,6,-4,23706.6,0
4700,2448,40,2,20314.23,20
4701,2448,126,3,5656.39,0
4702,2449,29,4,20815.36,0
4703,2449,52,1,25025.78,15
4704,2449,71,3,27960.76,10
4705,2449,27,3,4641.92,15
4706,2450,94,4,28694.46,0
4707,2451,55,2,4836.6,25
4708,2452,107,1,6869.57,15
4709,2452,131,1,2680.24,0
4710,2453,14,1,11977.69,15
4711,2453,76,3,16758.23,30
4712,2453,52,3,30094.22,0
4713,2454,117,2,2037.94,20
4714,2454,60,1,21186.67,5
4715,2455,108,5,35913.72,30
4716,2455,10,5,12170.78,0
4717,2455,135,1,28389.65,15
4718,2456,51,5,11767.14,0
4719,2457,12,2,2734.54,0
4720,2458,9,2,5177.37,20
4721,2458,49,2,3106.88,0
4722,2459,61,5,6588.45,30
4723,2459,140,2,32292.54,0
4724,2460,137,-5,26498.76,25
4725,2460,55,5,4218.73,20
4726,2461,64,2,14887.95,30
4727,2461,70,2,15387.02,0
4728,2462,48,3,15954.12,20
4729,2463,39,4,23316.17,0
4730,2464,66,5,29225.28,0
4731,2464,119,4,13165.94,20
4732,2465,84,5,13637.21,30
4733,2466,122,-3,21992.32,0
4734,2466,114,3,25894.68,25
4735,2467,66,4,38473.91,5
4736,2468,86,2,8058.98,15
4737,2469,80,2,2048.88,10
4738,2470,3,5,28337.78,30
4739,2470,40,5,21356.69,10
4740,2470,97,5,29093.15,20
4741,2471,17,1,12805.36,30
4742,2472,47,2,2376.63,0
4743,2473,35,4,3350.55,0
4744,2473,69,2,37622.44,5
4745,2474,120,5,6173.88,0
4746,2474,54,4,29485.56,0
4747,2474,59,2,9813.7,25
4748,2474,125,3,22647.08,30
4749,2475,63,3,155.5,20
4750,2475,14,3,13057.13,25
4751,2475,68,4,38610.83,15
4752,2476,118,4,18144.04,0
4753,2476,129,1,34923.6,15
4754,2477,102,3,19563.93,10
4755,2477,123,2,14410.26,5
4756,2477,109,2,17178.0,15
4757,2478,106,3,21558.04,15
4758,2478,28,2,30003.46,10
4759,2479,39,5,24712.54,10
4760,2479,23,-4,11122.05,15
4761,2480,36,2,20099.52,0
4762,2480,13,5,12453.37,15
4763,2481,88,4,5225.23,0
4764,2482,61,2,5712.88,30
4765,2483,68,2,42768.86,0
4766,2484,129,4,32603.07,5
4767,2484,122,2,28256.4,0
4768,2484,109,3,14581.19,5
4769,2485,11,5,25745.38,25
4770,2485,130,1,3110.35,0
4771,2486,33,5,5486.46,25
4772,2486,21,3,6096.29,20
4773,2487,86,2,9709.81,0
4774,2488,90,1,7333.02,5
4775,2488,110,3,4427.29,30
4776,2488,25,2,9046.49,0
4777,2489,94,1,22213.67,20
4778,2490,20,1,32162.2,0
4779,2491,28,3,29107.06,5
4780,2491,103,4,8588.7,25
4781,2491,117,2,2580.83,0
4782,2491,74,1,23151.22,0
4783,2492,33,4,5526.15,0
4784,2493,90,1,5546.86,5
4785,2493,102,4,15074.19,20
4786,2494,92,1,28235.35,0
4787,2494,87,3,29863.66,15
4788,2494,131,3,2483.85,25
4789,2495,62,2,32325.42,15
4790,2495,104,1,15210.47,15
4791,2495,122,4,24978.33,0
4792,2495,15,4,17535.54,15
4793,2496,119,1,14129.44,0
4794,2497,99,2,17648.08,15
4795,2497,117,2,2210.94,5
4796,2497,52,2,21200.04,15
4797,2498,70,3,18624.06,15
4798,2498,136,1,15124.08,20
4799,2499,114,5,24797.98,0
4800,2500,28,1,21689.23,0
4801,2500,136,4,14050.15,20
4802,2500,59,5,10971.46,15
