order_id,order_date,status,customer_id,first_name,last_name,city
O000853,2023-01-01,Shipped,C00201,Karan,Joshi,Pune
O002526,2023-01-01,Delivered,C00072,Pooja,Joshi,Mumbai
O000791,2023-01-01,Delivered,C00222,Anaya,Verma,Chennai
O001914,2023-01-01,Delivered,C00297,Anaya,Das,Jaipur
O002983,2023-01-01,Delivered,C00292,Sara,Kapoor,Bengaluru
O002414,2023-01-01,Cancelled,C00374,Sneha,Sharma,Delhi
O001450,2023-01-01,Delivered,C00153,Arjun,Patel,Pune
O001320,2023-01-02,Returned,C00326,Riya,Iyer,Bhubaneswar
O000515,2023-01-02,Cancelled,C00328,Karan,Kapoor,Delhi
O002355,2023-01-02,Placed,C00232,Sneha,Mehta,Chennai
O001920,2023-01-02,Returned,C00315,Kabir,Kapoor,Mumbai
O002611,2023-01-03,Delivered,C00077,Tara,Reddy,Kolkata
O002815,2023-01-03,Delivered,C00218,Sara,Mehta,Delhi
O001097,2023-01-03,Shipped,C00253,Aarav,Nair,Mumbai
O001054,2023-01-03,Delivered,C00381,Anaya,Sharma,Mumbai
O001454,2023-01-03,Delivered,C00001,Isha,Sharma,Jaipur
O001855,2023-01-04,Shipped,C00076,Arjun,Verma,Delhi
O001241,2023-01-04,Delivered,C00113,Sara,Gupta,Delhi
O000478,2023-01-04,Returned,C00370,Meera,Kapoor,Delhi
O002604,2023-01-04,Cancelled,C00264,Riya,Iyer,Mumbai
O001159,2023-01-04,Delivered,C00088,Anaya,Verma,Chennai
O001130,2023-01-05,Delivered,C00374,Sneha,Sharma,Delhi
O000041,2023-01-05,Shipped,C00321,Kabir,Mehta,Ahmedabad
O001441,2023-01-05,Delivered,C00069,Dev,Iyer,Bengaluru
O000360,2023-01-05,Delivered,C00293,Kabir,Sharma,Delhi
O000038,2023-01-06,Delivered,C00395,Vihaan,Iyer,Kolkata
O000541,2023-01-06,Delivered,C00008,Sara,Joshi,Mumbai
O000323,2023-01-06,Shipped,C00243,Priya,Das,Bengaluru
O000195,2023-01-06,Returned,C00279,Aarav,Nair,Bhubaneswar
O000290,2023-01-07,Cancelled,C00197,Sara,Nair,Delhi
O000528,2023-01-07,Cancelled,C00102,Karan,Verma,Ahmedabad
O000576,2023-01-07,Cancelled,C00382,Sara,Mehta,Kolkata
O001253,2023-01-07,Cancelled,C00306,Kabir,Singh,Jaipur
O000530,2023-01-07,Delivered,C00116,Pooja,Rao,Chennai
O002945,2023-01-07,Delivered,C00139,Dev,Nair,Delhi
O001289,2023-01-08,Delivered,C00384,Aarav,Rao,Delhi
O000418,2023-01-08,Delivered,C00186,Aditya,Iyer,Hyderabad
O002145,2023-01-08,Delivered,C00326,Riya,Iyer,Bhubaneswar
O000868,2023-01-08,Returned,C00133,Sneha,Reddy,Chennai
O001344,2023-01-08,Delivered,C00222,Anaya,Verma,Chennai
O002310,2023-01-09,Delivered,C00289,Priya,Chatterjee,Kolkata
O002658,2023-01-09,Returned,C00204,Dev,Singh,Kolkata
O002180,2023-01-09,Delivered,C00104,Anaya,Sharma,Jaipur
O001287,2023-01-09,Placed,C00392,Pooja,Sharma,Jaipur
O000070,2023-01-09,Delivered,C00007,Priya,Das,Bengaluru
O000470,2023-01-09,Cancelled,C00113,Sara,Gupta,Delhi
O000319,2023-01-10,Delivered,C00356,Sneha,Reddy,Ahmedabad
O002837,2023-01-10,Delivered,C00122,Karan,Reddy,Jaipur
O001982,2023-01-11,Shipped,C00364,Rohan,Nair,Delhi
O000757,2023-01-11,Placed,C00046,Sneha,Patel,Pune
O002291,2023-01-11,Delivered,C00166,Sneha,Iyer,Mumbai
O001114,2023-01-11,Cancelled,C00068,Rohan,Singh,Kolkata
O000417,2023-01-11,Delivered,C00357,Anaya,Chatterjee,Mumbai
O002626,2023-01-11,Shipped,C00034,Meera,Reddy,Mumbai
O002267,2023-01-12,Returned,C00328,Karan,Kapoor,Delhi
O001437,2023-01-12,Delivered,C00087,Priya,Patel,Mumbai
O002488,2023-01-12,Shipped,C00044,Sneha,Rao,Bhubaneswar
O000815,2023-01-12,Placed,C00108,Kabir,Patel,Chennai
O000109,2023-01-12,Delivered,C00316,Sara,Joshi,Jaipur
O000169,2023-01-13,Returned,C00254,Pooja,Malhotra,Jaipur
O002444,2023-01-13,Delivered,C00169,Karan,Sharma,Bengaluru
O002332,2023-01-13,Shipped,C00174,Rahul,Mehta,Kolkata
O000444,2023-01-13,Placed,C00077,Tara,Reddy,Kolkata
O000514,2023-01-14,Delivered,C00348,Rohan,Singh,Bengaluru
O000219,2023-01-14,Delivered,C00152,Priya,Rao,Mumbai
O002115,2023-01-14,Delivered,C00356,Sneha,Reddy,Ahmedabad
O000607,2023-01-14,Delivered,C00209,Karan,Verma,Ahmedabad
O001535,2023-01-14,Cancelled,C00142,Anaya,Nair,Mumbai
O001339,2023-01-14,Delivered,C00114,Vihaan,Chatterjee,Jaipur
O002839,2023-01-14,Cancelled,C00128,Isha,Singh,Pune
O001120,2023-01-14,Placed,C00288,Sneha,Malhotra,Chennai
O000114,2023-01-15,Delivered,C00326,Riya,Iyer,Bhubaneswar
O002013,2023-01-15,Delivered,C00055,Arjun,Joshi,Delhi
O002674,2023-01-16,Delivered,C00353,Karan,Reddy,Chennai
O001103,2023-01-16,Returned,C00057,Priya,Kapoor,Bhubaneswar
O002826,2023-01-16,Cancelled,C00366,Dev,Chatterjee,Ahmedabad
O000972,2023-01-16,Delivered,C00338,Nikhil,Patel,Jaipur
O002350,2023-01-17,Delivered,C00216,Kabir,Patel,Bhubaneswar
O001082,2023-01-17,Delivered,C00343,Sneha,Gupta,Mumbai
O002146,2023-01-17,Delivered,C00199,Pooja,Patel,Kolkata
O001924,2023-01-17,Shipped,C00338,Nikhil,Patel,Jaipur
O002483,2023-01-17,Shipped,C00162,Vihaan,Sharma,Hyderabad
O000052,2023-01-17,Delivered,C00267,Isha,Gupta,Chennai
O001319,2023-01-17,Delivered,C00021,Aarav,Das,Pune
O000740,2023-01-18,Delivered,C00330,Sneha,Iyer,Bhubaneswar
O001778,2023-01-18,Delivered,C00314,Tara,Nair,Jaipur
O000453,2023-01-18,Delivered,C00245,Diya,Patel,Ahmedabad
O002285,2023-01-18,Cancelled,C00367,Kabir,Gupta,Mumbai
O002538,2023-01-18,Shipped,C00034,Meera,Reddy,Mumbai
O001808,2023-01-19,Returned,C00209,Karan,Verma,Ahmedabad
O002776,2023-01-19,Delivered,C00157,Rahul,Reddy,Ahmedabad
O001430,2023-01-20,Placed,C00292,Sara,Kapoor,Bengaluru
O001369,2023-01-20,Cancelled,C00383,Sara,Chatterjee,Chennai
O002840,2023-01-20,Returned,C00074,Riya,Kapoor,Pune
O000248,2023-01-21,Cancelled,C00331,Arjun,Malhotra,Delhi
O001964,2023-01-22,Shipped,C00008,Sara,Joshi,Mumbai
O002384,2023-01-22,Shipped,C00111,Arjun,Kapoor,Jaipur
O002254,2023-01-22,Delivered,C00046,Sneha,Patel,Pune
O000447,2023-01-22,Shipped,C00065,Karan,Singh,Mumbai
O001620,2023-01-23,Placed,C00115,Sara,Kapoor,Pune
O001612,2023-01-23,Delivered,C00049,Tara,Mehta,Jaipur
O001201,2023-01-23,Shipped,C00117,Vihaan,Mehta,Chennai
O000105,2023-01-23,Cancelled,C00243,Priya,Das,Bengaluru
O001022,2023-01-23,Shipped,C00099,Nikhil,Chatterjee,Pune
O002667,2023-01-23,Returned,C00364,Rohan,Nair,Delhi
O002274,2023-01-23,Delivered,C00033,Isha,Sharma,Delhi
O000435,2023-01-23,Delivered,C00209,Karan,Verma,Ahmedabad
O002670,2023-01-24,Returned,C00170,Rohan,Singh,Delhi
O000347,2023-01-24,Delivered,C00020,Pooja,Iyer,Jaipur
O001335,2023-01-24,Delivered,C00238,Priya,Joshi,Chennai
O002690,2023-01-24,Placed,C00065,Karan,Singh,Mumbai
O000639,2023-01-24,Delivered,C00197,Sara,Nair,Delhi
O000932,2023-01-24,Delivered,C00381,Anaya,Sharma,Mumbai
O000785,2023-01-25,Delivered,C00147,Riya,Verma,Pune
O000835,2023-01-25,Shipped,C00189,Aditya,Verma,Kolkata
O002486,2023-01-25,Delivered,C00067,Anaya,Iyer,Ahmedabad
O002907,2023-01-25,Cancelled,C00288,Sneha,Malhotra,Chennai
O002909,2023-01-25,Shipped,C00270,Dev,Mehta,Pune
O000647,2023-01-25,Delivered,C00330,Sneha,Iyer,Bhubaneswar
O001672,2023-01-26,Placed,C00323,Sara,Reddy,Mumbai
O000779,2023-01-26,Delivered,C00022,Sara,Sharma,Bengaluru
O000548,2023-01-27,Delivered,C00291,Vihaan,Patel,Jaipur
O002809,2023-01-27,Returned,C00009,Priya,Nair,Ahmedabad
O000385,2023-01-27,Shipped,C00008,Sara,Joshi,Mumbai
O000961,2023-01-27,Returned,C00289,Priya,Chatterjee,Kolkata
O001860,2023-01-28,Placed,C00140,Anaya,Iyer,Bengaluru
O001631,2023-01-28,Cancelled,C00250,Rohan,Singh,Hyderabad
O002717,2023-01-28,Delivered,C00219,Priya,Kapoor,Jaipur
O002249,2023-01-28,Returned,C00173,Rohan,Malhotra,Ahmedabad
O001026,2023-01-28,Delivered,C00265,Nikhil,Reddy,Hyderabad
O000375,2023-01-29,Shipped,C00178,Rohan,Verma,Mumbai
O002546,2023-01-29,Delivered,C00060,Arjun,Gupta,Delhi
O002399,2023-01-29,Delivered,C00353,Karan,Reddy,Chennai
O000716,2023-01-29,Delivered,C00369,Dev,Gupta,Jaipur
O001798,2023-01-30,Delivered,C00248,Aarav,Rao,Pune
O000148,2023-01-30,Cancelled,C00044,Sneha,Rao,Bhubaneswar
O001416,2023-01-31,Delivered,C00398,Anaya,Joshi,Bengaluru
O002497,2023-01-31,Shipped,C00351,Karan,Sharma,Chennai
O002172,2023-01-31,Placed,C00146,Anaya,Kapoor,Chennai
O000158,2023-02-01,Delivered,C00167,Pooja,Sharma,Mumbai
O002346,2023-02-01,Placed,C00289,Priya,Chatterjee,Kolkata
O002328,2023-02-01,Delivered,C00185,Rahul,Kapoor,Bengaluru
O000457,2023-02-02,Delivered,C00218,Sara,Mehta,Delhi
O000867,2023-02-02,Delivered,C00128,Isha,Singh,Pune
O002533,2023-02-02,Shipped,C00078,Aarav,Nair,Jaipur
O001609,2023-02-03,Shipped,C00077,Tara,Reddy,Kolkata
O002461,2023-02-03,Delivered,C00312,Dev,Gupta,Bengaluru
O002203,2023-02-03,Delivered,C00280,Pooja,Singh,Delhi
O001410,2023-02-04,Cancelled,C00126,Sneha,Patel,Ahmedabad
O001772,2023-02-04,Delivered,C00214,Arjun,Iyer,Jaipur
O002179,2023-02-04,Delivered,C00089,Dev,Rao,Bengaluru
O001285,2023-02-05,Delivered,C00390,Dev,Reddy,Jaipur
O002572,2023-02-05,Delivered,C00112,Rohan,Patel,Bhubaneswar
O000683,2023-02-05,Cancelled,C00189,Aditya,Verma,Kolkata
O000808,2023-02-05,Delivered,C00189,Aditya,Verma,Kolkata
O000588,2023-02-06,Delivered,C00121,Rohan,Singh,Mumbai
O000546,2023-02-06,Returned,C00387,Karan,Das,Kolkata
O000135,2023-02-06,Delivered,C00273,Rahul,Mehta,Kolkata
O002336,2023-02-06,Cancelled,C00060,Arjun,Gupta,Delhi
O002673,2023-02-07,Shipped,C00116,Pooja,Rao,Chennai
O001947,2023-02-07,Placed,C00335,Rahul,Joshi,Ahmedabad
O000837,2023-02-07,Delivered,C00302,Karan,Malhotra,Pune
O002064,2023-02-07,Delivered,C00358,Dev,Nair,Pune
O001950,2023-02-07,Delivered,C00341,Nikhil,Nair,Kolkata
O001191,2023-02-08,Placed,C00253,Aarav,Nair,Mumbai
O001653,2023-02-08,Placed,C00231,Tara,Patel,Jaipur
O002140,2023-02-08,Delivered,C00352,Rohan,Gupta,Jaipur
O000979,2023-02-09,Delivered,C00149,Pooja,Rao,Hyderabad
O002937,2023-02-09,Delivered,C00346,Sara,Gupta,Bengaluru
O002365,2023-02-09,Delivered,C00114,Vihaan,Chatterjee,Jaipur
O001931,2023-02-09,Delivered,C00314,Tara,Nair,Jaipur
O000885,2023-02-09,Placed,C00120,Aditya,Kapoor,Kolkata
O000127,2023-02-09,Shipped,C00143,Meera,Patel,Kolkata
O000053,2023-02-09,Delivered,C00182,Priya,Verma,Ahmedabad
O001700,2023-02-09,Cancelled,C00281,Diya,Das,Chennai
O000681,2023-02-09,Delivered,C00189,Aditya,Verma,Kolkata
O000807,2023-02-09,Delivered,C00111,Arjun,Kapoor,Jaipur
O000128,2023-02-10,Delivered,C00232,Sneha,Mehta,Chennai
O002085,2023-02-10,Delivered,C00349,Aditya,Malhotra,Kolkata
O002347,2023-02-10,Cancelled,C00272,Kabir,Malhotra,Bhubaneswar
O000871,2023-02-10,Returned,C00055,Arjun,Joshi,Delhi
O002518,2023-02-11,Delivered,C00303,Karan,Gupta,Delhi
O002644,2023-02-11,Delivered,C00129,Aditya,Rao,Jaipur
O002767,2023-02-12,Delivered,C00075,Karan,Nair,Mumbai
O000852,2023-02-12,Delivered,C00257,Meera,Chatterjee,Jaipur
O001504,2023-02-12,Delivered,C00189,Aditya,Verma,Kolkata
O001678,2023-02-12,Delivered,C00321,Kabir,Mehta,Ahmedabad
O000806,2023-02-12,Returned,C00109,Pooja,Das,Kolkata
O002691,2023-02-13,Delivered,C00328,Karan,Kapoor,Delhi
O000843,2023-02-13,Returned,C00276,Diya,Patel,Ahmedabad
O001932,2023-02-14,Shipped,C00294,Anaya,Nair,Ahmedabad
O000445,2023-02-14,Shipped,C00021,Aarav,Das,Pune
O002453,2023-02-14,Placed,C00366,Dev,Chatterjee,Ahmedabad
O000054,2023-02-14,Delivered,C00312,Dev,Gupta,Bengaluru
O001830,2023-02-15,Delivered,C00319,Isha,Das,Delhi
O001797,2023-02-15,Delivered,C00392,Pooja,Sharma,Jaipur
O002417,2023-02-15,Delivered,C00012,Vihaan,Verma,Kolkata
O001610,2023-02-16,Placed,C00250,Rohan,Singh,Hyderabad
O000990,2023-02-16,Returned,C00107,Riya,Verma,Bhubaneswar
O000184,2023-02-16,Shipped,C00244,Dev,Nair,Kolkata
O002545,2023-02-16,Cancelled,C00192,Meera,Patel,Hyderabad
O001106,2023-02-16,Delivered,C00173,Rohan,Malhotra,Ahmedabad
O002875,2023-02-17,Returned,C00337,Riya,Mehta,Kolkata
O001424,2023-02-17,Delivered,C00300,Anaya,Das,Chennai
O002467,2023-02-17,Shipped,C00216,Kabir,Patel,Bhubaneswar
O001796,2023-02-17,Delivered,C00069,Dev,Iyer,Bengaluru
O002048,2023-02-18,Delivered,C00238,Priya,Joshi,Chennai
O001247,2023-02-18,Shipped,C00121,Rohan,Singh,Mumbai
O000206,2023-02-18,Delivered,C00017,Aarav,Kapoor,Bengaluru
O001961,2023-02-18,Delivered,C00202,Vihaan,Das,Bhubaneswar
O001804,2023-02-18,Shipped,C00301,Aditya,Nair,Kolkata
O000359,2023-02-18,Cancelled,C00305,Isha,Kapoor,Kolkata
O002356,2023-02-18,Delivered,C00384,Aarav,Rao,Delhi
O000275,2023-02-18,Placed,C00388,Pooja,Patel,Mumbai
O000241,2023-02-18,Returned,C00064,Dev,Mehta,Ahmedabad
O002915,2023-02-19,Returned,C00316,Sara,Joshi,Jaipur
O001876,2023-02-19,Delivered,C00003,Aarav,Mehta,Ahmedabad
O001117,2023-02-19,Returned,C00194,Tara,Das,Hyderabad
O002169,2023-02-20,Delivered,C00348,Rohan,Singh,Bengaluru
O002255,2023-02-20,Delivered,C00053,Tara,Sharma,Delhi
O001635,2023-02-21,Returned,C00171,Pooja,Sharma,Bhubaneswar
O002716,2023-02-21,Returned,C00306,Kabir,Singh,Jaipur
O000916,2023-02-21,Cancelled,C00332,Pooja,Rao,Pune
O000489,2023-02-22,Placed,C00237,Aditya,Reddy,Pune
O002257,2023-02-22,Shipped,C00392,Pooja,Sharma,Jaipur
O002906,2023-02-22,Cancelled,C00283,Nikhil,Nair,Ahmedabad
O000165,2023-02-22,Returned,C00279,Aarav,Nair,Bhubaneswar
O001788,2023-02-23,Delivered,C00332,Pooja,Rao,Pune
O000946,2023-02-23,Delivered,C00221,Riya,Joshi,Bengaluru
O001423,2023-02-23,Delivered,C00010,Meera,Mehta,Jaipur
O002880,2023-02-23,Cancelled,C00144,Rahul,Patel,Bhubaneswar
O002513,2023-02-23,Cancelled,C00394,Riya,Patel,Bhubaneswar
O001549,2023-02-23,Cancelled,C00382,Sara,Mehta,Kolkata
O000190,2023-02-23,Shipped,C00317,Tara,Mehta,Delhi
O000168,2023-02-23,Delivered,C00073,Riya,Singh,Jaipur
O002247,2023-02-24,Shipped,C00124,Aditya,Joshi,Delhi
O001490,2023-02-24,Cancelled,C00208,Tara,Chatterjee,Bengaluru
O002033,2023-02-24,Returned,C00198,Priya,Nair,Mumbai
O000034,2023-02-25,Delivered,C00081,Sneha,Sharma,Chennai
O001300,2023-02-25,Cancelled,C00074,Riya,Kapoor,Pune
O002789,2023-02-25,Delivered,C00360,Isha,Sharma,Hyderabad
O002985,2023-02-25,Delivered,C00400,Pooja,Patel,Pune
O001952,2023-02-26,Delivered,C00202,Vihaan,Das,Bhubaneswar
O002853,2023-02-26,Returned,C00088,Anaya,Verma,Chennai
O001203,2023-02-27,Returned,C00201,Karan,Joshi,Pune
O000609,2023-02-27,Delivered,C00295,Sara,Mehta,Bhubaneswar
O000108,2023-02-27,Delivered,C00241,Pooja,Joshi,Pune
O001805,2023-02-27,Delivered,C00148,Aarav,Joshi,Bhubaneswar
O001732,2023-02-27,Delivered,C00316,Sara,Joshi,Jaipur
O002992,2023-02-27,Delivered,C00228,Anaya,Iyer,Ahmedabad
O000331,2023-02-28,Delivered,C00084,Riya,Sharma,Bengaluru
O002341,2023-02-28,Placed,C00211,Kabir,Das,Hyderabad
O002883,2023-02-28,Delivered,C00052,Sneha,Malhotra,Mumbai
O001380,2023-02-28,Delivered,C00157,Rahul,Reddy,Ahmedabad
O002283,2023-02-28,Delivered,C00001,Isha,Sharma,Jaipur
O001148,2023-02-28,Delivered,C00180,Tara,Joshi,Jaipur
O001926,2023-02-28,Returned,C00188,Vihaan,Singh,Delhi
O000422,2023-02-28,Placed,C00031,Diya,Reddy,Mumbai
O002521,2023-02-28,Delivered,C00336,Tara,Gupta,Delhi
O001224,2023-03-01,Delivered,C00062,Aditya,Gupta,Mumbai
O002554,2023-03-01,Shipped,C00349,Aditya,Malhotra,Kolkata
O002032,2023-03-01,Shipped,C00314,Tara,Nair,Jaipur
O000963,2023-03-01,Cancelled,C00018,Anaya,Reddy,Pune
O002094,2023-03-02,Delivered,C00166,Sneha,Iyer,Mumbai
O002866,2023-03-02,Delivered,C00301,Aditya,Nair,Kolkata
O002500,2023-03-02,Delivered,C00241,Pooja,Joshi,Pune
O000545,2023-03-02,Shipped,C00289,Priya,Chatterjee,Kolkata
O000696,2023-03-02,Shipped,C00078,Aarav,Nair,Jaipur
O001590,2023-03-02,Returned,C00293,Kabir,Sharma,Delhi
O001897,2023-03-02,Delivered,C00287,Anaya,Chatterjee,Hyderabad
O002724,2023-03-03,Delivered,C00004,Vihaan,Chatterjee,Delhi
O001774,2023-03-03,Cancelled,C00015,Aditya,Singh,Chennai
O000671,2023-03-03,Delivered,C00083,Karan,Nair,Bengaluru
O002857,2023-03-03,Delivered,C00204,Dev,Singh,Kolkata
O001330,2023-03-03,Shipped,C00157,Rahul,Reddy,Ahmedabad
O002994,2023-03-03,Delivered,C00206,Nikhil,Verma,Kolkata
O002950,2023-03-04,Returned,C00221,Riya,Joshi,Bengaluru
O001245,2023-03-04,Cancelled,C00316,Sara,Joshi,Jaipur
O002610,2023-03-04,Delivered,C00397,Sneha,Joshi,Delhi
O000529,2023-03-04,Delivered,C00176,Arjun,Reddy,Chennai
O002648,2023-03-04,Delivered,C00268,Pooja,Reddy,Delhi
O001385,2023-03-04,Shipped,C00390,Dev,Reddy,Jaipur
O002320,2023-03-05,Returned,C00002,Rohan,Das,Ahmedabad
O002799,2023-03-05,Delivered,C00117,Vihaan,Mehta,Chennai
O001789,2023-03-06,Shipped,C00263,Pooja,Kapoor,Pune
O000324,2023-03-06,Delivered,C00116,Pooja,Rao,Chennai
O001198,2023-03-07,Delivered,C00314,Tara,Nair,Jaipur
O001985,2023-03-07,Delivered,C00290,Vihaan,Rao,Jaipur
O000538,2023-03-07,Delivered,C00320,Diya,Reddy,Bhubaneswar
O002969,2023-03-07,Cancelled,C00002,Rohan,Das,Ahmedabad
O000348,2023-03-07,Delivered,C00108,Kabir,Patel,Chennai
O000496,2023-03-07,Shipped,C00105,Anaya,Rao,Bhubaneswar
O001637,2023-03-07,Delivered,C00332,Pooja,Rao,Pune
O000766,2023-03-08,Placed,C00123,Diya,Singh,Chennai
O000326,2023-03-08,Placed,C00337,Riya,Mehta,Kolkata
O002801,2023-03-08,Delivered,C00338,Nikhil,Patel,Jaipur
O001980,2023-03-09,Delivered,C00014,Sneha,Gupta,Mumbai
O000256,2023-03-09,Delivered,C00132,Rahul,Kapoor,Jaipur
O000512,2023-03-09,Shipped,C00163,Isha,Kapoor,Chennai
O001681,2023-03-09,Delivered,C00176,Arjun,Reddy,Chennai
O000224,2023-03-09,Delivered,C00154,Riya,Chatterjee,Mumbai
O000238,2023-03-09,Shipped,C00007,Priya,Das,Bengaluru
O001347,2023-03-09,Delivered,C00221,Riya,Joshi,Bengaluru
O002420,2023-03-10,Shipped,C00270,Dev,Mehta,Pune
O002846,2023-03-10,Cancelled,C00037,Sneha,Sharma,Jaipur
O002113,2023-03-10,Returned,C00304,Diya,Kapoor,Pune
O001175,2023-03-10,Placed,C00237,Aditya,Reddy,Pune
O002402,2023-03-10,Delivered,C00167,Pooja,Sharma,Mumbai
O002271,2023-03-10,Cancelled,C00142,Anaya,Nair,Mumbai
O002366,2023-03-11,Delivered,C00394,Riya,Patel,Bhubaneswar
O002927,2023-03-11,Delivered,C00386,Priya,Nair,Jaipur
O002537,2023-03-13,Returned,C00251,Priya,Rao,Mumbai
O002109,2023-03-13,Delivered,C00137,Tara,Joshi,Hyderabad
O002086,2023-03-13,Delivered,C00110,Anaya,Joshi,Bengaluru
O000099,2023-03-14,Returned,C00392,Pooja,Sharma,Jaipur
O001267,2023-03-15,Delivered,C00152,Priya,Rao,Mumbai
O002957,2023-03-15,Delivered,C00109,Pooja,Das,Kolkata
O000895,2023-03-15,Shipped,C00055,Arjun,Joshi,Delhi
O001541,2023-03-15,Shipped,C00061,Priya,Reddy,Pune
O001451,2023-03-15,Delivered,C00153,Arjun,Patel,Pune
O001553,2023-03-15,Returned,C00370,Meera,Kapoor,Delhi
O002663,2023-03-16,Delivered,C00398,Anaya,Joshi,Bengaluru
O000995,2023-03-16,Shipped,C00367,Kabir,Gupta,Mumbai
O000673,2023-03-16,Cancelled,C00224,Aditya,Nair,Hyderabad
O000906,2023-03-16,Delivered,C00101,Karan,Nair,Delhi
O002415,2023-03-16,Cancelled,C00150,Sara,Kapoor,Mumbai
O000325,2023-03-16,Delivered,C00019,Aditya,Chatterjee,Jaipur
O001595,2023-03-16,Cancelled,C00106,Rahul,Gupta,Pune
O002166,2023-03-17,Delivered,C00312,Dev,Gupta,Bengaluru
O002787,2023-03-17,Cancelled,C00210,Kabir,Nair,Chennai
O001664,2023-03-17,Placed,C00257,Meera,Chatterjee,Jaipur
O002164,2023-03-18,Delivered,C00008,Sara,Joshi,Mumbai
O001351,2023-03-18,Delivered,C00182,Priya,Verma,Ahmedabad
O000886,2023-03-18,Delivered,C00223,Rohan,Malhotra,Chennai
O000578,2023-03-18,Shipped,C00207,Nikhil,Mehta,Chennai
O002335,2023-03-18,Delivered,C00384,Aarav,Rao,Delhi
O001383,2023-03-19,Placed,C00313,Sneha,Sharma,Mumbai
O002352,2023-03-19,Placed,C00205,Rahul,Kapoor,Bhubaneswar
O002072,2023-03-19,Delivered,C00059,Tara,Nair,Ahmedabad
O000203,2023-03-20,Shipped,C00326,Riya,Iyer,Bhubaneswar
O002437,2023-03-20,Delivered,C00026,Sara,Verma,Bhubaneswar
O000450,2023-03-20,Cancelled,C00110,Anaya,Joshi,Bengaluru
O000048,2023-03-20,Delivered,C00117,Vihaan,Mehta,Chennai
O001783,2023-03-20,Delivered,C00096,Karan,Sharma,Pune
O000922,2023-03-20,Shipped,C00095,Vihaan,Malhotra,Chennai
O002484,2023-03-21,Delivered,C00177,Isha,Nair,Kolkata
O000047,2023-03-21,Delivered,C00190,Aditya,Kapoor,Delhi
O001915,2023-03-21,Shipped,C00363,Vihaan,Singh,Kolkata
O002872,2023-03-21,Delivered,C00064,Dev,Mehta,Ahmedabad
O000358,2023-03-21,Delivered,C00321,Kabir,Mehta,Ahmedabad
O002490,2023-03-21,Delivered,C00145,Nikhil,Malhotra,Ahmedabad
O002773,2023-03-21,Cancelled,C00114,Vihaan,Chatterjee,Jaipur
O002555,2023-03-22,Delivered,C00055,Arjun,Joshi,Delhi
O002732,2023-03-22,Delivered,C00102,Karan,Verma,Ahmedabad
O002868,2023-03-23,Delivered,C00335,Rahul,Joshi,Ahmedabad
O001463,2023-03-23,Delivered,C00302,Karan,Malhotra,Pune
O000255,2023-03-24,Delivered,C00127,Sara,Rao,Delhi
O001714,2023-03-24,Delivered,C00025,Dev,Kapoor,Delhi
O001775,2023-03-24,Delivered,C00306,Kabir,Singh,Jaipur
O001691,2023-03-24,Shipped,C00393,Aditya,Kapoor,Kolkata
O001102,2023-03-24,Delivered,C00012,Vihaan,Verma,Kolkata
O000042,2023-03-25,Cancelled,C00276,Diya,Patel,Ahmedabad
O000800,2023-03-25,Cancelled,C00232,Sneha,Mehta,Chennai
O002280,2023-03-26,Shipped,C00246,Diya,Das,Bengaluru
O001601,2023-03-26,Delivered,C00154,Riya,Chatterjee,Mumbai
O001648,2023-03-26,Placed,C00398,Anaya,Joshi,Bengaluru
O001012,2023-03-26,Delivered,C00189,Aditya,Verma,Kolkata
O002294,2023-03-27,Delivered,C00093,Tara,Patel,Kolkata
O000572,2023-03-27,Cancelled,C00037,Sneha,Sharma,Jaipur
O002980,2023-03-27,Delivered,C00075,Karan,Nair,Mumbai
O000440,2023-03-27,Delivered,C00228,Anaya,Iyer,Ahmedabad
O002482,2023-03-27,Delivered,C00286,Vihaan,Das,Delhi
O001039,2023-03-27,Delivered,C00275,Sneha,Nair,Bhubaneswar
O000638,2023-03-27,Delivered,C00373,Rohan,Singh,Chennai
O000274,2023-03-27,Delivered,C00100,Rahul,Nair,Jaipur
O002327,2023-03-28,Cancelled,C00077,Tara,Reddy,Kolkata
O001485,2023-03-28,Cancelled,C00165,Aarav,Sharma,Bengaluru
O001395,2023-03-28,Shipped,C00128,Isha,Singh,Pune
O002696,2023-03-29,Delivered,C00278,Rahul,Nair,Kolkata
O000754,2023-03-29,Placed,C00144,Rahul,Patel,Bhubaneswar
O002175,2023-03-29,Cancelled,C00400,Pooja,Patel,Pune
O001550,2023-03-29,Shipped,C00124,Aditya,Joshi,Delhi
O000111,2023-03-29,Delivered,C00206,Nikhil,Verma,Kolkata
O001088,2023-03-30,Delivered,C00354,Sara,Joshi,Chennai
O001396,2023-03-30,Shipped,C00159,Tara,Verma,Bengaluru
O002082,2023-03-31,Shipped,C00103,Aditya,Das,Mumbai
O002152,2023-03-31,Shipped,C00373,Rohan,Singh,Chennai
O000306,2023-04-01,Delivered,C00049,Tara,Mehta,Jaipur
O001767,2023-04-01,Delivered,C00320,Diya,Reddy,Bhubaneswar
O001333,2023-04-01,Shipped,C00021,Aarav,Das,Pune
O002677,2023-04-01,Delivered,C00092,Riya,Verma,Mumbai
O000719,2023-04-02,Returned,C00176,Arjun,Reddy,Chennai
O000157,2023-04-02,Placed,C00373,Rohan,Singh,Chennai
O002450,2023-04-02,Returned,C00101,Karan,Nair,Delhi
O000309,2023-04-02,Delivered,C00095,Vihaan,Malhotra,Chennai
O000621,2023-04-03,Delivered,C00263,Pooja,Kapoor,Pune
O001457,2023-04-03,Delivered,C00144,Rahul,Patel,Bhubaneswar
O002060,2023-04-04,Shipped,C00363,Vihaan,Singh,Kolkata
O001336,2023-04-04,Cancelled,C00240,Priya,Malhotra,Chennai
O000602,2023-04-04,Shipped,C00213,Aarav,Nair,Kolkata
O002149,2023-04-04,Returned,C00122,Karan,Reddy,Jaipur
O000762,2023-04-04,Delivered,C00392,Pooja,Sharma,Jaipur
O001786,2023-04-04,Cancelled,C00352,Rohan,Gupta,Jaipur
O000059,2023-04-04,Delivered,C00119,Rahul,Sharma,Kolkata
O001180,2023-04-04,Delivered,C00316,Sara,Joshi,Jaipur
O002204,2023-04-04,Returned,C00113,Sara,Gupta,Delhi
O000376,2023-04-05,Delivered,C00017,Aarav,Kapoor,Bengaluru
O001156,2023-04-05,Delivered,C00313,Sneha,Sharma,Mumbai
O001399,2023-04-06,Delivered,C00110,Anaya,Joshi,Bengaluru
O001387,2023-04-06,Delivered,C00277,Aditya,Patel,Pune
O000889,2023-04-06,Delivered,C00320,Diya,Reddy,Bhubaneswar
O000957,2023-04-06,Delivered,C00298,Aditya,Singh,Hyderabad
O001748,2023-04-06,Delivered,C00034,Meera,Reddy,Mumbai
O000513,2023-04-07,Delivered,C00343,Sneha,Gupta,Mumbai
O000968,2023-04-07,Delivered,C00154,Riya,Chatterjee,Mumbai
O001440,2023-04-08,Shipped,C00016,Pooja,Verma,Jaipur
O001557,2023-04-08,Delivered,C00004,Vihaan,Chatterjee,Delhi
O001139,2023-04-09,Delivered,C00025,Dev,Kapoor,Delhi
O001316,2023-04-09,Cancelled,C00139,Dev,Nair,Delhi
O002118,2023-04-09,Delivered,C00098,Sara,Rao,Kolkata
O001578,2023-04-09,Cancelled,C00102,Karan,Verma,Ahmedabad
O001916,2023-04-09,Delivered,C00219,Priya,Kapoor,Jaipur
O000017,2023-04-10,Shipped,C00137,Tara,Joshi,Hyderabad
O000383,2023-04-10,Delivered,C00395,Vihaan,Iyer,Kolkata
O000573,2023-04-10,Delivered,C00047,Aditya,Singh,Bhubaneswar
O002885,2023-04-10,Placed,C00147,Riya,Verma,Pune
O002680,2023-04-10,Delivered,C00110,Anaya,Joshi,Bengaluru
O000466,2023-04-10,Shipped,C00204,Dev,Singh,Kolkata
O001835,2023-04-11,Cancelled,C00057,Priya,Kapoor,Bhubaneswar
O001884,2023-04-11,Shipped,C00092,Riya,Verma,Mumbai
O002935,2023-04-11,Delivered,C00070,Tara,Iyer,Bengaluru
O001667,2023-04-11,Delivered,C00082,Kabir,Joshi,Kolkata
O001129,2023-04-12,Delivered,C00321,Kabir,Mehta,Ahmedabad
O002107,2023-04-12,Cancelled,C00082,Kabir,Joshi,Kolkata
O002481,2023-04-12,Delivered,C00030,Priya,Reddy,Bengaluru
O000008,2023-04-13,Cancelled,C00128,Isha,Singh,Pune
O000909,2023-04-13,Delivered,C00176,Arjun,Reddy,Chennai
O001712,2023-04-13,Returned,C00060,Arjun,Gupta,Delhi
O001461,2023-04-13,Delivered,C00261,Meera,Kapoor,Bhubaneswar
O000058,2023-04-13,Delivered,C00123,Diya,Singh,Chennai
O001887,2023-04-13,Delivered,C00143,Meera,Patel,Kolkata
O000312,2023-04-14,Delivered,C00195,Meera,Chatterjee,Bengaluru
O000382,2023-04-14,Placed,C00362,Sara,Das,Pune
O000847,2023-04-14,Delivered,C00148,Aarav,Joshi,Bhubaneswar
O001004,2023-04-14,Delivered,C00249,Nikhil,Iyer,Mumbai
O001256,2023-04-14,Shipped,C00306,Kabir,Singh,Jaipur
O001274,2023-04-14,Delivered,C00330,Sneha,Iyer,Bhubaneswar
O001277,2023-04-14,Delivered,C00073,Riya,Singh,Jaipur
O000327,2023-04-15,Delivered,C00194,Tara,Das,Hyderabad
O000400,2023-04-15,Delivered,C00322,Pooja,Chatterjee,Jaipur
O000985,2023-04-15,Cancelled,C00312,Dev,Gupta,Bengaluru
O001375,2023-04-16,Returned,C00174,Rahul,Mehta,Kolkata
O001975,2023-04-16,Delivered,C00216,Kabir,Patel,Bhubaneswar
O002224,2023-04-16,Cancelled,C00306,Kabir,Singh,Jaipur
O002595,2023-04-16,Delivered,C00216,Kabir,Patel,Bhubaneswar
O001781,2023-04-16,Returned,C00167,Pooja,Sharma,Mumbai
O002018,2023-04-17,Delivered,C00076,Arjun,Verma,Delhi
O002613,2023-04-17,Delivered,C00053,Tara,Sharma,Delhi
O001842,2023-04-17,Cancelled,C00328,Karan,Kapoor,Delhi
O001096,2023-04-18,Delivered,C00071,Nikhil,Patel,Kolkata
O001271,2023-04-18,Delivered,C00066,Rohan,Gupta,Delhi
O001338,2023-04-18,Delivered,C00341,Nikhil,Nair,Kolkata
O002001,2023-04-18,Delivered,C00038,Meera,Sharma,Delhi
O002967,2023-04-18,Delivered,C00146,Anaya,Kapoor,Chennai
O001233,2023-04-18,Delivered,C00006,Nikhil,Mehta,Ahmedabad
O000176,2023-04-19,Delivered,C00021,Aarav,Das,Pune
O000575,2023-04-19,Delivered,C00307,Arjun,Chatterjee,Jaipur
O002884,2023-04-19,Shipped,C00094,Nikhil,Reddy,Bengaluru
O001734,2023-04-19,Cancelled,C00131,Tara,Nair,Ahmedabad
O001392,2023-04-19,Shipped,C00220,Aditya,Reddy,Bhubaneswar
O002624,2023-04-19,Delivered,C00203,Diya,Nair,Jaipur
O001045,2023-04-20,Delivered,C00125,Aditya,Nair,Pune
O001192,2023-04-20,Delivered,C00221,Riya,Joshi,Bengaluru
O002700,2023-04-20,Delivered,C00019,Aditya,Chatterjee,Jaipur
O000490,2023-04-20,Delivered,C00345,Priya,Gupta,Delhi
O000571,2023-04-21,Placed,C00041,Sara,Gupta,Bengaluru
O000780,2023-04-21,Delivered,C00306,Kabir,Singh,Jaipur
O002150,2023-04-21,Delivered,C00215,Aditya,Sharma,Chennai
O001298,2023-04-22,Delivered,C00159,Tara,Verma,Bengaluru
O002374,2023-04-22,Placed,C00094,Nikhil,Reddy,Bengaluru
O002377,2023-04-22,Delivered,C00112,Rohan,Patel,Bhubaneswar
O000424,2023-04-22,Delivered,C00150,Sara,Kapoor,Mumbai
O002713,2023-04-22,Delivered,C00179,Sneha,Sharma,Hyderabad
O000509,2023-04-23,Placed,C00222,Anaya,Verma,Chennai
O001937,2023-04-23,Placed,C00081,Sneha,Sharma,Chennai
O002769,2023-04-23,Delivered,C00200,Rahul,Chatterjee,Ahmedabad
O000901,2023-04-23,Delivered,C00084,Riya,Sharma,Bengaluru
O000430,2023-04-23,Delivered,C00205,Rahul,Kapoor,Bhubaneswar
O000288,2023-04-24,Delivered,C00010,Meera,Mehta,Jaipur
O000896,2023-04-24,Delivered,C00392,Pooja,Sharma,Jaipur
O001056,2023-04-24,Delivered,C00128,Isha,Singh,Pune
O001228,2023-04-24,Placed,C00177,Isha,Nair,Kolkata
O000504,2023-04-24,Returned,C00154,Riya,Chatterjee,Mumbai
O002984,2023-04-25,Cancelled,C00261,Meera,Kapoor,Bhubaneswar
O000672,2023-04-26,Shipped,C00147,Riya,Verma,Pune
O000684,2023-04-26,Delivered,C00194,Tara,Das,Hyderabad
O001007,2023-04-26,Delivered,C00211,Kabir,Das,Hyderabad
O001044,2023-04-26,Delivered,C00334,Nikhil,Verma,Bhubaneswar
O000448,2023-04-26,Shipped,C00174,Rahul,Mehta,Kolkata
O002666,2023-04-26,Delivered,C00317,Tara,Mehta,Delhi
O002479,2023-04-26,Delivered,C00066,Rohan,Gupta,Delhi
O000049,2023-04-27,Delivered,C00176,Arjun,Reddy,Chennai
O000583,2023-04-27,Delivered,C00203,Diya,Nair,Jaipur
O001634,2023-04-27,Shipped,C00262,Rohan,Sharma,Chennai
O000334,2023-04-28,Delivered,C00239,Dev,Rao,Kolkata
O001128,2023-04-28,Cancelled,C00356,Sneha,Reddy,Ahmedabad
O002020,2023-04-28,Shipped,C00018,Anaya,Reddy,Pune
O000561,2023-04-28,Placed,C00162,Vihaan,Sharma,Hyderabad
O000493,2023-04-28,Placed,C00259,Anaya,Joshi,Pune
O000567,2023-04-29,Delivered,C00243,Priya,Das,Bengaluru
O000812,2023-04-29,Shipped,C00140,Anaya,Iyer,Bengaluru
O002084,2023-04-29,Shipped,C00087,Priya,Patel,Mumbai
O001598,2023-04-29,Placed,C00025,Dev,Kapoor,Delhi
O001942,2023-04-29,Cancelled,C00070,Tara,Iyer,Bengaluru
O002216,2023-04-29,Delivered,C00378,Aditya,Patel,Bengaluru
O000732,2023-04-30,Placed,C00007,Priya,Das,Bengaluru
O001219,2023-04-30,Delivered,C00314,Tara,Nair,Jaipur
O001965,2023-04-30,Delivered,C00206,Nikhil,Verma,Kolkata
O000944,2023-04-30,Delivered,C00226,Kabir,Chatterjee,Bhubaneswar
O000603,2023-05-01,Delivered,C00399,Sara,Iyer,Mumbai
O000865,2023-05-01,Shipped,C00020,Pooja,Iyer,Jaipur
O000954,2023-05-01,Delivered,C00148,Aarav,Joshi,Bhubaneswar
O000401,2023-05-01,Delivered,C00262,Rohan,Sharma,Chennai
O002502,2023-05-01,Returned,C00130,Kabir,Reddy,Pune
O000122,2023-05-02,Delivered,C00323,Sara,Reddy,Mumbai
O002233,2023-05-02,Cancelled,C00259,Anaya,Joshi,Pune
O001615,2023-05-02,Delivered,C00101,Karan,Nair,Delhi
O001244,2023-05-02,Shipped,C00249,Nikhil,Iyer,Mumbai
O001337,2023-05-02,Placed,C00069,Dev,Iyer,Bengaluru
O000788,2023-05-03,Delivered,C00333,Dev,Singh,Kolkata
O001608,2023-05-03,Delivered,C00051,Priya,Malhotra,Hyderabad
O000793,2023-05-04,Delivered,C00245,Diya,Patel,Ahmedabad
O001471,2023-05-04,Delivered,C00113,Sara,Gupta,Delhi
O002456,2023-05-04,Delivered,C00173,Rohan,Malhotra,Ahmedabad
O002492,2023-05-04,Placed,C00361,Dev,Sharma,Jaipur
O002759,2023-05-04,Delivered,C00178,Rohan,Verma,Mumbai
O001166,2023-05-04,Cancelled,C00204,Dev,Singh,Kolkata
O000433,2023-05-04,Delivered,C00316,Sara,Joshi,Jaipur
O000173,2023-05-05,Placed,C00053,Tara,Sharma,Delhi
O001155,2023-05-05,Returned,C00055,Arjun,Joshi,Delhi
O002192,2023-05-05,Cancelled,C00070,Tara,Iyer,Bengaluru
O002470,2023-05-05,Delivered,C00004,Vihaan,Chatterjee,Delhi
O002371,2023-05-05,Returned,C00083,Karan,Nair,Bengaluru
O002579,2023-05-06,Delivered,C00385,Arjun,Gupta,Mumbai
O002589,2023-05-06,Returned,C00098,Sara,Rao,Kolkata
O000505,2023-05-06,Delivered,C00198,Priya,Nair,Mumbai
O002601,2023-05-06,Shipped,C00309,Rahul,Mehta,Delhi
O000003,2023-05-07,Delivered,C00321,Kabir,Mehta,Ahmedabad
O000396,2023-05-07,Returned,C00007,Priya,Das,Bengaluru
O000413,2023-05-07,Delivered,C00216,Kabir,Patel,Bhubaneswar
O000936,2023-05-07,Placed,C00272,Kabir,Malhotra,Bhubaneswar
O001161,2023-05-07,Delivered,C00310,Rahul,Singh,Jaipur
O002961,2023-05-07,Delivered,C00082,Kabir,Joshi,Kolkata
O001853,2023-05-07,Placed,C00263,Pooja,Kapoor,Pune
O000468,2023-05-07,Delivered,C00008,Sara,Joshi,Mumbai
O000365,2023-05-08,Shipped,C00041,Sara,Gupta,Bengaluru
O002305,2023-05-08,Delivered,C00077,Tara,Reddy,Kolkata
O001939,2023-05-08,Cancelled,C00186,Aditya,Iyer,Hyderabad
O002438,2023-05-08,Delivered,C00087,Priya,Patel,Mumbai
O000159,2023-05-09,Placed,C00102,Karan,Verma,Ahmedabad
O000222,2023-05-09,Shipped,C00270,Dev,Mehta,Pune
O001048,2023-05-09,Delivered,C00275,Sneha,Nair,Bhubaneswar
O001391,2023-05-09,Delivered,C00003,Aarav,Mehta,Ahmedabad
O000692,2023-05-10,Delivered,C00022,Sara,Sharma,Bengaluru
O002850,2023-05-10,Delivered,C00334,Nikhil,Verma,Bhubaneswar
O002851,2023-05-10,Delivered,C00290,Vihaan,Rao,Jaipur
O001749,2023-05-10,Delivered,C00063,Arjun,Reddy,Pune
O002820,2023-05-10,Shipped,C00381,Anaya,Sharma,Mumbai
O000999,2023-05-10,Delivered,C00013,Dev,Malhotra,Jaipur
O001251,2023-05-10,Delivered,C00297,Anaya,Das,Jaipur
O000595,2023-05-11,Shipped,C00164,Vihaan,Iyer,Ahmedabad
O002671,2023-05-11,Placed,C00044,Sneha,Rao,Bhubaneswar
O000651,2023-05-12,Delivered,C00337,Riya,Mehta,Kolkata
O000685,2023-05-12,Delivered,C00268,Pooja,Reddy,Delhi
O000994,2023-05-12,Returned,C00209,Karan,Verma,Ahmedabad
O002298,2023-05-12,Delivered,C00394,Riya,Patel,Bhubaneswar
O001543,2023-05-12,Shipped,C00380,Riya,Nair,Bengaluru
O000098,2023-05-13,Cancelled,C00154,Riya,Chatterjee,Mumbai
O001014,2023-05-13,Placed,C00216,Kabir,Patel,Bhubaneswar
O000351,2023-05-14,Delivered,C00225,Isha,Joshi,Kolkata
O002101,2023-05-14,Delivered,C00024,Pooja,Reddy,Pune
O002946,2023-05-14,Delivered,C00036,Sneha,Kapoor,Ahmedabad
O001873,2023-05-14,Delivered,C00065,Karan,Singh,Mumbai
O000488,2023-05-14,Delivered,C00347,Dev,Reddy,Mumbai
O002947,2023-05-14,Delivered,C00358,Dev,Nair,Pune
O001891,2023-05-14,Delivered,C00385,Arjun,Gupta,Mumbai
O000221,2023-05-15,Delivered,C00073,Riya,Singh,Jaipur
O002440,2023-05-15,Shipped,C00055,Arjun,Joshi,Delhi
O001627,2023-05-15,Shipped,C00081,Sneha,Sharma,Chennai
O000758,2023-05-16,Delivered,C00131,Tara,Nair,Ahmedabad
O002854,2023-05-16,Delivered,C00217,Tara,Nair,Kolkata
O001581,2023-05-16,Delivered,C00295,Sara,Mehta,Bhubaneswar
O001078,2023-05-17,Shipped,C00387,Karan,Das,Kolkata
O001428,2023-05-17,Shipped,C00375,Priya,Patel,Chennai
O000439,2023-05-17,Cancelled,C00214,Arjun,Iyer,Jaipur
O000124,2023-05-18,Cancelled,C00172,Riya,Joshi,Kolkata
O000232,2023-05-18,Placed,C00079,Pooja,Malhotra,Chennai
O000409,2023-05-18,Delivered,C00213,Aarav,Nair,Kolkata
O001017,2023-05-18,Delivered,C00014,Sneha,Gupta,Mumbai
O001273,2023-05-18,Cancelled,C00270,Dev,Mehta,Pune
O002405,2023-05-18,Delivered,C00082,Kabir,Joshi,Kolkata
O001745,2023-05-18,Cancelled,C00070,Tara,Iyer,Bengaluru
O001345,2023-05-19,Cancelled,C00095,Vihaan,Malhotra,Chennai
O002932,2023-05-19,Placed,C00234,Rahul,Rao,Mumbai
O001692,2023-05-19,Shipped,C00219,Priya,Kapoor,Jaipur
O001152,2023-05-20,Delivered,C00339,Diya,Mehta,Bhubaneswar
O002515,2023-05-20,Delivered,C00390,Dev,Reddy,Jaipur
O001263,2023-05-20,Delivered,C00232,Sneha,Mehta,Chennai
O001614,2023-05-20,Placed,C00085,Diya,Chatterjee,Delhi
O002386,2023-05-20,Delivered,C00280,Pooja,Singh,Delhi
O001200,2023-05-20,Shipped,C00220,Aditya,Reddy,Bhubaneswar
O000887,2023-05-21,Delivered,C00159,Tara,Verma,Bengaluru
O001350,2023-05-21,Delivered,C00288,Sneha,Malhotra,Chennai
O002009,2023-05-22,Delivered,C00260,Pooja,Mehta,Mumbai
O001801,2023-05-22,Placed,C00087,Priya,Patel,Mumbai
O000210,2023-05-23,Shipped,C00266,Priya,Reddy,Kolkata
O000213,2023-05-23,Delivered,C00197,Sara,Nair,Delhi
O001386,2023-05-23,Delivered,C00211,Kabir,Das,Hyderabad
O000846,2023-05-24,Delivered,C00099,Nikhil,Chatterjee,Pune
O002242,2023-05-24,Delivered,C00323,Sara,Reddy,Mumbai
O002324,2023-05-24,Delivered,C00121,Rohan,Singh,Mumbai
O001510,2023-05-24,Delivered,C00308,Priya,Verma,Delhi
O001497,2023-05-25,Shipped,C00155,Sara,Joshi,Bengaluru
O001676,2023-05-25,Shipped,C00181,Arjun,Patel,Jaipur
O001716,2023-05-25,Shipped,C00077,Tara,Reddy,Kolkata
O002442,2023-05-25,Delivered,C00329,Diya,Gupta,Ahmedabad
O000781,2023-05-26,Cancelled,C00376,Karan,Chatterjee,Jaipur
O001019,2023-05-26,Shipped,C00378,Aditya,Patel,Bengaluru
O000737,2023-05-27,Delivered,C00101,Karan,Nair,Delhi
O000037,2023-05-28,Delivered,C00234,Rahul,Rao,Mumbai
O000744,2023-05-28,Delivered,C00354,Sara,Joshi,Chennai
O001517,2023-05-28,Delivered,C00344,Isha,Malhotra,Pune
O000803,2023-05-28,Delivered,C00026,Sara,Verma,Bhubaneswar
O000192,2023-05-29,Returned,C00032,Tara,Patel,Jaipur
O000209,2023-05-29,Returned,C00095,Vihaan,Malhotra,Chennai
O001348,2023-05-29,Placed,C00208,Tara,Chatterjee,Bengaluru
O002245,2023-05-29,Delivered,C00331,Arjun,Malhotra,Delhi
O001723,2023-05-29,Shipped,C00269,Meera,Singh,Bengaluru
O000217,2023-05-30,Delivered,C00141,Nikhil,Patel,Bhubaneswar
O000330,2023-05-30,Delivered,C00042,Aarav,Singh,Jaipur
O000958,2023-05-30,Cancelled,C00193,Rohan,Reddy,Ahmedabad
O001974,2023-05-30,Delivered,C00021,Aarav,Das,Pune
O002182,2023-05-31,Delivered,C00281,Diya,Das,Chennai
O002184,2023-05-31,Placed,C00375,Priya,Patel,Chennai
O001516,2023-05-31,Cancelled,C00120,Aditya,Kapoor,Kolkata
O000611,2023-06-01,Placed,C00399,Sara,Iyer,Mumbai
O000650,2023-06-01,Delivered,C00008,Sara,Joshi,Mumbai
O001158,2023-06-01,Cancelled,C00317,Tara,Mehta,Delhi
O001310,2023-06-01,Delivered,C00304,Diya,Kapoor,Pune
O002901,2023-06-01,Delivered,C00255,Tara,Chatterjee,Kolkata
O002163,2023-06-01,Cancelled,C00283,Nikhil,Nair,Ahmedabad
O002495,2023-06-02,Delivered,C00224,Aditya,Nair,Hyderabad
O002816,2023-06-02,Delivered,C00006,Nikhil,Mehta,Ahmedabad
O002130,2023-06-02,Shipped,C00071,Nikhil,Patel,Kolkata
O000564,2023-06-03,Placed,C00285,Aditya,Reddy,Hyderabad
O000978,2023-06-03,Delivered,C00042,Aarav,Singh,Jaipur
O002154,2023-06-03,Placed,C00141,Nikhil,Patel,Bhubaneswar
O000166,2023-06-04,Delivered,C00099,Nikhil,Chatterjee,Pune
O001080,2023-06-04,Returned,C00258,Kabir,Gupta,Jaipur
O002711,2023-06-04,Shipped,C00335,Rahul,Joshi,Ahmedabad
O002560,2023-06-04,Returned,C00307,Arjun,Chatterjee,Jaipur
O001047,2023-06-05,Delivered,C00116,Pooja,Rao,Chennai
O001930,2023-06-06,Delivered,C00359,Isha,Patel,Chennai
O002615,2023-06-06,Delivered,C00127,Sara,Rao,Delhi
O002760,2023-06-06,Shipped,C00196,Sara,Reddy,Hyderabad
O002279,2023-06-06,Shipped,C00077,Tara,Reddy,Kolkata
O001733,2023-06-06,Cancelled,C00065,Karan,Singh,Mumbai
O001818,2023-06-06,Cancelled,C00082,Kabir,Joshi,Kolkata
O002807,2023-06-06,Placed,C00352,Rohan,Gupta,Jaipur
O000411,2023-06-07,Returned,C00364,Rohan,Nair,Delhi
O000858,2023-06-07,Delivered,C00054,Vihaan,Patel,Delhi
O001355,2023-06-07,Delivered,C00092,Riya,Verma,Mumbai
O002148,2023-06-07,Delivered,C00265,Nikhil,Reddy,Hyderabad
O002645,2023-06-07,Returned,C00063,Arjun,Reddy,Pune
O002460,2023-06-08,Delivered,C00031,Diya,Reddy,Mumbai
O001020,2023-06-09,Shipped,C00247,Rahul,Patel,Bengaluru
O001592,2023-06-09,Shipped,C00014,Sneha,Gupta,Mumbai
O000426,2023-06-09,Delivered,C00253,Aarav,Nair,Mumbai
O000842,2023-06-09,Shipped,C00189,Aditya,Verma,Kolkata
O000301,2023-06-10,Delivered,C00114,Vihaan,Chatterjee,Jaipur
O002708,2023-06-10,Shipped,C00182,Priya,Verma,Ahmedabad
O002877,2023-06-10,Cancelled,C00278,Rahul,Nair,Kolkata
O000257,2023-06-11,Delivered,C00271,Riya,Das,Chennai
O002768,2023-06-11,Delivered,C00179,Sneha,Sharma,Hyderabad
O000618,2023-06-12,Delivered,C00220,Aditya,Reddy,Bhubaneswar
O001177,2023-06-12,Placed,C00254,Pooja,Malhotra,Jaipur
O002238,2023-06-12,Cancelled,C00130,Kabir,Reddy,Pune
O000537,2023-06-12,Placed,C00069,Dev,Iyer,Bengaluru
O000646,2023-06-13,Delivered,C00176,Arjun,Reddy,Chennai
O001322,2023-06-13,Placed,C00336,Tara,Gupta,Delhi
O002458,2023-06-13,Returned,C00301,Aditya,Nair,Kolkata
O001491,2023-06-13,Cancelled,C00196,Sara,Reddy,Hyderabad
O000390,2023-06-14,Cancelled,C00004,Vihaan,Chatterjee,Delhi
O001456,2023-06-14,Shipped,C00333,Dev,Singh,Kolkata
O000964,2023-06-14,Delivered,C00091,Priya,Mehta,Chennai
O000689,2023-06-15,Delivered,C00019,Aditya,Chatterjee,Jaipur
O000540,2023-06-15,Cancelled,C00317,Tara,Mehta,Delhi
O001651,2023-06-15,Returned,C00250,Rohan,Singh,Hyderabad
O000374,2023-06-16,Delivered,C00151,Isha,Malhotra,Ahmedabad
O002344,2023-06-16,Delivered,C00249,Nikhil,Iyer,Mumbai
O000460,2023-06-16,Shipped,C00167,Pooja,Sharma,Mumbai
O001393,2023-06-16,Returned,C00321,Kabir,Mehta,Ahmedabad
O002241,2023-06-17,Shipped,C00265,Nikhil,Reddy,Hyderabad
O002941,2023-06-17,Delivered,C00056,Aarav,Kapoor,Pune
O001623,2023-06-17,Delivered,C00146,Anaya,Kapoor,Chennai
O002775,2023-06-17,Delivered,C00362,Sara,Das,Pune
O001467,2023-06-18,Cancelled,C00378,Aditya,Patel,Bengaluru
O001838,2023-06-18,Delivered,C00230,Sara,Rao,Ahmedabad
O001890,2023-06-18,Cancelled,C00182,Priya,Verma,Ahmedabad
O002952,2023-06-18,Placed,C00375,Priya,Patel,Chennai
O002640,2023-06-18,Delivered,C00386,Priya,Nair,Jaipur
O000848,2023-06-19,Returned,C00132,Rahul,Kapoor,Jaipur
O001403,2023-06-19,Cancelled,C00179,Sneha,Sharma,Hyderabad
O001685,2023-06-19,Placed,C00252,Priya,Mehta,Kolkata
O002239,2023-06-19,Delivered,C00182,Priya,Verma,Ahmedabad
O000381,2023-06-20,Delivered,C00070,Tara,Iyer,Bengaluru
O001288,2023-06-20,Returned,C00064,Dev,Mehta,Ahmedabad
O002023,2023-06-20,Returned,C00356,Sneha,Reddy,Ahmedabad
O002372,2023-06-20,Delivered,C00065,Karan,Singh,Mumbai
O001877,2023-06-20,Delivered,C00268,Pooja,Reddy,Delhi
O002784,2023-06-20,Cancelled,C00254,Pooja,Malhotra,Jaipur
O001693,2023-06-20,Delivered,C00211,Kabir,Das,Hyderabad
O001647,2023-06-20,Delivered,C00174,Rahul,Mehta,Kolkata
O002499,2023-06-20,Delivered,C00118,Karan,Das,Ahmedabad
O001409,2023-06-20,Cancelled,C00305,Isha,Kapoor,Kolkata
O002036,2023-06-21,Shipped,C00351,Karan,Sharma,Chennai
O001377,2023-06-21,Delivered,C00080,Karan,Kapoor,Ahmedabad
O000230,2023-06-22,Delivered,C00317,Tara,Mehta,Delhi
O002541,2023-06-22,Shipped,C00172,Riya,Joshi,Kolkata
O001555,2023-06-22,Delivered,C00350,Vihaan,Sharma,Mumbai
O002778,2023-06-22,Shipped,C00367,Kabir,Gupta,Mumbai
O001072,2023-06-23,Cancelled,C00335,Rahul,Joshi,Ahmedabad
O001670,2023-06-23,Delivered,C00228,Anaya,Iyer,Ahmedabad
O002544,2023-06-23,Cancelled,C00312,Dev,Gupta,Bengaluru
O001710,2023-06-23,Delivered,C00059,Tara,Nair,Ahmedabad
O000152,2023-06-24,Delivered,C00166,Sneha,Iyer,Mumbai
O000929,2023-06-24,Delivered,C00022,Sara,Sharma,Bengaluru
O001238,2023-06-24,Cancelled,C00260,Pooja,Mehta,Mumbai
O002322,2023-06-24,Delivered,C00202,Vihaan,Das,Bhubaneswar
O001305,2023-06-24,Delivered,C00199,Pooja,Patel,Kolkata
O002428,2023-06-24,Cancelled,C00276,Diya,Patel,Ahmedabad
O000350,2023-06-25,Cancelled,C00179,Sneha,Sharma,Hyderabad
O002508,2023-06-25,Delivered,C00147,Riya,Verma,Pune
O002616,2023-06-25,Delivered,C00286,Vihaan,Das,Delhi
O001038,2023-06-25,Placed,C00229,Nikhil,Verma,Ahmedabad
O000642,2023-06-26,Delivered,C00284,Riya,Joshi,Kolkata
O001025,2023-06-26,Delivered,C00340,Tara,Patel,Jaipur
O002079,2023-06-26,Delivered,C00332,Pooja,Rao,Pune
O002762,2023-06-26,Delivered,C00155,Sara,Joshi,Bengaluru
O002606,2023-06-26,Delivered,C00219,Priya,Kapoor,Jaipur
O002035,2023-06-26,Cancelled,C00195,Meera,Chatterjee,Bengaluru
O000989,2023-06-27,Delivered,C00213,Aarav,Nair,Kolkata
O002659,2023-06-27,Delivered,C00284,Riya,Joshi,Kolkata
O002421,2023-06-27,Shipped,C00189,Aditya,Verma,Kolkata
O001768,2023-06-27,Cancelled,C00126,Sneha,Patel,Ahmedabad
O002563,2023-06-27,Delivered,C00392,Pooja,Sharma,Jaipur
O001119,2023-06-28,Delivered,C00041,Sara,Gupta,Bengaluru
O002771,2023-06-28,Delivered,C00190,Aditya,Kapoor,Delhi
O002476,2023-06-28,Cancelled,C00170,Rohan,Singh,Delhi
O002779,2023-06-28,Delivered,C00251,Priya,Rao,Mumbai
O000286,2023-06-28,Placed,C00158,Sneha,Nair,Pune
O001029,2023-06-29,Delivered,C00076,Arjun,Verma,Delhi
O001484,2023-06-29,Delivered,C00394,Riya,Patel,Bhubaneswar
O002059,2023-06-29,Delivered,C00230,Sara,Rao,Ahmedabad
O001585,2023-06-29,Delivered,C00217,Tara,Nair,Kolkata
O002607,2023-06-29,Placed,C00062,Aditya,Gupta,Mumbai
O000764,2023-06-30,Delivered,C00134,Sara,Joshi,Chennai
O000981,2023-06-30,Cancelled,C00042,Aarav,Singh,Jaipur
O002080,2023-06-30,Cancelled,C00199,Pooja,Patel,Kolkata
O001719,2023-06-30,Delivered,C00311,Tara,Singh,Bhubaneswar
O001903,2023-06-30,Shipped,C00236,Diya,Gupta,Pune
O002404,2023-06-30,Delivered,C00072,Pooja,Joshi,Mumbai
O000441,2023-06-30,Returned,C00122,Karan,Reddy,Jaipur
O000474,2023-06-30,Shipped,C00070,Tara,Iyer,Bengaluru
O000020,2023-07-01,Shipped,C00241,Pooja,Joshi,Pune
O000928,2023-07-01,Returned,C00021,Aarav,Das,Pune
O000991,2023-07-01,Delivered,C00125,Aditya,Nair,Pune
O001134,2023-07-01,Shipped,C00263,Pooja,Kapoor,Pune
O002155,2023-07-01,Shipped,C00231,Tara,Patel,Jaipur
O000481,2023-07-01,Delivered,C00171,Pooja,Sharma,Bhubaneswar
O000782,2023-07-02,Delivered,C00232,Sneha,Mehta,Chennai
O000984,2023-07-02,Delivered,C00005,Karan,Verma,Bhubaneswar
O001160,2023-07-02,Placed,C00235,Nikhil,Rao,Kolkata
O001993,2023-07-02,Returned,C00071,Nikhil,Patel,Kolkata
O002017,2023-07-02,Delivered,C00361,Dev,Sharma,Jaipur
O002308,2023-07-02,Delivered,C00176,Arjun,Reddy,Chennai
O000598,2023-07-03,Delivered,C00219,Priya,Kapoor,Jaipur
O000661,2023-07-03,Delivered,C00018,Anaya,Reddy,Pune
O001967,2023-07-03,Shipped,C00237,Aditya,Reddy,Pune
O002209,2023-07-03,Delivered,C00208,Tara,Chatterjee,Bengaluru
O000050,2023-07-04,Returned,C00094,Nikhil,Reddy,Bengaluru
O001364,2023-07-04,Delivered,C00225,Isha,Joshi,Kolkata
O001464,2023-07-04,Delivered,C00074,Riya,Kapoor,Pune
O002446,2023-07-04,Delivered,C00226,Kabir,Chatterjee,Bhubaneswar
O001773,2023-07-04,Cancelled,C00131,Tara,Nair,Ahmedabad
O000869,2023-07-04,Placed,C00370,Meera,Kapoor,Delhi
O000790,2023-07-05,Shipped,C00213,Aarav,Nair,Kolkata
O001301,2023-07-05,Cancelled,C00131,Tara,Nair,Ahmedabad
O001997,2023-07-05,Delivered,C00066,Rohan,Gupta,Delhi
O002396,2023-07-05,Delivered,C00221,Riya,Joshi,Bengaluru
O000051,2023-07-06,Delivered,C00328,Karan,Kapoor,Delhi
O001036,2023-07-07,Delivered,C00032,Tara,Patel,Jaipur
O001115,2023-07-07,Returned,C00244,Dev,Nair,Kolkata
O000633,2023-07-08,Delivered,C00028,Aditya,Iyer,Ahmedabad
O000894,2023-07-08,Delivered,C00288,Sneha,Malhotra,Chennai
O001368,2023-07-08,Delivered,C00298,Aditya,Singh,Hyderabad
O002910,2023-07-08,Delivered,C00349,Aditya,Malhotra,Kolkata
O000532,2023-07-08,Cancelled,C00005,Karan,Verma,Bhubaneswar
O001603,2023-07-08,Delivered,C00195,Meera,Chatterjee,Bengaluru
O001872,2023-07-08,Placed,C00093,Tara,Patel,Kolkata
O001254,2023-07-09,Returned,C00237,Aditya,Reddy,Pune
O001292,2023-07-09,Placed,C00152,Priya,Rao,Mumbai
O001741,2023-07-09,Delivered,C00246,Diya,Das,Bengaluru
O002412,2023-07-09,Shipped,C00005,Karan,Verma,Bhubaneswar
O000086,2023-07-10,Delivered,C00028,Aditya,Iyer,Ahmedabad
O000613,2023-07-10,Delivered,C00336,Tara,Gupta,Delhi
O001209,2023-07-10,Shipped,C00184,Aarav,Patel,Mumbai
O002187,2023-07-10,Delivered,C00022,Sara,Sharma,Bengaluru
O002237,2023-07-10,Placed,C00371,Nikhil,Chatterjee,Kolkata
O000617,2023-07-10,Shipped,C00105,Anaya,Rao,Bhubaneswar
O001184,2023-07-10,Delivered,C00041,Sara,Gupta,Bengaluru
O000142,2023-07-11,Shipped,C00089,Dev,Rao,Bengaluru
O000969,2023-07-11,Placed,C00249,Nikhil,Iyer,Mumbai
O002972,2023-07-11,Delivered,C00385,Arjun,Gupta,Mumbai
O002552,2023-07-11,Delivered,C00309,Rahul,Mehta,Delhi
O000386,2023-07-12,Returned,C00203,Diya,Nair,Jaipur
O000393,2023-07-12,Delivered,C00109,Pooja,Das,Kolkata
O000892,2023-07-12,Delivered,C00129,Aditya,Rao,Jaipur
O001268,2023-07-12,Delivered,C00229,Nikhil,Verma,Ahmedabad
O002354,2023-07-12,Delivered,C00122,Karan,Reddy,Jaipur
O001582,2023-07-12,Placed,C00126,Sneha,Patel,Ahmedabad
O002313,2023-07-12,Delivered,C00011,Sara,Kapoor,Chennai
O002782,2023-07-12,Delivered,C00263,Pooja,Kapoor,Pune
O000879,2023-07-13,Returned,C00359,Isha,Patel,Chennai
O001280,2023-07-13,Delivered,C00136,Karan,Joshi,Mumbai
O001317,2023-07-13,Delivered,C00092,Riya,Verma,Mumbai
O001885,2023-07-13,Placed,C00042,Aarav,Singh,Jaipur
O001145,2023-07-14,Cancelled,C00006,Nikhil,Mehta,Ahmedabad
O001983,2023-07-14,Delivered,C00161,Tara,Das,Chennai
O001164,2023-07-14,Delivered,C00041,Sara,Gupta,Bengaluru
O002436,2023-07-15,Delivered,C00233,Priya,Gupta,Bengaluru
O001525,2023-07-15,Delivered,C00346,Sara,Gupta,Bengaluru
O002379,2023-07-16,Shipped,C00240,Priya,Malhotra,Chennai
O000910,2023-07-17,Cancelled,C00127,Sara,Rao,Delhi
O001960,2023-07-17,Delivered,C00363,Vihaan,Singh,Kolkata
O002860,2023-07-17,Delivered,C00089,Dev,Rao,Bengaluru
O002900,2023-07-17,Cancelled,C00269,Meera,Singh,Bengaluru
O001499,2023-07-17,Shipped,C00359,Isha,Patel,Chennai
O001837,2023-07-18,Placed,C00222,Anaya,Verma,Chennai
O000983,2023-07-19,Returned,C00207,Nikhil,Mehta,Chennai
O001195,2023-07-19,Delivered,C00138,Pooja,Rao,Jaipur
O001573,2023-07-19,Shipped,C00256,Nikhil,Kapoor,Ahmedabad
O001988,2023-07-19,Delivered,C00211,Kabir,Das,Hyderabad
O002709,2023-07-19,Delivered,C00032,Tara,Patel,Jaipur
O000018,2023-07-20,Shipped,C00283,Nikhil,Nair,Ahmedabad
O000686,2023-07-20,Shipped,C00352,Rohan,Gupta,Jaipur
O002489,2023-07-20,Delivered,C00012,Vihaan,Verma,Kolkata
O002703,2023-07-20,Delivered,C00259,Anaya,Joshi,Pune
O000223,2023-07-21,Placed,C00395,Vihaan,Iyer,Kolkata
O001815,2023-07-21,Delivered,C00245,Diya,Patel,Ahmedabad
O000569,2023-07-22,Cancelled,C00105,Anaya,Rao,Bhubaneswar
O000911,2023-07-22,Delivered,C00201,Karan,Joshi,Pune
O001941,2023-07-22,Delivered,C00159,Tara,Verma,Bengaluru
O001836,2023-07-22,Delivered,C00146,Anaya,Kapoor,Chennai
O000370,2023-07-22,Delivered,C00370,Meera,Kapoor,Delhi
O000423,2023-07-22,Delivered,C00023,Sneha,Chatterjee,Jaipur
O000006,2023-07-23,Shipped,C00204,Dev,Singh,Kolkata
O000811,2023-07-23,Delivered,C00184,Aarav,Patel,Mumbai
O001030,2023-07-23,Delivered,C00173,Rohan,Malhotra,Ahmedabad
O001990,2023-07-23,Delivered,C00178,Rohan,Verma,Mumbai
O000789,2023-07-24,Delivered,C00225,Isha,Joshi,Kolkata
O002903,2023-07-24,Cancelled,C00238,Priya,Joshi,Chennai
O000343,2023-07-25,Shipped,C00275,Sneha,Nair,Bhubaneswar
O002410,2023-07-25,Delivered,C00093,Tara,Patel,Kolkata
O001577,2023-07-25,Delivered,C00017,Aarav,Kapoor,Bengaluru
O001659,2023-07-25,Placed,C00110,Anaya,Joshi,Bengaluru
O001809,2023-07-25,Returned,C00070,Tara,Iyer,Bengaluru
O001622,2023-07-26,Delivered,C00210,Kabir,Nair,Chennai
O001537,2023-07-26,Cancelled,C00332,Pooja,Rao,Pune
O001641,2023-07-26,Shipped,C00361,Dev,Sharma,Jaipur
O002549,2023-07-26,Delivered,C00180,Tara,Joshi,Jaipur
O000965,2023-07-27,Cancelled,C00249,Nikhil,Iyer,Mumbai
O002964,2023-07-27,Delivered,C00308,Priya,Verma,Delhi
O000508,2023-07-27,Shipped,C00045,Sneha,Gupta,Bengaluru
O002599,2023-07-27,Returned,C00148,Aarav,Joshi,Bhubaneswar
O002531,2023-07-27,Placed,C00246,Diya,Das,Bengaluru
O002289,2023-07-27,Placed,C00219,Priya,Kapoor,Jaipur
O000831,2023-07-28,Delivered,C00002,Rohan,Das,Ahmedabad
O002124,2023-07-28,Returned,C00211,Kabir,Das,Hyderabad
O002916,2023-07-28,Shipped,C00065,Karan,Singh,Mumbai
O001005,2023-07-28,Delivered,C00229,Nikhil,Verma,Ahmedabad
O001418,2023-07-28,Delivered,C00095,Vihaan,Malhotra,Chennai
O000553,2023-07-28,Cancelled,C00134,Sara,Joshi,Chennai
O000369,2023-07-29,Placed,C00348,Rohan,Singh,Bengaluru
O002302,2023-07-29,Delivered,C00295,Sara,Mehta,Bhubaneswar
O002719,2023-07-29,Delivered,C00259,Anaya,Joshi,Pune
O000289,2023-07-30,Shipped,C00378,Aditya,Patel,Bengaluru
O002635,2023-07-30,Delivered,C00189,Aditya,Verma,Kolkata
O001556,2023-07-30,Shipped,C00138,Pooja,Rao,Jaipur
O001570,2023-07-30,Delivered,C00118,Karan,Das,Ahmedabad
O000698,2023-07-30,Shipped,C00250,Rohan,Singh,Hyderabad
O002694,2023-07-30,Delivered,C00268,Pooja,Reddy,Delhi
O000261,2023-07-31,Shipped,C00196,Sara,Reddy,Hyderabad
O000437,2023-07-31,Placed,C00212,Kabir,Kapoor,Hyderabad
O001071,2023-07-31,Delivered,C00280,Pooja,Singh,Delhi
O000645,2023-07-31,Delivered,C00069,Dev,Iyer,Bengaluru
O000138,2023-08-01,Returned,C00378,Aditya,Patel,Bengaluru
O000657,2023-08-01,Shipped,C00329,Diya,Gupta,Ahmedabad
O001367,2023-08-01,Cancelled,C00220,Aditya,Reddy,Bhubaneswar
O002136,2023-08-01,Returned,C00284,Riya,Joshi,Kolkata
O001656,2023-08-01,Returned,C00028,Aditya,Iyer,Ahmedabad
O002019,2023-08-01,Cancelled,C00291,Vihaan,Patel,Jaipur
O000996,2023-08-02,Delivered,C00015,Aditya,Singh,Chennai
O002091,2023-08-02,Delivered,C00286,Vihaan,Das,Delhi
O001532,2023-08-02,Shipped,C00181,Arjun,Patel,Jaipur
O001540,2023-08-02,Returned,C00081,Sneha,Sharma,Chennai
O000338,2023-08-03,Delivered,C00380,Riya,Nair,Bengaluru
O000345,2023-08-03,Shipped,C00149,Pooja,Rao,Hyderabad
O000774,2023-08-03,Delivered,C00016,Pooja,Verma,Jaipur
O000998,2023-08-03,Delivered,C00326,Riya,Iyer,Bhubaneswar
O002056,2023-08-03,Delivered,C00184,Aarav,Patel,Mumbai
O002133,2023-08-03,Delivered,C00296,Dev,Chatterjee,Bhubaneswar
O002823,2023-08-03,Placed,C00292,Sara,Kapoor,Bengaluru
O000397,2023-08-04,Delivered,C00174,Rahul,Mehta,Kolkata
O001449,2023-08-04,Placed,C00382,Sara,Mehta,Kolkata
O002137,2023-08-04,Delivered,C00043,Vihaan,Patel,Kolkata
O002317,2023-08-04,Delivered,C00165,Aarav,Sharma,Bengaluru
O000491,2023-08-04,Delivered,C00184,Aarav,Patel,Mumbai
O002921,2023-08-04,Cancelled,C00027,Rohan,Rao,Bengaluru
O002751,2023-08-04,Delivered,C00300,Anaya,Das,Chennai
O000277,2023-08-05,Placed,C00368,Dev,Nair,Hyderabad
O002423,2023-08-05,Delivered,C00345,Priya,Gupta,Delhi
O002747,2023-08-05,Shipped,C00333,Dev,Singh,Kolkata
O002098,2023-08-05,Delivered,C00030,Priya,Reddy,Bengaluru
O001727,2023-08-05,Cancelled,C00357,Anaya,Chatterjee,Mumbai
O000881,2023-08-06,Shipped,C00319,Isha,Das,Delhi
O000948,2023-08-06,Delivered,C00191,Anaya,Iyer,Chennai
O002577,2023-08-06,Shipped,C00176,Arjun,Reddy,Chennai
O002201,2023-08-06,Delivered,C00327,Sneha,Reddy,Delhi
O000510,2023-08-06,Delivered,C00196,Sara,Reddy,Hyderabad
O001632,2023-08-06,Cancelled,C00307,Arjun,Chatterjee,Jaipur
O002193,2023-08-07,Delivered,C00245,Diya,Patel,Ahmedabad
O000421,2023-08-07,Delivered,C00064,Dev,Mehta,Ahmedabad
O002650,2023-08-07,Placed,C00196,Sara,Reddy,Hyderabad
O001831,2023-08-07,Delivered,C00163,Isha,Kapoor,Chennai
O001548,2023-08-07,Shipped,C00107,Riya,Verma,Bhubaneswar
O001487,2023-08-07,Shipped,C00246,Diya,Das,Bengaluru
O001118,2023-08-08,Placed,C00114,Vihaan,Chatterjee,Jaipur
O002256,2023-08-08,Delivered,C00372,Kabir,Kapoor,Chennai
O002573,2023-08-08,Returned,C00110,Anaya,Joshi,Bengaluru
O000475,2023-08-08,Shipped,C00100,Rahul,Nair,Jaipur
O000074,2023-08-09,Delivered,C00068,Rohan,Singh,Kolkata
O000634,2023-08-09,Delivered,C00001,Isha,Sharma,Jaipur
O002862,2023-08-09,Cancelled,C00302,Karan,Malhotra,Pune
O001696,2023-08-09,Delivered,C00394,Riya,Patel,Bhubaneswar
O001874,2023-08-09,Delivered,C00152,Priya,Rao,Mumbai
O000497,2023-08-09,Delivered,C00081,Sneha,Sharma,Chennai
O000143,2023-08-10,Delivered,C00075,Karan,Nair,Mumbai
O000704,2023-08-10,Shipped,C00227,Vihaan,Iyer,Bengaluru
O001636,2023-08-10,Delivered,C00091,Priya,Mehta,Chennai
O001846,2023-08-10,Cancelled,C00109,Pooja,Das,Kolkata
O000226,2023-08-11,Returned,C00083,Karan,Nair,Bengaluru
O000770,2023-08-11,Placed,C00133,Sneha,Reddy,Chennai
O001003,2023-08-11,Delivered,C00392,Pooja,Sharma,Jaipur
O001076,2023-08-11,Delivered,C00169,Karan,Sharma,Bengaluru
O002089,2023-08-11,Cancelled,C00284,Riya,Joshi,Kolkata
O000522,2023-08-11,Cancelled,C00266,Priya,Reddy,Kolkata
O001718,2023-08-11,Returned,C00008,Sara,Joshi,Mumbai
O001638,2023-08-11,Delivered,C00049,Tara,Mehta,Jaipur
O001899,2023-08-11,Delivered,C00349,Aditya,Malhotra,Kolkata
O002630,2023-08-11,Delivered,C00262,Rohan,Sharma,Chennai
O002701,2023-08-11,Placed,C00076,Arjun,Verma,Delhi
O001736,2023-08-11,Delivered,C00089,Dev,Rao,Bengaluru
O001123,2023-08-12,Delivered,C00220,Aditya,Reddy,Bhubaneswar
O001360,2023-08-12,Delivered,C00253,Aarav,Nair,Mumbai
O001962,2023-08-12,Placed,C00195,Meera,Chatterjee,Bengaluru
O002559,2023-08-12,Delivered,C00092,Riya,Verma,Mumbai
O001526,2023-08-12,Delivered,C00033,Isha,Sharma,Delhi
O001189,2023-08-12,Delivered,C00172,Riya,Joshi,Kolkata
O002007,2023-08-12,Delivered,C00330,Sneha,Iyer,Bhubaneswar
O000395,2023-08-13,Delivered,C00022,Sara,Sharma,Bengaluru
O001562,2023-08-13,Delivered,C00312,Dev,Gupta,Bengaluru
O000832,2023-08-14,Shipped,C00353,Karan,Reddy,Chennai
O002000,2023-08-14,Delivered,C00091,Priya,Mehta,Chennai
O002411,2023-08-14,Delivered,C00181,Arjun,Patel,Jaipur
O002830,2023-08-14,Delivered,C00304,Diya,Kapoor,Pune
O000731,2023-08-15,Placed,C00368,Dev,Nair,Hyderabad
O000585,2023-08-15,Cancelled,C00112,Rohan,Patel,Bhubaneswar
O002063,2023-08-16,Delivered,C00067,Anaya,Iyer,Ahmedabad
O001433,2023-08-16,Delivered,C00125,Aditya,Nair,Pune
O001527,2023-08-16,Delivered,C00101,Karan,Nair,Delhi
O001977,2023-08-17,Delivered,C00272,Kabir,Malhotra,Bhubaneswar
O002258,2023-08-17,Delivered,C00367,Kabir,Gupta,Mumbai
O000483,2023-08-17,Delivered,C00170,Rohan,Singh,Delhi
O002678,2023-08-17,Delivered,C00006,Nikhil,Mehta,Ahmedabad
O001597,2023-08-17,Delivered,C00283,Nikhil,Nair,Ahmedabad
O002657,2023-08-17,Delivered,C00073,Riya,Singh,Jaipur
O001690,2023-08-17,Shipped,C00026,Sara,Verma,Bhubaneswar
O000863,2023-08-18,Placed,C00276,Diya,Patel,Ahmedabad
O002968,2023-08-18,Returned,C00355,Karan,Sharma,Hyderabad
O001566,2023-08-18,Placed,C00125,Aditya,Nair,Pune
O002669,2023-08-18,Delivered,C00246,Diya,Das,Bengaluru
O000403,2023-08-19,Delivered,C00037,Sneha,Sharma,Jaipur
O001447,2023-08-19,Delivered,C00107,Riya,Verma,Bhubaneswar
O002687,2023-08-19,Delivered,C00134,Sara,Joshi,Chennai
O000001,2023-08-20,Delivered,C00138,Pooja,Rao,Jaipur
O001261,2023-08-20,Cancelled,C00381,Anaya,Sharma,Mumbai
O002557,2023-08-20,Placed,C00192,Meera,Patel,Hyderabad
O000937,2023-08-20,Cancelled,C00217,Tara,Nair,Kolkata
O002654,2023-08-20,Cancelled,C00098,Sara,Rao,Kolkata
O001057,2023-08-21,Delivered,C00329,Diya,Gupta,Ahmedabad
O002641,2023-08-21,Delivered,C00358,Dev,Nair,Pune
O001442,2023-08-21,Cancelled,C00203,Diya,Nair,Jaipur
O000765,2023-08-22,Delivered,C00165,Aarav,Sharma,Bengaluru
O002114,2023-08-22,Delivered,C00248,Aarav,Rao,Pune
O001840,2023-08-22,Delivered,C00362,Sara,Das,Pune
O000516,2023-08-22,Delivered,C00285,Aditya,Reddy,Hyderabad
O000905,2023-08-22,Returned,C00357,Anaya,Chatterjee,Mumbai
O001357,2023-08-22,Placed,C00270,Dev,Mehta,Pune
O000067,2023-08-23,Cancelled,C00225,Isha,Joshi,Kolkata
O000913,2023-08-23,Delivered,C00254,Pooja,Malhotra,Jaipur
O000971,2023-08-23,Delivered,C00144,Rahul,Patel,Bhubaneswar
O002688,2023-08-24,Delivered,C00353,Karan,Reddy,Chennai
O002222,2023-08-24,Shipped,C00171,Pooja,Sharma,Bhubaneswar
O001957,2023-08-25,Delivered,C00119,Rahul,Sharma,Kolkata
O002785,2023-08-25,Delivered,C00067,Anaya,Iyer,Ahmedabad
O001722,2023-08-25,Placed,C00215,Aditya,Sharma,Chennai
O002731,2023-08-25,Delivered,C00009,Priya,Nair,Ahmedabad
O001524,2023-08-25,Delivered,C00276,Diya,Patel,Ahmedabad
O001904,2023-08-25,Delivered,C00063,Arjun,Reddy,Pune
O001421,2023-08-26,Cancelled,C00212,Kabir,Kapoor,Hyderabad
O001906,2023-08-27,Delivered,C00003,Aarav,Mehta,Ahmedabad
O002498,2023-08-27,Delivered,C00147,Riya,Verma,Pune
O002397,2023-08-27,Delivered,C00201,Karan,Joshi,Pune
O001444,2023-08-28,Cancelled,C00240,Priya,Malhotra,Chennai
O002989,2023-08-28,Cancelled,C00305,Isha,Kapoor,Kolkata
O000015,2023-08-29,Delivered,C00319,Isha,Das,Delhi
O000040,2023-08-29,Delivered,C00284,Riya,Joshi,Kolkata
O000874,2023-08-29,Delivered,C00073,Riya,Singh,Jaipur
O001419,2023-08-29,Delivered,C00188,Vihaan,Singh,Delhi
O002848,2023-08-29,Shipped,C00118,Karan,Das,Ahmedabad
O000262,2023-08-30,Delivered,C00206,Nikhil,Verma,Kolkata
O001210,2023-08-30,Returned,C00395,Vihaan,Iyer,Kolkata
O002439,2023-08-30,Shipped,C00105,Anaya,Rao,Bhubaneswar
O000161,2023-08-31,Delivered,C00396,Sneha,Mehta,Hyderabad
O002221,2023-08-31,Cancelled,C00227,Vihaan,Iyer,Bengaluru
O001849,2023-08-31,Delivered,C00040,Rahul,Das,Hyderabad
O001812,2023-09-01,Cancelled,C00012,Vihaan,Verma,Kolkata
O001707,2023-09-01,Delivered,C00091,Priya,Mehta,Chennai
O000180,2023-09-02,Delivered,C00109,Pooja,Das,Kolkata
O000703,2023-09-02,Delivered,C00378,Aditya,Patel,Bengaluru
O002509,2023-09-02,Delivered,C00354,Sara,Joshi,Chennai
O002788,2023-09-02,Shipped,C00054,Vihaan,Patel,Delhi
O000823,2023-09-03,Shipped,C00217,Tara,Nair,Kolkata
O000877,2023-09-03,Delivered,C00343,Sneha,Gupta,Mumbai
O001150,2023-09-03,Delivered,C00273,Rahul,Mehta,Kolkata
O002621,2023-09-03,Shipped,C00250,Rohan,Singh,Hyderabad
O000245,2023-09-04,Delivered,C00338,Nikhil,Patel,Jaipur
O001968,2023-09-04,Delivered,C00316,Sara,Joshi,Jaipur
O002632,2023-09-04,Delivered,C00296,Dev,Chatterjee,Bhubaneswar
O001761,2023-09-04,Delivered,C00235,Nikhil,Rao,Kolkata
O001107,2023-09-05,Cancelled,C00100,Rahul,Nair,Jaipur
O002054,2023-09-05,Placed,C00354,Sara,Joshi,Chennai
O002131,2023-09-05,Delivered,C00349,Aditya,Malhotra,Kolkata
O001731,2023-09-05,Delivered,C00295,Sara,Mehta,Bhubaneswar
O000933,2023-09-05,Delivered,C00376,Karan,Chatterjee,Jaipur
O000702,2023-09-06,Delivered,C00331,Arjun,Malhotra,Delhi
O002268,2023-09-06,Delivered,C00084,Riya,Sharma,Bengaluru
O000760,2023-09-06,Shipped,C00222,Anaya,Verma,Chennai
O000454,2023-09-06,Cancelled,C00320,Diya,Reddy,Bhubaneswar
O000153,2023-09-07,Shipped,C00169,Karan,Sharma,Bengaluru
O000389,2023-09-07,Shipped,C00332,Pooja,Rao,Pune
O001966,2023-09-07,Shipped,C00366,Dev,Chatterjee,Ahmedabad
O001706,2023-09-07,Delivered,C00361,Dev,Sharma,Jaipur
O002351,2023-09-07,Delivered,C00092,Riya,Verma,Mumbai
O001220,2023-09-08,Delivered,C00032,Tara,Patel,Jaipur
O000518,2023-09-08,Delivered,C00069,Dev,Iyer,Bengaluru
O000711,2023-09-09,Delivered,C00257,Meera,Chatterjee,Jaipur
O000875,2023-09-09,Placed,C00058,Isha,Malhotra,Ahmedabad
O002010,2023-09-09,Delivered,C00087,Priya,Patel,Mumbai
O002307,2023-09-09,Delivered,C00184,Aarav,Patel,Mumbai
O001807,2023-09-09,Shipped,C00277,Aditya,Patel,Pune
O002529,2023-09-09,Delivered,C00280,Pooja,Singh,Delhi
O000269,2023-09-10,Delivered,C00184,Aarav,Patel,Mumbai
O001255,2023-09-10,Delivered,C00275,Sneha,Nair,Bhubaneswar
O001565,2023-09-10,Placed,C00126,Sneha,Patel,Ahmedabad
O002629,2023-09-10,Shipped,C00327,Sneha,Reddy,Delhi
O002758,2023-09-10,Delivered,C00356,Sneha,Reddy,Ahmedabad
O000088,2023-09-11,Shipped,C00398,Anaya,Joshi,Bengaluru
O002728,2023-09-11,Delivered,C00340,Tara,Patel,Jaipur
O000013,2023-09-12,Delivered,C00203,Diya,Nair,Jaipur
O001938,2023-09-12,Delivered,C00400,Pooja,Patel,Pune
O002821,2023-09-12,Placed,C00216,Kabir,Patel,Bhubaneswar
O002763,2023-09-12,Delivered,C00216,Kabir,Patel,Bhubaneswar
O000106,2023-09-13,Delivered,C00328,Karan,Kapoor,Delhi
O000687,2023-09-13,Delivered,C00216,Kabir,Patel,Bhubaneswar
O001762,2023-09-13,Delivered,C00394,Riya,Patel,Bhubaneswar
O002565,2023-09-13,Delivered,C00055,Arjun,Joshi,Delhi
O002879,2023-09-13,Delivered,C00390,Dev,Reddy,Jaipur
O001911,2023-09-13,Cancelled,C00199,Pooja,Patel,Kolkata
O002051,2023-09-13,Delivered,C00164,Vihaan,Iyer,Ahmedabad
O000738,2023-09-14,Delivered,C00377,Sneha,Das,Ahmedabad
O000908,2023-09-14,Delivered,C00159,Tara,Verma,Bengaluru
O002535,2023-09-14,Delivered,C00305,Isha,Kapoor,Kolkata
O000250,2023-09-15,Cancelled,C00100,Rahul,Nair,Jaipur
O002110,2023-09-15,Delivered,C00079,Pooja,Malhotra,Chennai
O000543,2023-09-15,Delivered,C00285,Aditya,Reddy,Hyderabad
O002617,2023-09-16,Delivered,C00397,Sneha,Joshi,Delhi
O001547,2023-09-16,Delivered,C00194,Tara,Das,Hyderabad
O001250,2023-09-16,Delivered,C00205,Rahul,Kapoor,Bhubaneswar
O000927,2023-09-16,Shipped,C00108,Kabir,Patel,Chennai
O002333,2023-09-17,Shipped,C00286,Vihaan,Das,Delhi
O002432,2023-09-17,Delivered,C00233,Priya,Gupta,Bengaluru
O001907,2023-09-17,Delivered,C00145,Nikhil,Malhotra,Ahmedabad
O001766,2023-09-17,Delivered,C00213,Aarav,Nair,Kolkata
O002234,2023-09-18,Cancelled,C00067,Anaya,Iyer,Ahmedabad
O002813,2023-09-18,Cancelled,C00380,Riya,Nair,Bengaluru
O002100,2023-09-19,Delivered,C00223,Rohan,Malhotra,Chennai
O002170,2023-09-19,Cancelled,C00290,Vihaan,Rao,Jaipur
O000656,2023-09-20,Delivered,C00246,Diya,Das,Bengaluru
O000735,2023-09-20,Delivered,C00101,Karan,Nair,Delhi
O001851,2023-09-20,Delivered,C00076,Arjun,Verma,Delhi
O002171,2023-09-20,Cancelled,C00258,Kabir,Gupta,Jaipur
O000721,2023-09-21,Cancelled,C00100,Rahul,Nair,Jaipur
O002931,2023-09-21,Returned,C00094,Nikhil,Reddy,Bengaluru
O002757,2023-09-21,Delivered,C00376,Karan,Chatterjee,Jaipur
O002430,2023-09-21,Placed,C00336,Tara,Gupta,Delhi
O001969,2023-09-22,Delivered,C00268,Pooja,Reddy,Delhi
O002104,2023-09-22,Delivered,C00391,Meera,Mehta,Kolkata
O001652,2023-09-22,Returned,C00394,Riya,Patel,Bhubaneswar
O001061,2023-09-22,Cancelled,C00312,Dev,Gupta,Bengaluru
O001326,2023-09-22,Delivered,C00047,Aditya,Singh,Bhubaneswar
O001001,2023-09-24,Delivered,C00165,Aarav,Sharma,Bengaluru
O002887,2023-09-24,Delivered,C00046,Sneha,Patel,Pune
O000669,2023-09-24,Delivered,C00203,Diya,Nair,Jaipur
O001922,2023-09-24,Delivered,C00134,Sara,Joshi,Chennai
O000012,2023-09-25,Delivered,C00013,Dev,Malhotra,Jaipur
O002406,2023-09-25,Returned,C00385,Arjun,Gupta,Mumbai
O001756,2023-09-25,Delivered,C00281,Diya,Das,Chennai
O002800,2023-09-25,Placed,C00160,Isha,Iyer,Jaipur
O002738,2023-09-25,Shipped,C00215,Aditya,Sharma,Chennai
O001847,2023-09-25,Shipped,C00247,Rahul,Patel,Bengaluru
O002814,2023-09-25,Delivered,C00003,Aarav,Mehta,Ahmedabad
O001406,2023-09-26,Placed,C00184,Aarav,Patel,Mumbai
O001468,2023-09-26,Shipped,C00153,Arjun,Patel,Pune
O002030,2023-09-26,Delivered,C00394,Riya,Patel,Bhubaneswar
O002756,2023-09-26,Delivered,C00064,Dev,Mehta,Ahmedabad
O001721,2023-09-26,Placed,C00197,Sara,Nair,Delhi
O002431,2023-09-27,Delivered,C00037,Sneha,Sharma,Jaipur
O002569,2023-09-27,Delivered,C00113,Sara,Gupta,Delhi
O001324,2023-09-28,Delivered,C00291,Vihaan,Patel,Jaipur
O002958,2023-09-28,Cancelled,C00117,Vihaan,Mehta,Chennai
O002858,2023-09-28,Shipped,C00063,Arjun,Reddy,Pune
O002198,2023-09-28,Placed,C00165,Aarav,Sharma,Bengaluru
O001559,2023-09-28,Delivered,C00353,Karan,Reddy,Chennai
O000175,2023-09-29,Delivered,C00094,Nikhil,Reddy,Bengaluru
O002045,2023-09-29,Delivered,C00364,Rohan,Nair,Delhi
O002287,2023-09-29,Delivered,C00235,Nikhil,Rao,Kolkata
O002914,2023-09-29,Shipped,C00328,Karan,Kapoor,Delhi
O000776,2023-09-30,Delivered,C00369,Dev,Gupta,Jaipur
O001031,2023-09-30,Delivered,C00141,Nikhil,Patel,Bhubaneswar
O001236,2023-09-30,Delivered,C00190,Aditya,Kapoor,Delhi
O001972,2023-09-30,Returned,C00381,Anaya,Sharma,Mumbai
O002622,2023-09-30,Cancelled,C00109,Pooja,Das,Kolkata
O000024,2023-10-01,Returned,C00371,Nikhil,Chatterjee,Kolkata
O000239,2023-10-01,Delivered,C00320,Diya,Reddy,Bhubaneswar
O000851,2023-10-01,Shipped,C00070,Tara,Iyer,Bengaluru
O001492,2023-10-01,Delivered,C00300,Anaya,Das,Chennai
O000273,2023-10-02,Delivered,C00145,Nikhil,Malhotra,Ahmedabad
O002665,2023-10-02,Shipped,C00295,Sara,Mehta,Bhubaneswar
O001113,2023-10-02,Delivered,C00243,Priya,Das,Bengaluru
O002493,2023-10-02,Delivered,C00044,Sneha,Rao,Bhubaneswar
O000620,2023-10-03,Delivered,C00012,Vihaan,Verma,Kolkata
O002128,2023-10-03,Delivered,C00362,Sara,Das,Pune
O000125,2023-10-04,Shipped,C00366,Dev,Chatterjee,Ahmedabad
O002824,2023-10-04,Delivered,C00075,Karan,Nair,Mumbai
O000589,2023-10-04,Placed,C00071,Nikhil,Patel,Kolkata
O001188,2023-10-04,Delivered,C00322,Pooja,Chatterjee,Jaipur
O000547,2023-10-05,Shipped,C00044,Sneha,Rao,Bhubaneswar
O002643,2023-10-06,Delivered,C00068,Rohan,Singh,Kolkata
O000841,2023-10-06,Cancelled,C00249,Nikhil,Iyer,Mumbai
O000242,2023-10-07,Delivered,C00142,Anaya,Nair,Mumbai
O000777,2023-10-07,Delivered,C00084,Riya,Sharma,Bengaluru
O002105,2023-10-07,Delivered,C00178,Rohan,Verma,Mumbai
O002330,2023-10-07,Delivered,C00116,Pooja,Rao,Chennai
O002095,2023-10-08,Placed,C00194,Tara,Das,Hyderabad
O001754,2023-10-08,Delivered,C00377,Sneha,Das,Ahmedabad
O002382,2023-10-08,Delivered,C00297,Anaya,Das,Jaipur
O002070,2023-10-09,Delivered,C00320,Diya,Reddy,Bhubaneswar
O002359,2023-10-09,Shipped,C00136,Karan,Joshi,Mumbai
O001589,2023-10-09,Cancelled,C00190,Aditya,Kapoor,Delhi
O000091,2023-10-10,Shipped,C00066,Rohan,Gupta,Delhi
O000119,2023-10-10,Delivered,C00399,Sara,Iyer,Mumbai
O002157,2023-10-10,Delivered,C00090,Anaya,Joshi,Bhubaneswar
O000701,2023-10-10,Delivered,C00122,Karan,Reddy,Jaipur
O000511,2023-10-10,Delivered,C00103,Aditya,Das,Mumbai
O000830,2023-10-11,Delivered,C00046,Sneha,Patel,Pune
O001137,2023-10-11,Shipped,C00128,Isha,Singh,Pune
O001174,2023-10-11,Placed,C00055,Arjun,Joshi,Delhi
O002194,2023-10-11,Returned,C00124,Aditya,Joshi,Delhi
O000225,2023-10-12,Delivered,C00084,Riya,Sharma,Bengaluru
O001913,2023-10-12,Shipped,C00071,Nikhil,Patel,Kolkata
O001493,2023-10-12,Delivered,C00318,Isha,Sharma,Bengaluru
O001135,2023-10-12,Delivered,C00024,Pooja,Reddy,Pune
O002730,2023-10-12,Delivered,C00365,Nikhil,Verma,Ahmedabad
O000813,2023-10-13,Delivered,C00011,Sara,Kapoor,Chennai
O002819,2023-10-13,Cancelled,C00288,Sneha,Malhotra,Chennai
O001405,2023-10-13,Delivered,C00108,Kabir,Patel,Chennai
O002390,2023-10-14,Shipped,C00235,Nikhil,Rao,Kolkata
O002047,2023-10-14,Delivered,C00229,Nikhil,Verma,Ahmedabad
O001064,2023-10-15,Placed,C00051,Priya,Malhotra,Hyderabad
O002360,2023-10-15,Delivered,C00349,Aditya,Malhotra,Kolkata
O002828,2023-10-15,Delivered,C00330,Sneha,Iyer,Bhubaneswar
O000821,2023-10-15,Delivered,C00333,Dev,Singh,Kolkata
O002304,2023-10-16,Delivered,C00156,Dev,Sharma,Pune
O001126,2023-10-16,Returned,C00080,Karan,Kapoor,Ahmedabad
O000032,2023-10-17,Cancelled,C00229,Nikhil,Verma,Ahmedabad
O000563,2023-10-17,Placed,C00012,Vihaan,Verma,Kolkata
O002081,2023-10-17,Delivered,C00227,Vihaan,Iyer,Bengaluru
O000172,2023-10-18,Shipped,C00344,Isha,Malhotra,Pune
O000303,2023-10-18,Shipped,C00063,Arjun,Reddy,Pune
O000349,2023-10-18,Shipped,C00385,Arjun,Gupta,Mumbai
O002041,2023-10-18,Delivered,C00249,Nikhil,Iyer,Mumbai
O000591,2023-10-19,Delivered,C00005,Karan,Verma,Bhubaneswar
O000635,2023-10-19,Placed,C00251,Priya,Rao,Mumbai
O002055,2023-10-19,Delivered,C00123,Diya,Singh,Chennai
O001751,2023-10-19,Delivered,C00324,Tara,Mehta,Jaipur
O001699,2023-10-20,Delivered,C00389,Karan,Verma,Jaipur
O000246,2023-10-21,Shipped,C00298,Aditya,Singh,Hyderabad
O002318,2023-10-21,Delivered,C00223,Rohan,Malhotra,Chennai
O002867,2023-10-21,Delivered,C00178,Rohan,Verma,Mumbai
O002896,2023-10-21,Delivered,C00150,Sara,Kapoor,Mumbai
O002959,2023-10-21,Cancelled,C00349,Aditya,Malhotra,Kolkata
O000636,2023-10-22,Cancelled,C00009,Priya,Nair,Ahmedabad
O002295,2023-10-22,Delivered,C00164,Vihaan,Iyer,Ahmedabad
O001334,2023-10-22,Cancelled,C00020,Pooja,Iyer,Jaipur
O002625,2023-10-23,Delivered,C00290,Vihaan,Rao,Jaipur
O000949,2023-10-24,Delivered,C00194,Tara,Das,Hyderabad
O001215,2023-10-24,Delivered,C00341,Nikhil,Nair,Kolkata
O000533,2023-10-24,Delivered,C00168,Isha,Kapoor,Ahmedabad
O000597,2023-10-25,Delivered,C00348,Rohan,Singh,Bengaluru
O002725,2023-10-25,Shipped,C00133,Sneha,Reddy,Chennai
O001948,2023-10-25,Delivered,C00090,Anaya,Joshi,Bhubaneswar
O000204,2023-10-26,Placed,C00039,Dev,Verma,Chennai
O002873,2023-10-26,Delivered,C00303,Karan,Gupta,Delhi
O001276,2023-10-26,Delivered,C00234,Rahul,Rao,Mumbai
O001307,2023-10-26,Cancelled,C00023,Sneha,Chatterjee,Jaipur
O001211,2023-10-26,Delivered,C00331,Arjun,Malhotra,Delhi
O000582,2023-10-27,Delivered,C00367,Kabir,Gupta,Mumbai
O001243,2023-10-27,Delivered,C00111,Arjun,Kapoor,Jaipur
O000408,2023-10-28,Delivered,C00097,Karan,Gupta,Bengaluru
O002112,2023-10-28,Cancelled,C00231,Tara,Patel,Jaipur
O002218,2023-10-28,Returned,C00099,Nikhil,Chatterjee,Pune
O002608,2023-10-28,Placed,C00210,Kabir,Nair,Chennai
O000342,2023-10-29,Delivered,C00139,Dev,Nair,Delhi
O002248,2023-10-29,Delivered,C00318,Isha,Sharma,Bengaluru
O002953,2023-10-29,Delivered,C00214,Arjun,Iyer,Jaipur
O002263,2023-10-29,Delivered,C00368,Dev,Nair,Hyderabad
O000615,2023-10-30,Delivered,C00051,Priya,Malhotra,Hyderabad
O001979,2023-10-30,Delivered,C00342,Aarav,Sharma,Pune
O002954,2023-10-30,Returned,C00263,Pooja,Kapoor,Pune
O000467,2023-10-30,Placed,C00321,Kabir,Mehta,Ahmedabad
O000804,2023-10-30,Shipped,C00069,Dev,Iyer,Bengaluru
O002786,2023-10-30,Delivered,C00328,Karan,Kapoor,Delhi
O002178,2023-10-30,Shipped,C00335,Rahul,Joshi,Ahmedabad
O001223,2023-10-31,Delivered,C00183,Pooja,Kapoor,Pune
O002296,2023-10-31,Cancelled,C00287,Anaya,Chatterjee,Hyderabad
O002373,2023-10-31,Returned,C00189,Aditya,Verma,Kolkata
O001742,2023-10-31,Cancelled,C00321,Kabir,Mehta,Ahmedabad
O001868,2023-10-31,Delivered,C00201,Karan,Joshi,Pune
O000695,2023-10-31,Cancelled,C00076,Arjun,Verma,Delhi
O001204,2023-10-31,Placed,C00229,Nikhil,Verma,Ahmedabad
O001494,2023-10-31,Shipped,C00032,Tara,Patel,Jaipur
O002286,2023-10-31,Shipped,C00327,Sneha,Reddy,Delhi
O000631,2023-11-01,Placed,C00228,Anaya,Iyer,Ahmedabad
O002232,2023-11-01,Delivered,C00361,Dev,Sharma,Jaipur
O002933,2023-11-01,Delivered,C00197,Sara,Nair,Delhi
O002329,2023-11-01,Placed,C00046,Sneha,Patel,Pune
O000134,2023-11-02,Returned,C00316,Sara,Joshi,Jaipur
O001240,2023-11-02,Delivered,C00294,Anaya,Nair,Ahmedabad
O001600,2023-11-02,Cancelled,C00082,Kabir,Joshi,Kolkata
O000344,2023-11-03,Cancelled,C00220,Aditya,Reddy,Bhubaneswar
O000912,2023-11-03,Shipped,C00286,Vihaan,Das,Delhi
O002228,2023-11-03,Delivered,C00108,Kabir,Patel,Chennai
O002893,2023-11-03,Cancelled,C00162,Vihaan,Sharma,Hyderabad
O000139,2023-11-04,Delivered,C00270,Dev,Mehta,Pune
O000372,2023-11-04,Delivered,C00139,Dev,Nair,Delhi
O000856,2023-11-04,Returned,C00037,Sneha,Sharma,Jaipur
O001258,2023-11-04,Delivered,C00327,Sneha,Reddy,Delhi
O002594,2023-11-04,Delivered,C00211,Kabir,Das,Hyderabad
O002598,2023-11-04,Returned,C00246,Diya,Das,Bengaluru
O000254,2023-11-05,Returned,C00351,Karan,Sharma,Chennai
O001153,2023-11-05,Cancelled,C00073,Riya,Singh,Jaipur
O002551,2023-11-05,Delivered,C00328,Karan,Kapoor,Delhi
O001052,2023-11-06,Shipped,C00214,Arjun,Iyer,Jaipur
O002195,2023-11-06,Delivered,C00234,Rahul,Rao,Mumbai
O001878,2023-11-06,Delivered,C00223,Rohan,Malhotra,Chennai
O002120,2023-11-06,Shipped,C00264,Riya,Iyer,Mumbai
O001503,2023-11-06,Placed,C00268,Pooja,Reddy,Delhi
O001143,2023-11-07,Delivered,C00068,Rohan,Singh,Kolkata
O001953,2023-11-07,Delivered,C00242,Anaya,Singh,Bhubaneswar
O000816,2023-11-07,Delivered,C00220,Aditya,Reddy,Bhubaneswar
O002838,2023-11-07,Delivered,C00134,Sara,Joshi,Chennai
O002466,2023-11-08,Returned,C00105,Anaya,Rao,Bhubaneswar
O000416,2023-11-09,Delivered,C00336,Tara,Gupta,Delhi
O002793,2023-11-09,Delivered,C00259,Anaya,Joshi,Pune
O001293,2023-11-09,Delivered,C00115,Sara,Kapoor,Pune
O001151,2023-11-10,Placed,C00255,Tara,Chatterjee,Kolkata
O002103,2023-11-11,Cancelled,C00258,Kabir,Gupta,Jaipur
O001929,2023-11-11,Returned,C00061,Priya,Reddy,Pune
O001625,2023-11-11,Delivered,C00028,Aditya,Iyer,Ahmedabad
O001779,2023-11-11,Cancelled,C00331,Arjun,Malhotra,Delhi
O002211,2023-11-12,Shipped,C00202,Vihaan,Das,Bhubaneswar
O002369,2023-11-12,Delivered,C00384,Aarav,Rao,Delhi
O000253,2023-11-13,Returned,C00002,Rohan,Das,Ahmedabad
O002012,2023-11-13,Returned,C00364,Rohan,Nair,Delhi
O002208,2023-11-13,Delivered,C00265,Nikhil,Reddy,Hyderabad
O002376,2023-11-13,Shipped,C00195,Meera,Chatterjee,Bengaluru
O000520,2023-11-13,Placed,C00339,Diya,Mehta,Bhubaneswar
O002425,2023-11-14,Delivered,C00101,Karan,Nair,Delhi
O000888,2023-11-15,Delivered,C00339,Diya,Mehta,Bhubaneswar
O000941,2023-11-15,Placed,C00184,Aarav,Patel,Mumbai
O000959,2023-11-15,Delivered,C00047,Aditya,Singh,Bhubaneswar
O001063,2023-11-15,Shipped,C00001,Isha,Sharma,Jaipur
O002334,2023-11-15,Delivered,C00069,Dev,Iyer,Bengaluru
O002398,2023-11-15,Delivered,C00317,Tara,Mehta,Delhi
O000089,2023-11-16,Shipped,C00057,Priya,Kapoor,Bhubaneswar
O000724,2023-11-16,Shipped,C00295,Sara,Mehta,Bhubaneswar
O002065,2023-11-16,Delivered,C00028,Aditya,Iyer,Ahmedabad
O002278,2023-11-16,Delivered,C00154,Riya,Chatterjee,Mumbai
O002553,2023-11-16,Cancelled,C00156,Dev,Sharma,Pune
O002928,2023-11-16,Delivered,C00091,Priya,Mehta,Chennai
O002614,2023-11-16,Placed,C00384,Aarav,Rao,Delhi
O002199,2023-11-16,Shipped,C00378,Aditya,Patel,Bengaluru
O001306,2023-11-16,Delivered,C00150,Sara,Kapoor,Mumbai
O000026,2023-11-17,Placed,C00335,Rahul,Joshi,Ahmedabad
O000507,2023-11-17,Delivered,C00043,Vihaan,Patel,Kolkata
O001296,2023-11-17,Placed,C00400,Pooja,Patel,Pune
O000551,2023-11-18,Delivered,C00154,Riya,Chatterjee,Mumbai
O000714,2023-11-18,Cancelled,C00238,Priya,Joshi,Chennai
O001197,2023-11-18,Delivered,C00038,Meera,Sharma,Delhi
O000574,2023-11-18,Delivered,C00041,Sara,Gupta,Bengaluru
O001172,2023-11-19,Cancelled,C00198,Priya,Nair,Mumbai
O001686,2023-11-19,Delivered,C00099,Nikhil,Chatterjee,Pune
O002536,2023-11-19,Shipped,C00279,Aarav,Nair,Bhubaneswar
O002918,2023-11-19,Returned,C00063,Arjun,Reddy,Pune
O000141,2023-11-20,Delivered,C00251,Priya,Rao,Mumbai
O002362,2023-11-20,Placed,C00301,Aditya,Nair,Kolkata
O001726,2023-11-20,Returned,C00141,Nikhil,Patel,Bhubaneswar
O000208,2023-11-21,Shipped,C00188,Vihaan,Singh,Delhi
O000501,2023-11-21,Delivered,C00127,Sara,Rao,Delhi
O000472,2023-11-21,Returned,C00194,Tara,Das,Hyderabad
O000477,2023-11-21,Shipped,C00347,Dev,Reddy,Mumbai
O002378,2023-11-21,Returned,C00072,Pooja,Joshi,Mumbai
O002770,2023-11-22,Cancelled,C00336,Tara,Gupta,Delhi
O001671,2023-11-22,Delivered,C00332,Pooja,Rao,Pune
O001705,2023-11-22,Placed,C00127,Sara,Rao,Delhi
O000146,2023-11-23,Delivered,C00323,Sara,Reddy,Mumbai
O001844,2023-11-23,Returned,C00383,Sara,Chatterjee,Chennai
O002740,2023-11-23,Delivered,C00343,Sneha,Gupta,Mumbai
O001084,2023-11-23,Shipped,C00285,Aditya,Reddy,Hyderabad
O000713,2023-11-24,Delivered,C00187,Rahul,Das,Bengaluru
O001283,2023-11-24,Shipped,C00390,Dev,Reddy,Jaipur
O002919,2023-11-24,Cancelled,C00328,Karan,Kapoor,Delhi
O002721,2023-11-24,Delivered,C00151,Isha,Malhotra,Ahmedabad
O002527,2023-11-24,Cancelled,C00301,Aditya,Nair,Kolkata
O002539,2023-11-24,Returned,C00222,Anaya,Verma,Chennai
O002591,2023-11-24,Delivered,C00356,Sneha,Reddy,Ahmedabad
O000727,2023-11-25,Delivered,C00284,Riya,Joshi,Kolkata
O000825,2023-11-25,Delivered,C00210,Kabir,Nair,Chennai
O001010,2023-11-25,Delivered,C00279,Aarav,Nair,Bhubaneswar
O001390,2023-11-25,Delivered,C00181,Arjun,Patel,Jaipur
O002976,2023-11-25,Cancelled,C00068,Rohan,Singh,Kolkata
O002833,2023-11-25,Delivered,C00273,Rahul,Mehta,Kolkata
O001994,2023-11-25,Delivered,C00398,Anaya,Joshi,Bengaluru
O002817,2023-11-25,Shipped,C00163,Isha,Kapoor,Chennai
O000919,2023-11-26,Shipped,C00394,Riya,Patel,Bhubaneswar
O000431,2023-11-26,Delivered,C00203,Diya,Nair,Jaipur
O000498,2023-11-26,Delivered,C00242,Anaya,Singh,Bhubaneswar
O002960,2023-11-27,Delivered,C00163,Isha,Kapoor,Chennai
O000112,2023-11-28,Placed,C00196,Sara,Reddy,Hyderabad
O000270,2023-11-28,Placed,C00222,Anaya,Verma,Chennai
O000590,2023-11-28,Delivered,C00116,Pooja,Rao,Chennai
O002874,2023-11-28,Delivered,C00211,Kabir,Das,Hyderabad
O001579,2023-11-28,Placed,C00134,Sara,Joshi,Chennai
O001545,2023-11-28,Returned,C00059,Tara,Nair,Ahmedabad
O002597,2023-11-28,Shipped,C00254,Pooja,Malhotra,Jaipur
O002802,2023-11-28,Cancelled,C00011,Sara,Kapoor,Chennai
O000769,2023-11-29,Delivered,C00166,Sneha,Iyer,Mumbai
O001110,2023-11-29,Placed,C00264,Riya,Iyer,Mumbai
O001863,2023-11-29,Cancelled,C00230,Sara,Rao,Ahmedabad
O000191,2023-11-30,Placed,C00271,Riya,Das,Chennai
O001398,2023-11-30,Delivered,C00279,Aarav,Nair,Bhubaneswar
O001429,2023-11-30,Delivered,C00085,Diya,Chatterjee,Delhi
O000955,2023-11-30,Cancelled,C00257,Meera,Chatterjee,Jaipur
O001757,2023-11-30,Delivered,C00369,Dev,Gupta,Jaipur
O000357,2023-12-01,Delivered,C00035,Dev,Sharma,Chennai
O002836,2023-12-01,Returned,C00254,Pooja,Malhotra,Jaipur
O001816,2023-12-01,Delivered,C00192,Meera,Patel,Hyderabad
O000859,2023-12-01,Delivered,C00293,Kabir,Sharma,Delhi
O000228,2023-12-02,Shipped,C00139,Dev,Nair,Delhi
O000938,2023-12-02,Placed,C00204,Dev,Singh,Kolkata
O002908,2023-12-02,Delivered,C00275,Sneha,Nair,Bhubaneswar
O001813,2023-12-02,Delivered,C00281,Diya,Das,Chennai
O001501,2023-12-02,Cancelled,C00217,Tara,Nair,Kolkata
O002525,2023-12-02,Shipped,C00126,Sneha,Patel,Ahmedabad
O002888,2023-12-03,Shipped,C00194,Tara,Das,Hyderabad
O001738,2023-12-03,Returned,C00309,Rahul,Mehta,Delhi
O002965,2023-12-03,Delivered,C00372,Kabir,Kapoor,Chennai
O000177,2023-12-04,Delivered,C00140,Anaya,Iyer,Bengaluru
O001354,2023-12-04,Shipped,C00357,Anaya,Chatterjee,Mumbai
O002005,2023-12-04,Delivered,C00204,Dev,Singh,Kolkata
O001246,2023-12-04,Delivered,C00395,Vihaan,Iyer,Kolkata
O000855,2023-12-05,Delivered,C00317,Tara,Mehta,Delhi
O000975,2023-12-05,Returned,C00136,Karan,Joshi,Mumbai
O002069,2023-12-05,Delivered,C00316,Sara,Joshi,Jaipur
O002266,2023-12-05,Delivered,C00014,Sneha,Gupta,Mumbai
O000367,2023-12-06,Shipped,C00117,Vihaan,Mehta,Chennai
O000750,2023-12-06,Delivered,C00263,Pooja,Kapoor,Pune
O001986,2023-12-06,Placed,C00355,Karan,Sharma,Hyderabad
O001995,2023-12-06,Delivered,C00063,Arjun,Reddy,Pune
O000870,2023-12-07,Cancelled,C00338,Nikhil,Patel,Jaipur
O002810,2023-12-07,Shipped,C00328,Karan,Kapoor,Delhi
O001505,2023-12-07,Delivered,C00337,Riya,Mehta,Kolkata
O000178,2023-12-08,Delivered,C00296,Dev,Chatterjee,Bhubaneswar
O001062,2023-12-09,Delivered,C00105,Anaya,Rao,Bhubaneswar
O002122,2023-12-09,Shipped,C00353,Karan,Reddy,Chennai
O002982,2023-12-09,Cancelled,C00164,Vihaan,Iyer,Ahmedabad
O001919,2023-12-09,Delivered,C00311,Tara,Singh,Bhubaneswar
O002465,2023-12-09,Delivered,C00379,Isha,Joshi,Jaipur
O001905,2023-12-09,Shipped,C00207,Nikhil,Mehta,Chennai
O000943,2023-12-10,Delivered,C00127,Sara,Rao,Delhi
O001584,2023-12-10,Delivered,C00139,Dev,Nair,Delhi
O001661,2023-12-10,Placed,C00367,Kabir,Gupta,Mumbai
O001695,2023-12-10,Delivered,C00116,Pooja,Rao,Chennai
O002662,2023-12-10,Shipped,C00196,Sara,Reddy,Hyderabad
O002053,2023-12-10,Delivered,C00364,Rohan,Nair,Delhi
O001744,2023-12-11,Returned,C00194,Tara,Das,Hyderabad
O002755,2023-12-11,Placed,C00024,Pooja,Reddy,Pune
O000171,2023-12-12,Delivered,C00361,Dev,Sharma,Jaipur
O000993,2023-12-12,Delivered,C00161,Tara,Das,Chennai
O001378,2023-12-12,Delivered,C00346,Sara,Gupta,Bengaluru
O001171,2023-12-12,Delivered,C00255,Tara,Chatterjee,Kolkata
O002096,2023-12-12,Delivered,C00118,Karan,Das,Ahmedabad
O000292,2023-12-13,Delivered,C00281,Diya,Das,Chennai
O000336,2023-12-13,Delivered,C00271,Riya,Das,Chennai
O001069,2023-12-13,Cancelled,C00088,Anaya,Verma,Chennai
O002058,2023-12-13,Placed,C00051,Priya,Malhotra,Hyderabad
O002158,2023-12-13,Returned,C00073,Riya,Singh,Jaipur
O001564,2023-12-13,Placed,C00258,Kabir,Gupta,Jaipur
O000420,2023-12-13,Cancelled,C00030,Priya,Reddy,Bengaluru
O001132,2023-12-14,Delivered,C00047,Aditya,Singh,Bhubaneswar
O001780,2023-12-14,Delivered,C00399,Sara,Iyer,Mumbai
O001701,2023-12-14,Cancelled,C00089,Dev,Rao,Bengaluru
O001060,2023-12-15,Cancelled,C00398,Anaya,Joshi,Bengaluru
O001341,2023-12-15,Delivered,C00072,Pooja,Joshi,Mumbai
O000761,2023-12-16,Placed,C00121,Rohan,Singh,Mumbai
O001875,2023-12-16,Delivered,C00224,Aditya,Nair,Hyderabad
O002590,2023-12-16,Cancelled,C00291,Vihaan,Patel,Jaipur
O000691,2023-12-17,Delivered,C00198,Priya,Nair,Mumbai
O001098,2023-12-17,Delivered,C00143,Meera,Patel,Kolkata
O002213,2023-12-17,Shipped,C00024,Pooja,Reddy,Pune
O002897,2023-12-17,Delivered,C00299,Meera,Rao,Hyderabad
O002998,2023-12-17,Delivered,C00069,Dev,Iyer,Bengaluru
O002445,2023-12-18,Delivered,C00125,Aditya,Nair,Pune
O000784,2023-12-18,Delivered,C00278,Rahul,Nair,Kolkata
O000492,2023-12-18,Delivered,C00378,Aditya,Patel,Bengaluru
O000082,2023-12-19,Delivered,C00035,Dev,Sharma,Chennai
O000283,2023-12-19,Shipped,C00189,Aditya,Verma,Kolkata
O000705,2023-12-19,Returned,C00235,Nikhil,Rao,Kolkata
O002676,2023-12-19,Delivered,C00143,Meera,Patel,Kolkata
O000924,2023-12-20,Delivered,C00261,Meera,Kapoor,Bhubaneswar
O001858,2023-12-20,Placed,C00161,Tara,Das,Chennai
O001170,2023-12-21,Returned,C00277,Aditya,Patel,Pune
O001453,2023-12-21,Delivered,C00373,Rohan,Singh,Chennai
O002447,2023-12-21,Returned,C00015,Aditya,Singh,Chennai
O002765,2023-12-21,Cancelled,C00380,Riya,Nair,Bengaluru
O002811,2023-12-21,Cancelled,C00350,Vihaan,Sharma,Mumbai
O000353,2023-12-22,Delivered,C00274,Sneha,Gupta,Hyderabad
O002400,2023-12-22,Shipped,C00214,Arjun,Iyer,Jaipur
O000900,2023-12-23,Delivered,C00006,Nikhil,Mehta,Ahmedabad
O000992,2023-12-23,Shipped,C00264,Riya,Iyer,Mumbai
O000836,2023-12-23,Delivered,C00351,Karan,Sharma,Chennai
O000030,2023-12-24,Cancelled,C00159,Tara,Verma,Bengaluru
O001181,2023-12-24,Cancelled,C00181,Arjun,Patel,Jaipur
O002735,2023-12-24,Delivered,C00389,Karan,Verma,Jaipur
O002693,2023-12-24,Delivered,C00334,Nikhil,Verma,Bhubaneswar
O001165,2023-12-25,Delivered,C00132,Rahul,Kapoor,Jaipur
O002480,2023-12-25,Delivered,C00010,Meera,Mehta,Jaipur
O000314,2023-12-26,Shipped,C00111,Arjun,Kapoor,Jaipur
O001329,2023-12-26,Returned,C00359,Isha,Patel,Chennai
O001687,2023-12-26,Delivered,C00215,Aditya,Sharma,Chennai
O001763,2023-12-26,Placed,C00045,Sneha,Gupta,Bengaluru
O001591,2023-12-26,Shipped,C00345,Priya,Gupta,Delhi
O000023,2023-12-27,Delivered,C00394,Riya,Patel,Bhubaneswar
O000341,2023-12-27,Delivered,C00097,Karan,Gupta,Bengaluru
O001452,2023-12-27,Shipped,C00150,Sara,Kapoor,Mumbai
O002899,2023-12-27,Shipped,C00255,Tara,Chatterjee,Kolkata
O001728,2023-12-27,Cancelled,C00096,Karan,Sharma,Pune
O002864,2023-12-27,Delivered,C00148,Aarav,Joshi,Bhubaneswar
O001918,2023-12-27,Delivered,C00238,Priya,Joshi,Chennai
O000065,2023-12-28,Delivered,C00278,Rahul,Nair,Kolkata
O001303,2023-12-28,Placed,C00393,Aditya,Kapoor,Kolkata
O001978,2023-12-28,Delivered,C00012,Vihaan,Verma,Kolkata
O002074,2023-12-28,Delivered,C00022,Sara,Sharma,Bengaluru
O000517,2023-12-28,Delivered,C00121,Rohan,Singh,Mumbai
O002558,2023-12-28,Delivered,C00218,Sara,Mehta,Delhi
O000693,2023-12-29,Delivered,C00177,Isha,Nair,Kolkata
O001167,2023-12-29,Cancelled,C00303,Karan,Gupta,Delhi
O002886,2023-12-29,Placed,C00176,Arjun,Reddy,Chennai
O002385,2023-12-29,Delivered,C00290,Vihaan,Rao,Jaipur
O000883,2023-12-30,Returned,C00352,Rohan,Gupta,Jaipur
O001212,2023-12-30,Delivered,C00337,Riya,Mehta,Kolkata
O002153,2023-12-30,Delivered,C00064,Dev,Mehta,Ahmedabad
O002859,2023-12-30,Delivered,C00054,Vihaan,Patel,Delhi
O001340,2023-12-30,Returned,C00027,Rohan,Rao,Bengaluru
O002134,2023-12-30,Shipped,C00323,Sara,Reddy,Mumbai
O000677,2023-12-30,Shipped,C00085,Diya,Chatterjee,Delhi
O001125,2023-12-31,Placed,C00191,Anaya,Iyer,Chennai
O001262,2023-12-31,Delivered,C00222,Anaya,Verma,Chennai
O000462,2023-12-31,Delivered,C00344,Isha,Malhotra,Pune
O002745,2023-12-31,Placed,C00284,Riya,Joshi,Kolkata
O000861,2024-01-01,Placed,C00140,Anaya,Iyer,Bengaluru
O001996,2024-01-01,Delivered,C00388,Pooja,Patel,Mumbai
O000102,2024-01-02,Delivered,C00288,Sneha,Malhotra,Chennai
O001389,2024-01-02,Returned,C00397,Sneha,Joshi,Delhi
O002419,2024-01-02,Delivered,C00134,Sara,Joshi,Chennai
O002898,2024-01-02,Cancelled,C00104,Anaya,Sharma,Jaipur
O001668,2024-01-02,Placed,C00180,Tara,Joshi,Jaipur
O000196,2024-01-03,Shipped,C00071,Nikhil,Patel,Kolkata
O001606,2024-01-03,Returned,C00365,Nikhil,Verma,Ahmedabad
O002781,2024-01-04,Delivered,C00391,Meera,Mehta,Kolkata
O002202,2024-01-04,Delivered,C00354,Sara,Joshi,Chennai
O001866,2024-01-04,Delivered,C00328,Karan,Kapoor,Delhi
O000090,2024-01-05,Cancelled,C00177,Isha,Nair,Kolkata
O001883,2024-01-05,Delivered,C00380,Riya,Nair,Bengaluru
O001514,2024-01-05,Delivered,C00021,Aarav,Das,Pune
O000980,2024-01-05,Delivered,C00372,Kabir,Kapoor,Chennai
O000876,2024-01-06,Delivered,C00018,Anaya,Reddy,Pune
O002574,2024-01-06,Delivered,C00164,Vihaan,Iyer,Ahmedabad
O002034,2024-01-06,Delivered,C00294,Anaya,Nair,Ahmedabad
O001507,2024-01-07,Delivered,C00201,Karan,Joshi,Pune
O000077,2024-01-07,Delivered,C00241,Pooja,Joshi,Pune
O002892,2024-01-07,Delivered,C00376,Karan,Chatterjee,Jaipur
O002894,2024-01-07,Delivered,C00271,Riya,Das,Chennai
O000044,2024-01-08,Placed,C00280,Pooja,Singh,Delhi
O000097,2024-01-08,Shipped,C00169,Karan,Sharma,Bengaluru
O000240,2024-01-08,Shipped,C00354,Sara,Joshi,Chennai
O000745,2024-01-08,Delivered,C00252,Priya,Mehta,Kolkata
O002210,2024-01-08,Placed,C00137,Tara,Joshi,Hyderabad
O002571,2024-01-09,Delivered,C00317,Tara,Mehta,Delhi
O000951,2024-01-10,Delivered,C00238,Priya,Joshi,Chennai
O001149,2024-01-10,Delivered,C00161,Tara,Das,Chennai
O002944,2024-01-10,Delivered,C00393,Aditya,Kapoor,Kolkata
O002656,2024-01-10,Cancelled,C00121,Rohan,Singh,Mumbai
O003000,2024-01-10,Delivered,C00139,Dev,Nair,Delhi
O000552,2024-01-11,Delivered,C00075,Karan,Nair,Mumbai
O002744,2024-01-11,Delivered,C00070,Tara,Iyer,Bengaluru
O002472,2024-01-11,Placed,C00399,Sara,Iyer,Mumbai
O002076,2024-01-11,Cancelled,C00372,Kabir,Kapoor,Chennai
O001743,2024-01-12,Delivered,C00010,Meera,Mehta,Jaipur
O002011,2024-01-12,Delivered,C00306,Kabir,Singh,Jaipur
O002603,2024-01-12,Placed,C00377,Sneha,Das,Ahmedabad
O002309,2024-01-13,Delivered,C00186,Aditya,Iyer,Hyderabad
O002697,2024-01-13,Delivered,C00117,Vihaan,Mehta,Chennai
O002273,2024-01-13,Placed,C00303,Karan,Gupta,Delhi
O000592,2024-01-14,Delivered,C00313,Sneha,Sharma,Mumbai
O002102,2024-01-14,Shipped,C00134,Sara,Joshi,Chennai
O001086,2024-01-14,Returned,C00343,Sneha,Gupta,Mumbai
O000264,2024-01-15,Returned,C00102,Karan,Verma,Ahmedabad
O001194,2024-01-15,Cancelled,C00342,Aarav,Sharma,Pune
O002963,2024-01-15,Delivered,C00048,Aarav,Nair,Jaipur
O001561,2024-01-15,Delivered,C00319,Isha,Das,Delhi
O001361,2024-01-15,Delivered,C00289,Priya,Chatterjee,Kolkata
O000068,2024-01-16,Delivered,C00003,Aarav,Mehta,Ahmedabad
O000087,2024-01-16,Delivered,C00396,Sneha,Mehta,Hyderabad
O001366,2024-01-16,Delivered,C00040,Rahul,Das,Hyderabad
O001593,2024-01-17,Delivered,C00067,Anaya,Iyer,Ahmedabad
O001533,2024-01-17,Delivered,C00294,Anaya,Nair,Ahmedabad
O001833,2024-01-17,Placed,C00236,Diya,Gupta,Pune
O001910,2024-01-17,Shipped,C00183,Pooja,Kapoor,Pune
O000792,2024-01-17,Delivered,C00334,Nikhil,Verma,Bhubaneswar
O000931,2024-01-18,Cancelled,C00077,Tara,Reddy,Kolkata
O001100,2024-01-18,Delivered,C00047,Aditya,Singh,Bhubaneswar
O001611,2024-01-18,Shipped,C00170,Rohan,Singh,Delhi
O001475,2024-01-18,Shipped,C00329,Diya,Gupta,Ahmedabad
O000346,2024-01-19,Delivered,C00069,Dev,Iyer,Bengaluru
O000373,2024-01-19,Delivered,C00399,Sara,Iyer,Mumbai
O000622,2024-01-19,Delivered,C00239,Dev,Rao,Kolkata
O001822,2024-01-19,Placed,C00005,Karan,Verma,Bhubaneswar
O002506,2024-01-19,Delivered,C00026,Sara,Verma,Bhubaneswar
O002783,2024-01-19,Delivered,C00271,Riya,Das,Chennai
O001769,2024-01-19,Delivered,C00026,Sara,Verma,Bhubaneswar
O000056,2024-01-20,Shipped,C00080,Karan,Kapoor,Ahmedabad
O000310,2024-01-20,Placed,C00094,Nikhil,Reddy,Bengaluru
O001318,2024-01-20,Delivered,C00165,Aarav,Sharma,Bengaluru
O002974,2024-01-20,Delivered,C00151,Isha,Malhotra,Ahmedabad
O001476,2024-01-20,Delivered,C00185,Rahul,Kapoor,Bengaluru
O000366,2024-01-20,Delivered,C00250,Rohan,Singh,Hyderabad
O001785,2024-01-20,Delivered,C00210,Kabir,Nair,Chennai
O001311,2024-01-21,Delivered,C00097,Karan,Gupta,Bengaluru
O001370,2024-01-21,Shipped,C00122,Karan,Reddy,Jaipur
O002057,2024-01-21,Delivered,C00076,Arjun,Verma,Delhi
O000542,2024-01-21,Delivered,C00393,Aditya,Kapoor,Kolkata
O000028,2024-01-22,Delivered,C00295,Sara,Mehta,Bhubaneswar
O000064,2024-01-22,Delivered,C00398,Anaya,Joshi,Bengaluru
O000258,2024-01-22,Shipped,C00333,Dev,Singh,Kolkata
O000298,2024-01-22,Delivered,C00358,Dev,Nair,Pune
O002028,2024-01-22,Shipped,C00286,Vihaan,Das,Delhi
O001508,2024-01-22,Delivered,C00017,Aarav,Kapoor,Bengaluru
O001843,2024-01-22,Returned,C00158,Sneha,Nair,Pune
O000653,2024-01-23,Delivered,C00171,Pooja,Sharma,Bhubaneswar
O000897,2024-01-23,Delivered,C00223,Rohan,Malhotra,Chennai
O001558,2024-01-23,Delivered,C00056,Aarav,Kapoor,Pune
O002582,2024-01-23,Placed,C00322,Pooja,Chatterjee,Jaipur
O001619,2024-01-23,Delivered,C00350,Vihaan,Sharma,Mumbai
O001698,2024-01-23,Shipped,C00398,Anaya,Joshi,Bengaluru
O000921,2024-01-24,Delivered,C00306,Kabir,Singh,Jaipur
O001869,2024-01-25,Cancelled,C00335,Rahul,Joshi,Ahmedabad
O001093,2024-01-25,Delivered,C00368,Dev,Nair,Hyderabad
O001806,2024-01-25,Delivered,C00176,Arjun,Reddy,Chennai
O000392,2024-01-26,Delivered,C00392,Pooja,Sharma,Jaipur
O000753,2024-01-26,Delivered,C00035,Dev,Sharma,Chennai
O002214,2024-01-26,Delivered,C00279,Aarav,Nair,Bhubaneswar
O002156,2024-01-26,Placed,C00285,Aditya,Reddy,Hyderabad
O000402,2024-01-27,Delivered,C00386,Priya,Nair,Jaipur
O000555,2024-01-27,Delivered,C00092,Riya,Verma,Mumbai
O000666,2024-01-27,Delivered,C00012,Vihaan,Verma,Kolkata
O001214,2024-01-27,Cancelled,C00049,Tara,Mehta,Jaipur
O001346,2024-01-27,Delivered,C00308,Priya,Verma,Delhi
O000629,2024-01-28,Shipped,C00323,Sara,Reddy,Mumbai
O002284,2024-01-28,Cancelled,C00199,Pooja,Patel,Kolkata
O001356,2024-01-29,Delivered,C00130,Kabir,Reddy,Pune
O002212,2024-01-29,Cancelled,C00226,Kabir,Chatterjee,Bhubaneswar
O002990,2024-01-29,Cancelled,C00213,Aarav,Nair,Kolkata
O000688,2024-01-30,Placed,C00011,Sara,Kapoor,Chennai
O001787,2024-01-30,Delivered,C00094,Nikhil,Reddy,Bengaluru
O000730,2024-01-30,Delivered,C00205,Rahul,Kapoor,Bhubaneswar
O002003,2024-01-30,Delivered,C00035,Dev,Sharma,Chennai
O000748,2024-01-31,Delivered,C00225,Isha,Joshi,Kolkata
O001077,2024-01-31,Delivered,C00062,Aditya,Gupta,Mumbai
O000786,2024-02-01,Delivered,C00217,Tara,Nair,Kolkata
O002698,2024-02-01,Delivered,C00302,Karan,Malhotra,Pune
O001673,2024-02-01,Delivered,C00241,Pooja,Joshi,Pune
O000394,2024-02-02,Delivered,C00224,Aditya,Nair,Hyderabad
O000834,2024-02-02,Delivered,C00041,Sara,Gupta,Bengaluru
O001315,2024-02-02,Placed,C00094,Nikhil,Reddy,Bengaluru
O001523,2024-02-02,Placed,C00076,Arjun,Verma,Delhi
O001643,2024-02-02,Delivered,C00158,Sneha,Nair,Pune
O000414,2024-02-03,Delivered,C00077,Tara,Reddy,Kolkata
O000960,2024-02-03,Returned,C00108,Kabir,Patel,Chennai
O001179,2024-02-03,Delivered,C00038,Meera,Sharma,Delhi
O000534,2024-02-03,Delivered,C00301,Aditya,Nair,Kolkata
O002510,2024-02-03,Delivered,C00099,Nikhil,Chatterjee,Pune
O000251,2024-02-04,Returned,C00025,Dev,Kapoor,Delhi
O001944,2024-02-04,Delivered,C00125,Aditya,Nair,Pune
O002424,2024-02-04,Delivered,C00111,Arjun,Kapoor,Jaipur
O000398,2024-02-05,Placed,C00050,Diya,Joshi,Pune
O002040,2024-02-05,Delivered,C00041,Sara,Gupta,Bengaluru
O001295,2024-02-05,Delivered,C00019,Aditya,Chatterjee,Jaipur
O001917,2024-02-05,Shipped,C00122,Karan,Reddy,Jaipur
O002451,2024-02-06,Delivered,C00213,Aarav,Nair,Kolkata
O002602,2024-02-06,Delivered,C00260,Pooja,Mehta,Mumbai
O000354,2024-02-07,Shipped,C00397,Sneha,Joshi,Delhi
O000827,2024-02-07,Placed,C00342,Aarav,Sharma,Pune
O001936,2024-02-07,Delivered,C00040,Rahul,Das,Hyderabad
O001539,2024-02-08,Delivered,C00269,Meera,Singh,Bengaluru
O000988,2024-02-08,Placed,C00201,Karan,Joshi,Pune
O000443,2024-02-08,Shipped,C00051,Priya,Malhotra,Hyderabad
O001379,2024-02-08,Delivered,C00016,Pooja,Verma,Jaipur
O000819,2024-02-09,Shipped,C00165,Aarav,Sharma,Bengaluru
O002038,2024-02-09,Delivered,C00077,Tara,Reddy,Kolkata
O002739,2024-02-09,Delivered,C00238,Priya,Joshi,Chennai
O002473,2024-02-09,Delivered,C00124,Aditya,Joshi,Delhi
O001229,2024-02-10,Cancelled,C00040,Rahul,Das,Hyderabad
O002652,2024-02-10,Returned,C00200,Rahul,Chatterjee,Ahmedabad
O001182,2024-02-10,Delivered,C00252,Priya,Mehta,Kolkata
O001898,2024-02-10,Cancelled,C00240,Priya,Malhotra,Chennai
O000079,2024-02-11,Delivered,C00227,Vihaan,Iyer,Bengaluru
O001008,2024-02-11,Delivered,C00259,Anaya,Joshi,Pune
O000378,2024-02-12,Placed,C00149,Pooja,Rao,Hyderabad
O000974,2024-02-12,Delivered,C00242,Anaya,Singh,Bhubaneswar
O001976,2024-02-12,Placed,C00130,Kabir,Reddy,Pune
O002029,2024-02-12,Delivered,C00359,Isha,Patel,Chennai
O002281,2024-02-12,Shipped,C00391,Meera,Mehta,Kolkata
O002806,2024-02-12,Delivered,C00048,Aarav,Nair,Jaipur
O002452,2024-02-12,Shipped,C00398,Anaya,Joshi,Bengaluru
O000384,2024-02-13,Delivered,C00188,Vihaan,Singh,Delhi
O001089,2024-02-13,Cancelled,C00303,Karan,Gupta,Delhi
O002231,2024-02-13,Cancelled,C00211,Kabir,Das,Hyderabad
O002475,2024-02-13,Delivered,C00282,Kabir,Joshi,Bhubaneswar
O001602,2024-02-13,Delivered,C00168,Isha,Kapoor,Ahmedabad
O002088,2024-02-13,Placed,C00393,Aditya,Kapoor,Kolkata
O002067,2024-02-14,Delivered,C00314,Tara,Nair,Jaipur
O000623,2024-02-14,Cancelled,C00384,Aarav,Rao,Delhi
O002119,2024-02-15,Delivered,C00354,Sara,Joshi,Chennai
O000706,2024-02-15,Delivered,C00317,Tara,Mehta,Delhi
O001689,2024-02-15,Shipped,C00066,Rohan,Gupta,Delhi
O000627,2024-02-16,Delivered,C00102,Karan,Verma,Ahmedabad
O000720,2024-02-16,Shipped,C00052,Sneha,Malhotra,Mumbai
O002943,2024-02-16,Delivered,C00273,Rahul,Mehta,Kolkata
O001677,2024-02-16,Delivered,C00028,Aditya,Iyer,Ahmedabad
O001275,2024-02-16,Cancelled,C00111,Arjun,Kapoor,Jaipur
O001901,2024-02-17,Placed,C00187,Rahul,Das,Bengaluru
O001435,2024-02-17,Delivered,C00311,Tara,Singh,Bhubaneswar
O001933,2024-02-17,Placed,C00278,Rahul,Nair,Kolkata
O001817,2024-02-17,Delivered,C00298,Aditya,Singh,Hyderabad
O001178,2024-02-18,Delivered,C00169,Karan,Sharma,Bengaluru
O000043,2024-02-19,Shipped,C00157,Rahul,Reddy,Ahmedabad
O000844,2024-02-19,Delivered,C00149,Pooja,Rao,Hyderabad
O000890,2024-02-20,Shipped,C00273,Rahul,Mehta,Kolkata
O002746,2024-02-20,Delivered,C00028,Aditya,Iyer,Ahmedabad
O002290,2024-02-20,Shipped,C00295,Sara,Mehta,Bhubaneswar
O002260,2024-02-20,Placed,C00123,Diya,Singh,Chennai
O001138,2024-02-21,Delivered,C00091,Priya,Mehta,Chennai
O002277,2024-02-21,Delivered,C00264,Riya,Iyer,Mumbai
O001902,2024-02-21,Cancelled,C00006,Nikhil,Mehta,Ahmedabad
O001617,2024-02-21,Delivered,C00291,Vihaan,Patel,Jaipur
O002949,2024-02-21,Shipped,C00028,Aditya,Iyer,Ahmedabad
O000227,2024-02-22,Delivered,C00067,Anaya,Iyer,Ahmedabad
O000956,2024-02-22,Returned,C00373,Rohan,Singh,Chennai
O000802,2024-02-22,Shipped,C00391,Meera,Mehta,Kolkata
O001790,2024-02-22,Delivered,C00317,Tara,Mehta,Delhi
O001051,2024-02-22,Delivered,C00145,Nikhil,Malhotra,Ahmedabad
O001563,2024-02-22,Delivered,C00140,Anaya,Iyer,Bengaluru
O000055,2024-02-23,Shipped,C00040,Rahul,Das,Hyderabad
O000907,2024-02-23,Returned,C00020,Pooja,Iyer,Jaipur
O002753,2024-02-23,Returned,C00052,Sneha,Malhotra,Mumbai
O002457,2024-02-23,Delivered,C00157,Rahul,Reddy,Ahmedabad
O001776,2024-02-23,Delivered,C00058,Isha,Malhotra,Ahmedabad
O000752,2024-02-24,Delivered,C00255,Tara,Chatterjee,Kolkata
O002207,2024-02-24,Cancelled,C00265,Nikhil,Reddy,Hyderabad
O002272,2024-02-25,Delivered,C00376,Karan,Chatterjee,Jaipur
O002920,2024-02-25,Shipped,C00168,Isha,Kapoor,Ahmedabad
O002206,2024-02-25,Delivered,C00007,Priya,Das,Bengaluru
O000584,2024-02-26,Cancelled,C00107,Riya,Verma,Bhubaneswar
O002162,2024-02-26,Delivered,C00288,Sneha,Malhotra,Chennai
O002262,2024-02-27,Delivered,C00307,Arjun,Chatterjee,Jaipur
O001987,2024-02-27,Delivered,C00327,Sneha,Reddy,Delhi
O001551,2024-02-27,Delivered,C00330,Sneha,Iyer,Bhubaneswar
O000668,2024-02-28,Cancelled,C00181,Arjun,Patel,Jaipur
O000718,2024-02-28,Delivered,C00375,Priya,Patel,Chennai
O000899,2024-02-28,Cancelled,C00245,Diya,Patel,Ahmedabad
O002181,2024-02-28,Delivered,C00183,Pooja,Kapoor,Pune
O002345,2024-02-28,Delivered,C00327,Sneha,Reddy,Delhi
O000469,2024-02-28,Delivered,C00235,Nikhil,Rao,Kolkata
O000452,2024-02-28,Delivered,C00337,Riya,Mehta,Kolkata
O001206,2024-02-28,Delivered,C00052,Sneha,Malhotra,Mumbai
O000712,2024-02-29,Delivered,C00072,Pooja,Joshi,Mumbai
O000939,2024-02-29,Delivered,C00289,Priya,Chatterjee,Kolkata
O001035,2024-02-29,Delivered,C00295,Sara,Mehta,Bhubaneswar
O001488,2024-02-29,Delivered,C00247,Rahul,Patel,Bengaluru
O002612,2024-02-29,Delivered,C00311,Tara,Singh,Bhubaneswar
O002978,2024-02-29,Returned,C00171,Pooja,Sharma,Bhubaneswar
O000100,2024-03-01,Delivered,C00304,Diya,Kapoor,Pune
O002878,2024-03-01,Shipped,C00202,Vihaan,Das,Bhubaneswar
O001538,2024-03-01,Delivered,C00309,Rahul,Mehta,Delhi
O000679,2024-03-01,Shipped,C00107,Riya,Verma,Bhubaneswar
O001841,2024-03-01,Cancelled,C00198,Priya,Nair,Mumbai
O000160,2024-03-01,Cancelled,C00218,Sara,Mehta,Delhi
O000004,2024-03-02,Delivered,C00073,Riya,Singh,Jaipur
O002252,2024-03-02,Cancelled,C00294,Anaya,Nair,Ahmedabad
O002343,2024-03-02,Shipped,C00135,Dev,Kapoor,Ahmedabad
O000456,2024-03-02,Delivered,C00388,Pooja,Patel,Mumbai
O001935,2024-03-02,Delivered,C00382,Sara,Mehta,Kolkata
O000304,2024-03-03,Delivered,C00154,Riya,Chatterjee,Mumbai
O000755,2024-03-03,Delivered,C00099,Nikhil,Chatterjee,Pune
O002528,2024-03-03,Delivered,C00236,Diya,Gupta,Pune
O001500,2024-03-03,Delivered,C00348,Rohan,Singh,Bengaluru
O002523,2024-03-03,Delivered,C00313,Sneha,Sharma,Mumbai
O000434,2024-03-04,Delivered,C00115,Sara,Kapoor,Pune
O002924,2024-03-04,Shipped,C00276,Diya,Patel,Ahmedabad
O000071,2024-03-05,Delivered,C00201,Karan,Joshi,Pune
O001090,2024-03-05,Shipped,C00196,Sara,Reddy,Hyderabad
O001127,2024-03-05,Delivered,C00332,Pooja,Rao,Pune
O002407,2024-03-05,Delivered,C00337,Riya,Mehta,Kolkata
O002686,2024-03-05,Delivered,C00256,Nikhil,Kapoor,Ahmedabad
O000479,2024-03-06,Delivered,C00309,Rahul,Mehta,Delhi
O001412,2024-03-06,Cancelled,C00240,Priya,Malhotra,Chennai
O002455,2024-03-07,Shipped,C00127,Sara,Rao,Delhi
O000499,2024-03-07,Delivered,C00049,Tara,Mehta,Jaipur
O000527,2024-03-07,Delivered,C00264,Riya,Iyer,Mumbai
O000805,2024-03-08,Delivered,C00378,Aditya,Patel,Bengaluru
O000966,2024-03-08,Cancelled,C00257,Meera,Chatterjee,Jaipur
O001753,2024-03-08,Delivered,C00400,Pooja,Patel,Pune
O001642,2024-03-08,Delivered,C00050,Diya,Joshi,Pune
O002774,2024-03-08,Delivered,C00133,Sneha,Reddy,Chennai
O002547,2024-03-09,Delivered,C00140,Anaya,Iyer,Bengaluru
O002275,2024-03-09,Delivered,C00145,Nikhil,Malhotra,Ahmedabad
O002403,2024-03-09,Delivered,C00275,Sneha,Nair,Bhubaneswar
O001951,2024-03-09,Delivered,C00109,Pooja,Das,Kolkata
O002869,2024-03-10,Delivered,C00315,Kabir,Kapoor,Mumbai
O002822,2024-03-10,Shipped,C00030,Priya,Reddy,Bengaluru
O002217,2024-03-10,Delivered,C00020,Pooja,Iyer,Jaipur
O000340,2024-03-11,Delivered,C00063,Arjun,Reddy,Pune
O001075,2024-03-11,Returned,C00078,Aarav,Nair,Jaipur
O002520,2024-03-11,Cancelled,C00002,Rohan,Das,Ahmedabad
O001644,2024-03-11,Delivered,C00150,Sara,Kapoor,Mumbai
O001269,2024-03-11,Delivered,C00225,Isha,Joshi,Kolkata
O000728,2024-03-12,Delivered,C00393,Aditya,Kapoor,Kolkata
O001183,2024-03-12,Delivered,C00192,Meera,Patel,Hyderabad
O000429,2024-03-12,Delivered,C00084,Riya,Sharma,Bengaluru
O002772,2024-03-12,Placed,C00084,Riya,Sharma,Bengaluru
O002805,2024-03-12,Delivered,C00188,Vihaan,Singh,Delhi
O000212,2024-03-13,Delivered,C00174,Rahul,Mehta,Kolkata
O000377,2024-03-13,Delivered,C00299,Meera,Rao,Hyderabad
O000828,2024-03-13,Returned,C00262,Rohan,Sharma,Chennai
O002225,2024-03-13,Delivered,C00058,Isha,Malhotra,Ahmedabad
O000322,2024-03-13,Delivered,C00343,Sneha,Gupta,Mumbai
O001401,2024-03-14,Delivered,C00214,Arjun,Iyer,Jaipur
O001715,2024-03-14,Placed,C00006,Nikhil,Mehta,Ahmedabad
O001616,2024-03-14,Delivered,C00396,Sneha,Mehta,Hyderabad
O000259,2024-03-15,Delivered,C00255,Tara,Chatterjee,Kolkata
O001092,2024-03-15,Delivered,C00099,Nikhil,Chatterjee,Pune
O002459,2024-03-15,Shipped,C00152,Priya,Rao,Mumbai
O000873,2024-03-16,Returned,C00343,Sneha,Gupta,Mumbai
O000953,2024-03-16,Delivered,C00348,Rohan,Singh,Bengaluru
O002586,2024-03-16,Returned,C00089,Dev,Rao,Bengaluru
O000473,2024-03-16,Shipped,C00130,Kabir,Reddy,Pune
O002715,2024-03-16,Delivered,C00310,Rahul,Singh,Jaipur
O001684,2024-03-16,Delivered,C00381,Anaya,Sharma,Mumbai
O000154,2024-03-17,Delivered,C00099,Nikhil,Chatterjee,Pune
O001388,2024-03-17,Delivered,C00395,Vihaan,Iyer,Kolkata
O002409,2024-03-17,Delivered,C00271,Riya,Das,Chennai
O000072,2024-03-18,Shipped,C00239,Dev,Rao,Kolkata
O001231,2024-03-18,Cancelled,C00060,Arjun,Gupta,Delhi
O002173,2024-03-18,Delivered,C00280,Pooja,Singh,Delhi
O002337,2024-03-18,Delivered,C00240,Priya,Malhotra,Chennai
O001825,2024-03-18,Delivered,C00264,Riya,Iyer,Mumbai
O000281,2024-03-18,Cancelled,C00358,Dev,Nair,Pune
O001554,2024-03-18,Returned,C00209,Karan,Verma,Ahmedabad
O002433,2024-03-18,Delivered,C00255,Tara,Chatterjee,Kolkata
O000243,2024-03-19,Delivered,C00354,Sara,Joshi,Chennai
O000371,2024-03-19,Cancelled,C00355,Karan,Sharma,Hyderabad
O000442,2024-03-20,Shipped,C00367,Kabir,Gupta,Mumbai
O001824,2024-03-20,Delivered,C00356,Sneha,Reddy,Ahmedabad
O001542,2024-03-20,Shipped,C00273,Rahul,Mehta,Kolkata
O002301,2024-03-20,Returned,C00063,Arjun,Reddy,Pune
O001404,2024-03-20,Placed,C00056,Aarav,Kapoor,Pune
O001758,2024-03-21,Delivered,C00148,Aarav,Joshi,Bhubaneswar
O002923,2024-03-21,Delivered,C00275,Sneha,Nair,Bhubaneswar
O000923,2024-03-21,Placed,C00132,Rahul,Kapoor,Jaipur
O001669,2024-03-21,Delivered,C00054,Vihaan,Patel,Delhi
O000216,2024-03-22,Delivered,C00151,Isha,Malhotra,Ahmedabad
O001095,2024-03-22,Shipped,C00350,Vihaan,Sharma,Mumbai
O001226,2024-03-22,Shipped,C00348,Rohan,Singh,Bengaluru
O001363,2024-03-22,Delivered,C00158,Sneha,Nair,Pune
O002628,2024-03-22,Delivered,C00115,Sara,Kapoor,Pune
O000267,2024-03-22,Returned,C00088,Anaya,Verma,Chennai
O001087,2024-03-22,Returned,C00191,Anaya,Iyer,Chennai
O000503,2024-03-22,Shipped,C00374,Sneha,Sharma,Delhi
O000898,2024-03-23,Delivered,C00127,Sara,Rao,Delhi
O001621,2024-03-23,Delivered,C00094,Nikhil,Reddy,Bengaluru
O001560,2024-03-23,Delivered,C00016,Pooja,Verma,Jaipur
O001496,2024-03-23,Shipped,C00156,Dev,Sharma,Pune
O002882,2024-03-23,Placed,C00276,Diya,Patel,Ahmedabad
O001594,2024-03-23,Shipped,C00080,Karan,Kapoor,Ahmedabad
O000036,2024-03-24,Delivered,C00167,Pooja,Sharma,Mumbai
O000699,2024-03-24,Cancelled,C00203,Diya,Nair,Jaipur
O002512,2024-03-24,Delivered,C00298,Aditya,Singh,Hyderabad
O000739,2024-03-25,Cancelled,C00370,Meera,Kapoor,Delhi
O002902,2024-03-25,Cancelled,C00009,Priya,Nair,Ahmedabad
O001865,2024-03-25,Cancelled,C00140,Anaya,Iyer,Bengaluru
O002710,2024-03-25,Delivered,C00040,Rahul,Das,Hyderabad
O001764,2024-03-25,Delivered,C00348,Rohan,Singh,Bengaluru
O001955,2024-03-26,Delivered,C00089,Dev,Rao,Bengaluru
O002092,2024-03-26,Returned,C00082,Kabir,Joshi,Kolkata
O002037,2024-03-27,Placed,C00170,Rohan,Singh,Delhi
O002394,2024-03-27,Returned,C00384,Aarav,Rao,Delhi
O001871,2024-03-27,Delivered,C00398,Anaya,Joshi,Bengaluru
O001717,2024-03-27,Shipped,C00311,Tara,Singh,Bhubaneswar
O001569,2024-03-28,Shipped,C00047,Aditya,Singh,Bhubaneswar
O000368,2024-03-28,Placed,C00240,Priya,Malhotra,Chennai
O000103,2024-03-29,Cancelled,C00182,Priya,Verma,Ahmedabad
O000710,2024-03-29,Shipped,C00346,Sara,Gupta,Bengaluru
O001286,2024-03-29,Delivered,C00189,Aditya,Verma,Kolkata
O001703,2024-03-29,Delivered,C00165,Aarav,Sharma,Bengaluru
O000559,2024-03-30,Placed,C00086,Kabir,Singh,Pune
O001066,2024-03-30,Returned,C00296,Dev,Chatterjee,Bhubaneswar
O000318,2024-03-31,Delivered,C00102,Karan,Verma,Ahmedabad
O000577,2024-03-31,Delivered,C00295,Sara,Mehta,Bhubaneswar
O000914,2024-03-31,Delivered,C00283,Nikhil,Nair,Ahmedabad
O001112,2024-03-31,Placed,C00143,Meera,Patel,Kolkata
O002219,2024-03-31,Delivered,C00097,Karan,Gupta,Bengaluru
O001771,2024-03-31,Shipped,C00292,Sara,Kapoor,Bengaluru
O000031,2024-04-01,Cancelled,C00192,Meera,Patel,Hyderabad
O000670,2024-04-01,Shipped,C00273,Rahul,Mehta,Kolkata
O000767,2024-04-01,Returned,C00260,Pooja,Mehta,Mumbai
O001302,2024-04-01,Cancelled,C00063,Arjun,Reddy,Pune
O002454,2024-04-01,Delivered,C00145,Nikhil,Malhotra,Ahmedabad
O001886,2024-04-01,Shipped,C00289,Priya,Chatterjee,Kolkata
O002829,2024-04-01,Delivered,C00011,Sara,Kapoor,Chennai
O001502,2024-04-02,Delivered,C00100,Rahul,Nair,Jaipur
O001473,2024-04-03,Delivered,C00069,Dev,Iyer,Bengaluru
O002408,2024-04-03,Shipped,C00135,Dev,Kapoor,Ahmedabad
O001432,2024-04-04,Shipped,C00394,Riya,Patel,Bhubaneswar
O002292,2024-04-04,Cancelled,C00159,Tara,Verma,Bengaluru
O002389,2024-04-04,Delivered,C00353,Karan,Reddy,Chennai
O001465,2024-04-04,Shipped,C00239,Dev,Rao,Kolkata
O000130,2024-04-05,Delivered,C00161,Tara,Das,Chennai
O000664,2024-04-05,Delivered,C00243,Priya,Das,Bengaluru
O001892,2024-04-05,Delivered,C00189,Aditya,Verma,Kolkata
O002856,2024-04-05,Delivered,C00193,Rohan,Reddy,Ahmedabad
O002929,2024-04-05,Shipped,C00178,Rohan,Verma,Mumbai
O000539,2024-04-05,Shipped,C00060,Arjun,Gupta,Delhi
O002108,2024-04-06,Returned,C00105,Anaya,Rao,Bhubaneswar
O002718,2024-04-06,Returned,C00031,Diya,Reddy,Mumbai
O002580,2024-04-06,Delivered,C00011,Sara,Kapoor,Chennai
O000129,2024-04-07,Delivered,C00049,Tara,Mehta,Jaipur
O000313,2024-04-07,Placed,C00239,Dev,Rao,Kolkata
O002147,2024-04-07,Delivered,C00135,Dev,Kapoor,Ahmedabad
O001864,2024-04-07,Cancelled,C00320,Diya,Reddy,Bhubaneswar
O002049,2024-04-07,Returned,C00094,Nikhil,Reddy,Bengaluru
O002186,2024-04-07,Delivered,C00001,Isha,Sharma,Jaipur
O001704,2024-04-07,Placed,C00235,Nikhil,Rao,Kolkata
O001431,2024-04-07,Cancelled,C00388,Pooja,Patel,Mumbai
O000838,2024-04-08,Delivered,C00351,Karan,Sharma,Chennai
O000554,2024-04-09,Placed,C00386,Priya,Nair,Jaipur
O002540,2024-04-09,Placed,C00157,Rahul,Reddy,Ahmedabad
O001943,2024-04-09,Delivered,C00385,Arjun,Gupta,Mumbai
O000725,2024-04-10,Delivered,C00142,Anaya,Nair,Mumbai
O000743,2024-04-10,Cancelled,C00277,Aditya,Patel,Pune
O001213,2024-04-10,Shipped,C00147,Riya,Verma,Pune
O001257,2024-04-10,Delivered,C00300,Anaya,Das,Chennai
O001425,2024-04-10,Delivered,C00194,Tara,Das,Hyderabad
O000085,2024-04-11,Delivered,C00053,Tara,Sharma,Delhi
O001415,2024-04-11,Delivered,C00337,Riya,Mehta,Kolkata
O002722,2024-04-11,Delivered,C00043,Vihaan,Patel,Kolkata
O001949,2024-04-11,Placed,C00263,Pooja,Kapoor,Pune
O000665,2024-04-12,Placed,C00008,Sara,Joshi,Mumbai
O002637,2024-04-12,Cancelled,C00132,Rahul,Kapoor,Jaipur
O002197,2024-04-12,Returned,C00085,Diya,Chatterjee,Delhi
O001862,2024-04-13,Cancelled,C00319,Isha,Das,Delhi
O001154,2024-04-13,Shipped,C00033,Isha,Sharma,Delhi
O000193,2024-04-14,Shipped,C00272,Kabir,Malhotra,Bhubaneswar
O002363,2024-04-14,Delivered,C00302,Karan,Malhotra,Pune
O000234,2024-04-15,Placed,C00398,Anaya,Joshi,Bengaluru
O002891,2024-04-15,Delivered,C00345,Priya,Gupta,Delhi
O000278,2024-04-16,Cancelled,C00172,Riya,Joshi,Kolkata
O000849,2024-04-16,Delivered,C00009,Priya,Nair,Ahmedabad
O001094,2024-04-16,Delivered,C00378,Aditya,Patel,Bengaluru
O001511,2024-04-16,Delivered,C00032,Tara,Patel,Jaipur
O001683,2024-04-16,Delivered,C00372,Kabir,Kapoor,Chennai
O001397,2024-04-17,Delivered,C00152,Priya,Rao,Mumbai
O000356,2024-04-17,Delivered,C00195,Meera,Chatterjee,Bengaluru
O002987,2024-04-17,Delivered,C00342,Aarav,Sharma,Pune
O000214,2024-04-18,Delivered,C00239,Dev,Rao,Kolkata
O000276,2024-04-18,Delivered,C00203,Diya,Nair,Jaipur
O001645,2024-04-18,Delivered,C00315,Kabir,Kapoor,Mumbai
O000280,2024-04-19,Delivered,C00075,Karan,Nair,Mumbai
O001116,2024-04-19,Delivered,C00044,Sneha,Rao,Bhubaneswar
O002078,2024-04-19,Placed,C00206,Nikhil,Verma,Kolkata
O000247,2024-04-20,Delivered,C00230,Sara,Rao,Ahmedabad
O000311,2024-04-20,Delivered,C00107,Riya,Verma,Bhubaneswar
O001272,2024-04-20,Delivered,C00010,Meera,Mehta,Jaipur
O000857,2024-04-20,Returned,C00138,Pooja,Rao,Jaipur
O002593,2024-04-21,Shipped,C00377,Sneha,Das,Ahmedabad
O002132,2024-04-21,Delivered,C00212,Kabir,Kapoor,Hyderabad
O000612,2024-04-22,Cancelled,C00377,Sneha,Das,Ahmedabad
O000471,2024-04-22,Delivered,C00050,Diya,Joshi,Pune
O002997,2024-04-22,Cancelled,C00172,Riya,Joshi,Kolkata
O001321,2024-04-23,Delivered,C00035,Dev,Sharma,Chennai
O002743,2024-04-23,Delivered,C00068,Rohan,Singh,Kolkata
O000150,2024-04-24,Delivered,C00060,Arjun,Gupta,Delhi
O000599,2024-04-24,Shipped,C00046,Sneha,Patel,Pune
O001342,2024-04-24,Delivered,C00241,Pooja,Joshi,Pune
O002550,2024-04-24,Delivered,C00296,Dev,Chatterjee,Bhubaneswar
O000164,2024-04-25,Delivered,C00179,Sneha,Sharma,Hyderabad
O001679,2024-04-25,Delivered,C00163,Isha,Kapoor,Chennai
O002704,2024-04-25,Delivered,C00363,Vihaan,Singh,Kolkata
O002723,2024-04-25,Delivered,C00097,Karan,Gupta,Bengaluru
O000202,2024-04-26,Delivered,C00345,Priya,Gupta,Delhi
O000926,2024-04-26,Delivered,C00393,Aditya,Kapoor,Kolkata
O002230,2024-04-26,Delivered,C00083,Karan,Nair,Bengaluru
O002841,2024-04-26,Delivered,C00305,Isha,Kapoor,Kolkata
O001739,2024-04-26,Returned,C00048,Aarav,Nair,Jaipur
O000662,2024-04-28,Delivered,C00375,Priya,Patel,Chennai
O001249,2024-04-28,Delivered,C00375,Priya,Patel,Chennai
O002125,2024-04-28,Cancelled,C00186,Aditya,Iyer,Hyderabad
O002890,2024-04-28,Delivered,C00288,Sneha,Malhotra,Chennai
O000524,2024-04-29,Shipped,C00114,Vihaan,Chatterjee,Jaipur
O001530,2024-04-29,Cancelled,C00223,Rohan,Malhotra,Chennai
O000628,2024-04-29,Cancelled,C00241,Pooja,Joshi,Pune
O001867,2024-04-29,Delivered,C00322,Pooja,Chatterjee,Jaipur
O000140,2024-04-30,Delivered,C00168,Isha,Kapoor,Ahmedabad
O000339,2024-04-30,Delivered,C00026,Sara,Verma,Bhubaneswar
O001567,2024-04-30,Delivered,C00265,Nikhil,Reddy,Hyderabad
O000531,2024-04-30,Cancelled,C00216,Kabir,Patel,Bhubaneswar
O000252,2024-05-01,Returned,C00334,Nikhil,Verma,Bhubaneswar
O002818,2024-05-01,Shipped,C00069,Dev,Iyer,Bengaluru
O000751,2024-05-01,Delivered,C00313,Sneha,Sharma,Mumbai
O000080,2024-05-02,Returned,C00228,Anaya,Iyer,Ahmedabad
O000229,2024-05-02,Shipped,C00015,Aditya,Singh,Chennai
O000299,2024-05-02,Delivered,C00044,Sneha,Rao,Bhubaneswar
O000742,2024-05-02,Delivered,C00386,Priya,Nair,Jaipur
O000763,2024-05-02,Delivered,C00115,Sara,Kapoor,Pune
O002861,2024-05-02,Placed,C00009,Priya,Nair,Ahmedabad
O001506,2024-05-02,Delivered,C00276,Diya,Patel,Ahmedabad
O001770,2024-05-02,Delivered,C00163,Isha,Kapoor,Chennai
O002681,2024-05-02,Delivered,C00110,Anaya,Joshi,Bengaluru
O000066,2024-05-02,Delivered,C00086,Kabir,Singh,Pune
O001043,2024-05-03,Placed,C00102,Karan,Verma,Ahmedabad
O002832,2024-05-03,Cancelled,C00191,Anaya,Iyer,Chennai
O000459,2024-05-03,Delivered,C00088,Anaya,Verma,Chennai
O001900,2024-05-03,Returned,C00003,Aarav,Mehta,Ahmedabad
O002734,2024-05-03,Delivered,C00393,Aditya,Kapoor,Kolkata
O002792,2024-05-03,Delivered,C00360,Isha,Sharma,Hyderabad
O001121,2024-05-03,Placed,C00072,Pooja,Joshi,Mumbai
O001889,2024-05-03,Delivered,C00177,Isha,Nair,Kolkata
O001928,2024-05-04,Delivered,C00160,Isha,Iyer,Jaipur
O000795,2024-05-05,Cancelled,C00211,Kabir,Das,Hyderabad
O001021,2024-05-05,Delivered,C00123,Diya,Singh,Chennai
O001067,2024-05-05,Shipped,C00383,Sara,Chatterjee,Chennai
O001190,2024-05-05,Delivered,C00137,Tara,Joshi,Hyderabad
O001971,2024-05-05,Placed,C00375,Priya,Patel,Chennai
O002737,2024-05-05,Placed,C00258,Kabir,Gupta,Jaipur
O001711,2024-05-05,Delivered,C00387,Karan,Das,Kolkata
O002429,2024-05-05,Delivered,C00111,Arjun,Kapoor,Jaipur
O001264,2024-05-06,Delivered,C00377,Sneha,Das,Ahmedabad
O002061,2024-05-07,Delivered,C00398,Anaya,Joshi,Bengaluru
O002936,2024-05-07,Delivered,C00390,Dev,Reddy,Jaipur
O001546,2024-05-07,Shipped,C00036,Sneha,Kapoor,Ahmedabad
O001879,2024-05-07,Cancelled,C00247,Rahul,Patel,Bengaluru
O002600,2024-05-07,Delivered,C00034,Meera,Reddy,Mumbai
O001381,2024-05-07,Delivered,C00247,Rahul,Patel,Bengaluru
O001821,2024-05-07,Placed,C00028,Aditya,Iyer,Ahmedabad
O000866,2024-05-08,Delivered,C00392,Pooja,Sharma,Jaipur
O002777,2024-05-08,Delivered,C00266,Priya,Reddy,Kolkata
O002160,2024-05-08,Delivered,C00144,Rahul,Patel,Bhubaneswar
O001568,2024-05-08,Cancelled,C00334,Nikhil,Verma,Bhubaneswar
O000011,2024-05-09,Delivered,C00099,Nikhil,Chatterjee,Pune
O000115,2024-05-09,Delivered,C00059,Tara,Nair,Ahmedabad
O000649,2024-05-09,Delivered,C00124,Aditya,Joshi,Delhi
O001411,2024-05-09,Delivered,C00232,Sneha,Mehta,Chennai
O002117,2024-05-09,Delivered,C00244,Dev,Nair,Kolkata
O002123,2024-05-09,Returned,C00118,Karan,Das,Ahmedabad
O002494,2024-05-09,Delivered,C00247,Rahul,Patel,Bengaluru
O001331,2024-05-09,Returned,C00151,Isha,Malhotra,Ahmedabad
O002062,2024-05-09,Delivered,C00135,Dev,Kapoor,Ahmedabad
O002046,2024-05-10,Cancelled,C00056,Aarav,Kapoor,Pune
O002736,2024-05-10,Returned,C00240,Priya,Malhotra,Chennai
O000826,2024-05-10,Returned,C00108,Kabir,Patel,Chennai
O001053,2024-05-10,Delivered,C00317,Tara,Mehta,Delhi
O000536,2024-05-10,Returned,C00049,Tara,Mehta,Jaipur
O000095,2024-05-11,Delivered,C00266,Priya,Reddy,Kolkata
O002474,2024-05-11,Shipped,C00066,Rohan,Gupta,Delhi
O002748,2024-05-11,Delivered,C00226,Kabir,Chatterjee,Bhubaneswar
O001436,2024-05-11,Shipped,C00242,Anaya,Singh,Bhubaneswar
O000205,2024-05-12,Delivered,C00014,Sneha,Gupta,Mumbai
O001032,2024-05-12,Shipped,C00093,Tara,Patel,Kolkata
O002226,2024-05-12,Cancelled,C00035,Dev,Sharma,Chennai
O002831,2024-05-12,Delivered,C00213,Aarav,Nair,Kolkata
O001099,2024-05-12,Delivered,C00024,Pooja,Reddy,Pune
O001940,2024-05-12,Delivered,C00205,Rahul,Kapoor,Bhubaneswar
O001058,2024-05-12,Placed,C00111,Arjun,Kapoor,Jaipur
O000287,2024-05-13,Returned,C00349,Aditya,Malhotra,Kolkata
O000771,2024-05-13,Delivered,C00224,Aditya,Nair,Hyderabad
O001142,2024-05-13,Delivered,C00364,Rohan,Nair,Delhi
O001826,2024-05-13,Returned,C00263,Pooja,Kapoor,Pune
O001908,2024-05-14,Delivered,C00004,Vihaan,Chatterjee,Delhi
O000495,2024-05-14,Cancelled,C00225,Isha,Joshi,Kolkata
O000734,2024-05-14,Delivered,C00224,Aditya,Nair,Hyderabad
O001934,2024-05-14,Delivered,C00087,Priya,Patel,Mumbai
O000194,2024-05-15,Delivered,C00325,Karan,Rao,Jaipur
O000405,2024-05-15,Delivered,C00375,Priya,Patel,Chennai
O000768,2024-05-15,Delivered,C00354,Sara,Joshi,Chennai
O001624,2024-05-15,Delivered,C00138,Pooja,Rao,Jaipur
O002227,2024-05-15,Placed,C00079,Pooja,Malhotra,Chennai
O002375,2024-05-15,Shipped,C00179,Sneha,Sharma,Hyderabad
O000630,2024-05-16,Delivered,C00345,Priya,Gupta,Delhi
O001365,2024-05-16,Delivered,C00038,Meera,Sharma,Delhi
O002517,2024-05-16,Delivered,C00307,Arjun,Chatterjee,Jaipur
O000029,2024-05-17,Delivered,C00075,Karan,Nair,Mumbai
O000581,2024-05-17,Delivered,C00078,Aarav,Nair,Jaipur
O000726,2024-05-17,Delivered,C00163,Isha,Kapoor,Chennai
O000810,2024-05-17,Cancelled,C00056,Aarav,Kapoor,Pune
O000862,2024-05-17,Delivered,C00108,Kabir,Patel,Chennai
O000997,2024-05-17,Delivered,C00174,Rahul,Mehta,Kolkata
O002393,2024-05-17,Delivered,C00320,Diya,Reddy,Bhubaneswar
O001266,2024-05-17,Delivered,C00312,Dev,Gupta,Bengaluru
O002575,2024-05-17,Cancelled,C00228,Anaya,Iyer,Ahmedabad
O001800,2024-05-18,Delivered,C00215,Aditya,Sharma,Chennai
O000233,2024-05-19,Shipped,C00361,Dev,Sharma,Jaipur
O002642,2024-05-19,Delivered,C00028,Aditya,Iyer,Ahmedabad
O002795,2024-05-19,Cancelled,C00199,Pooja,Patel,Kolkata
O002682,2024-05-19,Delivered,C00260,Pooja,Mehta,Mumbai
O002477,2024-05-19,Delivered,C00211,Kabir,Das,Hyderabad
O001599,2024-05-19,Delivered,C00373,Rohan,Singh,Chennai
O001811,2024-05-19,Delivered,C00255,Tara,Chatterjee,Kolkata
O000285,2024-05-20,Shipped,C00197,Sara,Nair,Delhi
O000502,2024-05-20,Returned,C00006,Nikhil,Mehta,Ahmedabad
O001730,2024-05-20,Shipped,C00012,Vihaan,Verma,Kolkata
O000641,2024-05-21,Delivered,C00319,Isha,Das,Delhi
O000882,2024-05-21,Delivered,C00241,Pooja,Joshi,Pune
O002441,2024-05-21,Delivered,C00021,Aarav,Das,Pune
O002427,2024-05-21,Shipped,C00097,Karan,Gupta,Bengaluru
O000436,2024-05-21,Cancelled,C00280,Pooja,Singh,Delhi
O002649,2024-05-21,Delivered,C00280,Pooja,Singh,Delhi
O000014,2024-05-22,Placed,C00189,Aditya,Verma,Kolkata
O002121,2024-05-22,Placed,C00369,Dev,Gupta,Jaipur
O001658,2024-05-22,Delivered,C00152,Priya,Rao,Mumbai
O001299,2024-05-22,Delivered,C00030,Priya,Reddy,Bengaluru
O002300,2024-05-22,Placed,C00023,Sneha,Chatterjee,Jaipur
O002750,2024-05-22,Shipped,C00219,Priya,Kapoor,Jaipur
O001893,2024-05-22,Delivered,C00097,Karan,Gupta,Bengaluru
O001024,2024-05-23,Cancelled,C00118,Karan,Das,Ahmedabad
O001880,2024-05-23,Cancelled,C00097,Karan,Gupta,Bengaluru
O000137,2024-05-24,Cancelled,C00105,Anaya,Rao,Bhubaneswar
O000682,2024-05-24,Delivered,C00069,Dev,Iyer,Bengaluru
O000736,2024-05-24,Shipped,C00239,Dev,Rao,Kolkata
O001225,2024-05-24,Delivered,C00209,Karan,Verma,Ahmedabad
O002843,2024-05-24,Placed,C00200,Rahul,Chatterjee,Ahmedabad
O000132,2024-05-25,Cancelled,C00204,Dev,Singh,Kolkata
O000637,2024-05-25,Delivered,C00304,Diya,Kapoor,Pune
O000654,2024-05-25,Delivered,C00221,Riya,Joshi,Bengaluru
O001006,2024-05-25,Delivered,C00288,Sneha,Malhotra,Chennai
O001353,2024-05-25,Delivered,C00339,Diya,Mehta,Bhubaneswar
O000521,2024-05-25,Delivered,C00220,Aditya,Reddy,Bhubaneswar
O002729,2024-05-25,Cancelled,C00388,Pooja,Patel,Mumbai
O001657,2024-05-25,Delivered,C00211,Kabir,Das,Hyderabad
O002876,2024-05-26,Placed,C00004,Vihaan,Chatterjee,Delhi
O002189,2024-05-27,Placed,C00305,Isha,Kapoor,Kolkata
O001828,2024-05-27,Delivered,C00088,Anaya,Verma,Chennai
O002733,2024-05-27,Placed,C00102,Karan,Verma,Ahmedabad
O000624,2024-05-28,Delivered,C00377,Sneha,Das,Ahmedabad
O002522,2024-05-28,Returned,C00329,Diya,Gupta,Ahmedabad
O002766,2024-05-28,Delivered,C00049,Tara,Mehta,Jaipur
O000069,2024-05-29,Delivered,C00114,Vihaan,Chatterjee,Jaipur
O001413,2024-05-29,Delivered,C00085,Diya,Chatterjee,Delhi
O001422,2024-05-29,Delivered,C00098,Sara,Rao,Kolkata
O002312,2024-05-29,Placed,C00016,Pooja,Verma,Jaipur
O002956,2024-05-29,Delivered,C00087,Priya,Patel,Mumbai
O000480,2024-05-29,Delivered,C00270,Dev,Mehta,Pune
O001074,2024-05-30,Delivered,C00275,Sneha,Nair,Bhubaneswar
O001108,2024-05-30,Delivered,C00042,Aarav,Singh,Jaipur
O001989,2024-05-30,Shipped,C00228,Anaya,Iyer,Ahmedabad
O000643,2024-05-30,Delivered,C00169,Karan,Sharma,Bengaluru
O001702,2024-05-30,Shipped,C00263,Pooja,Kapoor,Pune
O002727,2024-05-30,Delivered,C00315,Kabir,Kapoor,Mumbai
O000021,2024-05-31,Delivered,C00165,Aarav,Sharma,Bengaluru
O000388,2024-05-31,Shipped,C00174,Rahul,Mehta,Kolkata
O001242,2024-05-31,Shipped,C00153,Arjun,Patel,Pune
O001309,2024-05-31,Shipped,C00266,Priya,Reddy,Kolkata
O002463,2024-06-01,Delivered,C00072,Pooja,Joshi,Mumbai
O000407,2024-06-02,Delivered,C00065,Karan,Singh,Mumbai
O000799,2024-06-02,Shipped,C00131,Tara,Nair,Ahmedabad
O002259,2024-06-02,Delivered,C00097,Karan,Gupta,Bengaluru
O000188,2024-06-03,Delivered,C00229,Nikhil,Verma,Ahmedabad
O000655,2024-06-03,Delivered,C00231,Tara,Patel,Jaipur
O001111,2024-06-03,Placed,C00166,Sneha,Iyer,Mumbai
O001216,2024-06-03,Placed,C00261,Meera,Kapoor,Bhubaneswar
O002530,2024-06-03,Delivered,C00310,Rahul,Singh,Jaipur
O002966,2024-06-03,Delivered,C00349,Aditya,Malhotra,Kolkata
O001041,2024-06-03,Delivered,C00090,Anaya,Joshi,Bhubaneswar
O000117,2024-06-04,Cancelled,C00111,Arjun,Kapoor,Jaipur
O000717,2024-06-04,Shipped,C00388,Pooja,Patel,Mumbai
O001040,2024-06-04,Cancelled,C00203,Diya,Nair,Jaipur
O001133,2024-06-04,Delivered,C00027,Rohan,Rao,Bengaluru
O002578,2024-06-04,Delivered,C00297,Anaya,Das,Jaipur
O001848,2024-06-04,Cancelled,C00202,Vihaan,Das,Bhubaneswar
O001028,2024-06-04,Delivered,C00302,Karan,Malhotra,Pune
O000787,2024-06-05,Delivered,C00376,Karan,Chatterjee,Jaipur
O001417,2024-06-05,Placed,C00264,Riya,Iyer,Mumbai
O002282,2024-06-06,Delivered,C00144,Rahul,Patel,Bhubaneswar
O002911,2024-06-06,Delivered,C00210,Kabir,Nair,Chennai
O000231,2024-06-07,Shipped,C00331,Arjun,Malhotra,Delhi
O000295,2024-06-07,Delivered,C00159,Tara,Verma,Bengaluru
O001227,2024-06-07,Delivered,C00331,Arjun,Malhotra,Delhi
O002338,2024-06-07,Shipped,C00321,Kabir,Mehta,Ahmedabad
O000925,2024-06-07,Returned,C00150,Sara,Kapoor,Mumbai
O002827,2024-06-07,Delivered,C00297,Anaya,Das,Jaipur
O000976,2024-06-08,Delivered,C00283,Nikhil,Nair,Ahmedabad
O002183,2024-06-08,Delivered,C00331,Arjun,Malhotra,Delhi
O002196,2024-06-08,Placed,C00145,Nikhil,Malhotra,Ahmedabad
O002653,2024-06-08,Returned,C00088,Anaya,Verma,Chennai
O001981,2024-06-09,Delivered,C00114,Vihaan,Chatterjee,Jaipur
O001859,2024-06-09,Delivered,C00376,Karan,Chatterjee,Jaipur
O001856,2024-06-10,Shipped,C00339,Diya,Mehta,Bhubaneswar
O001613,2024-06-10,Delivered,C00013,Dev,Malhotra,Jaipur
O000850,2024-06-10,Delivered,C00054,Vihaan,Patel,Delhi
O001513,2024-06-10,Shipped,C00305,Isha,Kapoor,Kolkata
O000570,2024-06-11,Cancelled,C00071,Nikhil,Patel,Kolkata
O001105,2024-06-11,Returned,C00370,Meera,Kapoor,Delhi
O002692,2024-06-11,Cancelled,C00146,Anaya,Kapoor,Chennai
O000144,2024-06-12,Shipped,C00360,Isha,Sharma,Hyderabad
O001443,2024-06-12,Delivered,C00245,Diya,Patel,Ahmedabad
O002004,2024-06-12,Returned,C00283,Nikhil,Nair,Ahmedabad
O002339,2024-06-12,Delivered,C00012,Vihaan,Verma,Kolkata
O001639,2024-06-12,Delivered,C00319,Isha,Das,Delhi
O000464,2024-06-12,Delivered,C00399,Sara,Iyer,Mumbai
O000073,2024-06-13,Delivered,C00287,Anaya,Chatterjee,Hyderabad
O002331,2024-06-13,Cancelled,C00329,Diya,Gupta,Ahmedabad
O000486,2024-06-13,Delivered,C00107,Riya,Verma,Bhubaneswar
O001646,2024-06-14,Returned,C00253,Aarav,Nair,Mumbai
O002464,2024-06-14,Delivered,C00201,Karan,Joshi,Pune
O000101,2024-06-15,Shipped,C00213,Aarav,Nair,Kolkata
O002511,2024-06-15,Delivered,C00013,Dev,Malhotra,Jaipur
O000485,2024-06-15,Delivered,C00171,Pooja,Sharma,Bhubaneswar
O002236,2024-06-15,Delivered,C00186,Aditya,Iyer,Hyderabad
O001000,2024-06-16,Delivered,C00199,Pooja,Patel,Kolkata
O001091,2024-06-16,Delivered,C00239,Dev,Rao,Kolkata
O002126,2024-06-16,Delivered,C00031,Diya,Reddy,Mumbai
O001839,2024-06-16,Shipped,C00150,Sara,Kapoor,Mumbai
O002478,2024-06-16,Cancelled,C00347,Dev,Reddy,Mumbai
O002938,2024-06-17,Delivered,C00090,Anaya,Joshi,Bhubaneswar
O001586,2024-06-17,Cancelled,C00339,Diya,Mehta,Bhubaneswar
O000880,2024-06-18,Shipped,C00123,Diya,Singh,Chennai
O000962,2024-06-18,Cancelled,C00287,Anaya,Chatterjee,Hyderabad
O002991,2024-06-18,Delivered,C00260,Pooja,Mehta,Mumbai
O000458,2024-06-18,Returned,C00159,Tara,Verma,Bengaluru
O000302,2024-06-19,Shipped,C00266,Priya,Reddy,Kolkata
O001349,2024-06-19,Cancelled,C00386,Priya,Nair,Jaipur
O001400,2024-06-19,Delivered,C00359,Isha,Patel,Chennai
O001512,2024-06-19,Shipped,C00193,Rohan,Reddy,Ahmedabad
O001675,2024-06-19,Delivered,C00379,Isha,Joshi,Jaipur
O002791,2024-06-19,Delivered,C00252,Priya,Mehta,Kolkata
O000778,2024-06-20,Delivered,C00382,Sara,Mehta,Kolkata
O002895,2024-06-20,Shipped,C00263,Pooja,Kapoor,Pune
O002422,2024-06-20,Shipped,C00025,Dev,Kapoor,Delhi
O000419,2024-06-20,Shipped,C00195,Meera,Chatterjee,Bengaluru
O000379,2024-06-21,Delivered,C00219,Priya,Kapoor,Jaipur
O000596,2024-06-21,Shipped,C00393,Aditya,Kapoor,Kolkata
O000917,2024-06-21,Placed,C00144,Rahul,Patel,Bhubaneswar
O002223,2024-06-21,Delivered,C00205,Rahul,Kapoor,Bhubaneswar
O000438,2024-06-21,Delivered,C00318,Isha,Sharma,Bengaluru
O001945,2024-06-21,Placed,C00061,Priya,Reddy,Pune
O000535,2024-06-21,Delivered,C00161,Tara,Das,Chennai
O002303,2024-06-21,Delivered,C00370,Meera,Kapoor,Delhi
O002942,2024-06-21,Shipped,C00276,Diya,Patel,Ahmedabad
O000606,2024-06-22,Placed,C00273,Rahul,Mehta,Kolkata
O002348,2024-06-22,Delivered,C00013,Dev,Malhotra,Jaipur
O002712,2024-06-22,Placed,C00128,Isha,Singh,Pune
O002685,2024-06-22,Shipped,C00051,Priya,Malhotra,Hyderabad
O001729,2024-06-22,Delivered,C00170,Rohan,Singh,Delhi
O002683,2024-06-22,Delivered,C00167,Pooja,Sharma,Mumbai
O001049,2024-06-23,Delivered,C00307,Arjun,Chatterjee,Jaipur
O002188,2024-06-23,Delivered,C00355,Karan,Sharma,Hyderabad
O002265,2024-06-23,Delivered,C00359,Isha,Patel,Chennai
O001777,2024-06-23,Delivered,C00106,Rahul,Gupta,Pune
O000566,2024-06-24,Delivered,C00345,Priya,Gupta,Delhi
O002229,2024-06-24,Shipped,C00001,Isha,Sharma,Jaipur
O002485,2024-06-24,Delivered,C00343,Sneha,Gupta,Mumbai
O002501,2024-06-24,Delivered,C00249,Nikhil,Iyer,Mumbai
O000282,2024-06-24,Delivered,C00329,Diya,Gupta,Ahmedabad
O000930,2024-06-25,Shipped,C00344,Isha,Malhotra,Pune
O001015,2024-06-25,Returned,C00203,Diya,Nair,Jaipur
O001235,2024-06-25,Delivered,C00013,Dev,Malhotra,Jaipur
O000291,2024-06-26,Delivered,C00307,Arjun,Chatterjee,Jaipur
O000942,2024-06-26,Delivered,C00280,Pooja,Singh,Delhi
O002039,2024-06-26,Delivered,C00119,Rahul,Sharma,Kolkata
O002592,2024-06-26,Shipped,C00380,Riya,Nair,Bengaluru
O001629,2024-06-26,Placed,C00283,Nikhil,Nair,Ahmedabad
O002661,2024-06-26,Placed,C00289,Priya,Chatterjee,Kolkata
O000265,2024-06-27,Shipped,C00185,Rahul,Kapoor,Bengaluru
O002912,2024-06-27,Delivered,C00295,Sara,Mehta,Bhubaneswar
O001466,2024-06-27,Placed,C00044,Sneha,Rao,Bhubaneswar
O000449,2024-06-27,Delivered,C00126,Sneha,Patel,Ahmedabad
O002849,2024-06-27,Delivered,C00029,Rahul,Singh,Chennai
O002542,2024-06-27,Delivered,C00064,Dev,Mehta,Ahmedabad
O000244,2024-06-29,Cancelled,C00053,Tara,Sharma,Delhi
O002741,2024-06-29,Delivered,C00007,Priya,Das,Bengaluru
O001713,2024-06-29,Delivered,C00102,Karan,Verma,Ahmedabad
O001674,2024-06-29,Placed,C00330,Sneha,Iyer,Bhubaneswar
O000840,2024-06-30,Delivered,C00086,Kabir,Singh,Pune
O001469,2024-06-30,Placed,C00174,Rahul,Mehta,Kolkata
O001529,2024-06-30,Placed,C00129,Aditya,Rao,Jaipur
O001574,2024-06-30,Delivered,C00127,Sara,Rao,Delhi
O000878,2024-07-01,Delivered,C00399,Sara,Iyer,Mumbai
O000410,2024-07-02,Placed,C00152,Priya,Rao,Mumbai
O000587,2024-07-02,Cancelled,C00315,Kabir,Kapoor,Mumbai
O000829,2024-07-02,Shipped,C00059,Tara,Nair,Ahmedabad
O000181,2024-07-03,Delivered,C00251,Priya,Rao,Mumbai
O002314,2024-07-03,Delivered,C00361,Dev,Sharma,Jaipur
O001270,2024-07-03,Delivered,C00254,Pooja,Malhotra,Jaipur
O000550,2024-07-03,Placed,C00278,Rahul,Nair,Kolkata
O001207,2024-07-03,Shipped,C00067,Anaya,Iyer,Ahmedabad
O001829,2024-07-03,Returned,C00084,Riya,Sharma,Bengaluru
O002026,2024-07-03,Placed,C00059,Tara,Nair,Ahmedabad
O000568,2024-07-04,Delivered,C00253,Aarav,Nair,Mumbai
O001784,2024-07-04,Delivered,C00129,Aditya,Rao,Jaipur
O002951,2024-07-04,Delivered,C00342,Aarav,Sharma,Pune
O002638,2024-07-04,Delivered,C00064,Dev,Mehta,Ahmedabad
O000033,2024-07-04,Placed,C00066,Rohan,Gupta,Delhi
O002973,2024-07-05,Shipped,C00225,Isha,Joshi,Kolkata
O002675,2024-07-05,Placed,C00197,Sara,Nair,Delhi
O000586,2024-07-06,Returned,C00400,Pooja,Patel,Pune
O001371,2024-07-06,Returned,C00119,Rahul,Sharma,Kolkata
O002448,2024-07-06,Delivered,C00317,Tara,Mehta,Delhi
O002904,2024-07-06,Delivered,C00217,Tara,Nair,Kolkata
O001079,2024-07-07,Delivered,C00293,Kabir,Sharma,Delhi
O001519,2024-07-07,Delivered,C00040,Rahul,Das,Hyderabad
O001861,2024-07-07,Delivered,C00290,Vihaan,Rao,Jaipur
O000307,2024-07-08,Delivered,C00255,Tara,Chatterjee,Kolkata
O001141,2024-07-08,Placed,C00317,Tara,Mehta,Delhi
O000147,2024-07-09,Delivered,C00225,Isha,Joshi,Kolkata
O000558,2024-07-09,Delivered,C00138,Pooja,Rao,Jaipur
O001407,2024-07-09,Cancelled,C00139,Dev,Nair,Delhi
O000446,2024-07-09,Cancelled,C00222,Anaya,Verma,Chennai
O001518,2024-07-09,Delivered,C00212,Kabir,Kapoor,Hyderabad
O001724,2024-07-10,Shipped,C00256,Nikhil,Kapoor,Ahmedabad
O002825,2024-07-10,Placed,C00367,Kabir,Gupta,Mumbai
O000294,2024-07-11,Delivered,C00225,Isha,Joshi,Kolkata
O000797,2024-07-11,Delivered,C00098,Sara,Rao,Kolkata
O001027,2024-07-11,Delivered,C00395,Vihaan,Iyer,Kolkata
O001278,2024-07-11,Delivered,C00158,Sneha,Nair,Pune
O001575,2024-07-11,Shipped,C00034,Meera,Reddy,Mumbai
O000690,2024-07-12,Shipped,C00206,Nikhil,Verma,Kolkata
O001445,2024-07-12,Delivered,C00129,Aditya,Rao,Jaipur
O002027,2024-07-12,Shipped,C00277,Aditya,Patel,Pune
O002316,2024-07-12,Delivered,C00135,Dev,Kapoor,Ahmedabad
O002752,2024-07-12,Delivered,C00393,Aditya,Kapoor,Kolkata
O000526,2024-07-12,Delivered,C00166,Sneha,Iyer,Mumbai
O001455,2024-07-13,Shipped,C00110,Anaya,Joshi,Bengaluru
O001522,2024-07-13,Shipped,C00059,Tara,Nair,Ahmedabad
O001434,2024-07-13,Shipped,C00160,Isha,Iyer,Jaipur
O000022,2024-07-14,Delivered,C00387,Karan,Das,Kolkata
O001618,2024-07-14,Placed,C00393,Aditya,Kapoor,Kolkata
O000746,2024-07-15,Delivered,C00252,Priya,Mehta,Kolkata
O002276,2024-07-15,Placed,C00245,Diya,Patel,Ahmedabad
O002514,2024-07-15,Shipped,C00041,Sara,Gupta,Bengaluru
O001888,2024-07-16,Shipped,C00027,Rohan,Rao,Bengaluru
O001820,2024-07-16,Placed,C00282,Kabir,Joshi,Bhubaneswar
O000104,2024-07-17,Delivered,C00164,Vihaan,Iyer,Ahmedabad
O000801,2024-07-17,Delivered,C00351,Karan,Sharma,Chennai
O001085,2024-07-17,Shipped,C00077,Tara,Reddy,Kolkata
O001352,2024-07-17,Delivered,C00308,Priya,Verma,Delhi
O002587,2024-07-17,Delivered,C00189,Aditya,Verma,Kolkata
O000560,2024-07-18,Returned,C00283,Nikhil,Nair,Ahmedabad
O002524,2024-07-18,Delivered,C00176,Arjun,Reddy,Chennai
O000057,2024-07-19,Delivered,C00278,Rahul,Nair,Kolkata
O001033,2024-07-19,Cancelled,C00040,Rahul,Das,Hyderabad
O001991,2024-07-19,Shipped,C00040,Rahul,Das,Hyderabad
O002367,2024-07-19,Delivered,C00116,Pooja,Rao,Chennai
O000355,2024-07-20,Returned,C00223,Rohan,Malhotra,Chennai
O001408,2024-07-20,Delivered,C00319,Isha,Das,Delhi
O001660,2024-07-20,Delivered,C00194,Tara,Das,Hyderabad
O002024,2024-07-20,Cancelled,C00288,Sneha,Malhotra,Chennai
O000096,2024-07-21,Placed,C00293,Kabir,Sharma,Delhi
O000335,2024-07-21,Shipped,C00144,Rahul,Patel,Bhubaneswar
O000903,2024-07-21,Delivered,C00082,Kabir,Joshi,Kolkata
O000947,2024-07-21,Delivered,C00205,Rahul,Kapoor,Bhubaneswar
O002052,2024-07-21,Shipped,C00112,Rohan,Patel,Bhubaneswar
O001104,2024-07-22,Shipped,C00109,Pooja,Das,Kolkata
O000406,2024-07-22,Cancelled,C00119,Rahul,Sharma,Kolkata
O000315,2024-07-23,Cancelled,C00344,Isha,Malhotra,Pune
O002165,2024-07-23,Delivered,C00325,Karan,Rao,Jaipur
O002623,2024-07-23,Delivered,C00326,Riya,Iyer,Bhubaneswar
O002031,2024-07-23,Delivered,C00052,Sneha,Malhotra,Mumbai
O000263,2024-07-24,Placed,C00397,Sneha,Joshi,Delhi
O001470,2024-07-24,Delivered,C00269,Meera,Singh,Bengaluru
O002205,2024-07-24,Delivered,C00088,Anaya,Verma,Chennai
O000133,2024-07-24,Placed,C00079,Pooja,Malhotra,Chennai
O001260,2024-07-24,Delivered,C00324,Tara,Mehta,Jaipur
O000187,2024-07-25,Shipped,C00119,Rahul,Sharma,Kolkata
O001248,2024-07-25,Delivered,C00226,Kabir,Chatterjee,Bhubaneswar
O001291,2024-07-25,Shipped,C00381,Anaya,Sharma,Mumbai
O002342,2024-07-25,Cancelled,C00374,Sneha,Sharma,Delhi
O000796,2024-07-26,Delivered,C00254,Pooja,Malhotra,Jaipur
O002022,2024-07-26,Cancelled,C00291,Vihaan,Patel,Jaipur
O002264,2024-07-26,Delivered,C00058,Isha,Malhotra,Ahmedabad
O001478,2024-07-26,Delivered,C00102,Karan,Verma,Ahmedabad
O001402,2024-07-27,Delivered,C00314,Tara,Nair,Jaipur
O000118,2024-07-28,Placed,C00233,Priya,Gupta,Bengaluru
O002099,2024-07-28,Delivered,C00042,Aarav,Singh,Jaipur
O001850,2024-07-28,Delivered,C00232,Sneha,Mehta,Chennai
O000362,2024-07-29,Shipped,C00217,Tara,Nair,Kolkata
O002940,2024-07-29,Delivered,C00289,Priya,Chatterjee,Kolkata
O000268,2024-07-30,Shipped,C00212,Kabir,Kapoor,Hyderabad
O000722,2024-07-30,Cancelled,C00242,Anaya,Singh,Bhubaneswar
O001042,2024-07-30,Delivered,C00111,Arjun,Kapoor,Jaipur
O001373,2024-07-30,Placed,C00047,Aditya,Singh,Bhubaneswar
O002368,2024-07-30,Delivered,C00094,Nikhil,Reddy,Bengaluru
O002889,2024-07-30,Shipped,C00223,Rohan,Malhotra,Chennai
O001605,2024-07-30,Placed,C00396,Sneha,Mehta,Hyderabad
O001358,2024-07-30,Delivered,C00123,Diya,Singh,Chennai
O002293,2024-07-30,Placed,C00181,Arjun,Patel,Jaipur
O002988,2024-07-30,Delivered,C00029,Rahul,Singh,Chennai
O000081,2024-07-31,Delivered,C00070,Tara,Iyer,Bengaluru
O000601,2024-07-31,Shipped,C00206,Nikhil,Verma,Kolkata
O002253,2024-07-31,Delivered,C00251,Priya,Rao,Mumbai
O002925,2024-07-31,Placed,C00154,Riya,Chatterjee,Mumbai
O000809,2024-08-01,Cancelled,C00305,Isha,Kapoor,Kolkata
O002655,2024-08-01,Shipped,C00223,Rohan,Malhotra,Chennai
O000594,2024-08-01,Delivered,C00007,Priya,Das,Bengaluru
O000904,2024-08-01,Delivered,C00316,Sara,Joshi,Jaipur
O002116,2024-08-02,Delivered,C00390,Dev,Reddy,Jaipur
O002144,2024-08-02,Shipped,C00146,Anaya,Kapoor,Chennai
O002215,2024-08-02,Returned,C00242,Anaya,Singh,Bhubaneswar
O000123,2024-08-03,Shipped,C00276,Diya,Patel,Ahmedabad
O000380,2024-08-03,Shipped,C00156,Dev,Sharma,Pune
O000741,2024-08-03,Cancelled,C00359,Isha,Patel,Chennai
O001218,2024-08-03,Placed,C00296,Dev,Chatterjee,Bhubaneswar
O002243,2024-08-03,Cancelled,C00114,Vihaan,Chatterjee,Jaipur
O000557,2024-08-04,Delivered,C00279,Aarav,Nair,Bhubaneswar
O001325,2024-08-04,Delivered,C00087,Priya,Patel,Mumbai
O002917,2024-08-04,Cancelled,C00015,Aditya,Singh,Chennai
O000616,2024-08-05,Returned,C00062,Aditya,Gupta,Mumbai
O001131,2024-08-05,Delivered,C00306,Kabir,Singh,Jaipur
O002361,2024-08-05,Delivered,C00115,Sara,Kapoor,Pune
O002507,2024-08-05,Cancelled,C00168,Isha,Kapoor,Ahmedabad
O000952,2024-08-06,Delivered,C00230,Sara,Rao,Ahmedabad
O002948,2024-08-06,Placed,C00036,Sneha,Kapoor,Ahmedabad
O002519,2024-08-06,Returned,C00117,Vihaan,Mehta,Chennai
O000640,2024-08-07,Shipped,C00271,Riya,Das,Chennai
O000729,2024-08-07,Shipped,C00020,Pooja,Iyer,Jaipur
O002321,2024-08-07,Cancelled,C00138,Pooja,Rao,Jaipur
O002326,2024-08-07,Cancelled,C00158,Sneha,Nair,Pune
O000197,2024-08-07,Placed,C00363,Vihaan,Singh,Kolkata
O001572,2024-08-07,Shipped,C00391,Meera,Mehta,Kolkata
O002556,2024-08-07,Cancelled,C00199,Pooja,Patel,Kolkata
O002111,2024-08-07,Delivered,C00031,Diya,Reddy,Mumbai
O000076,2024-08-08,Cancelled,C00009,Priya,Nair,Ahmedabad
O000136,2024-08-08,Delivered,C00267,Isha,Gupta,Chennai
O001312,2024-08-08,Returned,C00361,Dev,Sharma,Jaipur
O001663,2024-08-08,Delivered,C00050,Diya,Joshi,Pune
O001654,2024-08-08,Delivered,C00215,Aditya,Sharma,Chennai
O001999,2024-08-08,Delivered,C00055,Arjun,Joshi,Delhi
O001894,2024-08-08,Delivered,C00061,Priya,Reddy,Pune
O000329,2024-08-09,Delivered,C00382,Sara,Mehta,Kolkata
O002955,2024-08-09,Delivered,C00292,Sara,Kapoor,Bengaluru
O001534,2024-08-09,Delivered,C00105,Anaya,Rao,Bhubaneswar
O001124,2024-08-09,Shipped,C00203,Diya,Nair,Jaipur
O001193,2024-08-10,Shipped,C00134,Sara,Joshi,Chennai
O002863,2024-08-10,Delivered,C00054,Vihaan,Patel,Delhi
O002986,2024-08-10,Cancelled,C00033,Isha,Sharma,Delhi
O002581,2024-08-10,Returned,C00367,Kabir,Gupta,Mumbai
O000063,2024-08-11,Delivered,C00319,Isha,Das,Delhi
O002847,2024-08-11,Delivered,C00228,Anaya,Iyer,Ahmedabad
O002634,2024-08-12,Delivered,C00266,Priya,Reddy,Kolkata
O002761,2024-08-12,Delivered,C00220,Aditya,Reddy,Bhubaneswar
O002503,2024-08-12,Delivered,C00064,Dev,Mehta,Ahmedabad
O002413,2024-08-12,Delivered,C00132,Rahul,Kapoor,Jaipur
O001498,2024-08-12,Delivered,C00351,Karan,Sharma,Chennai
O002043,2024-08-13,Shipped,C00221,Riya,Joshi,Bengaluru
O002297,2024-08-13,Delivered,C00080,Karan,Kapoor,Ahmedabad
O001136,2024-08-14,Delivered,C00273,Rahul,Mehta,Kolkata
O002021,2024-08-14,Delivered,C00315,Kabir,Kapoor,Mumbai
O002097,2024-08-14,Shipped,C00119,Rahul,Sharma,Kolkata
O002129,2024-08-14,Placed,C00172,Riya,Joshi,Kolkata
O001752,2024-08-14,Shipped,C00028,Aditya,Iyer,Ahmedabad
O000451,2024-08-14,Returned,C00030,Priya,Reddy,Bengaluru
O001881,2024-08-14,Delivered,C00180,Tara,Joshi,Jaipur
O002516,2024-08-15,Shipped,C00125,Aditya,Nair,Pune
O000893,2024-08-15,Delivered,C00223,Rohan,Malhotra,Chennai
O002618,2024-08-15,Shipped,C00365,Nikhil,Verma,Ahmedabad
O001196,2024-08-16,Delivered,C00358,Dev,Nair,Pune
O001854,2024-08-16,Delivered,C00348,Rohan,Singh,Bengaluru
O001799,2024-08-16,Delivered,C00395,Vihaan,Iyer,Kolkata
O002135,2024-08-16,Shipped,C00077,Tara,Reddy,Kolkata
O002790,2024-08-16,Delivered,C00075,Karan,Nair,Mumbai
O000162,2024-08-17,Returned,C00030,Priya,Reddy,Bengaluru
O002015,2024-08-17,Placed,C00377,Sneha,Das,Ahmedabad
O000201,2024-08-17,Delivered,C00307,Arjun,Chatterjee,Jaipur
O001394,2024-08-17,Delivered,C00262,Rohan,Sharma,Chennai
O002913,2024-08-17,Cancelled,C00126,Sneha,Patel,Ahmedabad
O000185,2024-08-18,Shipped,C00124,Aditya,Joshi,Delhi
O000297,2024-08-18,Delivered,C00186,Aditya,Iyer,Hyderabad
O002349,2024-08-18,Shipped,C00107,Riya,Verma,Bhubaneswar
O002176,2024-08-19,Shipped,C00282,Kabir,Joshi,Bhubaneswar
O000237,2024-08-20,Delivered,C00317,Tara,Mehta,Delhi
O001958,2024-08-20,Delivered,C00280,Pooja,Singh,Delhi
O002962,2024-08-20,Delivered,C00135,Dev,Kapoor,Ahmedabad
O002143,2024-08-20,Delivered,C00215,Aditya,Sharma,Chennai
O000600,2024-08-21,Delivered,C00012,Vihaan,Verma,Kolkata
O000652,2024-08-21,Delivered,C00338,Nikhil,Patel,Jaipur
O000675,2024-08-21,Delivered,C00349,Aditya,Malhotra,Kolkata
O001304,2024-08-21,Delivered,C00296,Dev,Chatterjee,Bhubaneswar
O002270,2024-08-21,Delivered,C00014,Sneha,Gupta,Mumbai
O002754,2024-08-21,Returned,C00123,Diya,Singh,Chennai
O000062,2024-08-23,Delivered,C00118,Karan,Das,Ahmedabad
O000610,2024-08-23,Delivered,C00321,Kabir,Mehta,Ahmedabad
O001011,2024-08-23,Delivered,C00066,Rohan,Gupta,Delhi
O001050,2024-08-23,Delivered,C00030,Priya,Reddy,Bengaluru
O002244,2024-08-23,Returned,C00245,Diya,Patel,Ahmedabad
O002251,2024-08-23,Delivered,C00326,Riya,Iyer,Bhubaneswar
O001803,2024-08-23,Delivered,C00361,Dev,Sharma,Jaipur
O001998,2024-08-23,Delivered,C00056,Aarav,Kapoor,Pune
O001956,2024-08-24,Delivered,C00060,Arjun,Gupta,Delhi
O002567,2024-08-24,Delivered,C00339,Diya,Mehta,Bhubaneswar
O002705,2024-08-24,Delivered,C00337,Riya,Mehta,Kolkata
O002261,2024-08-24,Shipped,C00396,Sneha,Mehta,Hyderabad
O001065,2024-08-25,Returned,C00001,Isha,Sharma,Jaipur
O001343,2024-08-25,Returned,C00383,Sara,Chatterjee,Chennai
O000321,2024-08-25,Delivered,C00194,Tara,Das,Hyderabad
O000658,2024-08-26,Delivered,C00042,Aarav,Singh,Jaipur
O000659,2024-08-26,Delivered,C00382,Sara,Mehta,Kolkata
O001694,2024-08-26,Returned,C00366,Dev,Chatterjee,Ahmedabad
O002299,2024-08-26,Cancelled,C00078,Aarav,Nair,Jaipur
O000678,2024-08-27,Placed,C00111,Arjun,Kapoor,Jaipur
O002576,2024-08-27,Delivered,C00119,Rahul,Sharma,Kolkata
O002087,2024-08-27,Delivered,C00322,Pooja,Chatterjee,Jaipur
O001927,2024-08-27,Delivered,C00022,Sara,Sharma,Bengaluru
O002865,2024-08-27,Placed,C00221,Riya,Joshi,Bengaluru
O000556,2024-08-28,Delivered,C00206,Nikhil,Verma,Kolkata
O000697,2024-08-28,Shipped,C00108,Kabir,Patel,Chennai
O000872,2024-08-28,Delivered,C00243,Priya,Das,Bengaluru
O002388,2024-08-28,Delivered,C00396,Sneha,Mehta,Hyderabad
O002462,2024-08-28,Shipped,C00180,Tara,Joshi,Jaipur
O002418,2024-08-28,Delivered,C00347,Dev,Reddy,Mumbai
O000155,2024-08-29,Delivered,C00137,Tara,Joshi,Hyderabad
O001176,2024-08-29,Delivered,C00164,Vihaan,Iyer,Ahmedabad
O001281,2024-08-29,Delivered,C00117,Vihaan,Mehta,Chennai
O001427,2024-08-29,Delivered,C00334,Nikhil,Verma,Bhubaneswar
O002090,2024-08-29,Delivered,C00206,Nikhil,Verma,Kolkata
O000593,2024-08-30,Placed,C00380,Riya,Nair,Bengaluru
O002315,2024-08-30,Delivered,C00241,Pooja,Joshi,Pune
O000487,2024-08-30,Placed,C00079,Pooja,Malhotra,Chennai
O002240,2024-08-30,Cancelled,C00021,Aarav,Das,Pune
O001992,2024-08-30,Shipped,C00383,Sara,Chatterjee,Chennai
O000145,2024-08-31,Delivered,C00193,Rohan,Reddy,Ahmedabad
O000884,2024-08-31,Delivered,C00226,Kabir,Chatterjee,Bhubaneswar
O002870,2024-08-31,Cancelled,C00150,Sara,Kapoor,Mumbai
O001896,2024-08-31,Returned,C00052,Sneha,Malhotra,Mumbai
O002141,2024-08-31,Delivered,C00397,Sneha,Joshi,Delhi
O000110,2024-09-01,Delivered,C00307,Arjun,Chatterjee,Jaipur
O000167,2024-09-01,Cancelled,C00084,Riya,Sharma,Bengaluru
O000002,2024-09-02,Delivered,C00361,Dev,Sharma,Jaipur
O001362,2024-09-02,Delivered,C00014,Sneha,Gupta,Mumbai
O000149,2024-09-02,Delivered,C00143,Meera,Patel,Kolkata
O000940,2024-09-02,Returned,C00236,Diya,Gupta,Pune
O001688,2024-09-02,Delivered,C00252,Priya,Mehta,Kolkata
O001083,2024-09-03,Cancelled,C00105,Anaya,Rao,Bhubaneswar
O001680,2024-09-03,Cancelled,C00372,Kabir,Kapoor,Chennai
O002177,2024-09-03,Shipped,C00270,Dev,Mehta,Pune
O001791,2024-09-03,Placed,C00133,Sneha,Reddy,Chennai
O001870,2024-09-03,Returned,C00099,Nikhil,Chatterjee,Pune
O002803,2024-09-04,Delivered,C00040,Rahul,Das,Hyderabad
O000316,2024-09-05,Placed,C00363,Vihaan,Singh,Kolkata
O000061,2024-09-05,Delivered,C00011,Sara,Kapoor,Chennai
O002627,2024-09-05,Delivered,C00214,Arjun,Iyer,Jaipur
O002780,2024-09-06,Delivered,C00273,Rahul,Mehta,Kolkata
O000562,2024-09-06,Delivered,C00154,Riya,Chatterjee,Mumbai
O001655,2024-09-06,Shipped,C00024,Pooja,Reddy,Pune
O001814,2024-09-06,Delivered,C00372,Kabir,Kapoor,Chennai
O002357,2024-09-06,Returned,C00260,Pooja,Mehta,Mumbai
O001895,2024-09-07,Delivered,C00220,Aditya,Reddy,Bhubaneswar
O002664,2024-09-07,Placed,C00031,Diya,Reddy,Mumbai
O002083,2024-09-07,Delivered,C00244,Dev,Nair,Kolkata
O002416,2024-09-08,Cancelled,C00251,Priya,Rao,Mumbai
O001520,2024-09-08,Delivered,C00357,Anaya,Chatterjee,Mumbai
O000676,2024-09-08,Delivered,C00330,Sneha,Iyer,Bhubaneswar
O002159,2024-09-08,Shipped,C00361,Dev,Sharma,Jaipur
O002340,2024-09-08,Delivered,C00061,Priya,Reddy,Pune
O000027,2024-09-09,Delivered,C00275,Sneha,Nair,Bhubaneswar
O002435,2024-09-09,Delivered,C00340,Tara,Patel,Jaipur
O001372,2024-09-10,Delivered,C00060,Arjun,Gupta,Delhi
O002008,2024-09-10,Shipped,C00020,Pooja,Iyer,Jaipur
O000845,2024-09-10,Delivered,C00073,Riya,Singh,Jaipur
O001459,2024-09-11,Delivered,C00135,Dev,Kapoor,Ahmedabad
O000352,2024-09-11,Delivered,C00036,Sneha,Kapoor,Ahmedabad
O002930,2024-09-11,Placed,C00274,Sneha,Gupta,Hyderabad
O001665,2024-09-11,Delivered,C00341,Nikhil,Nair,Kolkata
O002532,2024-09-11,Placed,C00287,Anaya,Chatterjee,Hyderabad
O000822,2024-09-11,Delivered,C00235,Nikhil,Rao,Kolkata
O001458,2024-09-11,Delivered,C00224,Aditya,Nair,Hyderabad
O001607,2024-09-11,Delivered,C00008,Sara,Joshi,Mumbai
O002835,2024-09-11,Cancelled,C00203,Diya,Nair,Jaipur
O001666,2024-09-12,Delivered,C00334,Nikhil,Verma,Bhubaneswar
O000320,2024-09-12,Placed,C00161,Tara,Das,Chennai
O002016,2024-09-12,Returned,C00062,Aditya,Gupta,Mumbai
O002808,2024-09-12,Cancelled,C00276,Diya,Patel,Ahmedabad
O002358,2024-09-13,Placed,C00244,Dev,Nair,Kolkata
O000308,2024-09-13,Delivered,C00330,Sneha,Iyer,Bhubaneswar
O000387,2024-09-13,Delivered,C00162,Vihaan,Sharma,Hyderabad
O001073,2024-09-13,Returned,C00078,Aarav,Nair,Jaipur
O000945,2024-09-14,Cancelled,C00280,Pooja,Singh,Delhi
O002093,2024-09-14,Delivered,C00103,Aditya,Das,Mumbai
O001140,2024-09-14,Cancelled,C00261,Meera,Kapoor,Bhubaneswar
O001034,2024-09-15,Placed,C00283,Nikhil,Nair,Ahmedabad
O001234,2024-09-15,Placed,C00392,Pooja,Sharma,Jaipur
O002167,2024-09-15,Shipped,C00061,Priya,Reddy,Pune
O001199,2024-09-16,Delivered,C00215,Aditya,Sharma,Chennai
O001202,2024-09-16,Delivered,C00172,Riya,Joshi,Kolkata
O001232,2024-09-16,Delivered,C00399,Sara,Iyer,Mumbai
O002077,2024-09-16,Delivered,C00078,Aarav,Nair,Jaipur
O002631,2024-09-16,Shipped,C00315,Kabir,Kapoor,Mumbai
O002993,2024-09-17,Delivered,C00190,Aditya,Kapoor,Delhi
O001420,2024-09-17,Delivered,C00151,Isha,Malhotra,Ahmedabad
O001101,2024-09-17,Cancelled,C00202,Vihaan,Das,Bhubaneswar
O000170,2024-09-17,Cancelled,C00054,Vihaan,Patel,Delhi
O001439,2024-09-17,Delivered,C00156,Dev,Sharma,Pune
O001755,2024-09-17,Delivered,C00062,Aditya,Gupta,Mumbai
O002881,2024-09-17,Delivered,C00014,Sneha,Gupta,Mumbai
O002970,2024-09-17,Delivered,C00372,Kabir,Kapoor,Chennai
O000428,2024-09-17,Shipped,C00209,Karan,Verma,Ahmedabad
O001187,2024-09-18,Delivered,C00063,Arjun,Reddy,Pune
O002720,2024-09-18,Delivered,C00105,Anaya,Rao,Bhubaneswar
O000982,2024-09-18,Shipped,C00146,Anaya,Kapoor,Chennai
O000749,2024-09-19,Delivered,C00308,Priya,Verma,Delhi
O000199,2024-09-19,Delivered,C00060,Arjun,Gupta,Delhi
O000266,2024-09-19,Delivered,C00206,Nikhil,Verma,Kolkata
O000220,2024-09-20,Cancelled,C00215,Aditya,Sharma,Chennai
O000060,2024-09-20,Delivered,C00076,Arjun,Verma,Delhi
O001297,2024-09-22,Placed,C00213,Aarav,Nair,Kolkata
O001290,2024-09-22,Placed,C00005,Karan,Verma,Bhubaneswar
O001163,2024-09-22,Cancelled,C00171,Pooja,Sharma,Bhubaneswar
O002468,2024-09-22,Delivered,C00098,Sara,Rao,Kolkata
O000183,2024-09-22,Placed,C00103,Aditya,Das,Mumbai
O001239,2024-09-23,Delivered,C00270,Dev,Mehta,Pune
O001912,2024-09-23,Shipped,C00015,Aditya,Singh,Chennai
O002562,2024-09-23,Delivered,C00211,Kabir,Das,Hyderabad
O001509,2024-09-23,Delivered,C00392,Pooja,Sharma,Jaipur
O000632,2024-09-24,Cancelled,C00007,Priya,Das,Bengaluru
O001414,2024-09-24,Delivered,C00337,Riya,Mehta,Kolkata
O000427,2024-09-24,Delivered,C00016,Pooja,Verma,Jaipur
O001314,2024-09-24,Delivered,C00101,Karan,Nair,Delhi
O002534,2024-09-24,Shipped,C00176,Arjun,Reddy,Chennai
O000715,2024-09-25,Delivered,C00363,Vihaan,Singh,Kolkata
O002174,2024-09-25,Placed,C00188,Vihaan,Singh,Delhi
O000035,2024-09-25,Delivered,C00218,Sara,Mehta,Delhi
O001794,2024-09-25,Delivered,C00311,Tara,Singh,Bhubaneswar
O000200,2024-09-25,Delivered,C00272,Kabir,Malhotra,Bhubaneswar
O002633,2024-09-26,Delivered,C00351,Karan,Sharma,Chennai
O001376,2024-09-26,Delivered,C00019,Aditya,Chatterjee,Jaipur
O001823,2024-09-26,Shipped,C00339,Diya,Mehta,Bhubaneswar
O000839,2024-09-27,Delivered,C00159,Tara,Verma,Bengaluru
O002235,2024-09-27,Delivered,C00206,Nikhil,Verma,Kolkata
O002139,2024-09-27,Delivered,C00252,Priya,Mehta,Kolkata
O002668,2024-09-28,Cancelled,C00298,Aditya,Singh,Hyderabad
O000707,2024-09-28,Delivered,C00306,Kabir,Singh,Jaipur
O002585,2024-09-28,Delivered,C00300,Anaya,Das,Chennai
O000005,2024-09-29,Delivered,C00390,Dev,Reddy,Jaipur
O002566,2024-09-29,Delivered,C00236,Diya,Gupta,Pune
O002689,2024-09-29,Delivered,C00301,Aditya,Nair,Kolkata
O001489,2024-09-30,Delivered,C00321,Kabir,Mehta,Ahmedabad
O000747,2024-09-30,Placed,C00181,Arjun,Patel,Jaipur
O000113,2024-09-30,Delivered,C00398,Anaya,Joshi,Bengaluru
O000482,2024-09-30,Placed,C00149,Pooja,Rao,Hyderabad
O001374,2024-09-30,Delivered,C00064,Dev,Mehta,Ahmedabad
O002401,2024-09-30,Delivered,C00241,Pooja,Joshi,Pune
O002370,2024-10-01,Cancelled,C00398,Anaya,Joshi,Bengaluru
O000950,2024-10-01,Cancelled,C00320,Diya,Reddy,Bhubaneswar
O002834,2024-10-01,Shipped,C00090,Anaya,Joshi,Bhubaneswar
O001308,2024-10-02,Cancelled,C00381,Anaya,Sharma,Mumbai
O002995,2024-10-02,Delivered,C00143,Meera,Patel,Kolkata
O000120,2024-10-02,Delivered,C00009,Priya,Nair,Ahmedabad
O000093,2024-10-02,Placed,C00383,Sara,Chatterjee,Chennai
O002684,2024-10-02,Delivered,C00007,Priya,Das,Bengaluru
O002504,2024-10-02,Delivered,C00086,Kabir,Singh,Pune
O001327,2024-10-02,Returned,C00211,Kabir,Das,Hyderabad
O000519,2024-10-03,Cancelled,C00127,Sara,Rao,Delhi
O000818,2024-10-03,Cancelled,C00016,Pooja,Verma,Jaipur
O001313,2024-10-04,Cancelled,C00307,Arjun,Chatterjee,Jaipur
O000296,2024-10-04,Delivered,C00094,Nikhil,Reddy,Bengaluru
O000218,2024-10-05,Delivered,C00264,Riya,Iyer,Mumbai
O002380,2024-10-05,Cancelled,C00294,Anaya,Nair,Ahmedabad
O001446,2024-10-05,Delivered,C00246,Diya,Das,Bengaluru
O001323,2024-10-05,Delivered,C00015,Aditya,Singh,Chennai
O002395,2024-10-05,Delivered,C00382,Sara,Mehta,Kolkata
O001963,2024-10-05,Cancelled,C00246,Diya,Das,Bengaluru
O001737,2024-10-06,Cancelled,C00035,Dev,Sharma,Chennai
O002742,2024-10-06,Placed,C00098,Sara,Rao,Kolkata
O002651,2024-10-06,Delivered,C00059,Tara,Nair,Ahmedabad
O000648,2024-10-06,Delivered,C00160,Isha,Iyer,Jaipur
O001946,2024-10-07,Returned,C00368,Dev,Nair,Hyderabad
O002381,2024-10-07,Cancelled,C00193,Rohan,Reddy,Ahmedabad
O002796,2024-10-08,Placed,C00325,Karan,Rao,Jaipur
O002646,2024-10-08,Returned,C00074,Riya,Kapoor,Pune
O002075,2024-10-08,Delivered,C00185,Rahul,Kapoor,Bengaluru
O000293,2024-10-08,Returned,C00141,Nikhil,Patel,Bhubaneswar
O002471,2024-10-08,Delivered,C00016,Pooja,Verma,Jaipur
O000019,2024-10-10,Shipped,C00191,Anaya,Iyer,Chennai
O001795,2024-10-10,Delivered,C00234,Rahul,Rao,Mumbai
O000817,2024-10-10,Delivered,C00210,Kabir,Nair,Chennai
O000391,2024-10-10,Placed,C00330,Sneha,Iyer,Bhubaneswar
O000198,2024-10-10,Cancelled,C00143,Meera,Patel,Kolkata
O002764,2024-10-11,Delivered,C00327,Sneha,Reddy,Delhi
O001909,2024-10-11,Delivered,C00298,Aditya,Singh,Hyderabad
O000694,2024-10-11,Shipped,C00070,Tara,Iyer,Bengaluru
O002714,2024-10-11,Delivered,C00002,Rohan,Das,Ahmedabad
O000820,2024-10-12,Shipped,C00049,Tara,Mehta,Jaipur
O000156,2024-10-13,Delivered,C00010,Meera,Mehta,Jaipur
O000337,2024-10-13,Returned,C00126,Sneha,Patel,Ahmedabad
O000920,2024-10-14,Placed,C00299,Meera,Rao,Hyderabad
O000016,2024-10-14,Cancelled,C00255,Tara,Chatterjee,Kolkata
O001477,2024-10-14,Delivered,C00100,Rahul,Nair,Jaipur
O001332,2024-10-14,Cancelled,C00142,Anaya,Nair,Mumbai
O000461,2024-10-15,Shipped,C00341,Nikhil,Nair,Kolkata
O000934,2024-10-16,Returned,C00193,Rohan,Reddy,Ahmedabad
O000415,2024-10-16,Delivered,C00344,Isha,Malhotra,Pune
O001147,2024-10-16,Delivered,C00338,Nikhil,Patel,Jaipur
O000174,2024-10-16,Returned,C00247,Rahul,Patel,Bengaluru
O000333,2024-10-16,Delivered,C00343,Sneha,Gupta,Mumbai
O000215,2024-10-17,Delivered,C00354,Sara,Joshi,Chennai
O000412,2024-10-17,Delivered,C00231,Tara,Patel,Jaipur
O002443,2024-10-17,Delivered,C00025,Dev,Kapoor,Delhi
O001633,2024-10-17,Delivered,C00289,Priya,Chatterjee,Kolkata
O002306,2024-10-17,Shipped,C00012,Vihaan,Verma,Kolkata
O001046,2024-10-17,Cancelled,C00387,Karan,Das,Kolkata
O002487,2024-10-18,Returned,C00006,Nikhil,Mehta,Ahmedabad
O001382,2024-10-18,Delivered,C00150,Sara,Kapoor,Mumbai
O002353,2024-10-18,Shipped,C00313,Sneha,Sharma,Mumbai
O001284,2024-10-19,Cancelled,C00039,Dev,Verma,Chennai
O000614,2024-10-19,Delivered,C00057,Priya,Kapoor,Bhubaneswar
O000708,2024-10-19,Delivered,C00140,Anaya,Iyer,Bengaluru
O002934,2024-10-19,Delivered,C00353,Karan,Reddy,Chennai
O002505,2024-10-19,Shipped,C00023,Sneha,Chatterjee,Jaipur
O001480,2024-10-19,Delivered,C00080,Karan,Kapoor,Ahmedabad
O002106,2024-10-20,Shipped,C00278,Rahul,Nair,Kolkata
O001827,2024-10-20,Delivered,C00173,Rohan,Malhotra,Ahmedabad
O002845,2024-10-21,Delivered,C00096,Karan,Sharma,Pune
O000500,2024-10-21,Returned,C00092,Riya,Verma,Mumbai
O000271,2024-10-21,Delivered,C00091,Priya,Mehta,Chennai
O000404,2024-10-22,Delivered,C00005,Karan,Verma,Bhubaneswar
O000094,2024-10-22,Cancelled,C00147,Riya,Verma,Pune
O001221,2024-10-23,Delivered,C00227,Vihaan,Iyer,Bengaluru
O000986,2024-10-23,Delivered,C00227,Vihaan,Iyer,Bengaluru
O001640,2024-10-23,Delivered,C00215,Aditya,Sharma,Chennai
O000083,2024-10-23,Cancelled,C00294,Anaya,Nair,Ahmedabad
O002246,2024-10-24,Delivered,C00259,Anaya,Joshi,Pune
O000025,2024-10-24,Delivered,C00304,Diya,Kapoor,Pune
O002025,2024-10-24,Cancelled,C00092,Riya,Verma,Mumbai
O000608,2024-10-25,Cancelled,C00001,Isha,Sharma,Jaipur
O002702,2024-10-25,Cancelled,C00110,Anaya,Joshi,Bengaluru
O002220,2024-10-25,Delivered,C00282,Kabir,Joshi,Bhubaneswar
O002142,2024-10-26,Delivered,C00294,Anaya,Nair,Ahmedabad
O000756,2024-10-26,Delivered,C00262,Rohan,Sharma,Chennai
O000046,2024-10-26,Shipped,C00266,Priya,Reddy,Kolkata
O002066,2024-10-26,Delivered,C00233,Priya,Gupta,Bengaluru
O000182,2024-10-26,Placed,C00387,Karan,Das,Kolkata
O001819,2024-10-26,Shipped,C00370,Meera,Kapoor,Delhi
O000075,2024-10-27,Delivered,C00322,Pooja,Chatterjee,Jaipur
O002905,2024-10-27,Placed,C00306,Kabir,Singh,Jaipur
O001265,2024-10-28,Delivered,C00249,Nikhil,Iyer,Mumbai
O001016,2024-10-28,Delivered,C00274,Sneha,Gupta,Hyderabad
O002044,2024-10-28,Delivered,C00177,Isha,Nair,Kolkata
O001157,2024-10-28,Placed,C00057,Priya,Kapoor,Bhubaneswar
O000494,2024-10-29,Delivered,C00248,Aarav,Rao,Pune
O001725,2024-10-29,Cancelled,C00076,Arjun,Verma,Delhi
O000680,2024-10-29,Shipped,C00254,Pooja,Malhotra,Jaipur
O001359,2024-10-30,Delivered,C00313,Sneha,Sharma,Mumbai
O001482,2024-10-30,Delivered,C00109,Pooja,Das,Kolkata
O002852,2024-10-30,Delivered,C00171,Pooja,Sharma,Bhubaneswar
O002288,2024-10-30,Delivered,C00181,Arjun,Patel,Jaipur
O000284,2024-10-30,Delivered,C00362,Sara,Das,Pune
O002977,2024-10-30,Delivered,C00024,Pooja,Reddy,Pune
O001294,2024-10-30,Placed,C00337,Riya,Mehta,Kolkata
O002699,2024-10-30,Delivered,C00349,Aditya,Malhotra,Kolkata
O000644,2024-10-31,Delivered,C00182,Priya,Verma,Ahmedabad
O001588,2024-10-31,Delivered,C00394,Riya,Patel,Bhubaneswar
O002002,2024-10-31,Delivered,C00009,Priya,Nair,Ahmedabad
O002979,2024-10-31,Delivered,C00108,Kabir,Patel,Chennai
O000625,2024-10-31,Delivered,C00002,Rohan,Das,Ahmedabad
O002161,2024-10-31,Delivered,C00385,Arjun,Gupta,Mumbai
O000272,2024-10-31,Shipped,C00307,Arjun,Chatterjee,Jaipur
O001018,2024-11-01,Cancelled,C00194,Tara,Das,Hyderabad
O002794,2024-11-01,Delivered,C00107,Riya,Verma,Bhubaneswar
O001682,2024-11-01,Returned,C00146,Anaya,Kapoor,Chennai
O001596,2024-11-02,Delivered,C00397,Sneha,Joshi,Delhi
O002073,2024-11-02,Delivered,C00070,Tara,Iyer,Bengaluru
O002584,2024-11-02,Shipped,C00328,Karan,Kapoor,Delhi
O002561,2024-11-02,Delivered,C00397,Sneha,Joshi,Delhi
O001576,2024-11-02,Cancelled,C00116,Pooja,Rao,Chennai
O002568,2024-11-02,Delivered,C00242,Anaya,Singh,Bhubaneswar
O000626,2024-11-02,Cancelled,C00303,Karan,Gupta,Delhi
O002191,2024-11-03,Placed,C00397,Sneha,Joshi,Delhi
O001515,2024-11-03,Cancelled,C00244,Dev,Nair,Kolkata
O000977,2024-11-03,Placed,C00229,Nikhil,Verma,Ahmedabad
O000565,2024-11-03,Delivered,C00114,Vihaan,Chatterjee,Jaipur
O001186,2024-11-04,Shipped,C00278,Rahul,Nair,Kolkata
O001438,2024-11-04,Delivered,C00182,Priya,Verma,Ahmedabad
O001697,2024-11-04,Delivered,C00199,Pooja,Patel,Kolkata
O001973,2024-11-04,Delivered,C00373,Rohan,Singh,Chennai
O001583,2024-11-04,Shipped,C00271,Riya,Das,Chennai
O002842,2024-11-04,Placed,C00057,Priya,Kapoor,Bhubaneswar
O000249,2024-11-04,Delivered,C00102,Karan,Verma,Ahmedabad
O000363,2024-11-04,Delivered,C00194,Tara,Das,Hyderabad
O002168,2024-11-04,Delivered,C00239,Dev,Rao,Kolkata
O001217,2024-11-04,Shipped,C00234,Rahul,Rao,Mumbai
O000506,2024-11-06,Delivered,C00124,Aditya,Joshi,Delhi
O000045,2024-11-06,Delivered,C00151,Isha,Malhotra,Ahmedabad
O001252,2024-11-06,Delivered,C00058,Isha,Malhotra,Ahmedabad
O001173,2024-11-06,Shipped,C00121,Rohan,Singh,Mumbai
O000131,2024-11-06,Shipped,C00151,Isha,Malhotra,Ahmedabad
O001282,2024-11-06,Delivered,C00337,Riya,Mehta,Kolkata
O001237,2024-11-07,Shipped,C00391,Meera,Mehta,Kolkata
O000579,2024-11-07,Placed,C00147,Riya,Verma,Pune
O001495,2024-11-07,Delivered,C00247,Rahul,Patel,Bengaluru
O001426,2024-11-07,Delivered,C00069,Dev,Iyer,Bengaluru
O002491,2024-11-07,Placed,C00300,Anaya,Das,Chennai
O002583,2024-11-07,Delivered,C00253,Aarav,Nair,Mumbai
O002596,2024-11-07,Delivered,C00068,Rohan,Singh,Kolkata
O002311,2024-11-07,Delivered,C00310,Rahul,Singh,Jaipur
O001531,2024-11-08,Cancelled,C00132,Rahul,Kapoor,Jaipur
O001954,2024-11-08,Cancelled,C00231,Tara,Patel,Jaipur
O001205,2024-11-08,Delivered,C00018,Anaya,Reddy,Pune
O001122,2024-11-09,Delivered,C00085,Diya,Chatterjee,Delhi
O000663,2024-11-09,Delivered,C00283,Nikhil,Nair,Ahmedabad
O002939,2024-11-09,Cancelled,C00160,Isha,Iyer,Jaipur
O001649,2024-11-09,Returned,C00310,Rahul,Singh,Jaipur
O000009,2024-11-10,Shipped,C00350,Vihaan,Sharma,Mumbai
O000709,2024-11-10,Cancelled,C00293,Kabir,Sharma,Delhi
O001448,2024-11-10,Returned,C00322,Pooja,Chatterjee,Jaipur
O001587,2024-11-10,Shipped,C00050,Diya,Joshi,Pune
O001055,2024-11-10,Delivered,C00041,Sara,Gupta,Bengaluru
O000305,2024-11-11,Delivered,C00046,Sneha,Patel,Pune
O002975,2024-11-11,Cancelled,C00313,Sneha,Sharma,Mumbai
O002323,2024-11-11,Delivered,C00290,Vihaan,Rao,Jaipur
O001793,2024-11-11,Shipped,C00158,Sneha,Nair,Pune
O000814,2024-11-11,Delivered,C00368,Dev,Nair,Hyderabad
O001709,2024-11-11,Delivered,C00342,Aarav,Sharma,Pune
O000523,2024-11-12,Shipped,C00209,Karan,Verma,Ahmedabad
O001802,2024-11-12,Cancelled,C00339,Diya,Mehta,Bhubaneswar
O000151,2024-11-12,Delivered,C00140,Anaya,Iyer,Bengaluru
O002797,2024-11-12,Returned,C00013,Dev,Malhotra,Jaipur
O002695,2024-11-12,Placed,C00225,Isha,Joshi,Kolkata
O001168,2024-11-13,Delivered,C00357,Anaya,Chatterjee,Mumbai
O000759,2024-11-13,Cancelled,C00281,Diya,Das,Chennai
O000207,2024-11-13,Shipped,C00310,Rahul,Singh,Jaipur
O000425,2024-11-13,Returned,C00123,Diya,Singh,Chennai
O001746,2024-11-14,Placed,C00247,Rahul,Patel,Bengaluru
O000967,2024-11-14,Delivered,C00247,Rahul,Patel,Bengaluru
O002609,2024-11-14,Delivered,C00236,Diya,Gupta,Pune
O001959,2024-11-14,Placed,C00271,Riya,Das,Chennai
O002605,2024-11-14,Cancelled,C00014,Sneha,Gupta,Mumbai
O000163,2024-11-15,Delivered,C00372,Kabir,Kapoor,Chennai
O001923,2024-11-15,Delivered,C00391,Meera,Mehta,Kolkata
O000733,2024-11-15,Cancelled,C00048,Aarav,Nair,Jaipur
O000902,2024-11-15,Cancelled,C00246,Diya,Das,Bengaluru
O002672,2024-11-16,Delivered,C00085,Diya,Chatterjee,Delhi
O001002,2024-11-16,Delivered,C00160,Isha,Iyer,Jaipur
O000824,2024-11-16,Shipped,C00340,Tara,Patel,Jaipur
O000605,2024-11-17,Delivered,C00017,Aarav,Kapoor,Bengaluru
O000189,2024-11-17,Placed,C00158,Sneha,Nair,Pune
O001068,2024-11-18,Delivered,C00065,Karan,Singh,Mumbai
O002426,2024-11-18,Cancelled,C00399,Sara,Iyer,Mumbai
O002749,2024-11-18,Placed,C00016,Pooja,Verma,Jaipur
O000039,2024-11-18,Cancelled,C00379,Isha,Joshi,Jaipur
O002068,2024-11-18,Delivered,C00064,Dev,Mehta,Ahmedabad
O001552,2024-11-18,Delivered,C00061,Priya,Reddy,Pune
O002383,2024-11-18,Delivered,C00317,Tara,Mehta,Delhi
O000798,2024-11-19,Delivered,C00338,Nikhil,Patel,Jaipur
O000317,2024-11-19,Delivered,C00220,Aditya,Reddy,Bhubaneswar
O002200,2024-11-19,Delivered,C00343,Sneha,Gupta,Mumbai
O000854,2024-11-19,Shipped,C00299,Meera,Rao,Hyderabad
O002127,2024-11-19,Delivered,C00027,Rohan,Rao,Bengaluru
O000484,2024-11-20,Placed,C00197,Sara,Nair,Delhi
O002804,2024-11-20,Delivered,C00305,Isha,Kapoor,Kolkata
O000580,2024-11-20,Delivered,C00257,Meera,Chatterjee,Jaipur
O002855,2024-11-20,Shipped,C00307,Arjun,Chatterjee,Jaipur
O000260,2024-11-20,Shipped,C00006,Nikhil,Mehta,Ahmedabad
O001185,2024-11-21,Delivered,C00278,Rahul,Nair,Kolkata
O001750,2024-11-21,Delivered,C00354,Sara,Joshi,Chennai
O000987,2024-11-22,Cancelled,C00295,Sara,Mehta,Bhubaneswar
O000328,2024-11-22,Delivered,C00038,Meera,Sharma,Delhi
O000235,2024-11-22,Delivered,C00388,Pooja,Patel,Mumbai
O000236,2024-11-23,Delivered,C00041,Sara,Gupta,Bengaluru
O001925,2024-11-24,Placed,C00092,Riya,Verma,Mumbai
O000211,2024-11-24,Returned,C00313,Sneha,Sharma,Mumbai
O002138,2024-11-24,Delivered,C00193,Rohan,Reddy,Ahmedabad
O002996,2024-11-25,Delivered,C00012,Vihaan,Verma,Kolkata
O001834,2024-11-25,Delivered,C00041,Sara,Gupta,Bengaluru
O000660,2024-11-25,Delivered,C00127,Sara,Rao,Delhi
O001474,2024-11-26,Returned,C00117,Vihaan,Mehta,Chennai
O001328,2024-11-26,Cancelled,C00149,Pooja,Rao,Hyderabad
O000973,2024-11-26,Placed,C00333,Dev,Singh,Kolkata
O002387,2024-11-27,Delivered,C00367,Kabir,Gupta,Mumbai
O000361,2024-11-27,Shipped,C00115,Sara,Kapoor,Pune
O002619,2024-11-27,Shipped,C00020,Pooja,Iyer,Jaipur
O002185,2024-11-28,Delivered,C00395,Vihaan,Iyer,Kolkata
O001650,2024-11-28,Delivered,C00374,Sneha,Sharma,Delhi
O001059,2024-11-29,Delivered,C00164,Vihaan,Iyer,Ahmedabad
O000463,2024-11-29,Placed,C00250,Rohan,Singh,Hyderabad
O002434,2024-11-29,Cancelled,C00014,Sneha,Gupta,Mumbai
O001857,2024-11-29,Delivered,C00115,Sara,Kapoor,Pune
O001782,2024-11-29,Delivered,C00062,Aditya,Gupta,Mumbai
O001481,2024-11-29,Shipped,C00170,Rohan,Singh,Delhi
O001279,2024-11-30,Placed,C00143,Meera,Patel,Kolkata
O000465,2024-11-30,Shipped,C00110,Anaya,Joshi,Bengaluru
O000723,2024-11-30,Delivered,C00226,Kabir,Chatterjee,Bhubaneswar
O000432,2024-11-30,Delivered,C00121,Rohan,Singh,Mumbai
O000525,2024-11-30,Delivered,C00008,Sara,Joshi,Mumbai
O001720,2024-12-01,Shipped,C00226,Kabir,Chatterjee,Bhubaneswar
O001462,2024-12-01,Shipped,C00006,Nikhil,Mehta,Ahmedabad
O002190,2024-12-01,Delivered,C00200,Rahul,Chatterjee,Ahmedabad
O001023,2024-12-01,Delivered,C00158,Sneha,Nair,Pune
O000773,2024-12-01,Delivered,C00116,Pooja,Rao,Chennai
O001144,2024-12-02,Delivered,C00302,Karan,Malhotra,Pune
O001544,2024-12-02,Delivered,C00331,Arjun,Malhotra,Delhi
O001521,2024-12-02,Delivered,C00106,Rahul,Gupta,Pune
O002548,2024-12-02,Delivered,C00087,Priya,Patel,Mumbai
O001810,2024-12-03,Delivered,C00336,Tara,Gupta,Delhi
O001483,2024-12-03,Placed,C00163,Isha,Kapoor,Chennai
O001472,2024-12-03,Shipped,C00292,Sara,Kapoor,Bengaluru
O002006,2024-12-04,Delivered,C00360,Isha,Sharma,Hyderabad
O000970,2024-12-04,Delivered,C00023,Sneha,Chatterjee,Jaipur
O001013,2024-12-04,Delivered,C00378,Aditya,Patel,Bengaluru
O000007,2024-12-05,Delivered,C00265,Nikhil,Reddy,Hyderabad
O000667,2024-12-05,Shipped,C00089,Dev,Rao,Bengaluru
O000126,2024-12-05,Cancelled,C00380,Riya,Nair,Bengaluru
O000092,2024-12-05,Shipped,C00145,Nikhil,Malhotra,Ahmedabad
O001845,2024-12-05,Delivered,C00226,Kabir,Chatterjee,Bhubaneswar
O001208,2024-12-05,Delivered,C00025,Dev,Kapoor,Delhi
O001259,2024-12-05,Shipped,C00015,Aditya,Singh,Chennai
O002812,2024-12-06,Delivered,C00324,Tara,Mehta,Jaipur
O002449,2024-12-06,Shipped,C00030,Priya,Reddy,Bengaluru
O000121,2024-12-06,Cancelled,C00230,Sara,Rao,Ahmedabad
O001230,2024-12-06,Returned,C00210,Kabir,Nair,Chennai
O002798,2024-12-06,Delivered,C00308,Priya,Verma,Delhi
O000010,2024-12-07,Delivered,C00385,Arjun,Gupta,Mumbai
O001486,2024-12-07,Delivered,C00388,Pooja,Patel,Mumbai
O001169,2024-12-08,Shipped,C00213,Aarav,Nair,Kolkata
O002588,2024-12-08,Delivered,C00123,Diya,Singh,Chennai
O002050,2024-12-08,Returned,C00343,Sneha,Gupta,Mumbai
O000794,2024-12-09,Shipped,C00055,Arjun,Joshi,Delhi
O002707,2024-12-10,Delivered,C00139,Dev,Nair,Delhi
O001460,2024-12-10,Cancelled,C00374,Sneha,Sharma,Delhi
O000674,2024-12-10,Cancelled,C00083,Karan,Nair,Bengaluru
O002926,2024-12-10,Shipped,C00100,Rahul,Nair,Jaipur
O002071,2024-12-11,Shipped,C00004,Vihaan,Chatterjee,Delhi
O000364,2024-12-11,Delivered,C00017,Aarav,Kapoor,Bengaluru
O002639,2024-12-11,Delivered,C00172,Riya,Joshi,Kolkata
O001479,2024-12-11,Cancelled,C00186,Aditya,Iyer,Hyderabad
O001832,2024-12-11,Returned,C00380,Riya,Nair,Bengaluru
O000186,2024-12-11,Delivered,C00219,Priya,Kapoor,Jaipur
O000084,2024-12-11,Delivered,C00009,Priya,Nair,Ahmedabad
O000619,2024-12-12,Delivered,C00322,Pooja,Chatterjee,Jaipur
O002660,2024-12-12,Placed,C00313,Sneha,Sharma,Mumbai
O000332,2024-12-12,Delivered,C00145,Nikhil,Malhotra,Ahmedabad
O001792,2024-12-12,Returned,C00216,Kabir,Patel,Bhubaneswar
O001146,2024-12-13,Delivered,C00239,Dev,Rao,Kolkata
O000455,2024-12-13,Delivered,C00227,Vihaan,Iyer,Bengaluru
O000279,2024-12-13,Cancelled,C00106,Rahul,Gupta,Pune
O000179,2024-12-13,Cancelled,C00354,Sara,Joshi,Chennai
O002706,2024-12-13,Shipped,C00085,Diya,Chatterjee,Delhi
O002647,2024-12-13,Delivered,C00020,Pooja,Iyer,Jaipur
O000116,2024-12-14,Delivered,C00371,Nikhil,Chatterjee,Kolkata
O000476,2024-12-14,Delivered,C00123,Diya,Singh,Chennai
O000544,2024-12-15,Delivered,C00275,Sneha,Nair,Bhubaneswar
O000860,2024-12-15,Shipped,C00159,Tara,Verma,Bengaluru
O000918,2024-12-16,Placed,C00257,Meera,Chatterjee,Jaipur
O001630,2024-12-16,Delivered,C00242,Anaya,Singh,Bhubaneswar
O002971,2024-12-17,Delivered,C00061,Priya,Reddy,Pune
O001628,2024-12-17,Delivered,C00082,Kabir,Joshi,Kolkata
O000891,2024-12-18,Delivered,C00388,Pooja,Patel,Mumbai
O000078,2024-12-18,Shipped,C00304,Diya,Kapoor,Pune
O002679,2024-12-18,Cancelled,C00163,Isha,Kapoor,Chennai
O000915,2024-12-18,Returned,C00117,Vihaan,Mehta,Chennai
O002844,2024-12-18,Shipped,C00315,Kabir,Kapoor,Mumbai
O002042,2024-12-18,Delivered,C00141,Nikhil,Patel,Bhubaneswar
O000549,2024-12-19,Delivered,C00196,Sara,Reddy,Hyderabad
O001384,2024-12-19,Cancelled,C00348,Rohan,Singh,Bengaluru
O001882,2024-12-19,Shipped,C00134,Sara,Joshi,Chennai
O001528,2024-12-19,Delivered,C00038,Meera,Sharma,Delhi
O000107,2024-12-20,Cancelled,C00082,Kabir,Joshi,Kolkata
O002981,2024-12-20,Shipped,C00012,Vihaan,Verma,Kolkata
O001760,2024-12-20,Delivered,C00098,Sara,Rao,Kolkata
O001571,2024-12-20,Delivered,C00278,Rahul,Nair,Kolkata
O002325,2024-12-21,Shipped,C00068,Rohan,Singh,Kolkata
O001109,2024-12-22,Delivered,C00339,Diya,Mehta,Bhubaneswar
O001222,2024-12-22,Placed,C00349,Aditya,Malhotra,Kolkata
O002871,2024-12-22,Delivered,C00111,Arjun,Kapoor,Jaipur
O001009,2024-12-22,Delivered,C00370,Meera,Kapoor,Delhi
O001580,2024-12-23,Delivered,C00035,Dev,Sharma,Chennai
O000864,2024-12-23,Delivered,C00190,Aditya,Kapoor,Delhi
O000772,2024-12-23,Delivered,C00217,Tara,Nair,Kolkata
O001536,2024-12-23,Delivered,C00141,Nikhil,Patel,Bhubaneswar
O002636,2024-12-23,Returned,C00271,Riya,Das,Chennai
O001740,2024-12-24,Delivered,C00179,Sneha,Sharma,Hyderabad
O001735,2024-12-24,Delivered,C00240,Priya,Malhotra,Chennai
O001662,2024-12-24,Delivered,C00206,Nikhil,Verma,Kolkata
O002543,2024-12-24,Delivered,C00078,Aarav,Nair,Jaipur
O001970,2024-12-25,Placed,C00400,Pooja,Patel,Pune
O002392,2024-12-25,Delivered,C00035,Dev,Sharma,Chennai
O002570,2024-12-25,Cancelled,C00011,Sara,Kapoor,Chennai
O002469,2024-12-25,Delivered,C00048,Aarav,Nair,Jaipur
O001759,2024-12-25,Delivered,C00112,Rohan,Patel,Bhubaneswar
O002364,2024-12-26,Delivered,C00056,Aarav,Kapoor,Pune
O000775,2024-12-26,Delivered,C00117,Vihaan,Mehta,Chennai
O000935,2024-12-26,Delivered,C00243,Priya,Das,Bengaluru
O001765,2024-12-26,Delivered,C00338,Nikhil,Patel,Jaipur
O002496,2024-12-26,Delivered,C00273,Rahul,Mehta,Kolkata
O001604,2024-12-27,Delivered,C00006,Nikhil,Mehta,Ahmedabad
O000399,2024-12-27,Delivered,C00263,Pooja,Kapoor,Pune
O001852,2024-12-27,Delivered,C00151,Isha,Malhotra,Ahmedabad
O001162,2024-12-27,Delivered,C00391,Meera,Mehta,Kolkata
O000700,2024-12-27,Delivered,C00321,Kabir,Mehta,Ahmedabad
O001984,2024-12-27,Shipped,C00197,Sara,Nair,Delhi
O002319,2024-12-27,Shipped,C00048,Aarav,Nair,Jaipur
O002391,2024-12-28,Delivered,C00390,Dev,Reddy,Jaipur
O002014,2024-12-28,Placed,C00284,Riya,Joshi,Kolkata
O002564,2024-12-28,Delivered,C00027,Rohan,Rao,Bengaluru
O001747,2024-12-29,Delivered,C00311,Tara,Singh,Bhubaneswar
O002151,2024-12-29,Shipped,C00186,Aditya,Iyer,Hyderabad
O000604,2024-12-29,Cancelled,C00214,Arjun,Iyer,Jaipur
O002250,2024-12-29,Delivered,C00132,Rahul,Kapoor,Jaipur
O002999,2024-12-29,Returned,C00331,Arjun,Malhotra,Delhi
O001626,2024-12-29,Shipped,C00219,Priya,Kapoor,Jaipur
O001708,2024-12-29,Shipped,C00238,Priya,Joshi,Chennai
O001037,2024-12-29,Shipped,C00078,Aarav,Nair,Jaipur
O001081,2024-12-29,Delivered,C00128,Isha,Singh,Pune
O000300,2024-12-29,Shipped,C00331,Arjun,Malhotra,Delhi
O002620,2024-12-30,Delivered,C00067,Anaya,Iyer,Ahmedabad
O000833,2024-12-30,Delivered,C00112,Rohan,Patel,Bhubaneswar
O002269,2024-12-30,Shipped,C00195,Meera,Chatterjee,Bengaluru
O001921,2024-12-30,Returned,C00349,Aditya,Malhotra,Kolkata
O001070,2024-12-31,Delivered,C00277,Aditya,Patel,Pune
O000783,2024-12-31,Delivered,C00392,Pooja,Sharma,Jaipur
O002726,2024-12-31,Delivered,C00382,Sara,Mehta,Kolkata
O002922,2024-12-31,Shipped,C00283,Nikhil,Nair,Ahmedabad
