order_id,customer_id,order_date,status,delivery_date,_ingested_at,_source_file
O000001,C00138,2023-08-20,delivered,2023-08-23,2026-08-09T06:46:32.194049+00:00,orders.csv
O000002,C00361,2024-09-02,Delivered,2024-09-05,2026-08-09T06:46:32.194049+00:00,orders.csv
O000003,C00321,2023-05-07,Delivered,2023-05-14,2026-08-09T06:46:32.194049+00:00,orders.csv
O000004,C00073,2024-03-02,Delivered,2024-03-10,2026-08-09T06:46:32.194049+00:00,orders.csv
O000005,C00390,2024-09-29,Delivered,2024-10-01,2026-08-09T06:46:32.194049+00:00,orders.csv
O000006,C00204,2023-07-23,Shipped,,2026-08-09T06:46:32.194049+00:00,orders.csv
O000007,C00265,2024-12-05,DELIVERED,2024-12-07,2026-08-09T06:46:32.194049+00:00,orders.csv
O000008,C00128,2023-04-13,Cancelled,,2026-08-09T06:46:32.194049+00:00,orders.csv
O000009,C00350,2024-11-10,Shipped,,2026-08-09T06:46:32.194049+00:00,orders.csv
O000010,C00385,2024-12-07,Delivered,2024-12-10,2026-08-09T06:46:32.194049+00:00,orders.csv
O000011,C00099,2024-05-09,delivered,2024-05-15,2026-08-09T06:46:32.194049+00:00,orders.csv
O000012,C00013,2023-09-25,Delivered,2023-10-04,2026-08-09T06:46:32.194049+00:00,orders.csv
O000013,C00203,2023-09-12,Delivered,2023-09-19,2026-08-09T06:46:32.194049+00:00,orders.csv
O000014,C00189,2024-05-22,Placed,,2026-08-09T06:46:32.194049+00:00,orders.csv
O000015,C00319,2023-08-29,Delivered,2023-09-06,2026-08-09T06:46:32.194049+00:00,orders.csv
O000016,C00255,2024-10-14,Cancelled,,2026-08-09T06:46:32.194049+00:00,orders.csv
O000017,C00137,2023-04-10,Shipped,,2026-08-09T06:46:32.194049+00:00,orders.csv
O000018,C00283,2023-07-20,Shipped,,2026-08-09T06:46:32.194049+00:00,orders.csv
O000019,C00191,2024-10-10,Shipped,,2026-08-09T06:46:32.194049+00:00,orders.csv
O000020,C00241,2023-07-01,Shipped,,2026-08-09T06:46:32.194049+00:00,orders.csv
O000021,C00165,2024-05-31,Delivered,2024-06-04,2026-08-09T06:46:32.194049+00:00,orders.csv
O000022,C00387,2024-07-14,Delivered,2024-07-18,2026-08-09T06:46:32.194049+00:00,orders.csv
O000023,C00394,2023-12-27,Delivered,2024-01-03,2026-08-09T06:46:32.194049+00:00,orders.csv
O000024,C00371,2023-10-01,Returned,2023-10-04,2026-08-09T06:46:32.194049+00:00,orders.csv
O000025,C00304,2024-10-24,Delivered,2024-10-29,2026-08-09T06:46:32.194049+00:00,orders.csv
O000026,C00335,2023-11-17,Placed,,2026-08-09T06:46:32.194049+00:00,orders.csv
O000027,C00275,2024-09-09,Delivered,2024-09-14,2026-08-09T06:46:32.194049+00:00,orders.csv
O000028,C00295,2024-01-22,Delivered,2024-01-25,2026-08-09T06:46:32.194049+00:00,orders.csv
O000029,C00075,2024-05-17,delivered,2024-05-26,2026-08-09T06:46:32.194049+00:00,orders.csv
O000030,C00159,2023-12-24,Cancelled,,2026-08-09T06:46:32.194049+00:00,orders.csv
O000031,C00192,2024-04-01,Cancelled,,2026-08-09T06:46:32.194049+00:00,orders.csv
O000032,C00229,2023-10-17,Cancelled,,2026-08-09T06:46:32.194049+00:00,orders.csv
O000033,C00066,2024-07-04,PLACED,,2026-08-09T06:46:32.194049+00:00,orders.csv
O000034,C00081,2023-02-25,Delivered,2023-03-07,2026-08-09T06:46:32.194049+00:00,orders.csv
O000035,C00218,2024-09-25,Delivered,2024-09-27,2026-08-09T06:46:32.194049+00:00,orders.csv
O000036,C00167,2024-03-24,Delivered,2024-04-01,2026-08-09T06:46:32.194049+00:00,orders.csv
O000037,C00234,2023-05-28,Delivered,2023-06-03,2026-08-09T06:46:32.194049+00:00,orders.csv
O000038,C00395,2023-01-06,Delivered,2023-01-08,2026-08-09T06:46:32.194049+00:00,orders.csv
O000039,C00379,2024-11-18,Cancelled,,2026-08-09T06:46:32.194049+00:00,orders.csv
O000040,C00284,2023-08-29,DELIVERED,2023-09-04,2026-08-09T06:46:32.194049+00:00,orders.csv
O000041,C00321,2023-01-05,Shipped,,2026-08-09T06:46:32.194049+00:00,orders.csv
O000042,C00276,2023-03-25,CANCELLED,,2026-08-09T06:46:32.194049+00:00,orders.csv
O000043,C00157,2024-02-19,shipped,,2026-08-09T06:46:32.194049+00:00,orders.csv
O000044,C00280,2024-01-08,Placed,,2026-08-09T06:46:32.194049+00:00,orders.csv
O000045,C00151,2024-11-06,Delivered,2024-11-12,2026-08-09T06:46:32.194049+00:00,orders.csv
O000046,C00266,2024-10-26,Shipped,,2026-08-09T06:46:32.194049+00:00,orders.csv
O000047,C00190,2023-03-21,Delivered,2023-03-25,2026-08-09T06:46:32.194049+00:00,orders.csv
O000048,C00117,2023-03-20,Delivered,2023-03-23,2026-08-09T06:46:32.194049+00:00,orders.csv
O000049,C00176,2023-04-27,Delivered,2023-05-07,2026-08-09T06:46:32.194049+00:00,orders.csv
O000050,C00094,2023-07-04,Returned,2023-07-14,2026-08-09T06:46:32.194049+00:00,orders.csv
O000051,C00328,2023-07-06,Delivered,2023-07-12,2026-08-09T06:46:32.194049+00:00,orders.csv
O000052,C00267,2023-01-17,Delivered,2023-01-24,2026-08-09T06:46:32.194049+00:00,orders.csv
O000053,C00182,2023-02-09,delivered,2023-02-12,2026-08-09T06:46:32.194049+00:00,orders.csv
O000054,C00312,2023-02-14,Delivered,2023-02-22,2026-08-09T06:46:32.194049+00:00,orders.csv
O000055,C00040,2024-02-23,Shipped,,2026-08-09T06:46:32.194049+00:00,orders.csv
O000056,C00080,2024-01-20,Shipped,,2026-08-09T06:46:32.194049+00:00,orders.csv
O000057,C00278,2024-07-19,Delivered,2024-07-28,2026-08-09T06:46:32.194049+00:00,orders.csv
O000058,C00123,2023-04-13,Delivered,2023-04-22,2026-08-09T06:46:32.194049+00:00,orders.csv
O000059,C00119,2023-04-04,Delivered,2023-04-06,2026-08-09T06:46:32.194049+00:00,orders.csv
O000060,C00076,2024-09-20,Delivered,2024-09-30,2026-08-09T06:46:32.194049+00:00,orders.csv
O000061,C00011,2024-09-05,Delivered,2024-09-08,2026-08-09T06:46:32.194049+00:00,orders.csv
O000062,C00118,2024-08-23,Delivered,2024-08-25,2026-08-09T06:46:32.194049+00:00,orders.csv
O000063,C00319,2024-08-11,Delivered,2024-08-13,2026-08-09T06:46:32.194049+00:00,orders.csv
O000064,C00398,2024-01-22,Delivered,2024-01-28,2026-08-09T06:46:32.194049+00:00,orders.csv
O000065,C00278,2023-12-28,Delivered,2024-01-02,2026-08-09T06:46:32.194049+00:00,orders.csv
O000066,C00086,2024-05-02,Delivered,2024-05-07,2026-08-09T06:46:32.194049+00:00,orders.csv
O000067,C00225,2023-08-23,Cancelled,,2026-08-09T06:46:32.194049+00:00,orders.csv
O000068,C00003,2024-01-16,Delivered,2024-01-26,2026-08-09T06:46:32.194049+00:00,orders.csv
O000069,C00114,2024-05-29,Delivered,2024-06-01,2026-08-09T06:46:32.194049+00:00,orders.csv
O000070,C00007,2023-01-09,Delivered,2023-01-11,2026-08-09T06:46:32.194049+00:00,orders.csv
O000071,C00201,2024-03-05,Delivered,2024-03-13,2026-08-09T06:46:32.194049+00:00,orders.csv
O000072,C00239,2024-03-18,Shipped,,2026-08-09T06:46:32.194049+00:00,orders.csv
O000073,C00287,2024-06-13,Delivered,2024-06-18,2026-08-09T06:46:32.194049+00:00,orders.csv
O000074,C00068,2023-08-09,Delivered,2023-08-17,2026-08-09T06:46:32.194049+00:00,orders.csv
O000075,C00322,2024-10-27,Delivered,2024-11-01,2026-08-09T06:46:32.194049+00:00,orders.csv
O000076,C00009,2024-08-08,CANCELLED,,2026-08-09T06:46:32.194049+00:00,orders.csv
O000077,C00241,2024-01-07,Delivered,2024-01-10,2026-08-09T06:46:32.194049+00:00,orders.csv
O000078,C00304,2024-12-18,Shipped,,2026-08-09T06:46:32.194049+00:00,orders.csv
O000079,C00227,2024-02-11,delivered,2024-02-21,2026-08-09T06:46:32.194049+00:00,orders.csv
O000080,C00228,2024-05-02,Returned,2024-05-07,2026-08-09T06:46:32.194049+00:00,orders.csv
O000081,C00070,2024-07-31,Delivered,2024-08-05,2026-08-09T06:46:32.194049+00:00,orders.csv
O000082,C00035,2023-12-19,delivered,2023-12-27,2026-08-09T06:46:32.194049+00:00,orders.csv
O000083,C00294,2024-10-23,Cancelled,,2026-08-09T06:46:32.194049+00:00,orders.csv
O000084,C00009,2024-12-11,Delivered,2024-12-16,2026-08-09T06:46:32.194049+00:00,orders.csv
O000085,C00053,2024-04-11,Delivered,2024-04-19,2026-08-09T06:46:32.194049+00:00,orders.csv
O000086,C00028,2023-07-10,delivered,2023-07-11,2026-08-09T06:46:32.194049+00:00,orders.csv
O000087,C00396,2024-01-16,DELIVERED,2024-01-19,2026-08-09T06:46:32.194049+00:00,orders.csv
O000088,C00398,2023-09-11,Shipped,,2026-08-09T06:46:32.194049+00:00,orders.csv
O000089,C00057,2023-11-16,Shipped,,2026-08-09T06:46:32.194049+00:00,orders.csv
O000090,C00177,2024-01-05,Cancelled,,2026-08-09T06:46:32.194049+00:00,orders.csv
O000091,C00066,2023-10-10,Shipped,,2026-08-09T06:46:32.194049+00:00,orders.csv
O000092,C00145,2024-12-05,Shipped,,2026-08-09T06:46:32.194049+00:00,orders.csv
O000093,C00383,2024-10-02,Placed,,2026-08-09T06:46:32.194049+00:00,orders.csv
O000094,C00147,2024-10-22,Cancelled,,2026-08-09T06:46:32.194049+00:00,orders.csv
O000095,C00266,2024-05-11,Delivered,2024-05-19,2026-08-09T06:46:32.194049+00:00,orders.csv
O000096,C00293,2024-07-21,placed,,2026-08-09T06:46:32.194049+00:00,orders.csv
O000097,C00169,2024-01-08,Shipped,,2026-08-09T06:46:32.194049+00:00,orders.csv
O000098,C00154,2023-05-13,Cancelled,,2026-08-09T06:46:32.194049+00:00,orders.csv
O000099,C00392,2023-03-14,Returned,2023-03-22,2026-08-09T06:46:32.194049+00:00,orders.csv
O000100,C00304,2024-03-01,delivered,2024-03-10,2026-08-09T06:46:32.194049+00:00,orders.csv
O000101,C00213,2024-06-15,Shipped,,2026-08-09T06:46:32.194049+00:00,orders.csv
O000102,C00288,2024-01-02,Delivered,2024-01-04,2026-08-09T06:46:32.194049+00:00,orders.csv
O000103,C00182,2024-03-29,Cancelled,,2026-08-09T06:46:32.194049+00:00,orders.csv
O000104,C00164,2024-07-17,Delivered,2024-07-16,2026-08-09T06:46:32.194049+00:00,orders.csv
O000105,C00243,2023-01-23,Cancelled,,2026-08-09T06:46:32.194049+00:00,orders.csv
O000106,C00328,2023-09-13,Delivered,2023-09-23,2026-08-09T06:46:32.194049+00:00,orders.csv
O000107,C00082,2024-12-20,cancelled,,2026-08-09T06:46:32.194049+00:00,orders.csv
O000108,C00241,2023-02-27,Delivered,2023-03-06,2026-08-09T06:46:32.194049+00:00,orders.csv
O000109,C00316,2023-01-12,Delivered,2023-01-17,2026-08-09T06:46:32.194049+00:00,orders.csv
O000110,C00307,2024-09-01,Delivered,2024-09-06,2026-08-09T06:46:32.194049+00:00,orders.csv
O000111,C00206,2023-03-29,Delivered,2023-04-01,2026-08-09T06:46:32.194049+00:00,orders.csv
O000112,C00196,2023-11-28,Placed,,2026-08-09T06:46:32.194049+00:00,orders.csv
O000113,C00398,2024-09-30,Delivered,2024-10-04,2026-08-09T06:46:32.194049+00:00,orders.csv
O000114,C00326,2023-01-15,delivered,2023-01-23,2026-08-09T06:46:32.194049+00:00,orders.csv
O000115,C00059,2024-05-09,DELIVERED,2024-05-16,2026-08-09T06:46:32.194049+00:00,orders.csv
O000116,C00371,2024-12-14,Delivered,2024-12-15,2026-08-09T06:46:32.194049+00:00,orders.csv
O000117,C00111,2024-06-04,Cancelled,,2026-08-09T06:46:32.194049+00:00,orders.csv
O000118,C00233,2024-07-28,Placed,,2026-08-09T06:46:32.194049+00:00,orders.csv
O000119,C00399,2023-10-10,Delivered,2023-10-11,2026-08-09T06:46:32.194049+00:00,orders.csv
O000120,C00009,2024-10-02,Delivered,2024-10-09,2026-08-09T06:46:32.194049+00:00,orders.csv
O000121,C00230,2024-12-06,Cancelled,,2026-08-09T06:46:32.194049+00:00,orders.csv
O000122,C00323,2023-05-02,Delivered,2023-05-03,2026-08-09T06:46:32.194049+00:00,orders.csv
O000123,C00276,2024-08-03,Shipped,,2026-08-09T06:46:32.194049+00:00,orders.csv
O000124,C00172,2023-05-18,Cancelled,,2026-08-09T06:46:32.194049+00:00,orders.csv
O000125,C00366,2023-10-04,Shipped,,2026-08-09T06:46:32.194049+00:00,orders.csv
O000126,C00380,2024-12-05,Cancelled,,2026-08-09T06:46:32.194049+00:00,orders.csv
O000127,C00143,2023-02-09,Shipped,,2026-08-09T06:46:32.194049+00:00,orders.csv
O000128,C00232,2023-02-10,Delivered,2023-02-11,2026-08-09T06:46:32.194049+00:00,orders.csv
O000129,C00049,2024-04-07,DELIVERED,2024-04-14,2026-08-09T06:46:32.194049+00:00,orders.csv
O000130,C00161,2024-04-05,Delivered,2024-04-12,2026-08-09T06:46:32.194049+00:00,orders.csv
O000131,C00151,2024-11-06,SHIPPED,,2026-08-09T06:46:32.194049+00:00,orders.csv
O000132,C00204,2024-05-25,Cancelled,,2026-08-09T06:46:32.194049+00:00,orders.csv
O000133,C00079,2024-07-24,placed,,2026-08-09T06:46:32.194049+00:00,orders.csv
O000134,C00316,2023-11-02,returned,2023-11-05,2026-08-09T06:46:32.194049+00:00,orders.csv
O000135,C00273,2023-02-06,Delivered,2023-02-13,2026-08-09T06:46:32.194049+00:00,orders.csv
O000136,C00267,2024-08-08,delivered,2024-08-15,2026-08-09T06:46:32.194049+00:00,orders.csv
O000137,C00105,2024-05-24,Cancelled,,2026-08-09T06:46:32.194049+00:00,orders.csv
O000138,C00378,2023-08-01,Returned,2023-08-07,2026-08-09T06:46:32.194049+00:00,orders.csv
O000139,C00270,2023-11-04,Delivered,2023-11-06,2026-08-09T06:46:32.194049+00:00,orders.csv
O000140,C00168,2024-04-30,Delivered,2024-05-08,2026-08-09T06:46:32.194049+00:00,orders.csv
O000141,C00251,2023-11-20,Delivered,2023-11-26,2026-08-09T06:46:32.194049+00:00,orders.csv
O000142,C00089,2023-07-11,Shipped,,2026-08-09T06:46:32.194049+00:00,orders.csv
O000143,C00075,2023-08-10,DELIVERED,2023-08-14,2026-08-09T06:46:32.194049+00:00,orders.csv
O000144,C00360,2024-06-12,shipped,,2026-08-09T06:46:32.194049+00:00,orders.csv
O000145,C00193,2024-08-31,Delivered,2024-09-02,2026-08-09T06:46:32.194049+00:00,orders.csv
O000146,C00323,2023-11-23,Delivered,2023-11-26,2026-08-09T06:46:32.194049+00:00,orders.csv
O000147,C00225,2024-07-09,Delivered,2024-07-14,2026-08-09T06:46:32.194049+00:00,orders.csv
O000148,C00044,2023-01-30,cancelled,,2026-08-09T06:46:32.194049+00:00,orders.csv
O000149,C00143,2024-09-02,Delivered,2024-09-10,2026-08-09T06:46:32.194049+00:00,orders.csv
O000150,C00060,2024-04-24,Delivered,2024-05-02,2026-08-09T06:46:32.194049+00:00,orders.csv
O000151,C00140,2024-11-12,Delivered,2024-11-20,2026-08-09T06:46:32.194049+00:00,orders.csv
O000152,C00166,2023-06-24,Delivered,2023-06-27,2026-08-09T06:46:32.194049+00:00,orders.csv
O000153,C00169,2023-09-07,Shipped,,2026-08-09T06:46:32.194049+00:00,orders.csv
O000154,C00099,2024-03-17,Delivered,2024-03-21,2026-08-09T06:46:32.194049+00:00,orders.csv
O000155,C00137,2024-08-29,Delivered,2024-09-06,2026-08-09T06:46:32.194049+00:00,orders.csv
O000156,C00010,2024-10-13,Delivered,2024-10-21,2026-08-09T06:46:32.194049+00:00,orders.csv
O000157,C00373,2023-04-02,Placed,,2026-08-09T06:46:32.194049+00:00,orders.csv
O000158,C00167,2023-02-01,Delivered,2023-02-07,2026-08-09T06:46:32.194049+00:00,orders.csv
O000159,C00102,2023-05-09,Placed,,2026-08-09T06:46:32.194049+00:00,orders.csv
O000160,C00218,2024-03-01,Cancelled,,2026-08-09T06:46:32.194049+00:00,orders.csv
O000161,C00396,2023-08-31,Delivered,2023-09-10,2026-08-09T06:46:32.194049+00:00,orders.csv
O000162,C00030,2024-08-17,returned,2024-08-25,2026-08-09T06:46:32.194049+00:00,orders.csv
O000163,C00372,2024-11-15,Delivered,2024-11-25,2026-08-09T06:46:32.194049+00:00,orders.csv
O000164,C00179,2024-04-25,Delivered,2024-05-01,2026-08-09T06:46:32.194049+00:00,orders.csv
O000165,C00279,2023-02-22,Returned,2023-03-04,2026-08-09T06:46:32.194049+00:00,orders.csv
O000166,C00099,2023-06-04,Delivered,2023-06-09,2026-08-09T06:46:32.194049+00:00,orders.csv
O000167,C00084,2024-09-01,Cancelled,,2026-08-09T06:46:32.194049+00:00,orders.csv
O000168,C00073,2023-02-23,Delivered,2023-03-03,2026-08-09T06:46:32.194049+00:00,orders.csv
O000169,C00254,2023-01-13,Returned,2023-01-19,2026-08-09T06:46:32.194049+00:00,orders.csv
O000170,C00054,2024-09-17,Cancelled,,2026-08-09T06:46:32.194049+00:00,orders.csv
O000171,C00361,2023-12-12,DELIVERED,2023-12-11,2026-08-09T06:46:32.194049+00:00,orders.csv
O000172,C00344,2023-10-18,SHIPPED,,2026-08-09T06:46:32.194049+00:00,orders.csv
O000173,C00053,2023-05-05,Placed,,2026-08-09T06:46:32.194049+00:00,orders.csv
O000174,C00247,2024-10-16,Returned,2024-10-23,2026-08-09T06:46:32.194049+00:00,orders.csv
O000175,C00094,2023-09-29,Delivered,2023-10-03,2026-08-09T06:46:32.194049+00:00,orders.csv
O000176,C00021,2023-04-19,DELIVERED,2023-04-21,2026-08-09T06:46:32.194049+00:00,orders.csv
O000177,C00140,2023-12-04,Delivered,2023-12-12,2026-08-09T06:46:32.194049+00:00,orders.csv
O000178,C00296,2023-12-08,Delivered,2023-12-10,2026-08-09T06:46:32.194049+00:00,orders.csv
O000179,C00354,2024-12-13,Cancelled,,2026-08-09T06:46:32.194049+00:00,orders.csv
O000180,C00109,2023-09-02,Delivered,2023-09-07,2026-08-09T06:46:32.194049+00:00,orders.csv
O000181,C00251,2024-07-03,Delivered,2024-07-05,2026-08-09T06:46:32.194049+00:00,orders.csv
O000182,C00387,2024-10-26,Placed,,2026-08-09T06:46:32.194049+00:00,orders.csv
O000183,C00103,2024-09-22,Placed,,2026-08-09T06:46:32.194049+00:00,orders.csv
O000184,C00244,2023-02-16,shipped,,2026-08-09T06:46:32.194049+00:00,orders.csv
O000185,C00124,2024-08-18,Shipped,,2026-08-09T06:46:32.194049+00:00,orders.csv
O000186,C00219,2024-12-11,Delivered,2024-12-16,2026-08-09T06:46:32.194049+00:00,orders.csv
O000187,C00119,2024-07-25,Shipped,,2026-08-09T06:46:32.194049+00:00,orders.csv
O000188,C00229,2024-06-03,Delivered,2024-06-07,2026-08-09T06:46:32.194049+00:00,orders.csv
O000189,C00158,2024-11-17,Placed,,2026-08-09T06:46:32.194049+00:00,orders.csv
O000190,C00317,2023-02-23,Shipped,,2026-08-09T06:46:32.194049+00:00,orders.csv
O000191,C00271,2023-11-30,Placed,,2026-08-09T06:46:32.194049+00:00,orders.csv
O000192,C00032,2023-05-29,Returned,2023-06-05,2026-08-09T06:46:32.194049+00:00,orders.csv
O000193,C00272,2024-04-14,Shipped,,2026-08-09T06:46:32.194049+00:00,orders.csv
O000194,C00325,2024-05-15,Delivered,2024-05-13,2026-08-09T06:46:32.194049+00:00,orders.csv
O000195,C00279,2023-01-06,returned,2023-01-15,2026-08-09T06:46:32.194049+00:00,orders.csv
O000196,C00071,2024-01-03,Shipped,,2026-08-09T06:46:32.194049+00:00,orders.csv
O000197,C00363,2024-08-07,Placed,,2026-08-09T06:46:32.194049+00:00,orders.csv
O000198,C00143,2024-10-10,cancelled,,2026-08-09T06:46:32.194049+00:00,orders.csv
O000199,C00060,2024-09-19,Delivered,2024-09-21,2026-08-09T06:46:32.194049+00:00,orders.csv
O000200,C00272,2024-09-25,DELIVERED,2024-10-04,2026-08-09T06:46:32.194049+00:00,orders.csv
O000201,C00307,2024-08-17,Delivered,2024-08-23,2026-08-09T06:46:32.194049+00:00,orders.csv
O000202,C00345,2024-04-26,Delivered,2024-05-01,2026-08-09T06:46:32.194049+00:00,orders.csv
O000203,C00326,2023-03-20,SHIPPED,,2026-08-09T06:46:32.194049+00:00,orders.csv
O000204,C00039,2023-10-26,Placed,,2026-08-09T06:46:32.194049+00:00,orders.csv
O000205,C00014,2024-05-12,Delivered,2024-05-21,2026-08-09T06:46:32.194049+00:00,orders.csv
O000206,C00017,2023-02-18,Delivered,2023-02-21,2026-08-09T06:46:32.194049+00:00,orders.csv
O000207,C00310,2024-11-13,shipped,,2026-08-09T06:46:32.194049+00:00,orders.csv
O000208,C00188,2023-11-21,Shipped,,2026-08-09T06:46:32.194049+00:00,orders.csv
O000209,C00095,2023-05-29,returned,2023-06-03,2026-08-09T06:46:32.194049+00:00,orders.csv
O000210,C00266,2023-05-23,SHIPPED,,2026-08-09T06:46:32.194049+00:00,orders.csv
O000211,C00313,2024-11-24,Returned,2024-12-02,2026-08-09T06:46:32.194049+00:00,orders.csv
O000212,C00174,2024-03-13,delivered,2024-03-19,2026-08-09T06:46:32.194049+00:00,orders.csv
O000213,C00197,2023-05-23,delivered,2023-05-31,2026-08-09T06:46:32.194049+00:00,orders.csv
O000214,C00239,2024-04-18,DELIVERED,2024-04-25,2026-08-09T06:46:32.194049+00:00,orders.csv
O000215,C00354,2024-10-17,Delivered,2024-10-22,2026-08-09T06:46:32.194049+00:00,orders.csv
O000216,C00151,2024-03-22,Delivered,2024-03-24,2026-08-09T06:46:32.194049+00:00,orders.csv
O000217,C00141,2023-05-30,Delivered,2023-06-05,2026-08-09T06:46:32.194049+00:00,orders.csv
O000218,C00264,2024-10-05,Delivered,2024-10-08,2026-08-09T06:46:32.194049+00:00,orders.csv
O000219,C00152,2023-01-14,Delivered,2023-01-22,2026-08-09T06:46:32.194049+00:00,orders.csv
O000220,C00215,2024-09-20,Cancelled,,2026-08-09T06:46:32.194049+00:00,orders.csv
O000221,C00073,2023-05-15,Delivered,2023-05-21,2026-08-09T06:46:32.194049+00:00,orders.csv
O000222,C00270,2023-05-09,SHIPPED,,2026-08-09T06:46:32.194049+00:00,orders.csv
O000223,C00395,2023-07-21,Placed,,2026-08-09T06:46:32.194049+00:00,orders.csv
O000224,C00154,2023-03-09,Delivered,2023-03-11,2026-08-09T06:46:32.194049+00:00,orders.csv
O000225,C00084,2023-10-12,DELIVERED,2023-10-21,2026-08-09T06:46:32.194049+00:00,orders.csv
O000226,C00083,2023-08-11,RETURNED,2023-08-13,2026-08-09T06:46:32.194049+00:00,orders.csv
O000227,C00067,2024-02-22,Delivered,2024-03-01,2026-08-09T06:46:32.194049+00:00,orders.csv
O000228,C00139,2023-12-02,Shipped,,2026-08-09T06:46:32.194049+00:00,orders.csv
O000229,C00015,2024-05-02,Shipped,,2026-08-09T06:46:32.194049+00:00,orders.csv
O000230,C00317,2023-06-22,DELIVERED,2023-07-02,2026-08-09T06:46:32.194049+00:00,orders.csv
O000231,C00331,2024-06-07,Shipped,,2026-08-09T06:46:32.194049+00:00,orders.csv
O000232,C00079,2023-05-18,PLACED,,2026-08-09T06:46:32.194049+00:00,orders.csv
O000233,C00361,2024-05-19,Shipped,,2026-08-09T06:46:32.194049+00:00,orders.csv
O000234,C00398,2024-04-15,Placed,,2026-08-09T06:46:32.194049+00:00,orders.csv
O000235,C00388,2024-11-22,Delivered,2024-12-02,2026-08-09T06:46:32.194049+00:00,orders.csv
O000236,C00041,2024-11-23,Delivered,2024-11-24,2026-08-09T06:46:32.194049+00:00,orders.csv
O000237,C00317,2024-08-20,Delivered,2024-08-27,2026-08-09T06:46:32.194049+00:00,orders.csv
O000238,C00007,2023-03-09,shipped,,2026-08-09T06:46:32.194049+00:00,orders.csv
O000239,C00320,2023-10-01,Delivered,2023-10-07,2026-08-09T06:46:32.194049+00:00,orders.csv
O000240,C00354,2024-01-08,Shipped,,2026-08-09T06:46:32.194049+00:00,orders.csv
O000241,C00064,2023-02-18,Returned,2023-02-22,2026-08-09T06:46:32.194049+00:00,orders.csv
O000242,C00142,2023-10-07,Delivered,2023-10-14,2026-08-09T06:46:32.194049+00:00,orders.csv
O000243,C00354,2024-03-19,Delivered,2024-03-24,2026-08-09T06:46:32.194049+00:00,orders.csv
O000244,C00053,2024-06-29,Cancelled,,2026-08-09T06:46:32.194049+00:00,orders.csv
O000245,C00338,2023-09-04,Delivered,2023-09-11,2026-08-09T06:46:32.194049+00:00,orders.csv
O000246,C00298,2023-10-21,Shipped,,2026-08-09T06:46:32.194049+00:00,orders.csv
O000247,C00230,2024-04-20,Delivered,2024-04-21,2026-08-09T06:46:32.194049+00:00,orders.csv
O000248,C00331,2023-01-21,cancelled,,2026-08-09T06:46:32.194049+00:00,orders.csv
O000249,C00102,2024-11-04,Delivered,2024-11-07,2026-08-09T06:46:32.194049+00:00,orders.csv
O000250,C00100,2023-09-15,Cancelled,,2026-08-09T06:46:32.194049+00:00,orders.csv
O000251,C00025,2024-02-04,Returned,2024-02-06,2026-08-09T06:46:32.194049+00:00,orders.csv
O000252,C00334,2024-05-01,Returned,2024-05-04,2026-08-09T06:46:32.194049+00:00,orders.csv
O000253,C00002,2023-11-13,Returned,2023-11-15,2026-08-09T06:46:32.194049+00:00,orders.csv
O000254,C00351,2023-11-05,Returned,2023-11-10,2026-08-09T06:46:32.194049+00:00,orders.csv
O000255,C00127,2023-03-24,Delivered,2023-03-30,2026-08-09T06:46:32.194049+00:00,orders.csv
O000256,C00132,2023-03-09,Delivered,2023-03-18,2026-08-09T06:46:32.194049+00:00,orders.csv
O000257,C00271,2023-06-11,Delivered,2023-06-14,2026-08-09T06:46:32.194049+00:00,orders.csv
O000258,C00333,2024-01-22,Shipped,,2026-08-09T06:46:32.194049+00:00,orders.csv
O000259,C00255,2024-03-15,delivered,2024-03-18,2026-08-09T06:46:32.194049+00:00,orders.csv
O000260,C00006,2024-11-20,Shipped,,2026-08-09T06:46:32.194049+00:00,orders.csv
O000261,C00196,2023-07-31,Shipped,,2026-08-09T06:46:32.194049+00:00,orders.csv
O000262,C00206,2023-08-30,Delivered,2023-09-09,2026-08-09T06:46:32.194049+00:00,orders.csv
O000263,C00397,2024-07-24,Placed,,2026-08-09T06:46:32.194049+00:00,orders.csv
O000264,C00102,2024-01-15,Returned,2024-01-25,2026-08-09T06:46:32.194049+00:00,orders.csv
O000265,C00185,2024-06-27,SHIPPED,,2026-08-09T06:46:32.194049+00:00,orders.csv
O000266,C00206,2024-09-19,Delivered,2024-09-22,2026-08-09T06:46:32.194049+00:00,orders.csv
O000267,C00088,2024-03-22,Returned,2024-03-23,2026-08-09T06:46:32.194049+00:00,orders.csv
O000268,C00212,2024-07-30,Shipped,,2026-08-09T06:46:32.194049+00:00,orders.csv
O000269,C00184,2023-09-10,Delivered,2023-09-11,2026-08-09T06:46:32.194049+00:00,orders.csv
O000270,C00222,2023-11-28,Placed,,2026-08-09T06:46:32.194049+00:00,orders.csv
O000271,C00091,2024-10-21,DELIVERED,2024-10-30,2026-08-09T06:46:32.194049+00:00,orders.csv
O000272,C00307,2024-10-31,Shipped,,2026-08-09T06:46:32.194049+00:00,orders.csv
O000273,C00145,2023-10-02,delivered,2023-10-08,2026-08-09T06:46:32.194049+00:00,orders.csv
O000274,C00100,2023-03-27,delivered,2023-04-01,2026-08-09T06:46:32.194049+00:00,orders.csv
O000275,C00388,2023-02-18,PLACED,,2026-08-09T06:46:32.194049+00:00,orders.csv
O000276,C00203,2024-04-18,Delivered,2024-04-19,2026-08-09T06:46:32.194049+00:00,orders.csv
O000277,C00368,2023-08-05,Placed,,2026-08-09T06:46:32.194049+00:00,orders.csv
O000278,C00172,2024-04-16,Cancelled,,2026-08-09T06:46:32.194049+00:00,orders.csv
O000279,C00106,2024-12-13,Cancelled,,2026-08-09T06:46:32.194049+00:00,orders.csv
O000280,C00075,2024-04-19,DELIVERED,2024-04-22,2026-08-09T06:46:32.194049+00:00,orders.csv
O000281,C00358,2024-03-18,Cancelled,,2026-08-09T06:46:32.194049+00:00,orders.csv
O000282,C00329,2024-06-24,Delivered,2024-06-26,2026-08-09T06:46:32.194049+00:00,orders.csv
O000283,C00189,2023-12-19,Shipped,,2026-08-09T06:46:32.194049+00:00,orders.csv
O000284,C00362,2024-10-30,Delivered,2024-11-02,2026-08-09T06:46:32.194049+00:00,orders.csv
O000285,C00197,2024-05-20,Shipped,,2026-08-09T06:46:32.194049+00:00,orders.csv
O000286,C00158,2023-06-28,placed,,2026-08-09T06:46:32.194049+00:00,orders.csv
O000287,C00349,2024-05-13,Returned,2024-05-14,2026-08-09T06:46:32.194049+00:00,orders.csv
O000288,C00010,2023-04-24,Delivered,2023-04-26,2026-08-09T06:46:32.194049+00:00,orders.csv
O000289,C00378,2023-07-30,Shipped,,2026-08-09T06:46:32.194049+00:00,orders.csv
O000290,C00197,2023-01-07,Cancelled,,2026-08-09T06:46:32.194049+00:00,orders.csv
O000291,C00307,2024-06-26,delivered,2024-07-03,2026-08-09T06:46:32.194049+00:00,orders.csv
O000292,C00281,2023-12-13,Delivered,2023-12-20,2026-08-09T06:46:32.194049+00:00,orders.csv
O000293,C00141,2024-10-08,Returned,2024-10-17,2026-08-09T06:46:32.194049+00:00,orders.csv
O000294,C00225,2024-07-11,Delivered,2024-07-17,2026-08-09T06:46:32.194049+00:00,orders.csv
O000295,C00159,2024-06-07,Delivered,2024-06-10,2026-08-09T06:46:32.194049+00:00,orders.csv
O000296,C00094,2024-10-04,DELIVERED,2024-10-12,2026-08-09T06:46:32.194049+00:00,orders.csv
O000297,C00186,2024-08-18,Delivered,2024-08-27,2026-08-09T06:46:32.194049+00:00,orders.csv
O000298,C00358,2024-01-22,DELIVERED,2024-01-28,2026-08-09T06:46:32.194049+00:00,orders.csv
O000299,C00044,2024-05-02,Delivered,2024-05-11,2026-08-09T06:46:32.194049+00:00,orders.csv
O000300,C00331,2024-12-29,Shipped,,2026-08-09T06:46:32.194049+00:00,orders.csv
O000301,C00114,2023-06-10,Delivered,2023-06-20,2026-08-09T06:46:32.194049+00:00,orders.csv
O000302,C00266,2024-06-19,Shipped,,2026-08-09T06:46:32.194049+00:00,orders.csv
O000303,C00063,2023-10-18,Shipped,,2026-08-09T06:46:32.194049+00:00,orders.csv
O000304,C00154,2024-03-03,Delivered,2024-03-09,2026-08-09T06:46:32.194049+00:00,orders.csv
O000305,C00046,2024-11-11,Delivered,2024-11-18,2026-08-09T06:46:32.194049+00:00,orders.csv
O000306,C00049,2023-04-01,Delivered,2023-04-06,2026-08-09T06:46:32.194049+00:00,orders.csv
O000307,C00255,2024-07-08,Delivered,2024-07-17,2026-08-09T06:46:32.194049+00:00,orders.csv
O000308,C00330,2024-09-13,DELIVERED,2024-09-19,2026-08-09T06:46:32.194049+00:00,orders.csv
O000309,C00095,2023-04-02,Delivered,2023-04-05,2026-08-09T06:46:32.194049+00:00,orders.csv
O000310,C00094,2024-01-20,Placed,,2026-08-09T06:46:32.194049+00:00,orders.csv
O000311,C00107,2024-04-20,Delivered,2024-04-27,2026-08-09T06:46:32.194049+00:00,orders.csv
O000312,C00195,2023-04-14,Delivered,2023-04-17,2026-08-09T06:46:32.194049+00:00,orders.csv
O000313,C00239,2024-04-07,Placed,,2026-08-09T06:46:32.194049+00:00,orders.csv
O000314,C00111,2023-12-26,Shipped,,2026-08-09T06:46:32.194049+00:00,orders.csv
O000315,C00344,2024-07-23,Cancelled,,2026-08-09T06:46:32.194049+00:00,orders.csv
O000316,C00363,2024-09-05,Placed,,2026-08-09T06:46:32.194049+00:00,orders.csv
O000317,C00220,2024-11-19,Delivered,2024-11-27,2026-08-09T06:46:32.194049+00:00,orders.csv
O000318,C00102,2024-03-31,Delivered,2024-04-10,2026-08-09T06:46:32.194049+00:00,orders.csv
O000319,C00356,2023-01-10,Delivered,2023-01-16,2026-08-09T06:46:32.194049+00:00,orders.csv
O000320,C00161,2024-09-12,Placed,,2026-08-09T06:46:32.194049+00:00,orders.csv
O000321,C00194,2024-08-25,DELIVERED,2024-09-03,2026-08-09T06:46:32.194049+00:00,orders.csv
O000322,C00343,2024-03-13,Delivered,2024-03-19,2026-08-09T06:46:32.194049+00:00,orders.csv
O000323,C00243,2023-01-06,SHIPPED,,2026-08-09T06:46:32.194049+00:00,orders.csv
O000324,C00116,2023-03-06,delivered,2023-03-07,2026-08-09T06:46:32.194049+00:00,orders.csv
O000325,C00019,2023-03-16,Delivered,2023-03-24,2026-08-09T06:46:32.194049+00:00,orders.csv
O000326,C00337,2023-03-08,Placed,,2026-08-09T06:46:32.194049+00:00,orders.csv
O000327,C00194,2023-04-15,Delivered,2023-04-22,2026-08-09T06:46:32.194049+00:00,orders.csv
O000328,C00038,2024-11-22,Delivered,2024-11-26,2026-08-09T06:46:32.194049+00:00,orders.csv
O000329,C00382,2024-08-09,Delivered,2024-08-16,2026-08-09T06:46:32.194049+00:00,orders.csv
O000330,C00042,2023-05-30,Delivered,2023-06-04,2026-08-09T06:46:32.194049+00:00,orders.csv
O000331,C00084,2023-02-28,Delivered,2023-03-01,2026-08-09T06:46:32.194049+00:00,orders.csv
O000332,C00145,2024-12-12,Delivered,2024-12-22,2026-08-09T06:46:32.194049+00:00,orders.csv
O000333,C00343,2024-10-16,Delivered,2024-10-20,2026-08-09T06:46:32.194049+00:00,orders.csv
O000334,C00239,2023-04-28,delivered,2023-04-29,2026-08-09T06:46:32.194049+00:00,orders.csv
O000335,C00144,2024-07-21,shipped,,2026-08-09T06:46:32.194049+00:00,orders.csv
O000336,C00271,2023-12-13,Delivered,2023-12-19,2026-08-09T06:46:32.194049+00:00,orders.csv
O000337,C00126,2024-10-13,Returned,2024-10-23,2026-08-09T06:46:32.194049+00:00,orders.csv
O000338,C00380,2023-08-03,Delivered,2023-08-13,2026-08-09T06:46:32.194049+00:00,orders.csv
O000339,C00026,2024-04-30,Delivered,2024-05-10,2026-08-09T06:46:32.194049+00:00,orders.csv
O000340,C00063,2024-03-11,Delivered,2024-03-17,2026-08-09T06:46:32.194049+00:00,orders.csv
O000341,C00097,2023-12-27,Delivered,2024-01-06,2026-08-09T06:46:32.194049+00:00,orders.csv
O000342,C00139,2023-10-29,Delivered,2023-11-03,2026-08-09T06:46:32.194049+00:00,orders.csv
O000343,C00275,2023-07-25,Shipped,,2026-08-09T06:46:32.194049+00:00,orders.csv
O000344,C00220,2023-11-03,Cancelled,,2026-08-09T06:46:32.194049+00:00,orders.csv
O000345,C00149,2023-08-03,Shipped,,2026-08-09T06:46:32.194049+00:00,orders.csv
O000346,C00069,2024-01-19,DELIVERED,2024-01-27,2026-08-09T06:46:32.194049+00:00,orders.csv
O000347,C00020,2023-01-24,Delivered,2023-01-27,2026-08-09T06:46:32.194049+00:00,orders.csv
O000348,C00108,2023-03-07,Delivered,2023-03-13,2026-08-09T06:46:32.194049+00:00,orders.csv
O000349,C00385,2023-10-18,Shipped,,2026-08-09T06:46:32.194049+00:00,orders.csv
O000350,C00179,2023-06-25,Cancelled,,2026-08-09T06:46:32.194049+00:00,orders.csv
O000351,C00225,2023-05-14,Delivered,2023-05-22,2026-08-09T06:46:32.194049+00:00,orders.csv
O000352,C00036,2024-09-11,Delivered,2024-09-19,2026-08-09T06:46:32.194049+00:00,orders.csv
O000353,C00274,2023-12-22,Delivered,2023-12-25,2026-08-09T06:46:32.194049+00:00,orders.csv
O000354,C00397,2024-02-07,Shipped,,2026-08-09T06:46:32.194049+00:00,orders.csv
O000355,C00223,2024-07-20,RETURNED,2024-07-29,2026-08-09T06:46:32.194049+00:00,orders.csv
O000356,C00195,2024-04-17,Delivered,2024-04-21,2026-08-09T06:46:32.194049+00:00,orders.csv
O000357,C00035,2023-12-01,DELIVERED,2023-12-09,2026-08-09T06:46:32.194049+00:00,orders.csv
O000358,C00321,2023-03-21,delivered,2023-03-24,2026-08-09T06:46:32.194049+00:00,orders.csv
O000359,C00305,2023-02-18,Cancelled,,2026-08-09T06:46:32.194049+00:00,orders.csv
O000360,C00293,2023-01-05,Delivered,2023-01-09,2026-08-09T06:46:32.194049+00:00,orders.csv
O000361,C00115,2024-11-27,Shipped,,2026-08-09T06:46:32.194049+00:00,orders.csv
O000362,C00217,2024-07-29,Shipped,,2026-08-09T06:46:32.194049+00:00,orders.csv
O000363,C00194,2024-11-04,Delivered,2024-11-06,2026-08-09T06:46:32.194049+00:00,orders.csv
O000364,C00017,2024-12-11,Delivered,2024-12-17,2026-08-09T06:46:32.194049+00:00,orders.csv
O000365,C00041,2023-05-08,Shipped,,2026-08-09T06:46:32.194049+00:00,orders.csv
O000366,C00250,2024-01-20,Delivered,2024-01-30,2026-08-09T06:46:32.194049+00:00,orders.csv
O000367,C00117,2023-12-06,Shipped,,2026-08-09T06:46:32.194049+00:00,orders.csv
O000368,C00240,2024-03-28,Placed,,2026-08-09T06:46:32.194049+00:00,orders.csv
O000369,C00348,2023-07-29,Placed,,2026-08-09T06:46:32.194049+00:00,orders.csv
O000370,C00370,2023-07-22,Delivered,2023-07-27,2026-08-09T06:46:32.194049+00:00,orders.csv
O000371,C00355,2024-03-19,Cancelled,,2026-08-09T06:46:32.194049+00:00,orders.csv
O000372,C00139,2023-11-04,Delivered,2023-11-07,2026-08-09T06:46:32.194049+00:00,orders.csv
O000373,C00399,2024-01-19,Delivered,2024-01-26,2026-08-09T06:46:32.194049+00:00,orders.csv
O000374,C00151,2023-06-16,Delivered,2023-06-22,2026-08-09T06:46:32.194049+00:00,orders.csv
O000375,C00178,2023-01-29,Shipped,,2026-08-09T06:46:32.194049+00:00,orders.csv
O000376,C00017,2023-04-05,Delivered,2023-04-15,2026-08-09T06:46:32.194049+00:00,orders.csv
O000377,C00299,2024-03-13,Delivered,2024-03-22,2026-08-09T06:46:32.194049+00:00,orders.csv
O000378,C00149,2024-02-12,placed,,2026-08-09T06:46:32.194049+00:00,orders.csv
O000379,C00219,2024-06-21,Delivered,2024-06-24,2026-08-09T06:46:32.194049+00:00,orders.csv
O000380,C00156,2024-08-03,SHIPPED,,2026-08-09T06:46:32.194049+00:00,orders.csv
O000381,C00070,2023-06-20,Delivered,2023-06-25,2026-08-09T06:46:32.194049+00:00,orders.csv
O000382,C00362,2023-04-14,Placed,,2026-08-09T06:46:32.194049+00:00,orders.csv
O000383,C00395,2023-04-10,delivered,2023-04-18,2026-08-09T06:46:32.194049+00:00,orders.csv
O000384,C00188,2024-02-13,Delivered,2024-02-19,2026-08-09T06:46:32.194049+00:00,orders.csv
O000385,C00008,2023-01-27,Shipped,,2026-08-09T06:46:32.194049+00:00,orders.csv
O000386,C00203,2023-07-12,Returned,2023-07-10,2026-08-09T06:46:32.194049+00:00,orders.csv
O000387,C00162,2024-09-13,Delivered,2024-09-15,2026-08-09T06:46:32.194049+00:00,orders.csv
O000388,C00174,2024-05-31,Shipped,,2026-08-09T06:46:32.194049+00:00,orders.csv
O000389,C00332,2023-09-07,Shipped,,2026-08-09T06:46:32.194049+00:00,orders.csv
O000390,C00004,2023-06-14,Cancelled,,2026-08-09T06:46:32.194049+00:00,orders.csv
O000391,C00330,2024-10-10,Placed,,2026-08-09T06:46:32.194049+00:00,orders.csv
O000392,C00392,2024-01-26,Delivered,2024-02-02,2026-08-09T06:46:32.194049+00:00,orders.csv
O000393,C00109,2023-07-12,delivered,2023-07-19,2026-08-09T06:46:32.194049+00:00,orders.csv
O000394,C00224,2024-02-02,Delivered,2024-02-05,2026-08-09T06:46:32.194049+00:00,orders.csv
O000395,C00022,2023-08-13,delivered,2023-08-16,2026-08-09T06:46:32.194049+00:00,orders.csv
O000396,C00007,2023-05-07,Returned,2023-05-15,2026-08-09T06:46:32.194049+00:00,orders.csv
O000397,C00174,2023-08-04,DELIVERED,2023-08-12,2026-08-09T06:46:32.194049+00:00,orders.csv
O000398,C00050,2024-02-05,Placed,,2026-08-09T06:46:32.194049+00:00,orders.csv
O000399,C00263,2024-12-27,DELIVERED,2025-01-04,2026-08-09T06:46:32.194049+00:00,orders.csv
O000400,C00322,2023-04-15,Delivered,2023-04-18,2026-08-09T06:46:32.194049+00:00,orders.csv
O000401,C00262,2023-05-01,Delivered,2023-05-04,2026-08-09T06:46:32.194049+00:00,orders.csv
O000402,C00386,2024-01-27,Delivered,2024-01-28,2026-08-09T06:46:32.194049+00:00,orders.csv
O000403,C00037,2023-08-19,Delivered,2023-08-27,2026-08-09T06:46:32.194049+00:00,orders.csv
O000404,C00005,2024-10-22,delivered,2024-10-24,2026-08-09T06:46:32.194049+00:00,orders.csv
O000405,C00375,2024-05-15,Delivered,2024-05-17,2026-08-09T06:46:32.194049+00:00,orders.csv
O000406,C00119,2024-07-22,CANCELLED,,2026-08-09T06:46:32.194049+00:00,orders.csv
O000407,C00065,2024-06-02,Delivered,2024-06-09,2026-08-09T06:46:32.194049+00:00,orders.csv
O000408,C00097,2023-10-28,delivered,2023-11-03,2026-08-09T06:46:32.194049+00:00,orders.csv
O000409,C00213,2023-05-18,Delivered,2023-05-23,2026-08-09T06:46:32.194049+00:00,orders.csv
O000410,C00152,2024-07-02,Placed,,2026-08-09T06:46:32.194049+00:00,orders.csv
O000411,C00364,2023-06-07,Returned,2023-06-08,2026-08-09T06:46:32.194049+00:00,orders.csv
O000412,C00231,2024-10-17,Delivered,2024-10-22,2026-08-09T06:46:32.194049+00:00,orders.csv
O000413,C00216,2023-05-07,Delivered,2023-05-17,2026-08-09T06:46:32.194049+00:00,orders.csv
O000414,C00077,2024-02-03,Delivered,2024-02-12,2026-08-09T06:46:32.194049+00:00,orders.csv
O000415,C00344,2024-10-16,Delivered,2024-10-26,2026-08-09T06:46:32.194049+00:00,orders.csv
O000416,C00336,2023-11-09,Delivered,2023-11-11,2026-08-09T06:46:32.194049+00:00,orders.csv
O000417,C00357,2023-01-11,Delivered,2023-01-14,2026-08-09T06:46:32.194049+00:00,orders.csv
O000418,C00186,2023-01-08,Delivered,2023-01-12,2026-08-09T06:46:32.194049+00:00,orders.csv
O000419,C00195,2024-06-20,Shipped,,2026-08-09T06:46:32.194049+00:00,orders.csv
O000420,C00030,2023-12-13,Cancelled,,2026-08-09T06:46:32.194049+00:00,orders.csv
O000421,C00064,2023-08-07,Delivered,2023-08-11,2026-08-09T06:46:32.194049+00:00,orders.csv
O000422,C00031,2023-02-28,Placed,,2026-08-09T06:46:32.194049+00:00,orders.csv
O000423,C00023,2023-07-22,Delivered,2023-07-29,2026-08-09T06:46:32.194049+00:00,orders.csv
O000424,C00150,2023-04-22,Delivered,2023-04-25,2026-08-09T06:46:32.194049+00:00,orders.csv
O000425,C00123,2024-11-13,Returned,2024-11-18,2026-08-09T06:46:32.194049+00:00,orders.csv
O000426,C00253,2023-06-09,Delivered,2023-06-13,2026-08-09T06:46:32.194049+00:00,orders.csv
O000427,C00016,2024-09-24,delivered,2024-09-26,2026-08-09T06:46:32.194049+00:00,orders.csv
O000428,C00209,2024-09-17,Shipped,,2026-08-09T06:46:32.194049+00:00,orders.csv
O000429,C00084,2024-03-12,DELIVERED,2024-03-19,2026-08-09T06:46:32.194049+00:00,orders.csv
O000430,C00205,2023-04-23,Delivered,2023-04-30,2026-08-09T06:46:32.194049+00:00,orders.csv
O000431,C00203,2023-11-26,Delivered,2023-12-06,2026-08-09T06:46:32.194049+00:00,orders.csv
O000432,C00121,2024-11-30,delivered,2024-12-06,2026-08-09T06:46:32.194049+00:00,orders.csv
O000433,C00316,2023-05-04,Delivered,2023-05-08,2026-08-09T06:46:32.194049+00:00,orders.csv
O000434,C00115,2024-03-04,Delivered,2024-03-13,2026-08-09T06:46:32.194049+00:00,orders.csv
O000435,C00209,2023-01-23,Delivered,2023-01-26,2026-08-09T06:46:32.194049+00:00,orders.csv
O000436,C00280,2024-05-21,Cancelled,,2026-08-09T06:46:32.194049+00:00,orders.csv
O000437,C00212,2023-07-31,Placed,,2026-08-09T06:46:32.194049+00:00,orders.csv
O000438,C00318,2024-06-21,Delivered,2024-06-26,2026-08-09T06:46:32.194049+00:00,orders.csv
O000439,C00214,2023-05-17,CANCELLED,,2026-08-09T06:46:32.194049+00:00,orders.csv
O000440,C00228,2023-03-27,delivered,2023-04-02,2026-08-09T06:46:32.194049+00:00,orders.csv
O000441,C00122,2023-06-30,Returned,2023-07-10,2026-08-09T06:46:32.194049+00:00,orders.csv
O000442,C00367,2024-03-20,Shipped,,2026-08-09T06:46:32.194049+00:00,orders.csv
O000443,C00051,2024-02-08,shipped,,2026-08-09T06:46:32.194049+00:00,orders.csv
O000444,C00077,2023-01-13,Placed,,2026-08-09T06:46:32.194049+00:00,orders.csv
O000445,C00021,2023-02-14,SHIPPED,,2026-08-09T06:46:32.194049+00:00,orders.csv
O000446,C00222,2024-07-09,CANCELLED,,2026-08-09T06:46:32.194049+00:00,orders.csv
O000447,C00065,2023-01-22,Shipped,,2026-08-09T06:46:32.194049+00:00,orders.csv
O000448,C00174,2023-04-26,SHIPPED,,2026-08-09T06:46:32.194049+00:00,orders.csv
O000449,C00126,2024-06-27,Delivered,2024-06-30,2026-08-09T06:46:32.194049+00:00,orders.csv
O000450,C00110,2023-03-20,Cancelled,,2026-08-09T06:46:32.194049+00:00,orders.csv
O000451,C00030,2024-08-14,Returned,2024-08-16,2026-08-09T06:46:32.194049+00:00,orders.csv
O000452,C00337,2024-02-28,Delivered,2024-03-03,2026-08-09T06:46:32.194049+00:00,orders.csv
O000453,C00245,2023-01-18,Delivered,2023-01-20,2026-08-09T06:46:32.194049+00:00,orders.csv
O000454,C00320,2023-09-06,CANCELLED,,2026-08-09T06:46:32.194049+00:00,orders.csv
O000455,C00227,2024-12-13,Delivered,2024-12-23,2026-08-09T06:46:32.194049+00:00,orders.csv
O000456,C00388,2024-03-02,Delivered,2024-03-05,2026-08-09T06:46:32.194049+00:00,orders.csv
O000457,C00218,2023-02-02,Delivered,2023-02-03,2026-08-09T06:46:32.194049+00:00,orders.csv
O000458,C00159,2024-06-18,RETURNED,2024-06-25,2026-08-09T06:46:32.194049+00:00,orders.csv
O000459,C00088,2024-05-03,Delivered,2024-05-10,2026-08-09T06:46:32.194049+00:00,orders.csv
O000460,C00167,2023-06-16,Shipped,,2026-08-09T06:46:32.194049+00:00,orders.csv
O000461,C00341,2024-10-15,SHIPPED,,2026-08-09T06:46:32.194049+00:00,orders.csv
O000462,C00344,2023-12-31,delivered,2024-01-09,2026-08-09T06:46:32.194049+00:00,orders.csv
O000463,C00250,2024-11-29,Placed,,2026-08-09T06:46:32.194049+00:00,orders.csv
O000464,C00399,2024-06-12,Delivered,2024-06-18,2026-08-09T06:46:32.194049+00:00,orders.csv
O000465,C00110,2024-11-30,Shipped,,2026-08-09T06:46:32.194049+00:00,orders.csv
O000466,C00204,2023-04-10,Shipped,,2026-08-09T06:46:32.194049+00:00,orders.csv
O000467,C00321,2023-10-30,Placed,,2026-08-09T06:46:32.194049+00:00,orders.csv
O000468,C00008,2023-05-07,Delivered,2023-05-12,2026-08-09T06:46:32.194049+00:00,orders.csv
O000469,C00235,2024-02-28,Delivered,2024-02-29,2026-08-09T06:46:32.194049+00:00,orders.csv
O000470,C00113,2023-01-09,Cancelled,,2026-08-09T06:46:32.194049+00:00,orders.csv
O000471,C00050,2024-04-22,Delivered,2024-04-30,2026-08-09T06:46:32.194049+00:00,orders.csv
O000472,C00194,2023-11-21,Returned,2023-11-29,2026-08-09T06:46:32.194049+00:00,orders.csv
O000473,C00130,2024-03-16,Shipped,,2026-08-09T06:46:32.194049+00:00,orders.csv
O000474,C00070,2023-06-30,Shipped,,2026-08-09T06:46:32.194049+00:00,orders.csv
O000475,C00100,2023-08-08,shipped,,2026-08-09T06:46:32.194049+00:00,orders.csv
O000476,C00123,2024-12-14,Delivered,2024-12-21,2026-08-09T06:46:32.194049+00:00,orders.csv
O000477,C00347,2023-11-21,Shipped,,2026-08-09T06:46:32.194049+00:00,orders.csv
O000478,C00370,2023-01-04,Returned,2023-01-12,2026-08-09T06:46:32.194049+00:00,orders.csv
O000479,C00309,2024-03-06,Delivered,2024-03-10,2026-08-09T06:46:32.194049+00:00,orders.csv
O000480,C00270,2024-05-29,Delivered,2024-06-06,2026-08-09T06:46:32.194049+00:00,orders.csv
O000481,C00171,2023-07-01,Delivered,2023-07-08,2026-08-09T06:46:32.194049+00:00,orders.csv
O000482,C00149,2024-09-30,Placed,,2026-08-09T06:46:32.194049+00:00,orders.csv
O000483,C00170,2023-08-17,delivered,2023-08-19,2026-08-09T06:46:32.194049+00:00,orders.csv
O000484,C00197,2024-11-20,Placed,,2026-08-09T06:46:32.194049+00:00,orders.csv
O000485,C00171,2024-06-15,delivered,2024-06-19,2026-08-09T06:46:32.194049+00:00,orders.csv
O000486,C00107,2024-06-13,DELIVERED,2024-06-22,2026-08-09T06:46:32.194049+00:00,orders.csv
O000487,C00079,2024-08-30,Placed,,2026-08-09T06:46:32.194049+00:00,orders.csv
O000488,C00347,2023-05-14,Delivered,2023-05-17,2026-08-09T06:46:32.194049+00:00,orders.csv
O000489,C00237,2023-02-22,PLACED,,2026-08-09T06:46:32.194049+00:00,orders.csv
O000490,C00345,2023-04-20,Delivered,2023-04-22,2026-08-09T06:46:32.194049+00:00,orders.csv
O000491,C00184,2023-08-04,Delivered,2023-08-12,2026-08-09T06:46:32.194049+00:00,orders.csv
O000492,C00378,2023-12-18,Delivered,2023-12-15,2026-08-09T06:46:32.194049+00:00,orders.csv
O000493,C00259,2023-04-28,PLACED,,2026-08-09T06:46:32.194049+00:00,orders.csv
O000494,C00248,2024-10-29,Delivered,2024-11-05,2026-08-09T06:46:32.194049+00:00,orders.csv
O000495,C00225,2024-05-14,Cancelled,,2026-08-09T06:46:32.194049+00:00,orders.csv
O000496,C00105,2023-03-07,shipped,,2026-08-09T06:46:32.194049+00:00,orders.csv
O000497,C00081,2023-08-09,delivered,2023-08-06,2026-08-09T06:46:32.194049+00:00,orders.csv
O000498,C00242,2023-11-26,Delivered,2023-12-06,2026-08-09T06:46:32.194049+00:00,orders.csv
O000499,C00049,2024-03-07,Delivered,2024-03-11,2026-08-09T06:46:32.194049+00:00,orders.csv
O000500,C00092,2024-10-21,Returned,2024-10-26,2026-08-09T06:46:32.194049+00:00,orders.csv
O000501,C00127,2023-11-21,Delivered,2023-11-27,2026-08-09T06:46:32.194049+00:00,orders.csv
O000502,C00006,2024-05-20,returned,2024-05-30,2026-08-09T06:46:32.194049+00:00,orders.csv
O000503,C00374,2024-03-22,shipped,,2026-08-09T06:46:32.194049+00:00,orders.csv
O000504,C00154,2023-04-24,returned,2023-05-04,2026-08-09T06:46:32.194049+00:00,orders.csv
O000505,C00198,2023-05-06,Delivered,2023-05-14,2026-08-09T06:46:32.194049+00:00,orders.csv
O000506,C00124,2024-11-06,Delivered,2024-11-08,2026-08-09T06:46:32.194049+00:00,orders.csv
O000507,C00043,2023-11-17,Delivered,2023-11-26,2026-08-09T06:46:32.194049+00:00,orders.csv
O000508,C00045,2023-07-27,Shipped,,2026-08-09T06:46:32.194049+00:00,orders.csv
O000509,C00222,2023-04-23,Placed,,2026-08-09T06:46:32.194049+00:00,orders.csv
O000510,C00196,2023-08-06,Delivered,2023-08-12,2026-08-09T06:46:32.194049+00:00,orders.csv
O000511,C00103,2023-10-10,Delivered,2023-10-12,2026-08-09T06:46:32.194049+00:00,orders.csv
O000512,C00163,2023-03-09,Shipped,,2026-08-09T06:46:32.194049+00:00,orders.csv
O000513,C00343,2023-04-07,Delivered,2023-04-15,2026-08-09T06:46:32.194049+00:00,orders.csv
O000514,C00348,2023-01-14,delivered,2023-01-16,2026-08-09T06:46:32.194049+00:00,orders.csv
O000515,C00328,2023-01-02,Cancelled,,2026-08-09T06:46:32.194049+00:00,orders.csv
O000516,C00285,2023-08-22,Delivered,2023-08-24,2026-08-09T06:46:32.194049+00:00,orders.csv
O000517,C00121,2023-12-28,Delivered,2024-01-07,2026-08-09T06:46:32.194049+00:00,orders.csv
O000518,C00069,2023-09-08,Delivered,2023-09-14,2026-08-09T06:46:32.194049+00:00,orders.csv
O000519,C00127,2024-10-03,Cancelled,,2026-08-09T06:46:32.194049+00:00,orders.csv
O000520,C00339,2023-11-13,Placed,,2026-08-09T06:46:32.194049+00:00,orders.csv
O000521,C00220,2024-05-25,delivered,2024-06-04,2026-08-09T06:46:32.194049+00:00,orders.csv
O000522,C00266,2023-08-11,cancelled,,2026-08-09T06:46:32.194049+00:00,orders.csv
O000523,C00209,2024-11-12,shipped,,2026-08-09T06:46:32.194049+00:00,orders.csv
O000524,C00114,2024-04-29,Shipped,,2026-08-09T06:46:32.194049+00:00,orders.csv
O000525,C00008,2024-11-30,Delivered,2024-12-04,2026-08-09T06:46:32.194049+00:00,orders.csv
O000526,C00166,2024-07-12,Delivered,2024-07-19,2026-08-09T06:46:32.194049+00:00,orders.csv
O000527,C00264,2024-03-07,Delivered,2024-03-12,2026-08-09T06:46:32.194049+00:00,orders.csv
O000528,C00102,2023-01-07,Cancelled,,2026-08-09T06:46:32.194049+00:00,orders.csv
O000529,C00176,2023-03-04,Delivered,2023-03-05,2026-08-09T06:46:32.194049+00:00,orders.csv
O000530,C00116,2023-01-07,Delivered,2023-01-04,2026-08-09T06:46:32.194049+00:00,orders.csv
O000531,C00216,2024-04-30,Cancelled,,2026-08-09T06:46:32.194049+00:00,orders.csv
O000532,C00005,2023-07-08,Cancelled,,2026-08-09T06:46:32.194049+00:00,orders.csv
O000533,C00168,2023-10-24,Delivered,2023-11-01,2026-08-09T06:46:32.194049+00:00,orders.csv
O000534,C00301,2024-02-03,delivered,2024-02-04,2026-08-09T06:46:32.194049+00:00,orders.csv
O000535,C00161,2024-06-21,DELIVERED,2024-06-27,2026-08-09T06:46:32.194049+00:00,orders.csv
O000536,C00049,2024-05-10,Returned,2024-05-13,2026-08-09T06:46:32.194049+00:00,orders.csv
O000537,C00069,2023-06-12,placed,,2026-08-09T06:46:32.194049+00:00,orders.csv
O000538,C00320,2023-03-07,DELIVERED,2023-03-15,2026-08-09T06:46:32.194049+00:00,orders.csv
O000539,C00060,2024-04-05,Shipped,,2026-08-09T06:46:32.194049+00:00,orders.csv
O000540,C00317,2023-06-15,Cancelled,,2026-08-09T06:46:32.194049+00:00,orders.csv
O000541,C00008,2023-01-06,Delivered,2023-01-08,2026-08-09T06:46:32.194049+00:00,orders.csv
O000542,C00393,2024-01-21,delivered,2024-01-23,2026-08-09T06:46:32.194049+00:00,orders.csv
O000543,C00285,2023-09-15,DELIVERED,2023-09-20,2026-08-09T06:46:32.194049+00:00,orders.csv
O000544,C00275,2024-12-15,Delivered,2024-12-20,2026-08-09T06:46:32.194049+00:00,orders.csv
O000545,C00289,2023-03-02,Shipped,,2026-08-09T06:46:32.194049+00:00,orders.csv
O000546,C00387,2023-02-06,Returned,2023-02-16,2026-08-09T06:46:32.194049+00:00,orders.csv
O000547,C00044,2023-10-05,Shipped,,2026-08-09T06:46:32.194049+00:00,orders.csv
O000548,C00291,2023-01-27,Delivered,2023-01-28,2026-08-09T06:46:32.194049+00:00,orders.csv
O000549,C00196,2024-12-19,DELIVERED,2024-12-29,2026-08-09T06:46:32.194049+00:00,orders.csv
O000550,C00278,2024-07-03,Placed,,2026-08-09T06:46:32.194049+00:00,orders.csv
O000551,C00154,2023-11-18,Delivered,2023-11-23,2026-08-09T06:46:32.194049+00:00,orders.csv
O000552,C00075,2024-01-11,Delivered,2024-01-20,2026-08-09T06:46:32.194049+00:00,orders.csv
O000553,C00134,2023-07-28,Cancelled,,2026-08-09T06:46:32.194049+00:00,orders.csv
O000554,C00386,2024-04-09,Placed,,2026-08-09T06:46:32.194049+00:00,orders.csv
O000555,C00092,2024-01-27,Delivered,2024-02-03,2026-08-09T06:46:32.194049+00:00,orders.csv
O000556,C00206,2024-08-28,Delivered,2024-09-07,2026-08-09T06:46:32.194049+00:00,orders.csv
O000557,C00279,2024-08-04,Delivered,2024-08-12,2026-08-09T06:46:32.194049+00:00,orders.csv
O000558,C00138,2024-07-09,Delivered,2024-07-19,2026-08-09T06:46:32.194049+00:00,orders.csv
O000559,C00086,2024-03-30,PLACED,,2026-08-09T06:46:32.194049+00:00,orders.csv
O000560,C00283,2024-07-18,Returned,2024-07-23,2026-08-09T06:46:32.194049+00:00,orders.csv
O000561,C00162,2023-04-28,Placed,,2026-08-09T06:46:32.194049+00:00,orders.csv
O000562,C00154,2024-09-06,delivered,2024-09-08,2026-08-09T06:46:32.194049+00:00,orders.csv
O000563,C00012,2023-10-17,Placed,,2026-08-09T06:46:32.194049+00:00,orders.csv
O000564,C00285,2023-06-03,Placed,,2026-08-09T06:46:32.194049+00:00,orders.csv
O000565,C00114,2024-11-03,Delivered,2024-11-05,2026-08-09T06:46:32.194049+00:00,orders.csv
O000566,C00345,2024-06-24,Delivered,2024-07-03,2026-08-09T06:46:32.194049+00:00,orders.csv
O000567,C00243,2023-04-29,Delivered,2023-05-06,2026-08-09T06:46:32.194049+00:00,orders.csv
O000568,C00253,2024-07-04,Delivered,2024-07-14,2026-08-09T06:46:32.194049+00:00,orders.csv
O000569,C00105,2023-07-22,CANCELLED,,2026-08-09T06:46:32.194049+00:00,orders.csv
O000570,C00071,2024-06-11,Cancelled,,2026-08-09T06:46:32.194049+00:00,orders.csv
O000571,C00041,2023-04-21,Placed,,2026-08-09T06:46:32.194049+00:00,orders.csv
O000572,C00037,2023-03-27,Cancelled,,2026-08-09T06:46:32.194049+00:00,orders.csv
O000573,C00047,2023-04-10,Delivered,2023-04-20,2026-08-09T06:46:32.194049+00:00,orders.csv
O000574,C00041,2023-11-18,delivered,2023-11-23,2026-08-09T06:46:32.194049+00:00,orders.csv
O000575,C00307,2023-04-19,DELIVERED,2023-04-28,2026-08-09T06:46:32.194049+00:00,orders.csv
O000576,C00382,2023-01-07,CANCELLED,,2026-08-09T06:46:32.194049+00:00,orders.csv
O000577,C00295,2024-03-31,DELIVERED,2024-04-05,2026-08-09T06:46:32.194049+00:00,orders.csv
O000578,C00207,2023-03-18,Shipped,,2026-08-09T06:46:32.194049+00:00,orders.csv
O000579,C00147,2024-11-07,Placed,,2026-08-09T06:46:32.194049+00:00,orders.csv
O000580,C00257,2024-11-20,DELIVERED,2024-11-28,2026-08-09T06:46:32.194049+00:00,orders.csv
O000581,C00078,2024-05-17,Delivered,2024-05-18,2026-08-09T06:46:32.194049+00:00,orders.csv
O000582,C00367,2023-10-27,Delivered,2023-11-06,2026-08-09T06:46:32.194049+00:00,orders.csv
O000583,C00203,2023-04-27,Delivered,2023-05-05,2026-08-09T06:46:32.194049+00:00,orders.csv
O000584,C00107,2024-02-26,Cancelled,,2026-08-09T06:46:32.194049+00:00,orders.csv
O000585,C00112,2023-08-15,Cancelled,,2026-08-09T06:46:32.194049+00:00,orders.csv
O000586,C00400,2024-07-06,returned,2024-07-08,2026-08-09T06:46:32.194049+00:00,orders.csv
O000587,C00315,2024-07-02,Cancelled,,2026-08-09T06:46:32.194049+00:00,orders.csv
O000588,C00121,2023-02-06,Delivered,2023-02-15,2026-08-09T06:46:32.194049+00:00,orders.csv
O000589,C00071,2023-10-04,Placed,,2026-08-09T06:46:32.194049+00:00,orders.csv
O000590,C00116,2023-11-28,delivered,2023-12-06,2026-08-09T06:46:32.194049+00:00,orders.csv
O000591,C00005,2023-10-19,Delivered,2023-10-27,2026-08-09T06:46:32.194049+00:00,orders.csv
O000592,C00313,2024-01-14,Delivered,2024-01-20,2026-08-09T06:46:32.194049+00:00,orders.csv
O000593,C00380,2024-08-30,Placed,,2026-08-09T06:46:32.194049+00:00,orders.csv
O000594,C00007,2024-08-01,DELIVERED,2024-08-10,2026-08-09T06:46:32.194049+00:00,orders.csv
O000595,C00164,2023-05-11,Shipped,,2026-08-09T06:46:32.194049+00:00,orders.csv
O000596,C00393,2024-06-21,Shipped,,2026-08-09T06:46:32.194049+00:00,orders.csv
O000597,C00348,2023-10-25,Delivered,2023-10-31,2026-08-09T06:46:32.194049+00:00,orders.csv
O000598,C00219,2023-07-03,Delivered,2023-07-04,2026-08-09T06:46:32.194049+00:00,orders.csv
O000599,C00046,2024-04-24,Shipped,,2026-08-09T06:46:32.194049+00:00,orders.csv
O000600,C00012,2024-08-21,Delivered,2024-08-26,2026-08-09T06:46:32.194049+00:00,orders.csv
O000601,C00206,2024-07-31,Shipped,,2026-08-09T06:46:32.194049+00:00,orders.csv
O000602,C00213,2023-04-04,SHIPPED,,2026-08-09T06:46:32.194049+00:00,orders.csv
O000603,C00399,2023-05-01,Delivered,2023-05-08,2026-08-09T06:46:32.194049+00:00,orders.csv
O000604,C00214,2024-12-29,Cancelled,,2026-08-09T06:46:32.194049+00:00,orders.csv
O000605,C00017,2024-11-17,Delivered,2024-11-26,2026-08-09T06:46:32.194049+00:00,orders.csv
O000606,C00273,2024-06-22,Placed,,2026-08-09T06:46:32.194049+00:00,orders.csv
O000607,C00209,2023-01-14,Delivered,2023-01-22,2026-08-09T06:46:32.194049+00:00,orders.csv
O000608,C00001,2024-10-25,CANCELLED,,2026-08-09T06:46:32.194049+00:00,orders.csv
O000609,C00295,2023-02-27,DELIVERED,2023-03-08,2026-08-09T06:46:32.194049+00:00,orders.csv
O000610,C00321,2024-08-23,Delivered,2024-08-30,2026-08-09T06:46:32.194049+00:00,orders.csv
O000611,C00399,2023-06-01,Placed,,2026-08-09T06:46:32.194049+00:00,orders.csv
O000612,C00377,2024-04-22,cancelled,,2026-08-09T06:46:32.194049+00:00,orders.csv
O000613,C00336,2023-07-10,Delivered,2023-07-13,2026-08-09T06:46:32.194049+00:00,orders.csv
O000614,C00057,2024-10-19,Delivered,2024-10-24,2026-08-09T06:46:32.194049+00:00,orders.csv
O000615,C00051,2023-10-30,Delivered,2023-11-07,2026-08-09T06:46:32.194049+00:00,orders.csv
O000616,C00062,2024-08-05,Returned,2024-08-10,2026-08-09T06:46:32.194049+00:00,orders.csv
O000617,C00105,2023-07-10,Shipped,,2026-08-09T06:46:32.194049+00:00,orders.csv
O000618,C00220,2023-06-12,Delivered,2023-06-14,2026-08-09T06:46:32.194049+00:00,orders.csv
O000619,C00322,2024-12-12,Delivered,2024-12-16,2026-08-09T06:46:32.194049+00:00,orders.csv
O000620,C00012,2023-10-03,DELIVERED,2023-10-08,2026-08-09T06:46:32.194049+00:00,orders.csv
O000621,C00263,2023-04-03,delivered,2023-04-11,2026-08-09T06:46:32.194049+00:00,orders.csv
O000622,C00239,2024-01-19,Delivered,2024-01-27,2026-08-09T06:46:32.194049+00:00,orders.csv
O000623,C00384,2024-02-14,Cancelled,,2026-08-09T06:46:32.194049+00:00,orders.csv
O000624,C00377,2024-05-28,Delivered,2024-05-30,2026-08-09T06:46:32.194049+00:00,orders.csv
O000625,C00002,2024-10-31,Delivered,2024-11-07,2026-08-09T06:46:32.194049+00:00,orders.csv
O000626,C00303,2024-11-02,cancelled,,2026-08-09T06:46:32.194049+00:00,orders.csv
O000627,C00102,2024-02-16,Delivered,2024-02-21,2026-08-09T06:46:32.194049+00:00,orders.csv
O000628,C00241,2024-04-29,Cancelled,,2026-08-09T06:46:32.194049+00:00,orders.csv
O000629,C00323,2024-01-28,Shipped,,2026-08-09T06:46:32.194049+00:00,orders.csv
O000630,C00345,2024-05-16,Delivered,2024-05-22,2026-08-09T06:46:32.194049+00:00,orders.csv
O000631,C00228,2023-11-01,PLACED,,2026-08-09T06:46:32.194049+00:00,orders.csv
O000632,C00007,2024-09-24,Cancelled,,2026-08-09T06:46:32.194049+00:00,orders.csv
O000633,C00028,2023-07-08,Delivered,2023-07-10,2026-08-09T06:46:32.194049+00:00,orders.csv
O000634,C00001,2023-08-09,Delivered,2023-08-12,2026-08-09T06:46:32.194049+00:00,orders.csv
O000635,C00251,2023-10-19,Placed,,2026-08-09T06:46:32.194049+00:00,orders.csv
O000636,C00009,2023-10-22,Cancelled,,2026-08-09T06:46:32.194049+00:00,orders.csv
O000637,C00304,2024-05-25,delivered,2024-05-30,2026-08-09T06:46:32.194049+00:00,orders.csv
O000638,C00373,2023-03-27,Delivered,2023-04-01,2026-08-09T06:46:32.194049+00:00,orders.csv
O000639,C00197,2023-01-24,Delivered,2023-01-28,2026-08-09T06:46:32.194049+00:00,orders.csv
O000640,C00271,2024-08-07,shipped,,2026-08-09T06:46:32.194049+00:00,orders.csv
O000641,C00319,2024-05-21,Delivered,2024-05-24,2026-08-09T06:46:32.194049+00:00,orders.csv
O000642,C00284,2023-06-26,Delivered,2023-07-03,2026-08-09T06:46:32.194049+00:00,orders.csv
O000643,C00169,2024-05-30,Delivered,2024-05-31,2026-08-09T06:46:32.194049+00:00,orders.csv
O000644,C00182,2024-10-31,Delivered,2024-11-03,2026-08-09T06:46:32.194049+00:00,orders.csv
O000645,C00069,2023-07-31,Delivered,2023-08-10,2026-08-09T06:46:32.194049+00:00,orders.csv
O000646,C00176,2023-06-13,Delivered,2023-06-14,2026-08-09T06:46:32.194049+00:00,orders.csv
O000647,C00330,2023-01-25,Delivered,2023-01-30,2026-08-09T06:46:32.194049+00:00,orders.csv
O000648,C00160,2024-10-06,Delivered,2024-10-08,2026-08-09T06:46:32.194049+00:00,orders.csv
O000649,C00124,2024-05-09,Delivered,2024-05-11,2026-08-09T06:46:32.194049+00:00,orders.csv
O000650,C00008,2023-06-01,Delivered,2023-06-07,2026-08-09T06:46:32.194049+00:00,orders.csv
O000651,C00337,2023-05-12,Delivered,2023-05-17,2026-08-09T06:46:32.194049+00:00,orders.csv
O000652,C00338,2024-08-21,Delivered,2024-08-30,2026-08-09T06:46:32.194049+00:00,orders.csv
O000653,C00171,2024-01-23,Delivered,2024-01-31,2026-08-09T06:46:32.194049+00:00,orders.csv
O000654,C00221,2024-05-25,Delivered,2024-05-26,2026-08-09T06:46:32.194049+00:00,orders.csv
O000655,C00231,2024-06-03,Delivered,2024-06-12,2026-08-09T06:46:32.194049+00:00,orders.csv
O000656,C00246,2023-09-20,Delivered,2023-09-24,2026-08-09T06:46:32.194049+00:00,orders.csv
O000657,C00329,2023-08-01,Shipped,,2026-08-09T06:46:32.194049+00:00,orders.csv
O000658,C00042,2024-08-26,Delivered,2024-08-27,2026-08-09T06:46:32.194049+00:00,orders.csv
O000659,C00382,2024-08-26,Delivered,2024-08-27,2026-08-09T06:46:32.194049+00:00,orders.csv
O000660,C00127,2024-11-25,Delivered,2024-11-27,2026-08-09T06:46:32.194049+00:00,orders.csv
O000661,C00018,2023-07-03,Delivered,2023-07-05,2026-08-09T06:46:32.194049+00:00,orders.csv
O000662,C00375,2024-04-28,Delivered,2024-05-02,2026-08-09T06:46:32.194049+00:00,orders.csv
O000663,C00283,2024-11-09,Delivered,2024-11-17,2026-08-09T06:46:32.194049+00:00,orders.csv
O000664,C00243,2024-04-05,Delivered,2024-04-03,2026-08-09T06:46:32.194049+00:00,orders.csv
O000665,C00008,2024-04-12,Placed,,2026-08-09T06:46:32.194049+00:00,orders.csv
O000666,C00012,2024-01-27,Delivered,2024-01-31,2026-08-09T06:46:32.194049+00:00,orders.csv
O000667,C00089,2024-12-05,Shipped,,2026-08-09T06:46:32.194049+00:00,orders.csv
O000668,C00181,2024-02-28,Cancelled,,2026-08-09T06:46:32.194049+00:00,orders.csv
O000669,C00203,2023-09-24,Delivered,2023-09-25,2026-08-09T06:46:32.194049+00:00,orders.csv
O000670,C00273,2024-04-01,Shipped,,2026-08-09T06:46:32.194049+00:00,orders.csv
O000671,C00083,2023-03-03,Delivered,2023-03-04,2026-08-09T06:46:32.194049+00:00,orders.csv
O000672,C00147,2023-04-26,Shipped,,2026-08-09T06:46:32.194049+00:00,orders.csv
O000673,C00224,2023-03-16,Cancelled,,2026-08-09T06:46:32.194049+00:00,orders.csv
O000674,C00083,2024-12-10,Cancelled,,2026-08-09T06:46:32.194049+00:00,orders.csv
O000675,C00349,2024-08-21,Delivered,2024-08-25,2026-08-09T06:46:32.194049+00:00,orders.csv
O000676,C00330,2024-09-08,Delivered,2024-09-10,2026-08-09T06:46:32.194049+00:00,orders.csv
O000677,C00085,2023-12-30,Shipped,,2026-08-09T06:46:32.194049+00:00,orders.csv
O000678,C00111,2024-08-27,PLACED,,2026-08-09T06:46:32.194049+00:00,orders.csv
O000679,C00107,2024-03-01,shipped,,2026-08-09T06:46:32.194049+00:00,orders.csv
O000680,C00254,2024-10-29,Shipped,,2026-08-09T06:46:32.194049+00:00,orders.csv
O000681,C00189,2023-02-09,Delivered,2023-02-14,2026-08-09T06:46:32.194049+00:00,orders.csv
O000682,C00069,2024-05-24,Delivered,2024-05-29,2026-08-09T06:46:32.194049+00:00,orders.csv
O000683,C00189,2023-02-05,cancelled,,2026-08-09T06:46:32.194049+00:00,orders.csv
O000684,C00194,2023-04-26,Delivered,2023-05-05,2026-08-09T06:46:32.194049+00:00,orders.csv
O000685,C00268,2023-05-12,Delivered,2023-05-22,2026-08-09T06:46:32.194049+00:00,orders.csv
O000686,C00352,2023-07-20,SHIPPED,,2026-08-09T06:46:32.194049+00:00,orders.csv
O000687,C00216,2023-09-13,Delivered,2023-09-18,2026-08-09T06:46:32.194049+00:00,orders.csv
O000688,C00011,2024-01-30,PLACED,,2026-08-09T06:46:32.194049+00:00,orders.csv
O000689,C00019,2023-06-15,Delivered,2023-06-23,2026-08-09T06:46:32.194049+00:00,orders.csv
O000690,C00206,2024-07-12,Shipped,,2026-08-09T06:46:32.194049+00:00,orders.csv
O000691,C00198,2023-12-17,Delivered,2023-12-24,2026-08-09T06:46:32.194049+00:00,orders.csv
O000692,C00022,2023-05-10,Delivered,2023-05-12,2026-08-09T06:46:32.194049+00:00,orders.csv
O000693,C00177,2023-12-29,DELIVERED,2024-01-07,2026-08-09T06:46:32.194049+00:00,orders.csv
O000694,C00070,2024-10-11,Shipped,,2026-08-09T06:46:32.194049+00:00,orders.csv
O000695,C00076,2023-10-31,Cancelled,,2026-08-09T06:46:32.194049+00:00,orders.csv
O000696,C00078,2023-03-02,Shipped,,2026-08-09T06:46:32.194049+00:00,orders.csv
O000697,C00108,2024-08-28,Shipped,,2026-08-09T06:46:32.194049+00:00,orders.csv
O000698,C00250,2023-07-30,Shipped,,2026-08-09T06:46:32.194049+00:00,orders.csv
O000699,C00203,2024-03-24,Cancelled,,2026-08-09T06:46:32.194049+00:00,orders.csv
O000700,C00321,2024-12-27,Delivered,2024-12-29,2026-08-09T06:46:32.194049+00:00,orders.csv
O000701,C00122,2023-10-10,Delivered,2023-10-15,2026-08-09T06:46:32.194049+00:00,orders.csv
O000702,C00331,2023-09-06,Delivered,2023-09-11,2026-08-09T06:46:32.194049+00:00,orders.csv
O000703,C00378,2023-09-02,Delivered,2023-09-12,2026-08-09T06:46:32.194049+00:00,orders.csv
O000704,C00227,2023-08-10,Shipped,,2026-08-09T06:46:32.194049+00:00,orders.csv
O000705,C00235,2023-12-19,Returned,2023-12-27,2026-08-09T06:46:32.194049+00:00,orders.csv
O000706,C00317,2024-02-15,delivered,2024-02-17,2026-08-09T06:46:32.194049+00:00,orders.csv
O000707,C00306,2024-09-28,Delivered,2024-10-02,2026-08-09T06:46:32.194049+00:00,orders.csv
O000708,C00140,2024-10-19,Delivered,2024-10-22,2026-08-09T06:46:32.194049+00:00,orders.csv
O000709,C00293,2024-11-10,cancelled,,2026-08-09T06:46:32.194049+00:00,orders.csv
O000710,C00346,2024-03-29,shipped,,2026-08-09T06:46:32.194049+00:00,orders.csv
O000711,C00257,2023-09-09,Delivered,2023-09-08,2026-08-09T06:46:32.194049+00:00,orders.csv
O000712,C00072,2024-02-29,Delivered,2024-03-07,2026-08-09T06:46:32.194049+00:00,orders.csv
O000713,C00187,2023-11-24,Delivered,2023-11-27,2026-08-09T06:46:32.194049+00:00,orders.csv
O000714,C00238,2023-11-18,Cancelled,,2026-08-09T06:46:32.194049+00:00,orders.csv
O000715,C00363,2024-09-25,Delivered,2024-09-28,2026-08-09T06:46:32.194049+00:00,orders.csv
O000716,C00369,2023-01-29,Delivered,2023-02-01,2026-08-09T06:46:32.194049+00:00,orders.csv
O000717,C00388,2024-06-04,Shipped,,2026-08-09T06:46:32.194049+00:00,orders.csv
O000718,C00375,2024-02-28,Delivered,2024-03-09,2026-08-09T06:46:32.194049+00:00,orders.csv
O000719,C00176,2023-04-02,Returned,2023-04-09,2026-08-09T06:46:32.194049+00:00,orders.csv
O000720,C00052,2024-02-16,Shipped,,2026-08-09T06:46:32.194049+00:00,orders.csv
O000721,C00100,2023-09-21,CANCELLED,,2026-08-09T06:46:32.194049+00:00,orders.csv
O000722,C00242,2024-07-30,Cancelled,,2026-08-09T06:46:32.194049+00:00,orders.csv
O000723,C00226,2024-11-30,Delivered,2024-12-08,2026-08-09T06:46:32.194049+00:00,orders.csv
O000724,C00295,2023-11-16,Shipped,,2026-08-09T06:46:32.194049+00:00,orders.csv
O000725,C00142,2024-04-10,Delivered,2024-04-18,2026-08-09T06:46:32.194049+00:00,orders.csv
O000726,C00163,2024-05-17,DELIVERED,2024-05-25,2026-08-09T06:46:32.194049+00:00,orders.csv
O000727,C00284,2023-11-25,Delivered,2023-12-04,2026-08-09T06:46:32.194049+00:00,orders.csv
O000728,C00393,2024-03-12,DELIVERED,2024-03-20,2026-08-09T06:46:32.194049+00:00,orders.csv
O000729,C00020,2024-08-07,Shipped,,2026-08-09T06:46:32.194049+00:00,orders.csv
O000730,C00205,2024-01-30,Delivered,2024-02-06,2026-08-09T06:46:32.194049+00:00,orders.csv
O000731,C00368,2023-08-15,Placed,,2026-08-09T06:46:32.194049+00:00,orders.csv
O000732,C00007,2023-04-30,Placed,,2026-08-09T06:46:32.194049+00:00,orders.csv
O000733,C00048,2024-11-15,Cancelled,,2026-08-09T06:46:32.194049+00:00,orders.csv
O000734,C00224,2024-05-14,Delivered,2024-05-21,2026-08-09T06:46:32.194049+00:00,orders.csv
O000735,C00101,2023-09-20,Delivered,2023-09-30,2026-08-09T06:46:32.194049+00:00,orders.csv
O000736,C00239,2024-05-24,Shipped,,2026-08-09T06:46:32.194049+00:00,orders.csv
O000737,C00101,2023-05-27,DELIVERED,2023-05-31,2026-08-09T06:46:32.194049+00:00,orders.csv
O000738,C00377,2023-09-14,Delivered,2023-09-15,2026-08-09T06:46:32.194049+00:00,orders.csv
O000739,C00370,2024-03-25,CANCELLED,,2026-08-09T06:46:32.194049+00:00,orders.csv
O000740,C00330,2023-01-18,Delivered,2023-01-24,2026-08-09T06:46:32.194049+00:00,orders.csv
O000741,C00359,2024-08-03,Cancelled,,2026-08-09T06:46:32.194049+00:00,orders.csv
O000742,C00386,2024-05-02,Delivered,2024-05-12,2026-08-09T06:46:32.194049+00:00,orders.csv
O000743,C00277,2024-04-10,Cancelled,,2026-08-09T06:46:32.194049+00:00,orders.csv
O000744,C00354,2023-05-28,Delivered,2023-06-06,2026-08-09T06:46:32.194049+00:00,orders.csv
O000745,C00252,2024-01-08,Delivered,2024-01-17,2026-08-09T06:46:32.194049+00:00,orders.csv
O000746,C00252,2024-07-15,Delivered,2024-07-22,2026-08-09T06:46:32.194049+00:00,orders.csv
O000747,C00181,2024-09-30,Placed,,2026-08-09T06:46:32.194049+00:00,orders.csv
O000748,C00225,2024-01-31,Delivered,2024-02-10,2026-08-09T06:46:32.194049+00:00,orders.csv
O000749,C00308,2024-09-19,Delivered,2024-09-21,2026-08-09T06:46:32.194049+00:00,orders.csv
O000750,C00263,2023-12-06,Delivered,2023-12-10,2026-08-09T06:46:32.194049+00:00,orders.csv
O000751,C00313,2024-05-01,Delivered,2024-05-03,2026-08-09T06:46:32.194049+00:00,orders.csv
O000752,C00255,2024-02-24,Delivered,2024-02-29,2026-08-09T06:46:32.194049+00:00,orders.csv
O000753,C00035,2024-01-26,DELIVERED,2024-02-05,2026-08-09T06:46:32.194049+00:00,orders.csv
O000754,C00144,2023-03-29,placed,,2026-08-09T06:46:32.194049+00:00,orders.csv
O000755,C00099,2024-03-03,Delivered,2024-03-12,2026-08-09T06:46:32.194049+00:00,orders.csv
O000756,C00262,2024-10-26,Delivered,2024-11-02,2026-08-09T06:46:32.194049+00:00,orders.csv
O000757,C00046,2023-01-11,Placed,,2026-08-09T06:46:32.194049+00:00,orders.csv
O000758,C00131,2023-05-16,Delivered,2023-05-24,2026-08-09T06:46:32.194049+00:00,orders.csv
O000759,C00281,2024-11-13,Cancelled,,2026-08-09T06:46:32.194049+00:00,orders.csv
O000760,C00222,2023-09-06,SHIPPED,,2026-08-09T06:46:32.194049+00:00,orders.csv
O000761,C00121,2023-12-16,Placed,,2026-08-09T06:46:32.194049+00:00,orders.csv
O000762,C00392,2023-04-04,Delivered,2023-04-08,2026-08-09T06:46:32.194049+00:00,orders.csv
O000763,C00115,2024-05-02,Delivered,2024-05-05,2026-08-09T06:46:32.194049+00:00,orders.csv
O000764,C00134,2023-06-30,Delivered,2023-07-10,2026-08-09T06:46:32.194049+00:00,orders.csv
O000765,C00165,2023-08-22,Delivered,2023-08-27,2026-08-09T06:46:32.194049+00:00,orders.csv
O000766,C00123,2023-03-08,Placed,,2026-08-09T06:46:32.194049+00:00,orders.csv
O000767,C00260,2024-04-01,Returned,2024-04-07,2026-08-09T06:46:32.194049+00:00,orders.csv
O000768,C00354,2024-05-15,Delivered,2024-05-19,2026-08-09T06:46:32.194049+00:00,orders.csv
O000769,C00166,2023-11-29,Delivered,2023-12-07,2026-08-09T06:46:32.194049+00:00,orders.csv
O000770,C00133,2023-08-11,Placed,,2026-08-09T06:46:32.194049+00:00,orders.csv
O000771,C00224,2024-05-13,Delivered,2024-05-16,2026-08-09T06:46:32.194049+00:00,orders.csv
O000772,C00217,2024-12-23,delivered,2024-12-27,2026-08-09T06:46:32.194049+00:00,orders.csv
O000773,C00116,2024-12-01,DELIVERED,2024-12-10,2026-08-09T06:46:32.194049+00:00,orders.csv
O000774,C00016,2023-08-03,Delivered,2023-08-09,2026-08-09T06:46:32.194049+00:00,orders.csv
O000775,C00117,2024-12-26,Delivered,2024-12-30,2026-08-09T06:46:32.194049+00:00,orders.csv
O000776,C00369,2023-09-30,Delivered,2023-10-05,2026-08-09T06:46:32.194049+00:00,orders.csv
O000777,C00084,2023-10-07,Delivered,2023-10-16,2026-08-09T06:46:32.194049+00:00,orders.csv
O000778,C00382,2024-06-20,Delivered,2024-06-27,2026-08-09T06:46:32.194049+00:00,orders.csv
O000779,C00022,2023-01-26,Delivered,2023-01-28,2026-08-09T06:46:32.194049+00:00,orders.csv
O000780,C00306,2023-04-21,delivered,2023-04-26,2026-08-09T06:46:32.194049+00:00,orders.csv
O000781,C00376,2023-05-26,Cancelled,,2026-08-09T06:46:32.194049+00:00,orders.csv
O000782,C00232,2023-07-02,Delivered,2023-07-07,2026-08-09T06:46:32.194049+00:00,orders.csv
O000783,C00392,2024-12-31,Delivered,2025-01-03,2026-08-09T06:46:32.194049+00:00,orders.csv
O000784,C00278,2023-12-18,Delivered,2023-12-27,2026-08-09T06:46:32.194049+00:00,orders.csv
O000785,C00147,2023-01-25,Delivered,2023-02-02,2026-08-09T06:46:32.194049+00:00,orders.csv
O000786,C00217,2024-02-01,delivered,2024-02-09,2026-08-09T06:46:32.194049+00:00,orders.csv
O000787,C00376,2024-06-05,DELIVERED,2024-06-15,2026-08-09T06:46:32.194049+00:00,orders.csv
O000788,C00333,2023-05-03,delivered,2023-05-07,2026-08-09T06:46:32.194049+00:00,orders.csv
O000789,C00225,2023-07-24,Delivered,2023-07-28,2026-08-09T06:46:32.194049+00:00,orders.csv
O000790,C00213,2023-07-05,Shipped,,2026-08-09T06:46:32.194049+00:00,orders.csv
O000791,C00222,2023-01-01,Delivered,2023-01-06,2026-08-09T06:46:32.194049+00:00,orders.csv
O000792,C00334,2024-01-17,Delivered,2024-01-22,2026-08-09T06:46:32.194049+00:00,orders.csv
O000793,C00245,2023-05-04,Delivered,2023-05-05,2026-08-09T06:46:32.194049+00:00,orders.csv
O000794,C00055,2024-12-09,Shipped,,2026-08-09T06:46:32.194049+00:00,orders.csv
O000795,C00211,2024-05-05,cancelled,,2026-08-09T06:46:32.194049+00:00,orders.csv
O000796,C00254,2024-07-26,Delivered,2024-07-27,2026-08-09T06:46:32.194049+00:00,orders.csv
O000797,C00098,2024-07-11,Delivered,2024-07-20,2026-08-09T06:46:32.194049+00:00,orders.csv
O000798,C00338,2024-11-19,Delivered,2024-11-26,2026-08-09T06:46:32.194049+00:00,orders.csv
O000799,C00131,2024-06-02,Shipped,,2026-08-09T06:46:32.194049+00:00,orders.csv
O000800,C00232,2023-03-25,Cancelled,,2026-08-09T06:46:32.194049+00:00,orders.csv
O000801,C00351,2024-07-17,Delivered,2024-07-23,2026-08-09T06:46:32.194049+00:00,orders.csv
O000802,C00391,2024-02-22,Shipped,,2026-08-09T06:46:32.194049+00:00,orders.csv
O000803,C00026,2023-05-28,Delivered,2023-06-04,2026-08-09T06:46:32.194049+00:00,orders.csv
O000804,C00069,2023-10-30,Shipped,,2026-08-09T06:46:32.194049+00:00,orders.csv
O000805,C00378,2024-03-08,delivered,2024-03-14,2026-08-09T06:46:32.194049+00:00,orders.csv
O000806,C00109,2023-02-12,Returned,2023-02-18,2026-08-09T06:46:32.194049+00:00,orders.csv
O000807,C00111,2023-02-09,delivered,2023-02-18,2026-08-09T06:46:32.194049+00:00,orders.csv
O000808,C00189,2023-02-05,Delivered,2023-02-13,2026-08-09T06:46:32.194049+00:00,orders.csv
O000809,C00305,2024-08-01,Cancelled,,2026-08-09T06:46:32.194049+00:00,orders.csv
O000810,C00056,2024-05-17,Cancelled,,2026-08-09T06:46:32.194049+00:00,orders.csv
O000811,C00184,2023-07-23,DELIVERED,2023-07-30,2026-08-09T06:46:32.194049+00:00,orders.csv
O000812,C00140,2023-04-29,SHIPPED,,2026-08-09T06:46:32.194049+00:00,orders.csv
O000813,C00011,2023-10-13,Delivered,2023-10-15,2026-08-09T06:46:32.194049+00:00,orders.csv
O000814,C00368,2024-11-11,Delivered,2024-11-17,2026-08-09T06:46:32.194049+00:00,orders.csv
O000815,C00108,2023-01-12,Placed,,2026-08-09T06:46:32.194049+00:00,orders.csv
O000816,C00220,2023-11-07,Delivered,2023-11-15,2026-08-09T06:46:32.194049+00:00,orders.csv
O000817,C00210,2024-10-10,Delivered,2024-10-13,2026-08-09T06:46:32.194049+00:00,orders.csv
O000818,C00016,2024-10-03,Cancelled,,2026-08-09T06:46:32.194049+00:00,orders.csv
O000819,C00165,2024-02-09,Shipped,,2026-08-09T06:46:32.194049+00:00,orders.csv
O000820,C00049,2024-10-12,Shipped,,2026-08-09T06:46:32.194049+00:00,orders.csv
O000821,C00333,2023-10-15,Delivered,2023-10-21,2026-08-09T06:46:32.194049+00:00,orders.csv
O000822,C00235,2024-09-11,Delivered,2024-09-19,2026-08-09T06:46:32.194049+00:00,orders.csv
O000823,C00217,2023-09-03,Shipped,,2026-08-09T06:46:32.194049+00:00,orders.csv
O000824,C00340,2024-11-16,Shipped,,2026-08-09T06:46:32.194049+00:00,orders.csv
O000825,C00210,2023-11-25,Delivered,2023-11-28,2026-08-09T06:46:32.194049+00:00,orders.csv
O000826,C00108,2024-05-10,Returned,2024-05-16,2026-08-09T06:46:32.194049+00:00,orders.csv
O000827,C00342,2024-02-07,Placed,,2026-08-09T06:46:32.194049+00:00,orders.csv
O000828,C00262,2024-03-13,Returned,2024-03-21,2026-08-09T06:46:32.194049+00:00,orders.csv
O000829,C00059,2024-07-02,shipped,,2026-08-09T06:46:32.194049+00:00,orders.csv
O000830,C00046,2023-10-11,Delivered,2023-10-21,2026-08-09T06:46:32.194049+00:00,orders.csv
O000831,C00002,2023-07-28,Delivered,2023-07-30,2026-08-09T06:46:32.194049+00:00,orders.csv
O000832,C00353,2023-08-14,Shipped,,2026-08-09T06:46:32.194049+00:00,orders.csv
O000833,C00112,2024-12-30,Delivered,2025-01-06,2026-08-09T06:46:32.194049+00:00,orders.csv
O000834,C00041,2024-02-02,Delivered,2024-02-04,2026-08-09T06:46:32.194049+00:00,orders.csv
O000835,C00189,2023-01-25,Shipped,,2026-08-09T06:46:32.194049+00:00,orders.csv
O000836,C00351,2023-12-23,Delivered,2023-12-28,2026-08-09T06:46:32.194049+00:00,orders.csv
O000837,C00302,2023-02-07,Delivered,2023-02-09,2026-08-09T06:46:32.194049+00:00,orders.csv
O000838,C00351,2024-04-08,Delivered,2024-04-13,2026-08-09T06:46:32.194049+00:00,orders.csv
O000839,C00159,2024-09-27,Delivered,2024-09-30,2026-08-09T06:46:32.194049+00:00,orders.csv
O000840,C00086,2024-06-30,Delivered,2024-07-06,2026-08-09T06:46:32.194049+00:00,orders.csv
O000841,C00249,2023-10-06,Cancelled,,2026-08-09T06:46:32.194049+00:00,orders.csv
O000842,C00189,2023-06-09,Shipped,,2026-08-09T06:46:32.194049+00:00,orders.csv
O000843,C00276,2023-02-13,returned,2023-02-21,2026-08-09T06:46:32.194049+00:00,orders.csv
O000844,C00149,2024-02-19,Delivered,2024-02-28,2026-08-09T06:46:32.194049+00:00,orders.csv
O000845,C00073,2024-09-10,Delivered,2024-09-11,2026-08-09T06:46:32.194049+00:00,orders.csv
O000846,C00099,2023-05-24,Delivered,2023-05-23,2026-08-09T06:46:32.194049+00:00,orders.csv
O000847,C00148,2023-04-14,Delivered,2023-04-21,2026-08-09T06:46:32.194049+00:00,orders.csv
O000848,C00132,2023-06-19,returned,2023-06-20,2026-08-09T06:46:32.194049+00:00,orders.csv
O000849,C00009,2024-04-16,Delivered,2024-04-17,2026-08-09T06:46:32.194049+00:00,orders.csv
O000850,C00054,2024-06-10,Delivered,2024-06-20,2026-08-09T06:46:32.194049+00:00,orders.csv
O000851,C00070,2023-10-01,Shipped,,2026-08-09T06:46:32.194049+00:00,orders.csv
O000852,C00257,2023-02-12,Delivered,2023-02-16,2026-08-09T06:46:32.194049+00:00,orders.csv
O000853,C00201,2023-01-01,shipped,,2026-08-09T06:46:32.194049+00:00,orders.csv
O000854,C00299,2024-11-19,Shipped,,2026-08-09T06:46:32.194049+00:00,orders.csv
O000855,C00317,2023-12-05,Delivered,2023-12-15,2026-08-09T06:46:32.194049+00:00,orders.csv
O000856,C00037,2023-11-04,Returned,2023-11-05,2026-08-09T06:46:32.194049+00:00,orders.csv
O000857,C00138,2024-04-20,Returned,2024-04-29,2026-08-09T06:46:32.194049+00:00,orders.csv
O000858,C00054,2023-06-07,delivered,2023-06-09,2026-08-09T06:46:32.194049+00:00,orders.csv
O000859,C00293,2023-12-01,DELIVERED,2023-12-03,2026-08-09T06:46:32.194049+00:00,orders.csv
O000860,C00159,2024-12-15,shipped,,2026-08-09T06:46:32.194049+00:00,orders.csv
O000861,C00140,2024-01-01,placed,,2026-08-09T06:46:32.194049+00:00,orders.csv
O000862,C00108,2024-05-17,Delivered,2024-05-26,2026-08-09T06:46:32.194049+00:00,orders.csv
O000863,C00276,2023-08-18,Placed,,2026-08-09T06:46:32.194049+00:00,orders.csv
O000864,C00190,2024-12-23,Delivered,2024-12-28,2026-08-09T06:46:32.194049+00:00,orders.csv
O000865,C00020,2023-05-01,Shipped,,2026-08-09T06:46:32.194049+00:00,orders.csv
O000866,C00392,2024-05-08,Delivered,2024-05-17,2026-08-09T06:46:32.194049+00:00,orders.csv
O000867,C00128,2023-02-02,Delivered,2023-02-10,2026-08-09T06:46:32.194049+00:00,orders.csv
O000868,C00133,2023-01-08,Returned,2023-01-16,2026-08-09T06:46:32.194049+00:00,orders.csv
O000869,C00370,2023-07-04,placed,,2026-08-09T06:46:32.194049+00:00,orders.csv
O000870,C00338,2023-12-07,Cancelled,,2026-08-09T06:46:32.194049+00:00,orders.csv
O000871,C00055,2023-02-10,Returned,2023-02-15,2026-08-09T06:46:32.194049+00:00,orders.csv
O000872,C00243,2024-08-28,Delivered,2024-08-29,2026-08-09T06:46:32.194049+00:00,orders.csv
O000873,C00343,2024-03-16,Returned,2024-03-21,2026-08-09T06:46:32.194049+00:00,orders.csv
O000874,C00073,2023-08-29,Delivered,2023-09-07,2026-08-09T06:46:32.194049+00:00,orders.csv
O000875,C00058,2023-09-09,placed,,2026-08-09T06:46:32.194049+00:00,orders.csv
O000876,C00018,2024-01-06,Delivered,2024-01-15,2026-08-09T06:46:32.194049+00:00,orders.csv
O000877,C00343,2023-09-03,Delivered,2023-09-08,2026-08-09T06:46:32.194049+00:00,orders.csv
O000878,C00399,2024-07-01,Delivered,2024-07-11,2026-08-09T06:46:32.194049+00:00,orders.csv
O000879,C00359,2023-07-13,Returned,2023-07-23,2026-08-09T06:46:32.194049+00:00,orders.csv
O000880,C00123,2024-06-18,Shipped,,2026-08-09T06:46:32.194049+00:00,orders.csv
O000881,C00319,2023-08-06,Shipped,,2026-08-09T06:46:32.194049+00:00,orders.csv
O000882,C00241,2024-05-21,Delivered,2024-05-27,2026-08-09T06:46:32.194049+00:00,orders.csv
O000883,C00352,2023-12-30,Returned,2024-01-05,2026-08-09T06:46:32.194049+00:00,orders.csv
O000884,C00226,2024-08-31,DELIVERED,2024-09-08,2026-08-09T06:46:32.194049+00:00,orders.csv
O000885,C00120,2023-02-09,Placed,,2026-08-09T06:46:32.194049+00:00,orders.csv
O000886,C00223,2023-03-18,Delivered,2023-03-23,2026-08-09T06:46:32.194049+00:00,orders.csv
O000887,C00159,2023-05-21,Delivered,2023-05-27,2026-08-09T06:46:32.194049+00:00,orders.csv
O000888,C00339,2023-11-15,Delivered,2023-11-17,2026-08-09T06:46:32.194049+00:00,orders.csv
O000889,C00320,2023-04-06,Delivered,2023-04-09,2026-08-09T06:46:32.194049+00:00,orders.csv
O000890,C00273,2024-02-20,SHIPPED,,2026-08-09T06:46:32.194049+00:00,orders.csv
O000891,C00388,2024-12-18,DELIVERED,2024-12-21,2026-08-09T06:46:32.194049+00:00,orders.csv
O000892,C00129,2023-07-12,DELIVERED,2023-07-22,2026-08-09T06:46:32.194049+00:00,orders.csv
O000893,C00223,2024-08-15,Delivered,2024-08-17,2026-08-09T06:46:32.194049+00:00,orders.csv
O000894,C00288,2023-07-08,Delivered,2023-07-12,2026-08-09T06:46:32.194049+00:00,orders.csv
O000895,C00055,2023-03-15,Shipped,,2026-08-09T06:46:32.194049+00:00,orders.csv
O000896,C00392,2023-04-24,Delivered,2023-05-02,2026-08-09T06:46:32.194049+00:00,orders.csv
O000897,C00223,2024-01-23,Delivered,2024-01-27,2026-08-09T06:46:32.194049+00:00,orders.csv
O000898,C00127,2024-03-23,Delivered,2024-03-26,2026-08-09T06:46:32.194049+00:00,orders.csv
O000899,C00245,2024-02-28,cancelled,,2026-08-09T06:46:32.194049+00:00,orders.csv
O000900,C00006,2023-12-23,Delivered,2023-12-28,2026-08-09T06:46:32.194049+00:00,orders.csv
O000901,C00084,2023-04-23,Delivered,2023-04-25,2026-08-09T06:46:32.194049+00:00,orders.csv
O000902,C00246,2024-11-15,Cancelled,,2026-08-09T06:46:32.194049+00:00,orders.csv
O000903,C00082,2024-07-21,DELIVERED,2024-07-24,2026-08-09T06:46:32.194049+00:00,orders.csv
O000904,C00316,2024-08-01,Delivered,2024-08-11,2026-08-09T06:46:32.194049+00:00,orders.csv
O000905,C00357,2023-08-22,RETURNED,2023-08-24,2026-08-09T06:46:32.194049+00:00,orders.csv
O000906,C00101,2023-03-16,Delivered,2023-03-24,2026-08-09T06:46:32.194049+00:00,orders.csv
O000907,C00020,2024-02-23,Returned,2024-03-02,2026-08-09T06:46:32.194049+00:00,orders.csv
O000908,C00159,2023-09-14,Delivered,2023-09-18,2026-08-09T06:46:32.194049+00:00,orders.csv
O000909,C00176,2023-04-13,Delivered,2023-04-23,2026-08-09T06:46:32.194049+00:00,orders.csv
O000910,C00127,2023-07-17,Cancelled,,2026-08-09T06:46:32.194049+00:00,orders.csv
O000911,C00201,2023-07-22,delivered,2023-07-26,2026-08-09T06:46:32.194049+00:00,orders.csv
O000912,C00286,2023-11-03,SHIPPED,,2026-08-09T06:46:32.194049+00:00,orders.csv
O000913,C00254,2023-08-23,Delivered,2023-09-01,2026-08-09T06:46:32.194049+00:00,orders.csv
O000914,C00283,2024-03-31,Delivered,2024-04-01,2026-08-09T06:46:32.194049+00:00,orders.csv
O000915,C00117,2024-12-18,returned,2024-12-25,2026-08-09T06:46:32.194049+00:00,orders.csv
O000916,C00332,2023-02-21,Cancelled,,2026-08-09T06:46:32.194049+00:00,orders.csv
O000917,C00144,2024-06-21,Placed,,2026-08-09T06:46:32.194049+00:00,orders.csv
O000918,C00257,2024-12-16,placed,,2026-08-09T06:46:32.194049+00:00,orders.csv
O000919,C00394,2023-11-26,Shipped,,2026-08-09T06:46:32.194049+00:00,orders.csv
O000920,C00299,2024-10-14,Placed,,2026-08-09T06:46:32.194049+00:00,orders.csv
O000921,C00306,2024-01-24,Delivered,2024-01-29,2026-08-09T06:46:32.194049+00:00,orders.csv
O000922,C00095,2023-03-20,Shipped,,2026-08-09T06:46:32.194049+00:00,orders.csv
O000923,C00132,2024-03-21,Placed,,2026-08-09T06:46:32.194049+00:00,orders.csv
O000924,C00261,2023-12-20,Delivered,2023-12-29,2026-08-09T06:46:32.194049+00:00,orders.csv
O000925,C00150,2024-06-07,Returned,2024-06-08,2026-08-09T06:46:32.194049+00:00,orders.csv
O000926,C00393,2024-04-26,Delivered,2024-05-06,2026-08-09T06:46:32.194049+00:00,orders.csv
O000927,C00108,2023-09-16,Shipped,,2026-08-09T06:46:32.194049+00:00,orders.csv
O000928,C00021,2023-07-01,Returned,2023-07-05,2026-08-09T06:46:32.194049+00:00,orders.csv
O000929,C00022,2023-06-24,Delivered,2023-06-29,2026-08-09T06:46:32.194049+00:00,orders.csv
O000930,C00344,2024-06-25,Shipped,,2026-08-09T06:46:32.194049+00:00,orders.csv
O000931,C00077,2024-01-18,cancelled,,2026-08-09T06:46:32.194049+00:00,orders.csv
O000932,C00381,2023-01-24,Delivered,2023-01-29,2026-08-09T06:46:32.194049+00:00,orders.csv
O000933,C00376,2023-09-05,Delivered,2023-09-10,2026-08-09T06:46:32.194049+00:00,orders.csv
O000934,C00193,2024-10-16,Returned,2024-10-20,2026-08-09T06:46:32.194049+00:00,orders.csv
O000935,C00243,2024-12-26,Delivered,2024-12-29,2026-08-09T06:46:32.194049+00:00,orders.csv
O000936,C00272,2023-05-07,Placed,,2026-08-09T06:46:32.194049+00:00,orders.csv
O000937,C00217,2023-08-20,Cancelled,,2026-08-09T06:46:32.194049+00:00,orders.csv
O000938,C00204,2023-12-02,Placed,,2026-08-09T06:46:32.194049+00:00,orders.csv
O000939,C00289,2024-02-29,Delivered,2024-03-09,2026-08-09T06:46:32.194049+00:00,orders.csv
O000940,C00236,2024-09-02,Returned,2024-09-03,2026-08-09T06:46:32.194049+00:00,orders.csv
O000941,C00184,2023-11-15,placed,,2026-08-09T06:46:32.194049+00:00,orders.csv
O000942,C00280,2024-06-26,DELIVERED,2024-07-03,2026-08-09T06:46:32.194049+00:00,orders.csv
O000943,C00127,2023-12-10,DELIVERED,2023-12-15,2026-08-09T06:46:32.194049+00:00,orders.csv
O000944,C00226,2023-04-30,Delivered,2023-05-01,2026-08-09T06:46:32.194049+00:00,orders.csv
O000945,C00280,2024-09-14,Cancelled,,2026-08-09T06:46:32.194049+00:00,orders.csv
O000946,C00221,2023-02-23,DELIVERED,2023-03-03,2026-08-09T06:46:32.194049+00:00,orders.csv
O000947,C00205,2024-07-21,Delivered,2024-07-25,2026-08-09T06:46:32.194049+00:00,orders.csv
O000948,C00191,2023-08-06,Delivered,2023-08-08,2026-08-09T06:46:32.194049+00:00,orders.csv
O000949,C00194,2023-10-24,Delivered,2023-11-01,2026-08-09T06:46:32.194049+00:00,orders.csv
O000950,C00320,2024-10-01,Cancelled,,2026-08-09T06:46:32.194049+00:00,orders.csv
O000951,C00238,2024-01-10,Delivered,2024-01-14,2026-08-09T06:46:32.194049+00:00,orders.csv
O000952,C00230,2024-08-06,Delivered,2024-08-09,2026-08-09T06:46:32.194049+00:00,orders.csv
O000953,C00348,2024-03-16,Delivered,2024-03-17,2026-08-09T06:46:32.194049+00:00,orders.csv
O000954,C00148,2023-05-01,Delivered,2023-05-02,2026-08-09T06:46:32.194049+00:00,orders.csv
O000955,C00257,2023-11-30,Cancelled,,2026-08-09T06:46:32.194049+00:00,orders.csv
O000956,C00373,2024-02-22,Returned,2024-03-03,2026-08-09T06:46:32.194049+00:00,orders.csv
O000957,C00298,2023-04-06,Delivered,2023-04-13,2026-08-09T06:46:32.194049+00:00,orders.csv
O000958,C00193,2023-05-30,Cancelled,,2026-08-09T06:46:32.194049+00:00,orders.csv
O000959,C00047,2023-11-15,Delivered,2023-11-16,2026-08-09T06:46:32.194049+00:00,orders.csv
O000960,C00108,2024-02-03,returned,2024-02-12,2026-08-09T06:46:32.194049+00:00,orders.csv
O000961,C00289,2023-01-27,Returned,2023-01-28,2026-08-09T06:46:32.194049+00:00,orders.csv
O000962,C00287,2024-06-18,Cancelled,,2026-08-09T06:46:32.194049+00:00,orders.csv
O000963,C00018,2023-03-01,Cancelled,,2026-08-09T06:46:32.194049+00:00,orders.csv
O000964,C00091,2023-06-14,Delivered,2023-06-19,2026-08-09T06:46:32.194049+00:00,orders.csv
O000965,C00249,2023-07-27,Cancelled,,2026-08-09T06:46:32.194049+00:00,orders.csv
O000966,C00257,2024-03-08,Cancelled,,2026-08-09T06:46:32.194049+00:00,orders.csv
O000967,C00247,2024-11-14,Delivered,2024-11-15,2026-08-09T06:46:32.194049+00:00,orders.csv
O000968,C00154,2023-04-07,Delivered,2023-04-11,2026-08-09T06:46:32.194049+00:00,orders.csv
O000969,C00249,2023-07-11,PLACED,,2026-08-09T06:46:32.194049+00:00,orders.csv
O000970,C00023,2024-12-04,Delivered,2024-12-08,2026-08-09T06:46:32.194049+00:00,orders.csv
O000971,C00144,2023-08-23,Delivered,2023-08-24,2026-08-09T06:46:32.194049+00:00,orders.csv
O000972,C00338,2023-01-16,Delivered,2023-01-19,2026-08-09T06:46:32.194049+00:00,orders.csv
O000973,C00333,2024-11-26,Placed,,2026-08-09T06:46:32.194049+00:00,orders.csv
O000974,C00242,2024-02-12,Delivered,2024-02-21,2026-08-09T06:46:32.194049+00:00,orders.csv
O000975,C00136,2023-12-05,Returned,2023-12-09,2026-08-09T06:46:32.194049+00:00,orders.csv
O000976,C00283,2024-06-08,Delivered,2024-06-13,2026-08-09T06:46:32.194049+00:00,orders.csv
O000977,C00229,2024-11-03,Placed,,2026-08-09T06:46:32.194049+00:00,orders.csv
O000978,C00042,2023-06-03,Delivered,2023-06-11,2026-08-09T06:46:32.194049+00:00,orders.csv
O000979,C00149,2023-02-09,Delivered,2023-02-10,2026-08-09T06:46:32.194049+00:00,orders.csv
O000980,C00372,2024-01-05,Delivered,2024-01-13,2026-08-09T06:46:32.194049+00:00,orders.csv
O000981,C00042,2023-06-30,Cancelled,,2026-08-09T06:46:32.194049+00:00,orders.csv
O000982,C00146,2024-09-18,Shipped,,2026-08-09T06:46:32.194049+00:00,orders.csv
O000983,C00207,2023-07-19,Returned,2023-07-21,2026-08-09T06:46:32.194049+00:00,orders.csv
O000984,C00005,2023-07-02,Delivered,2023-07-05,2026-08-09T06:46:32.194049+00:00,orders.csv
O000985,C00312,2023-04-15,Cancelled,,2026-08-09T06:46:32.194049+00:00,orders.csv
O000986,C00227,2024-10-23,Delivered,2024-11-01,2026-08-09T06:46:32.194049+00:00,orders.csv
O000987,C00295,2024-11-22,CANCELLED,,2026-08-09T06:46:32.194049+00:00,orders.csv
O000988,C00201,2024-02-08,Placed,,2026-08-09T06:46:32.194049+00:00,orders.csv
O000989,C00213,2023-06-27,Delivered,2023-07-04,2026-08-09T06:46:32.194049+00:00,orders.csv
O000990,C00107,2023-02-16,Returned,2023-02-19,2026-08-09T06:46:32.194049+00:00,orders.csv
O000991,C00125,2023-07-01,Delivered,2023-07-03,2026-08-09T06:46:32.194049+00:00,orders.csv
O000992,C00264,2023-12-23,shipped,,2026-08-09T06:46:32.194049+00:00,orders.csv
O000993,C00161,2023-12-12,Delivered,2023-12-17,2026-08-09T06:46:32.194049+00:00,orders.csv
O000994,C00209,2023-05-12,Returned,2023-05-14,2026-08-09T06:46:32.194049+00:00,orders.csv
O000995,C00367,2023-03-16,Shipped,,2026-08-09T06:46:32.194049+00:00,orders.csv
O000996,C00015,2023-08-02,Delivered,2023-08-11,2026-08-09T06:46:32.194049+00:00,orders.csv
O000997,C00174,2024-05-17,Delivered,2024-05-21,2026-08-09T06:46:32.194049+00:00,orders.csv
O000998,C00326,2023-08-03,Delivered,2023-08-06,2026-08-09T06:46:32.194049+00:00,orders.csv
O000999,C00013,2023-05-10,Delivered,2023-05-11,2026-08-09T06:46:32.194049+00:00,orders.csv
O001000,C00199,2024-06-16,Delivered,2024-06-20,2026-08-09T06:46:32.194049+00:00,orders.csv
O001001,C00165,2023-09-24,Delivered,2023-09-27,2026-08-09T06:46:32.194049+00:00,orders.csv
O001002,C00160,2024-11-16,Delivered,2024-11-20,2026-08-09T06:46:32.194049+00:00,orders.csv
O001003,C00392,2023-08-11,Delivered,2023-08-12,2026-08-09T06:46:32.194049+00:00,orders.csv
O001004,C00249,2023-04-14,Delivered,2023-04-24,2026-08-09T06:46:32.194049+00:00,orders.csv
O001005,C00229,2023-07-28,Delivered,2023-08-04,2026-08-09T06:46:32.194049+00:00,orders.csv
O001006,C00288,2024-05-25,delivered,2024-06-04,2026-08-09T06:46:32.194049+00:00,orders.csv
O001007,C00211,2023-04-26,Delivered,2023-05-02,2026-08-09T06:46:32.194049+00:00,orders.csv
O001008,C00259,2024-02-11,DELIVERED,2024-02-16,2026-08-09T06:46:32.194049+00:00,orders.csv
O001009,C00370,2024-12-22,Delivered,2024-12-26,2026-08-09T06:46:32.194049+00:00,orders.csv
O001010,C00279,2023-11-25,Delivered,2023-11-28,2026-08-09T06:46:32.194049+00:00,orders.csv
O001011,C00066,2024-08-23,DELIVERED,2024-08-31,2026-08-09T06:46:32.194049+00:00,orders.csv
O001012,C00189,2023-03-26,Delivered,2023-04-05,2026-08-09T06:46:32.194049+00:00,orders.csv
O001013,C00378,2024-12-04,Delivered,2024-12-07,2026-08-09T06:46:32.194049+00:00,orders.csv
O001014,C00216,2023-05-13,Placed,,2026-08-09T06:46:32.194049+00:00,orders.csv
O001015,C00203,2024-06-25,RETURNED,2024-06-26,2026-08-09T06:46:32.194049+00:00,orders.csv
O001016,C00274,2024-10-28,delivered,2024-10-31,2026-08-09T06:46:32.194049+00:00,orders.csv
O001017,C00014,2023-05-18,Delivered,2023-05-19,2026-08-09T06:46:32.194049+00:00,orders.csv
O001018,C00194,2024-11-01,Cancelled,,2026-08-09T06:46:32.194049+00:00,orders.csv
O001019,C00378,2023-05-26,Shipped,,2026-08-09T06:46:32.194049+00:00,orders.csv
O001020,C00247,2023-06-09,Shipped,,2026-08-09T06:46:32.194049+00:00,orders.csv
O001021,C00123,2024-05-05,Delivered,2024-05-08,2026-08-09T06:46:32.194049+00:00,orders.csv
O001022,C00099,2023-01-23,shipped,,2026-08-09T06:46:32.194049+00:00,orders.csv
O001023,C00158,2024-12-01,Delivered,2024-12-06,2026-08-09T06:46:32.194049+00:00,orders.csv
O001024,C00118,2024-05-23,Cancelled,,2026-08-09T06:46:32.194049+00:00,orders.csv
O001025,C00340,2023-06-26,Delivered,2023-06-29,2026-08-09T06:46:32.194049+00:00,orders.csv
O001026,C00265,2023-01-28,delivered,2023-02-02,2026-08-09T06:46:32.194049+00:00,orders.csv
O001027,C00395,2024-07-11,Delivered,2024-07-17,2026-08-09T06:46:32.194049+00:00,orders.csv
O001028,C00302,2024-06-04,DELIVERED,2024-06-12,2026-08-09T06:46:32.194049+00:00,orders.csv
O001029,C00076,2023-06-29,delivered,2023-07-02,2026-08-09T06:46:32.194049+00:00,orders.csv
O001030,C00173,2023-07-23,delivered,2023-07-28,2026-08-09T06:46:32.194049+00:00,orders.csv
O001031,C00141,2023-09-30,delivered,2023-10-10,2026-08-09T06:46:32.194049+00:00,orders.csv
O001032,C00093,2024-05-12,Shipped,,2026-08-09T06:46:32.194049+00:00,orders.csv
O001033,C00040,2024-07-19,Cancelled,,2026-08-09T06:46:32.194049+00:00,orders.csv
O001034,C00283,2024-09-15,Placed,,2026-08-09T06:46:32.194049+00:00,orders.csv
O001035,C00295,2024-02-29,Delivered,2024-03-02,2026-08-09T06:46:32.194049+00:00,orders.csv
O001036,C00032,2023-07-07,Delivered,2023-07-17,2026-08-09T06:46:32.194049+00:00,orders.csv
O001037,C00078,2024-12-29,Shipped,,2026-08-09T06:46:32.194049+00:00,orders.csv
O001038,C00229,2023-06-25,PLACED,,2026-08-09T06:46:32.194049+00:00,orders.csv
O001039,C00275,2023-03-27,Delivered,2023-04-06,2026-08-09T06:46:32.194049+00:00,orders.csv
O001040,C00203,2024-06-04,Cancelled,,2026-08-09T06:46:32.194049+00:00,orders.csv
O001041,C00090,2024-06-03,DELIVERED,2024-06-04,2026-08-09T06:46:32.194049+00:00,orders.csv
O001042,C00111,2024-07-30,Delivered,2024-08-01,2026-08-09T06:46:32.194049+00:00,orders.csv
O001043,C00102,2024-05-03,placed,,2026-08-09T06:46:32.194049+00:00,orders.csv
O001044,C00334,2023-04-26,Delivered,2023-05-05,2026-08-09T06:46:32.194049+00:00,orders.csv
O001045,C00125,2023-04-20,Delivered,2023-04-27,2026-08-09T06:46:32.194049+00:00,orders.csv
O001046,C00387,2024-10-17,Cancelled,,2026-08-09T06:46:32.194049+00:00,orders.csv
O001047,C00116,2023-06-05,delivered,2023-06-07,2026-08-09T06:46:32.194049+00:00,orders.csv
O001048,C00275,2023-05-09,Delivered,2023-05-13,2026-08-09T06:46:32.194049+00:00,orders.csv
O001049,C00307,2024-06-23,DELIVERED,2024-07-03,2026-08-09T06:46:32.194049+00:00,orders.csv
O001050,C00030,2024-08-23,Delivered,2024-09-02,2026-08-09T06:46:32.194049+00:00,orders.csv
O001051,C00145,2024-02-22,Delivered,2024-02-23,2026-08-09T06:46:32.194049+00:00,orders.csv
O001052,C00214,2023-11-06,SHIPPED,,2026-08-09T06:46:32.194049+00:00,orders.csv
O001053,C00317,2024-05-10,delivered,2024-05-20,2026-08-09T06:46:32.194049+00:00,orders.csv
O001054,C00381,2023-01-03,Delivered,2023-01-05,2026-08-09T06:46:32.194049+00:00,orders.csv
O001055,C00041,2024-11-10,Delivered,2024-11-20,2026-08-09T06:46:32.194049+00:00,orders.csv
O001056,C00128,2023-04-24,Delivered,2023-04-27,2026-08-09T06:46:32.194049+00:00,orders.csv
O001057,C00329,2023-08-21,Delivered,2023-08-28,2026-08-09T06:46:32.194049+00:00,orders.csv
O001058,C00111,2024-05-12,Placed,,2026-08-09T06:46:32.194049+00:00,orders.csv
O001059,C00164,2024-11-29,Delivered,2024-12-08,2026-08-09T06:46:32.194049+00:00,orders.csv
O001060,C00398,2023-12-15,Cancelled,,2026-08-09T06:46:32.194049+00:00,orders.csv
O001061,C00312,2023-09-22,Cancelled,,2026-08-09T06:46:32.194049+00:00,orders.csv
O001062,C00105,2023-12-09,Delivered,2023-12-06,2026-08-09T06:46:32.194049+00:00,orders.csv
O001063,C00001,2023-11-15,Shipped,,2026-08-09T06:46:32.194049+00:00,orders.csv
O001064,C00051,2023-10-15,Placed,,2026-08-09T06:46:32.194049+00:00,orders.csv
O001065,C00001,2024-08-25,Returned,2024-09-02,2026-08-09T06:46:32.194049+00:00,orders.csv
O001066,C00296,2024-03-30,Returned,2024-04-02,2026-08-09T06:46:32.194049+00:00,orders.csv
O001067,C00383,2024-05-05,Shipped,,2026-08-09T06:46:32.194049+00:00,orders.csv
O001068,C00065,2024-11-18,Delivered,2024-11-24,2026-08-09T06:46:32.194049+00:00,orders.csv
O001069,C00088,2023-12-13,Cancelled,,2026-08-09T06:46:32.194049+00:00,orders.csv
O001070,C00277,2024-12-31,Delivered,2025-01-08,2026-08-09T06:46:32.194049+00:00,orders.csv
O001071,C00280,2023-07-31,Delivered,2023-08-03,2026-08-09T06:46:32.194049+00:00,orders.csv
O001072,C00335,2023-06-23,Cancelled,,2026-08-09T06:46:32.194049+00:00,orders.csv
O001073,C00078,2024-09-13,Returned,2024-09-18,2026-08-09T06:46:32.194049+00:00,orders.csv
O001074,C00275,2024-05-30,Delivered,2024-06-05,2026-08-09T06:46:32.194049+00:00,orders.csv
O001075,C00078,2024-03-11,Returned,2024-03-16,2026-08-09T06:46:32.194049+00:00,orders.csv
O001076,C00169,2023-08-11,Delivered,2023-08-12,2026-08-09T06:46:32.194049+00:00,orders.csv
O001077,C00062,2024-01-31,Delivered,2024-02-10,2026-08-09T06:46:32.194049+00:00,orders.csv
O001078,C00387,2023-05-17,Shipped,,2026-08-09T06:46:32.194049+00:00,orders.csv
O001079,C00293,2024-07-07,DELIVERED,2024-07-11,2026-08-09T06:46:32.194049+00:00,orders.csv
O001080,C00258,2023-06-04,Returned,2023-06-12,2026-08-09T06:46:32.194049+00:00,orders.csv
O001081,C00128,2024-12-29,Delivered,2025-01-01,2026-08-09T06:46:32.194049+00:00,orders.csv
O001082,C00343,2023-01-17,Delivered,2023-01-24,2026-08-09T06:46:32.194049+00:00,orders.csv
O001083,C00105,2024-09-03,Cancelled,,2026-08-09T06:46:32.194049+00:00,orders.csv
O001084,C00285,2023-11-23,Shipped,,2026-08-09T06:46:32.194049+00:00,orders.csv
O001085,C00077,2024-07-17,Shipped,,2026-08-09T06:46:32.194049+00:00,orders.csv
O001086,C00343,2024-01-14,Returned,2024-01-24,2026-08-09T06:46:32.194049+00:00,orders.csv
O001087,C00191,2024-03-22,Returned,2024-03-29,2026-08-09T06:46:32.194049+00:00,orders.csv
O001088,C00354,2023-03-30,Delivered,2023-04-03,2026-08-09T06:46:32.194049+00:00,orders.csv
O001089,C00303,2024-02-13,Cancelled,,2026-08-09T06:46:32.194049+00:00,orders.csv
O001090,C00196,2024-03-05,Shipped,,2026-08-09T06:46:32.194049+00:00,orders.csv
O001091,C00239,2024-06-16,Delivered,2024-06-24,2026-08-09T06:46:32.194049+00:00,orders.csv
O001092,C00099,2024-03-15,Delivered,2024-03-25,2026-08-09T06:46:32.194049+00:00,orders.csv
O001093,C00368,2024-01-25,DELIVERED,2024-02-04,2026-08-09T06:46:32.194049+00:00,orders.csv
O001094,C00378,2024-04-16,Delivered,2024-04-19,2026-08-09T06:46:32.194049+00:00,orders.csv
O001095,C00350,2024-03-22,shipped,,2026-08-09T06:46:32.194049+00:00,orders.csv
O001096,C00071,2023-04-18,Delivered,2023-04-26,2026-08-09T06:46:32.194049+00:00,orders.csv
O001097,C00253,2023-01-03,Shipped,,2026-08-09T06:46:32.194049+00:00,orders.csv
O001098,C00143,2023-12-17,DELIVERED,2023-12-21,2026-08-09T06:46:32.194049+00:00,orders.csv
O001099,C00024,2024-05-12,Delivered,2024-05-21,2026-08-09T06:46:32.194049+00:00,orders.csv
O001100,C00047,2024-01-18,delivered,2024-01-27,2026-08-09T06:46:32.194049+00:00,orders.csv
O001101,C00202,2024-09-17,Cancelled,,2026-08-09T06:46:32.194049+00:00,orders.csv
O001102,C00012,2023-03-24,Delivered,2023-04-01,2026-08-09T06:46:32.194049+00:00,orders.csv
O001103,C00057,2023-01-16,Returned,2023-01-18,2026-08-09T06:46:32.194049+00:00,orders.csv
O001104,C00109,2024-07-22,Shipped,,2026-08-09T06:46:32.194049+00:00,orders.csv
O001105,C00370,2024-06-11,Returned,2024-06-16,2026-08-09T06:46:32.194049+00:00,orders.csv
O001106,C00173,2023-02-16,Delivered,2023-02-26,2026-08-09T06:46:32.194049+00:00,orders.csv
O001107,C00100,2023-09-05,CANCELLED,,2026-08-09T06:46:32.194049+00:00,orders.csv
O001108,C00042,2024-05-30,Delivered,2024-06-05,2026-08-09T06:46:32.194049+00:00,orders.csv
O001109,C00339,2024-12-22,Delivered,2024-12-28,2026-08-09T06:46:32.194049+00:00,orders.csv
O001110,C00264,2023-11-29,Placed,,2026-08-09T06:46:32.194049+00:00,orders.csv
O001111,C00166,2024-06-03,Placed,,2026-08-09T06:46:32.194049+00:00,orders.csv
O001112,C00143,2024-03-31,Placed,,2026-08-09T06:46:32.194049+00:00,orders.csv
O001113,C00243,2023-10-02,Delivered,2023-10-04,2026-08-09T06:46:32.194049+00:00,orders.csv
O001114,C00068,2023-01-11,Cancelled,,2026-08-09T06:46:32.194049+00:00,orders.csv
O001115,C00244,2023-07-07,Returned,2023-07-17,2026-08-09T06:46:32.194049+00:00,orders.csv
O001116,C00044,2024-04-19,Delivered,2024-04-29,2026-08-09T06:46:32.194049+00:00,orders.csv
O001117,C00194,2023-02-19,Returned,2023-03-01,2026-08-09T06:46:32.194049+00:00,orders.csv
O001118,C00114,2023-08-08,Placed,,2026-08-09T06:46:32.194049+00:00,orders.csv
O001119,C00041,2023-06-28,Delivered,2023-07-02,2026-08-09T06:46:32.194049+00:00,orders.csv
O001120,C00288,2023-01-14,Placed,,2026-08-09T06:46:32.194049+00:00,orders.csv
O001121,C00072,2024-05-03,Placed,,2026-08-09T06:46:32.194049+00:00,orders.csv
O001122,C00085,2024-11-09,Delivered,2024-11-19,2026-08-09T06:46:32.194049+00:00,orders.csv
O001123,C00220,2023-08-12,Delivered,2023-08-14,2026-08-09T06:46:32.194049+00:00,orders.csv
O001124,C00203,2024-08-09,Shipped,,2026-08-09T06:46:32.194049+00:00,orders.csv
O001125,C00191,2023-12-31,Placed,,2026-08-09T06:46:32.194049+00:00,orders.csv
O001126,C00080,2023-10-16,Returned,2023-10-24,2026-08-09T06:46:32.194049+00:00,orders.csv
O001127,C00332,2024-03-05,Delivered,2024-03-08,2026-08-09T06:46:32.194049+00:00,orders.csv
O001128,C00356,2023-04-28,Cancelled,,2026-08-09T06:46:32.194049+00:00,orders.csv
O001129,C00321,2023-04-12,Delivered,2023-04-15,2026-08-09T06:46:32.194049+00:00,orders.csv
O001130,C00374,2023-01-05,Delivered,2023-01-07,2026-08-09T06:46:32.194049+00:00,orders.csv
O001131,C00306,2024-08-05,Delivered,2024-08-07,2026-08-09T06:46:32.194049+00:00,orders.csv
O001132,C00047,2023-12-14,Delivered,2023-12-24,2026-08-09T06:46:32.194049+00:00,orders.csv
O001133,C00027,2024-06-04,delivered,2024-06-10,2026-08-09T06:46:32.194049+00:00,orders.csv
O001134,C00263,2023-07-01,Shipped,,2026-08-09T06:46:32.194049+00:00,orders.csv
O001135,C00024,2023-10-12,Delivered,2023-10-16,2026-08-09T06:46:32.194049+00:00,orders.csv
O001136,C00273,2024-08-14,Delivered,2024-08-17,2026-08-09T06:46:32.194049+00:00,orders.csv
O001137,C00128,2023-10-11,shipped,,2026-08-09T06:46:32.194049+00:00,orders.csv
O001138,C00091,2024-02-21,DELIVERED,2024-02-27,2026-08-09T06:46:32.194049+00:00,orders.csv
O001139,C00025,2023-04-09,DELIVERED,2023-04-10,2026-08-09T06:46:32.194049+00:00,orders.csv
O001140,C00261,2024-09-14,CANCELLED,,2026-08-09T06:46:32.194049+00:00,orders.csv
O001141,C00317,2024-07-08,Placed,,2026-08-09T06:46:32.194049+00:00,orders.csv
O001142,C00364,2024-05-13,Delivered,2024-05-22,2026-08-09T06:46:32.194049+00:00,orders.csv
O001143,C00068,2023-11-07,Delivered,2023-11-12,2026-08-09T06:46:32.194049+00:00,orders.csv
O001144,C00302,2024-12-02,DELIVERED,2024-12-12,2026-08-09T06:46:32.194049+00:00,orders.csv
O001145,C00006,2023-07-14,Cancelled,,2026-08-09T06:46:32.194049+00:00,orders.csv
O001146,C00239,2024-12-13,DELIVERED,2024-12-22,2026-08-09T06:46:32.194049+00:00,orders.csv
O001147,C00338,2024-10-16,Delivered,2024-10-18,2026-08-09T06:46:32.194049+00:00,orders.csv
O001148,C00180,2023-02-28,Delivered,2023-03-05,2026-08-09T06:46:32.194049+00:00,orders.csv
O001149,C00161,2024-01-10,delivered,2024-01-16,2026-08-09T06:46:32.194049+00:00,orders.csv
O001150,C00273,2023-09-03,Delivered,2023-09-08,2026-08-09T06:46:32.194049+00:00,orders.csv
O001151,C00255,2023-11-10,Placed,,2026-08-09T06:46:32.194049+00:00,orders.csv
O001152,C00339,2023-05-20,Delivered,2023-05-22,2026-08-09T06:46:32.194049+00:00,orders.csv
O001153,C00073,2023-11-05,Cancelled,,2026-08-09T06:46:32.194049+00:00,orders.csv
O001154,C00033,2024-04-13,Shipped,,2026-08-09T06:46:32.194049+00:00,orders.csv
O001155,C00055,2023-05-05,Returned,2023-05-08,2026-08-09T06:46:32.194049+00:00,orders.csv
O001156,C00313,2023-04-05,delivered,2023-04-10,2026-08-09T06:46:32.194049+00:00,orders.csv
O001157,C00057,2024-10-28,Placed,,2026-08-09T06:46:32.194049+00:00,orders.csv
O001158,C00317,2023-06-01,Cancelled,,2026-08-09T06:46:32.194049+00:00,orders.csv
O001159,C00088,2023-01-04,DELIVERED,2023-01-10,2026-08-09T06:46:32.194049+00:00,orders.csv
O001160,C00235,2023-07-02,placed,,2026-08-09T06:46:32.194049+00:00,orders.csv
O001161,C00310,2023-05-07,Delivered,2023-05-09,2026-08-09T06:46:32.194049+00:00,orders.csv
O001162,C00391,2024-12-27,Delivered,2024-12-28,2026-08-09T06:46:32.194049+00:00,orders.csv
O001163,C00171,2024-09-22,Cancelled,,2026-08-09T06:46:32.194049+00:00,orders.csv
O001164,C00041,2023-07-14,delivered,2023-07-20,2026-08-09T06:46:32.194049+00:00,orders.csv
O001165,C00132,2023-12-25,DELIVERED,2024-01-03,2026-08-09T06:46:32.194049+00:00,orders.csv
O001166,C00204,2023-05-04,Cancelled,,2026-08-09T06:46:32.194049+00:00,orders.csv
O001167,C00303,2023-12-29,Cancelled,,2026-08-09T06:46:32.194049+00:00,orders.csv
O001168,C00357,2024-11-13,Delivered,2024-11-18,2026-08-09T06:46:32.194049+00:00,orders.csv
O001169,C00213,2024-12-08,SHIPPED,,2026-08-09T06:46:32.194049+00:00,orders.csv
O001170,C00277,2023-12-21,Returned,2023-12-31,2026-08-09T06:46:32.194049+00:00,orders.csv
O001171,C00255,2023-12-12,delivered,2023-12-16,2026-08-09T06:46:32.194049+00:00,orders.csv
O001172,C00198,2023-11-19,Cancelled,,2026-08-09T06:46:32.194049+00:00,orders.csv
O001173,C00121,2024-11-06,Shipped,,2026-08-09T06:46:32.194049+00:00,orders.csv
O001174,C00055,2023-10-11,Placed,,2026-08-09T06:46:32.194049+00:00,orders.csv
O001175,C00237,2023-03-10,Placed,,2026-08-09T06:46:32.194049+00:00,orders.csv
O001176,C00164,2024-08-29,Delivered,2024-09-06,2026-08-09T06:46:32.194049+00:00,orders.csv
O001177,C00254,2023-06-12,Placed,,2026-08-09T06:46:32.194049+00:00,orders.csv
O001178,C00169,2024-02-18,Delivered,2024-02-25,2026-08-09T06:46:32.194049+00:00,orders.csv
O001179,C00038,2024-02-03,Delivered,2024-02-13,2026-08-09T06:46:32.194049+00:00,orders.csv
O001180,C00316,2023-04-04,Delivered,2023-04-08,2026-08-09T06:46:32.194049+00:00,orders.csv
O001181,C00181,2023-12-24,Cancelled,,2026-08-09T06:46:32.194049+00:00,orders.csv
O001182,C00252,2024-02-10,Delivered,2024-02-17,2026-08-09T06:46:32.194049+00:00,orders.csv
O001183,C00192,2024-03-12,Delivered,2024-03-13,2026-08-09T06:46:32.194049+00:00,orders.csv
O001184,C00041,2023-07-10,delivered,2023-07-13,2026-08-09T06:46:32.194049+00:00,orders.csv
O001185,C00278,2024-11-21,Delivered,2024-11-23,2026-08-09T06:46:32.194049+00:00,orders.csv
O001186,C00278,2024-11-04,Shipped,,2026-08-09T06:46:32.194049+00:00,orders.csv
O001187,C00063,2024-09-18,Delivered,2024-09-28,2026-08-09T06:46:32.194049+00:00,orders.csv
O001188,C00322,2023-10-04,Delivered,2023-10-13,2026-08-09T06:46:32.194049+00:00,orders.csv
O001189,C00172,2023-08-12,Delivered,2023-08-21,2026-08-09T06:46:32.194049+00:00,orders.csv
O001190,C00137,2024-05-05,Delivered,2024-05-14,2026-08-09T06:46:32.194049+00:00,orders.csv
O001191,C00253,2023-02-08,Placed,,2026-08-09T06:46:32.194049+00:00,orders.csv
O001192,C00221,2023-04-20,Delivered,2023-04-28,2026-08-09T06:46:32.194049+00:00,orders.csv
O001193,C00134,2024-08-10,shipped,,2026-08-09T06:46:32.194049+00:00,orders.csv
O001194,C00342,2024-01-15,Cancelled,,2026-08-09T06:46:32.194049+00:00,orders.csv
O001195,C00138,2023-07-19,delivered,2023-07-23,2026-08-09T06:46:32.194049+00:00,orders.csv
O001196,C00358,2024-08-16,Delivered,2024-08-23,2026-08-09T06:46:32.194049+00:00,orders.csv
O001197,C00038,2023-11-18,Delivered,2023-11-28,2026-08-09T06:46:32.194049+00:00,orders.csv
O001198,C00314,2023-03-07,Delivered,2023-03-12,2026-08-09T06:46:32.194049+00:00,orders.csv
O001199,C00215,2024-09-16,Delivered,2024-09-24,2026-08-09T06:46:32.194049+00:00,orders.csv
O001200,C00220,2023-05-20,Shipped,,2026-08-09T06:46:32.194049+00:00,orders.csv
O001201,C00117,2023-01-23,Shipped,,2026-08-09T06:46:32.194049+00:00,orders.csv
O001202,C00172,2024-09-16,Delivered,2024-09-20,2026-08-09T06:46:32.194049+00:00,orders.csv
O001203,C00201,2023-02-27,RETURNED,2023-03-09,2026-08-09T06:46:32.194049+00:00,orders.csv
O001204,C00229,2023-10-31,Placed,,2026-08-09T06:46:32.194049+00:00,orders.csv
O001205,C00018,2024-11-08,Delivered,2024-11-09,2026-08-09T06:46:32.194049+00:00,orders.csv
O001206,C00052,2024-02-28,Delivered,2024-03-02,2026-08-09T06:46:32.194049+00:00,orders.csv
O001207,C00067,2024-07-03,Shipped,,2026-08-09T06:46:32.194049+00:00,orders.csv
O001208,C00025,2024-12-05,Delivered,2024-12-10,2026-08-09T06:46:32.194049+00:00,orders.csv
O001209,C00184,2023-07-10,SHIPPED,,2026-08-09T06:46:32.194049+00:00,orders.csv
O001210,C00395,2023-08-30,Returned,2023-09-09,2026-08-09T06:46:32.194049+00:00,orders.csv
O001211,C00331,2023-10-26,Delivered,2023-11-05,2026-08-09T06:46:32.194049+00:00,orders.csv
O001212,C00337,2023-12-30,Delivered,2024-01-01,2026-08-09T06:46:32.194049+00:00,orders.csv
O001213,C00147,2024-04-10,Shipped,,2026-08-09T06:46:32.194049+00:00,orders.csv
O001214,C00049,2024-01-27,Cancelled,,2026-08-09T06:46:32.194049+00:00,orders.csv
O001215,C00341,2023-10-24,Delivered,2023-10-25,2026-08-09T06:46:32.194049+00:00,orders.csv
O001216,C00261,2024-06-03,Placed,,2026-08-09T06:46:32.194049+00:00,orders.csv
O001217,C00234,2024-11-04,Shipped,,2026-08-09T06:46:32.194049+00:00,orders.csv
O001218,C00296,2024-08-03,placed,,2026-08-09T06:46:32.194049+00:00,orders.csv
O001219,C00314,2023-04-30,Delivered,2023-05-07,2026-08-09T06:46:32.194049+00:00,orders.csv
O001220,C00032,2023-09-08,Delivered,2023-09-15,2026-08-09T06:46:32.194049+00:00,orders.csv
O001221,C00227,2024-10-23,DELIVERED,2024-10-27,2026-08-09T06:46:32.194049+00:00,orders.csv
O001222,C00349,2024-12-22,Placed,,2026-08-09T06:46:32.194049+00:00,orders.csv
O001223,C00183,2023-10-31,Delivered,2023-11-06,2026-08-09T06:46:32.194049+00:00,orders.csv
O001224,C00062,2023-03-01,Delivered,2023-03-04,2026-08-09T06:46:32.194049+00:00,orders.csv
O001225,C00209,2024-05-24,Delivered,2024-05-30,2026-08-09T06:46:32.194049+00:00,orders.csv
O001226,C00348,2024-03-22,SHIPPED,,2026-08-09T06:46:32.194049+00:00,orders.csv
O001227,C00331,2024-06-07,Delivered,2024-06-09,2026-08-09T06:46:32.194049+00:00,orders.csv
O001228,C00177,2023-04-24,Placed,,2026-08-09T06:46:32.194049+00:00,orders.csv
O001229,C00040,2024-02-10,CANCELLED,,2026-08-09T06:46:32.194049+00:00,orders.csv
O001230,C00210,2024-12-06,Returned,2024-12-16,2026-08-09T06:46:32.194049+00:00,orders.csv
O001231,C00060,2024-03-18,Cancelled,,2026-08-09T06:46:32.194049+00:00,orders.csv
O001232,C00399,2024-09-16,Delivered,2024-09-20,2026-08-09T06:46:32.194049+00:00,orders.csv
O001233,C00006,2023-04-18,Delivered,2023-04-17,2026-08-09T06:46:32.194049+00:00,orders.csv
O001234,C00392,2024-09-15,Placed,,2026-08-09T06:46:32.194049+00:00,orders.csv
O001235,C00013,2024-06-25,Delivered,2024-06-26,2026-08-09T06:46:32.194049+00:00,orders.csv
O001236,C00190,2023-09-30,Delivered,2023-10-08,2026-08-09T06:46:32.194049+00:00,orders.csv
O001237,C00391,2024-11-07,Shipped,,2026-08-09T06:46:32.194049+00:00,orders.csv
O001238,C00260,2023-06-24,Cancelled,,2026-08-09T06:46:32.194049+00:00,orders.csv
O001239,C00270,2024-09-23,Delivered,2024-09-26,2026-08-09T06:46:32.194049+00:00,orders.csv
O001240,C00294,2023-11-02,Delivered,2023-11-10,2026-08-09T06:46:32.194049+00:00,orders.csv
O001241,C00113,2023-01-04,Delivered,2023-01-12,2026-08-09T06:46:32.194049+00:00,orders.csv
O001242,C00153,2024-05-31,Shipped,,2026-08-09T06:46:32.194049+00:00,orders.csv
O001243,C00111,2023-10-27,Delivered,2023-10-24,2026-08-09T06:46:32.194049+00:00,orders.csv
O001244,C00249,2023-05-02,shipped,,2026-08-09T06:46:32.194049+00:00,orders.csv
O001245,C00316,2023-03-04,cancelled,,2026-08-09T06:46:32.194049+00:00,orders.csv
O001246,C00395,2023-12-04,Delivered,2023-12-13,2026-08-09T06:46:32.194049+00:00,orders.csv
O001247,C00121,2023-02-18,Shipped,,2026-08-09T06:46:32.194049+00:00,orders.csv
O001248,C00226,2024-07-25,delivered,2024-08-03,2026-08-09T06:46:32.194049+00:00,orders.csv
O001249,C00375,2024-04-28,Delivered,2024-04-29,2026-08-09T06:46:32.194049+00:00,orders.csv
O001250,C00205,2023-09-16,Delivered,2023-09-23,2026-08-09T06:46:32.194049+00:00,orders.csv
O001251,C00297,2023-05-10,Delivered,2023-05-20,2026-08-09T06:46:32.194049+00:00,orders.csv
O001252,C00058,2024-11-06,delivered,2024-11-11,2026-08-09T06:46:32.194049+00:00,orders.csv
O001253,C00306,2023-01-07,Cancelled,,2026-08-09T06:46:32.194049+00:00,orders.csv
O001254,C00237,2023-07-09,returned,2023-07-13,2026-08-09T06:46:32.194049+00:00,orders.csv
O001255,C00275,2023-09-10,Delivered,2023-09-16,2026-08-09T06:46:32.194049+00:00,orders.csv
O001256,C00306,2023-04-14,Shipped,,2026-08-09T06:46:32.194049+00:00,orders.csv
O001257,C00300,2024-04-10,Delivered,2024-04-16,2026-08-09T06:46:32.194049+00:00,orders.csv
O001258,C00327,2023-11-04,Delivered,2023-11-14,2026-08-09T06:46:32.194049+00:00,orders.csv
O001259,C00015,2024-12-05,Shipped,,2026-08-09T06:46:32.194049+00:00,orders.csv
O001260,C00324,2024-07-24,delivered,2024-07-21,2026-08-09T06:46:32.194049+00:00,orders.csv
O001261,C00381,2023-08-20,Cancelled,,2026-08-09T06:46:32.194049+00:00,orders.csv
O001262,C00222,2023-12-31,delivered,2024-01-07,2026-08-09T06:46:32.194049+00:00,orders.csv
O001263,C00232,2023-05-20,Delivered,2023-05-27,2026-08-09T06:46:32.194049+00:00,orders.csv
O001264,C00377,2024-05-06,Delivered,2024-05-10,2026-08-09T06:46:32.194049+00:00,orders.csv
O001265,C00249,2024-10-28,Delivered,2024-11-06,2026-08-09T06:46:32.194049+00:00,orders.csv
O001266,C00312,2024-05-17,Delivered,2024-05-26,2026-08-09T06:46:32.194049+00:00,orders.csv
O001267,C00152,2023-03-15,Delivered,2023-03-24,2026-08-09T06:46:32.194049+00:00,orders.csv
O001268,C00229,2023-07-12,Delivered,2023-07-14,2026-08-09T06:46:32.194049+00:00,orders.csv
O001269,C00225,2024-03-11,delivered,2024-03-20,2026-08-09T06:46:32.194049+00:00,orders.csv
O001270,C00254,2024-07-03,Delivered,2024-07-13,2026-08-09T06:46:32.194049+00:00,orders.csv
O001271,C00066,2023-04-18,delivered,2023-04-21,2026-08-09T06:46:32.194049+00:00,orders.csv
O001272,C00010,2024-04-20,Delivered,2024-04-24,2026-08-09T06:46:32.194049+00:00,orders.csv
O001273,C00270,2023-05-18,Cancelled,,2026-08-09T06:46:32.194049+00:00,orders.csv
O001274,C00330,2023-04-14,delivered,2023-04-15,2026-08-09T06:46:32.194049+00:00,orders.csv
O001275,C00111,2024-02-16,cancelled,,2026-08-09T06:46:32.194049+00:00,orders.csv
O001276,C00234,2023-10-26,delivered,2023-11-02,2026-08-09T06:46:32.194049+00:00,orders.csv
O001277,C00073,2023-04-14,Delivered,2023-04-24,2026-08-09T06:46:32.194049+00:00,orders.csv
O001278,C00158,2024-07-11,Delivered,2024-07-18,2026-08-09T06:46:32.194049+00:00,orders.csv
O001279,C00143,2024-11-30,Placed,,2026-08-09T06:46:32.194049+00:00,orders.csv
O001280,C00136,2023-07-13,DELIVERED,2023-07-14,2026-08-09T06:46:32.194049+00:00,orders.csv
O001281,C00117,2024-08-29,Delivered,2024-09-08,2026-08-09T06:46:32.194049+00:00,orders.csv
O001282,C00337,2024-11-06,Delivered,2024-11-07,2026-08-09T06:46:32.194049+00:00,orders.csv
O001283,C00390,2023-11-24,Shipped,,2026-08-09T06:46:32.194049+00:00,orders.csv
O001284,C00039,2024-10-19,Cancelled,,2026-08-09T06:46:32.194049+00:00,orders.csv
O001285,C00390,2023-02-05,Delivered,2023-02-14,2026-08-09T06:46:32.194049+00:00,orders.csv
O001286,C00189,2024-03-29,Delivered,2024-04-02,2026-08-09T06:46:32.194049+00:00,orders.csv
O001287,C00392,2023-01-09,Placed,,2026-08-09T06:46:32.194049+00:00,orders.csv
O001288,C00064,2023-06-20,RETURNED,2023-06-24,2026-08-09T06:46:32.194049+00:00,orders.csv
O001289,C00384,2023-01-08,DELIVERED,2023-01-16,2026-08-09T06:46:32.194049+00:00,orders.csv
O001290,C00005,2024-09-22,Placed,,2026-08-09T06:46:32.194049+00:00,orders.csv
O001291,C00381,2024-07-25,Shipped,,2026-08-09T06:46:32.194049+00:00,orders.csv
O001292,C00152,2023-07-09,Placed,,2026-08-09T06:46:32.194049+00:00,orders.csv
O001293,C00115,2023-11-09,delivered,2023-11-13,2026-08-09T06:46:32.194049+00:00,orders.csv
O001294,C00337,2024-10-30,Placed,,2026-08-09T06:46:32.194049+00:00,orders.csv
O001295,C00019,2024-02-05,delivered,2024-02-09,2026-08-09T06:46:32.194049+00:00,orders.csv
O001296,C00400,2023-11-17,Placed,,2026-08-09T06:46:32.194049+00:00,orders.csv
O001297,C00213,2024-09-22,Placed,,2026-08-09T06:46:32.194049+00:00,orders.csv
O001298,C00159,2023-04-22,Delivered,2023-04-23,2026-08-09T06:46:32.194049+00:00,orders.csv
O001299,C00030,2024-05-22,Delivered,2024-05-24,2026-08-09T06:46:32.194049+00:00,orders.csv
O001300,C00074,2023-02-25,Cancelled,,2026-08-09T06:46:32.194049+00:00,orders.csv
O001301,C00131,2023-07-05,Cancelled,,2026-08-09T06:46:32.194049+00:00,orders.csv
O001302,C00063,2024-04-01,Cancelled,,2026-08-09T06:46:32.194049+00:00,orders.csv
O001303,C00393,2023-12-28,Placed,,2026-08-09T06:46:32.194049+00:00,orders.csv
O001304,C00296,2024-08-21,Delivered,2024-08-24,2026-08-09T06:46:32.194049+00:00,orders.csv
O001305,C00199,2023-06-24,Delivered,2023-06-29,2026-08-09T06:46:32.194049+00:00,orders.csv
O001306,C00150,2023-11-16,Delivered,2023-11-20,2026-08-09T06:46:32.194049+00:00,orders.csv
O001307,C00023,2023-10-26,cancelled,,2026-08-09T06:46:32.194049+00:00,orders.csv
O001308,C00381,2024-10-02,Cancelled,,2026-08-09T06:46:32.194049+00:00,orders.csv
O001309,C00266,2024-05-31,Shipped,,2026-08-09T06:46:32.194049+00:00,orders.csv
O001310,C00304,2023-06-01,Delivered,2023-06-05,2026-08-09T06:46:32.194049+00:00,orders.csv
O001311,C00097,2024-01-21,Delivered,2024-01-28,2026-08-09T06:46:32.194049+00:00,orders.csv
O001312,C00361,2024-08-08,RETURNED,2024-08-15,2026-08-09T06:46:32.194049+00:00,orders.csv
O001313,C00307,2024-10-04,cancelled,,2026-08-09T06:46:32.194049+00:00,orders.csv
O001314,C00101,2024-09-24,Delivered,2024-09-30,2026-08-09T06:46:32.194049+00:00,orders.csv
O001315,C00094,2024-02-02,placed,,2026-08-09T06:46:32.194049+00:00,orders.csv
O001316,C00139,2023-04-09,Cancelled,,2026-08-09T06:46:32.194049+00:00,orders.csv
O001317,C00092,2023-07-13,Delivered,2023-07-14,2026-08-09T06:46:32.194049+00:00,orders.csv
O001318,C00165,2024-01-20,Delivered,2024-01-30,2026-08-09T06:46:32.194049+00:00,orders.csv
O001319,C00021,2023-01-17,Delivered,2023-01-19,2026-08-09T06:46:32.194049+00:00,orders.csv
O001320,C00326,2023-01-02,Returned,2023-01-03,2026-08-09T06:46:32.194049+00:00,orders.csv
O001321,C00035,2024-04-23,Delivered,2024-04-27,2026-08-09T06:46:32.194049+00:00,orders.csv
O001322,C00336,2023-06-13,Placed,,2026-08-09T06:46:32.194049+00:00,orders.csv
O001323,C00015,2024-10-05,Delivered,2024-10-11,2026-08-09T06:46:32.194049+00:00,orders.csv
O001324,C00291,2023-09-28,DELIVERED,2023-10-07,2026-08-09T06:46:32.194049+00:00,orders.csv
O001325,C00087,2024-08-04,Delivered,2024-08-07,2026-08-09T06:46:32.194049+00:00,orders.csv
O001326,C00047,2023-09-22,delivered,2023-09-25,2026-08-09T06:46:32.194049+00:00,orders.csv
O001327,C00211,2024-10-02,Returned,2024-10-05,2026-08-09T06:46:32.194049+00:00,orders.csv
O001328,C00149,2024-11-26,Cancelled,,2026-08-09T06:46:32.194049+00:00,orders.csv
O001329,C00359,2023-12-26,Returned,2023-12-31,2026-08-09T06:46:32.194049+00:00,orders.csv
O001330,C00157,2023-03-03,shipped,,2026-08-09T06:46:32.194049+00:00,orders.csv
O001331,C00151,2024-05-09,returned,2024-05-14,2026-08-09T06:46:32.194049+00:00,orders.csv
O001332,C00142,2024-10-14,Cancelled,,2026-08-09T06:46:32.194049+00:00,orders.csv
O001333,C00021,2023-04-01,Shipped,,2026-08-09T06:46:32.194049+00:00,orders.csv
O001334,C00020,2023-10-22,Cancelled,,2026-08-09T06:46:32.194049+00:00,orders.csv
O001335,C00238,2023-01-24,Delivered,2023-01-25,2026-08-09T06:46:32.194049+00:00,orders.csv
O001336,C00240,2023-04-04,Cancelled,,2026-08-09T06:46:32.194049+00:00,orders.csv
O001337,C00069,2023-05-02,Placed,,2026-08-09T06:46:32.194049+00:00,orders.csv
O001338,C00341,2023-04-18,Delivered,2023-04-28,2026-08-09T06:46:32.194049+00:00,orders.csv
O001339,C00114,2023-01-14,Delivered,2023-01-16,2026-08-09T06:46:32.194049+00:00,orders.csv
O001340,C00027,2023-12-30,Returned,2024-01-08,2026-08-09T06:46:32.194049+00:00,orders.csv
O001341,C00072,2023-12-15,DELIVERED,2023-12-16,2026-08-09T06:46:32.194049+00:00,orders.csv
O001342,C00241,2024-04-24,Delivered,2024-05-02,2026-08-09T06:46:32.194049+00:00,orders.csv
O001343,C00383,2024-08-25,Returned,2024-09-02,2026-08-09T06:46:32.194049+00:00,orders.csv
O001344,C00222,2023-01-08,Delivered,2023-01-17,2026-08-09T06:46:32.194049+00:00,orders.csv
O001345,C00095,2023-05-19,Cancelled,,2026-08-09T06:46:32.194049+00:00,orders.csv
O001346,C00308,2024-01-27,Delivered,2024-02-03,2026-08-09T06:46:32.194049+00:00,orders.csv
O001347,C00221,2023-03-09,delivered,2023-03-12,2026-08-09T06:46:32.194049+00:00,orders.csv
O001348,C00208,2023-05-29,Placed,,2026-08-09T06:46:32.194049+00:00,orders.csv
O001349,C00386,2024-06-19,CANCELLED,,2026-08-09T06:46:32.194049+00:00,orders.csv
O001350,C00288,2023-05-21,Delivered,2023-05-23,2026-08-09T06:46:32.194049+00:00,orders.csv
O001351,C00182,2023-03-18,Delivered,2023-03-21,2026-08-09T06:46:32.194049+00:00,orders.csv
O001352,C00308,2024-07-17,Delivered,2024-07-21,2026-08-09T06:46:32.194049+00:00,orders.csv
O001353,C00339,2024-05-25,Delivered,2024-06-02,2026-08-09T06:46:32.194049+00:00,orders.csv
O001354,C00357,2023-12-04,Shipped,,2026-08-09T06:46:32.194049+00:00,orders.csv
O001355,C00092,2023-06-07,Delivered,2023-06-13,2026-08-09T06:46:32.194049+00:00,orders.csv
O001356,C00130,2024-01-29,Delivered,2024-02-02,2026-08-09T06:46:32.194049+00:00,orders.csv
O001357,C00270,2023-08-22,placed,,2026-08-09T06:46:32.194049+00:00,orders.csv
O001358,C00123,2024-07-30,Delivered,2024-08-06,2026-08-09T06:46:32.194049+00:00,orders.csv
O001359,C00313,2024-10-30,DELIVERED,2024-11-03,2026-08-09T06:46:32.194049+00:00,orders.csv
O001360,C00253,2023-08-12,Delivered,2023-08-20,2026-08-09T06:46:32.194049+00:00,orders.csv
O001361,C00289,2024-01-15,Delivered,2024-01-16,2026-08-09T06:46:32.194049+00:00,orders.csv
O001362,C00014,2024-09-02,Delivered,2024-09-03,2026-08-09T06:46:32.194049+00:00,orders.csv
O001363,C00158,2024-03-22,Delivered,2024-03-26,2026-08-09T06:46:32.194049+00:00,orders.csv
O001364,C00225,2023-07-04,DELIVERED,2023-07-12,2026-08-09T06:46:32.194049+00:00,orders.csv
O001365,C00038,2024-05-16,Delivered,2024-05-18,2026-08-09T06:46:32.194049+00:00,orders.csv
O001366,C00040,2024-01-16,Delivered,2024-01-23,2026-08-09T06:46:32.194049+00:00,orders.csv
O001367,C00220,2023-08-01,CANCELLED,,2026-08-09T06:46:32.194049+00:00,orders.csv
O001368,C00298,2023-07-08,Delivered,2023-07-09,2026-08-09T06:46:32.194049+00:00,orders.csv
O001369,C00383,2023-01-20,CANCELLED,,2026-08-09T06:46:32.194049+00:00,orders.csv
O001370,C00122,2024-01-21,shipped,,2026-08-09T06:46:32.194049+00:00,orders.csv
O001371,C00119,2024-07-06,returned,2024-07-12,2026-08-09T06:46:32.194049+00:00,orders.csv
O001372,C00060,2024-09-10,Delivered,2024-09-18,2026-08-09T06:46:32.194049+00:00,orders.csv
O001373,C00047,2024-07-30,Placed,,2026-08-09T06:46:32.194049+00:00,orders.csv
O001374,C00064,2024-09-30,DELIVERED,2024-10-09,2026-08-09T06:46:32.194049+00:00,orders.csv
O001375,C00174,2023-04-16,Returned,2023-04-26,2026-08-09T06:46:32.194049+00:00,orders.csv
O001376,C00019,2024-09-26,Delivered,2024-09-27,2026-08-09T06:46:32.194049+00:00,orders.csv
O001377,C00080,2023-06-21,delivered,2023-06-27,2026-08-09T06:46:32.194049+00:00,orders.csv
O001378,C00346,2023-12-12,Delivered,2023-12-13,2026-08-09T06:46:32.194049+00:00,orders.csv
O001379,C00016,2024-02-08,DELIVERED,2024-02-14,2026-08-09T06:46:32.194049+00:00,orders.csv
O001380,C00157,2023-02-28,Delivered,2023-03-07,2026-08-09T06:46:32.194049+00:00,orders.csv
O001381,C00247,2024-05-07,Delivered,2024-05-10,2026-08-09T06:46:32.194049+00:00,orders.csv
O001382,C00150,2024-10-18,Delivered,2024-10-24,2026-08-09T06:46:32.194049+00:00,orders.csv
O001383,C00313,2023-03-19,Placed,,2026-08-09T06:46:32.194049+00:00,orders.csv
O001384,C00348,2024-12-19,Cancelled,,2026-08-09T06:46:32.194049+00:00,orders.csv
O001385,C00390,2023-03-04,shipped,,2026-08-09T06:46:32.194049+00:00,orders.csv
O001386,C00211,2023-05-23,DELIVERED,2023-05-24,2026-08-09T06:46:32.194049+00:00,orders.csv
O001387,C00277,2023-04-06,Delivered,2023-04-11,2026-08-09T06:46:32.194049+00:00,orders.csv
O001388,C00395,2024-03-17,Delivered,2024-03-21,2026-08-09T06:46:32.194049+00:00,orders.csv
O001389,C00397,2024-01-02,returned,2024-01-11,2026-08-09T06:46:32.194049+00:00,orders.csv
O001390,C00181,2023-11-25,Delivered,2023-12-02,2026-08-09T06:46:32.194049+00:00,orders.csv
O001391,C00003,2023-05-09,delivered,2023-05-13,2026-08-09T06:46:32.194049+00:00,orders.csv
O001392,C00220,2023-04-19,Shipped,,2026-08-09T06:46:32.194049+00:00,orders.csv
O001393,C00321,2023-06-16,RETURNED,2023-06-15,2026-08-09T06:46:32.194049+00:00,orders.csv
O001394,C00262,2024-08-17,delivered,2024-08-22,2026-08-09T06:46:32.194049+00:00,orders.csv
O001395,C00128,2023-03-28,Shipped,,2026-08-09T06:46:32.194049+00:00,orders.csv
O001396,C00159,2023-03-30,Shipped,,2026-08-09T06:46:32.194049+00:00,orders.csv
O001397,C00152,2024-04-17,Delivered,2024-04-22,2026-08-09T06:46:32.194049+00:00,orders.csv
O001398,C00279,2023-11-30,delivered,2023-12-02,2026-08-09T06:46:32.194049+00:00,orders.csv
O001399,C00110,2023-04-06,Delivered,2023-04-08,2026-08-09T06:46:32.194049+00:00,orders.csv
O001400,C00359,2024-06-19,Delivered,2024-06-20,2026-08-09T06:46:32.194049+00:00,orders.csv
O001401,C00214,2024-03-14,Delivered,2024-03-16,2026-08-09T06:46:32.194049+00:00,orders.csv
O001402,C00314,2024-07-27,Delivered,2024-08-01,2026-08-09T06:46:32.194049+00:00,orders.csv
O001403,C00179,2023-06-19,Cancelled,,2026-08-09T06:46:32.194049+00:00,orders.csv
O001404,C00056,2024-03-20,PLACED,,2026-08-09T06:46:32.194049+00:00,orders.csv
O001405,C00108,2023-10-13,Delivered,2023-10-14,2026-08-09T06:46:32.194049+00:00,orders.csv
O001406,C00184,2023-09-26,Placed,,2026-08-09T06:46:32.194049+00:00,orders.csv
O001407,C00139,2024-07-09,Cancelled,,2026-08-09T06:46:32.194049+00:00,orders.csv
O001408,C00319,2024-07-20,Delivered,2024-07-22,2026-08-09T06:46:32.194049+00:00,orders.csv
O001409,C00305,2023-06-20,cancelled,,2026-08-09T06:46:32.194049+00:00,orders.csv
O001410,C00126,2023-02-04,Cancelled,,2026-08-09T06:46:32.194049+00:00,orders.csv
O001411,C00232,2024-05-09,Delivered,2024-05-16,2026-08-09T06:46:32.194049+00:00,orders.csv
O001412,C00240,2024-03-06,Cancelled,,2026-08-09T06:46:32.194049+00:00,orders.csv
O001413,C00085,2024-05-29,Delivered,2024-05-30,2026-08-09T06:46:32.194049+00:00,orders.csv
O001414,C00337,2024-09-24,Delivered,2024-09-25,2026-08-09T06:46:32.194049+00:00,orders.csv
O001415,C00337,2024-04-11,Delivered,2024-04-18,2026-08-09T06:46:32.194049+00:00,orders.csv
O001416,C00398,2023-01-31,DELIVERED,2023-02-02,2026-08-09T06:46:32.194049+00:00,orders.csv
O001417,C00264,2024-06-05,Placed,,2026-08-09T06:46:32.194049+00:00,orders.csv
O001418,C00095,2023-07-28,Delivered,2023-07-29,2026-08-09T06:46:32.194049+00:00,orders.csv
O001419,C00188,2023-08-29,Delivered,2023-09-04,2026-08-09T06:46:32.194049+00:00,orders.csv
O001420,C00151,2024-09-17,Delivered,2024-09-27,2026-08-09T06:46:32.194049+00:00,orders.csv
O001421,C00212,2023-08-26,Cancelled,,2026-08-09T06:46:32.194049+00:00,orders.csv
O001422,C00098,2024-05-29,Delivered,2024-06-03,2026-08-09T06:46:32.194049+00:00,orders.csv
O001423,C00010,2023-02-23,Delivered,2023-03-05,2026-08-09T06:46:32.194049+00:00,orders.csv
O001424,C00300,2023-02-17,Delivered,2023-02-20,2026-08-09T06:46:32.194049+00:00,orders.csv
O001425,C00194,2024-04-10,Delivered,2024-04-20,2026-08-09T06:46:32.194049+00:00,orders.csv
O001426,C00069,2024-11-07,Delivered,2024-11-17,2026-08-09T06:46:32.194049+00:00,orders.csv
O001427,C00334,2024-08-29,Delivered,2024-09-05,2026-08-09T06:46:32.194049+00:00,orders.csv
O001428,C00375,2023-05-17,SHIPPED,,2026-08-09T06:46:32.194049+00:00,orders.csv
O001429,C00085,2023-11-30,Delivered,2023-12-05,2026-08-09T06:46:32.194049+00:00,orders.csv
O001430,C00292,2023-01-20,Placed,,2026-08-09T06:46:32.194049+00:00,orders.csv
O001431,C00388,2024-04-07,Cancelled,,2026-08-09T06:46:32.194049+00:00,orders.csv
O001432,C00394,2024-04-04,Shipped,,2026-08-09T06:46:32.194049+00:00,orders.csv
O001433,C00125,2023-08-16,Delivered,2023-08-25,2026-08-09T06:46:32.194049+00:00,orders.csv
O001434,C00160,2024-07-13,Shipped,,2026-08-09T06:46:32.194049+00:00,orders.csv
O001435,C00311,2024-02-17,Delivered,2024-02-26,2026-08-09T06:46:32.194049+00:00,orders.csv
O001436,C00242,2024-05-11,shipped,,2026-08-09T06:46:32.194049+00:00,orders.csv
O001437,C00087,2023-01-12,delivered,2023-01-22,2026-08-09T06:46:32.194049+00:00,orders.csv
O001438,C00182,2024-11-04,Delivered,2024-11-13,2026-08-09T06:46:32.194049+00:00,orders.csv
O001439,C00156,2024-09-17,Delivered,2024-09-18,2026-08-09T06:46:32.194049+00:00,orders.csv
O001440,C00016,2023-04-08,Shipped,,2026-08-09T06:46:32.194049+00:00,orders.csv
O001441,C00069,2023-01-05,delivered,2023-01-12,2026-08-09T06:46:32.194049+00:00,orders.csv
O001442,C00203,2023-08-21,Cancelled,,2026-08-09T06:46:32.194049+00:00,orders.csv
O001443,C00245,2024-06-12,delivered,2024-06-15,2026-08-09T06:46:32.194049+00:00,orders.csv
O001444,C00240,2023-08-28,cancelled,,2026-08-09T06:46:32.194049+00:00,orders.csv
O001445,C00129,2024-07-12,Delivered,2024-07-19,2026-08-09T06:46:32.194049+00:00,orders.csv
O001446,C00246,2024-10-05,Delivered,2024-10-07,2026-08-09T06:46:32.194049+00:00,orders.csv
O001447,C00107,2023-08-19,Delivered,2023-08-29,2026-08-09T06:46:32.194049+00:00,orders.csv
O001448,C00322,2024-11-10,returned,2024-11-20,2026-08-09T06:46:32.194049+00:00,orders.csv
O001449,C00382,2023-08-04,Placed,,2026-08-09T06:46:32.194049+00:00,orders.csv
O001450,C00153,2023-01-01,delivered,2023-01-04,2026-08-09T06:46:32.194049+00:00,orders.csv
O001451,C00153,2023-03-15,Delivered,2023-03-24,2026-08-09T06:46:32.194049+00:00,orders.csv
O001452,C00150,2023-12-27,Shipped,,2026-08-09T06:46:32.194049+00:00,orders.csv
O001453,C00373,2023-12-21,Delivered,2023-12-23,2026-08-09T06:46:32.194049+00:00,orders.csv
O001454,C00001,2023-01-03,Delivered,2023-01-04,2026-08-09T06:46:32.194049+00:00,orders.csv
O001455,C00110,2024-07-13,Shipped,,2026-08-09T06:46:32.194049+00:00,orders.csv
O001456,C00333,2023-06-14,Shipped,,2026-08-09T06:46:32.194049+00:00,orders.csv
O001457,C00144,2023-04-03,Delivered,2023-04-13,2026-08-09T06:46:32.194049+00:00,orders.csv
O001458,C00224,2024-09-11,Delivered,2024-09-20,2026-08-09T06:46:32.194049+00:00,orders.csv
O001459,C00135,2024-09-11,Delivered,2024-09-21,2026-08-09T06:46:32.194049+00:00,orders.csv
O001460,C00374,2024-12-10,Cancelled,,2026-08-09T06:46:32.194049+00:00,orders.csv
O001461,C00261,2023-04-13,Delivered,2023-04-19,2026-08-09T06:46:32.194049+00:00,orders.csv
O001462,C00006,2024-12-01,Shipped,,2026-08-09T06:46:32.194049+00:00,orders.csv
O001463,C00302,2023-03-23,Delivered,2023-03-25,2026-08-09T06:46:32.194049+00:00,orders.csv
O001464,C00074,2023-07-04,Delivered,2023-07-11,2026-08-09T06:46:32.194049+00:00,orders.csv
O001465,C00239,2024-04-04,Shipped,,2026-08-09T06:46:32.194049+00:00,orders.csv
O001466,C00044,2024-06-27,Placed,,2026-08-09T06:46:32.194049+00:00,orders.csv
O001467,C00378,2023-06-18,Cancelled,,2026-08-09T06:46:32.194049+00:00,orders.csv
O001468,C00153,2023-09-26,Shipped,,2026-08-09T06:46:32.194049+00:00,orders.csv
O001469,C00174,2024-06-30,Placed,,2026-08-09T06:46:32.194049+00:00,orders.csv
O001470,C00269,2024-07-24,Delivered,2024-07-30,2026-08-09T06:46:32.194049+00:00,orders.csv
O001471,C00113,2023-05-04,Delivered,2023-05-10,2026-08-09T06:46:32.194049+00:00,orders.csv
O001472,C00292,2024-12-03,Shipped,,2026-08-09T06:46:32.194049+00:00,orders.csv
O001473,C00069,2024-04-03,Delivered,2024-04-06,2026-08-09T06:46:32.194049+00:00,orders.csv
O001474,C00117,2024-11-26,Returned,2024-11-28,2026-08-09T06:46:32.194049+00:00,orders.csv
O001475,C00329,2024-01-18,Shipped,,2026-08-09T06:46:32.194049+00:00,orders.csv
O001476,C00185,2024-01-20,Delivered,2024-01-22,2026-08-09T06:46:32.194049+00:00,orders.csv
O001477,C00100,2024-10-14,Delivered,2024-10-19,2026-08-09T06:46:32.194049+00:00,orders.csv
O001478,C00102,2024-07-26,Delivered,2024-08-01,2026-08-09T06:46:32.194049+00:00,orders.csv
O001479,C00186,2024-12-11,Cancelled,,2026-08-09T06:46:32.194049+00:00,orders.csv
O001480,C00080,2024-10-19,delivered,2024-10-26,2026-08-09T06:46:32.194049+00:00,orders.csv
O001481,C00170,2024-11-29,Shipped,,2026-08-09T06:46:32.194049+00:00,orders.csv
O001482,C00109,2024-10-30,Delivered,2024-11-03,2026-08-09T06:46:32.194049+00:00,orders.csv
O001483,C00163,2024-12-03,PLACED,,2026-08-09T06:46:32.194049+00:00,orders.csv
O001484,C00394,2023-06-29,delivered,2023-07-07,2026-08-09T06:46:32.194049+00:00,orders.csv
O001485,C00165,2023-03-28,Cancelled,,2026-08-09T06:46:32.194049+00:00,orders.csv
O001486,C00388,2024-12-07,Delivered,2024-12-11,2026-08-09T06:46:32.194049+00:00,orders.csv
O001487,C00246,2023-08-07,Shipped,,2026-08-09T06:46:32.194049+00:00,orders.csv
O001488,C00247,2024-02-29,delivered,2024-03-07,2026-08-09T06:46:32.194049+00:00,orders.csv
O001489,C00321,2024-09-30,delivered,2024-10-02,2026-08-09T06:46:32.194049+00:00,orders.csv
O001490,C00208,2023-02-24,Cancelled,,2026-08-09T06:46:32.194049+00:00,orders.csv
O001491,C00196,2023-06-13,Cancelled,,2026-08-09T06:46:32.194049+00:00,orders.csv
O001492,C00300,2023-10-01,Delivered,2023-10-05,2026-08-09T06:46:32.194049+00:00,orders.csv
O001493,C00318,2023-10-12,Delivered,2023-10-21,2026-08-09T06:46:32.194049+00:00,orders.csv
O001494,C00032,2023-10-31,Shipped,,2026-08-09T06:46:32.194049+00:00,orders.csv
O001495,C00247,2024-11-07,Delivered,2024-11-13,2026-08-09T06:46:32.194049+00:00,orders.csv
O001496,C00156,2024-03-23,shipped,,2026-08-09T06:46:32.194049+00:00,orders.csv
O001497,C00155,2023-05-25,Shipped,,2026-08-09T06:46:32.194049+00:00,orders.csv
O001498,C00351,2024-08-12,Delivered,2024-08-22,2026-08-09T06:46:32.194049+00:00,orders.csv
O001499,C00359,2023-07-17,shipped,,2026-08-09T06:46:32.194049+00:00,orders.csv
O001500,C00348,2024-03-03,DELIVERED,2024-03-10,2026-08-09T06:46:32.194049+00:00,orders.csv
O001501,C00217,2023-12-02,Cancelled,,2026-08-09T06:46:32.194049+00:00,orders.csv
O001502,C00100,2024-04-02,Delivered,2024-04-11,2026-08-09T06:46:32.194049+00:00,orders.csv
O001503,C00268,2023-11-06,Placed,,2026-08-09T06:46:32.194049+00:00,orders.csv
O001504,C00189,2023-02-12,Delivered,2023-02-19,2026-08-09T06:46:32.194049+00:00,orders.csv
O001505,C00337,2023-12-07,Delivered,2023-12-11,2026-08-09T06:46:32.194049+00:00,orders.csv
O001506,C00276,2024-05-02,Delivered,2024-05-12,2026-08-09T06:46:32.194049+00:00,orders.csv
O001507,C00201,2024-01-07,Delivered,2024-01-12,2026-08-09T06:46:32.194049+00:00,orders.csv
O001508,C00017,2024-01-22,Delivered,2024-01-23,2026-08-09T06:46:32.194049+00:00,orders.csv
O001509,C00392,2024-09-23,Delivered,2024-09-24,2026-08-09T06:46:32.194049+00:00,orders.csv
O001510,C00308,2023-05-24,Delivered,2023-05-25,2026-08-09T06:46:32.194049+00:00,orders.csv
O001511,C00032,2024-04-16,Delivered,2024-04-18,2026-08-09T06:46:32.194049+00:00,orders.csv
O001512,C00193,2024-06-19,Shipped,,2026-08-09T06:46:32.194049+00:00,orders.csv
O001513,C00305,2024-06-10,Shipped,,2026-08-09T06:46:32.194049+00:00,orders.csv
O001514,C00021,2024-01-05,Delivered,2024-01-10,2026-08-09T06:46:32.194049+00:00,orders.csv
O001515,C00244,2024-11-03,CANCELLED,,2026-08-09T06:46:32.194049+00:00,orders.csv
O001516,C00120,2023-05-31,Cancelled,,2026-08-09T06:46:32.194049+00:00,orders.csv
O001517,C00344,2023-05-28,DELIVERED,2023-05-31,2026-08-09T06:46:32.194049+00:00,orders.csv
O001518,C00212,2024-07-09,delivered,2024-07-17,2026-08-09T06:46:32.194049+00:00,orders.csv
O001519,C00040,2024-07-07,Delivered,2024-07-11,2026-08-09T06:46:32.194049+00:00,orders.csv
O001520,C00357,2024-09-08,Delivered,2024-09-17,2026-08-09T06:46:32.194049+00:00,orders.csv
O001521,C00106,2024-12-02,delivered,2024-12-04,2026-08-09T06:46:32.194049+00:00,orders.csv
O001522,C00059,2024-07-13,Shipped,,2026-08-09T06:46:32.194049+00:00,orders.csv
O001523,C00076,2024-02-02,placed,,2026-08-09T06:46:32.194049+00:00,orders.csv
O001524,C00276,2023-08-25,Delivered,2023-09-01,2026-08-09T06:46:32.194049+00:00,orders.csv
O001525,C00346,2023-07-15,Delivered,2023-07-23,2026-08-09T06:46:32.194049+00:00,orders.csv
O001526,C00033,2023-08-12,Delivered,2023-08-13,2026-08-09T06:46:32.194049+00:00,orders.csv
O001527,C00101,2023-08-16,Delivered,2023-08-21,2026-08-09T06:46:32.194049+00:00,orders.csv
O001528,C00038,2024-12-19,Delivered,2024-12-25,2026-08-09T06:46:32.194049+00:00,orders.csv
O001529,C00129,2024-06-30,placed,,2026-08-09T06:46:32.194049+00:00,orders.csv
O001530,C00223,2024-04-29,CANCELLED,,2026-08-09T06:46:32.194049+00:00,orders.csv
O001531,C00132,2024-11-08,Cancelled,,2026-08-09T06:46:32.194049+00:00,orders.csv
O001532,C00181,2023-08-02,Shipped,,2026-08-09T06:46:32.194049+00:00,orders.csv
O001533,C00294,2024-01-17,Delivered,2024-01-22,2026-08-09T06:46:32.194049+00:00,orders.csv
O001534,C00105,2024-08-09,Delivered,2024-08-17,2026-08-09T06:46:32.194049+00:00,orders.csv
O001535,C00142,2023-01-14,CANCELLED,,2026-08-09T06:46:32.194049+00:00,orders.csv
O001536,C00141,2024-12-23,Delivered,2024-12-31,2026-08-09T06:46:32.194049+00:00,orders.csv
O001537,C00332,2023-07-26,Cancelled,,2026-08-09T06:46:32.194049+00:00,orders.csv
O001538,C00309,2024-03-01,delivered,2024-03-08,2026-08-09T06:46:32.194049+00:00,orders.csv
O001539,C00269,2024-02-08,Delivered,2024-02-09,2026-08-09T06:46:32.194049+00:00,orders.csv
O001540,C00081,2023-08-02,Returned,2023-08-09,2026-08-09T06:46:32.194049+00:00,orders.csv
O001541,C00061,2023-03-15,Shipped,,2026-08-09T06:46:32.194049+00:00,orders.csv
O001542,C00273,2024-03-20,Shipped,,2026-08-09T06:46:32.194049+00:00,orders.csv
O001543,C00380,2023-05-12,Shipped,,2026-08-09T06:46:32.194049+00:00,orders.csv
O001544,C00331,2024-12-02,Delivered,2024-12-04,2026-08-09T06:46:32.194049+00:00,orders.csv
O001545,C00059,2023-11-28,Returned,2023-12-04,2026-08-09T06:46:32.194049+00:00,orders.csv
O001546,C00036,2024-05-07,Shipped,,2026-08-09T06:46:32.194049+00:00,orders.csv
O001547,C00194,2023-09-16,Delivered,2023-09-18,2026-08-09T06:46:32.194049+00:00,orders.csv
O001548,C00107,2023-08-07,Shipped,,2026-08-09T06:46:32.194049+00:00,orders.csv
O001549,C00382,2023-02-23,Cancelled,,2026-08-09T06:46:32.194049+00:00,orders.csv
O001550,C00124,2023-03-29,SHIPPED,,2026-08-09T06:46:32.194049+00:00,orders.csv
O001551,C00330,2024-02-27,Delivered,2024-02-28,2026-08-09T06:46:32.194049+00:00,orders.csv
O001552,C00061,2024-11-18,Delivered,2024-11-23,2026-08-09T06:46:32.194049+00:00,orders.csv
O001553,C00370,2023-03-15,RETURNED,2023-03-16,2026-08-09T06:46:32.194049+00:00,orders.csv
O001554,C00209,2024-03-18,Returned,2024-03-24,2026-08-09T06:46:32.194049+00:00,orders.csv
O001555,C00350,2023-06-22,DELIVERED,2023-06-23,2026-08-09T06:46:32.194049+00:00,orders.csv
O001556,C00138,2023-07-30,SHIPPED,,2026-08-09T06:46:32.194049+00:00,orders.csv
O001557,C00004,2023-04-08,Delivered,2023-04-10,2026-08-09T06:46:32.194049+00:00,orders.csv
O001558,C00056,2024-01-23,delivered,2024-01-29,2026-08-09T06:46:32.194049+00:00,orders.csv
O001559,C00353,2023-09-28,Delivered,2023-10-03,2026-08-09T06:46:32.194049+00:00,orders.csv
O001560,C00016,2024-03-23,Delivered,2024-03-27,2026-08-09T06:46:32.194049+00:00,orders.csv
O001561,C00319,2024-01-15,delivered,2024-01-22,2026-08-09T06:46:32.194049+00:00,orders.csv
O001562,C00312,2023-08-13,Delivered,2023-08-19,2026-08-09T06:46:32.194049+00:00,orders.csv
O001563,C00140,2024-02-22,Delivered,2024-03-03,2026-08-09T06:46:32.194049+00:00,orders.csv
O001564,C00258,2023-12-13,Placed,,2026-08-09T06:46:32.194049+00:00,orders.csv
O001565,C00126,2023-09-10,Placed,,2026-08-09T06:46:32.194049+00:00,orders.csv
O001566,C00125,2023-08-18,Placed,,2026-08-09T06:46:32.194049+00:00,orders.csv
O001567,C00265,2024-04-30,Delivered,2024-05-03,2026-08-09T06:46:32.194049+00:00,orders.csv
O001568,C00334,2024-05-08,CANCELLED,,2026-08-09T06:46:32.194049+00:00,orders.csv
O001569,C00047,2024-03-28,Shipped,,2026-08-09T06:46:32.194049+00:00,orders.csv
O001570,C00118,2023-07-30,Delivered,2023-08-09,2026-08-09T06:46:32.194049+00:00,orders.csv
O001571,C00278,2024-12-20,Delivered,2024-12-22,2026-08-09T06:46:32.194049+00:00,orders.csv
O001572,C00391,2024-08-07,Shipped,,2026-08-09T06:46:32.194049+00:00,orders.csv
O001573,C00256,2023-07-19,Shipped,,2026-08-09T06:46:32.194049+00:00,orders.csv
O001574,C00127,2024-06-30,Delivered,2024-07-09,2026-08-09T06:46:32.194049+00:00,orders.csv
O001575,C00034,2024-07-11,shipped,,2026-08-09T06:46:32.194049+00:00,orders.csv
O001576,C00116,2024-11-02,cancelled,,2026-08-09T06:46:32.194049+00:00,orders.csv
O001577,C00017,2023-07-25,Delivered,2023-07-31,2026-08-09T06:46:32.194049+00:00,orders.csv
O001578,C00102,2023-04-09,Cancelled,,2026-08-09T06:46:32.194049+00:00,orders.csv
O001579,C00134,2023-11-28,Placed,,2026-08-09T06:46:32.194049+00:00,orders.csv
O001580,C00035,2024-12-23,Delivered,2024-12-24,2026-08-09T06:46:32.194049+00:00,orders.csv
O001581,C00295,2023-05-16,Delivered,2023-05-22,2026-08-09T06:46:32.194049+00:00,orders.csv
O001582,C00126,2023-07-12,Placed,,2026-08-09T06:46:32.194049+00:00,orders.csv
O001583,C00271,2024-11-04,Shipped,,2026-08-09T06:46:32.194049+00:00,orders.csv
O001584,C00139,2023-12-10,Delivered,2023-12-17,2026-08-09T06:46:32.194049+00:00,orders.csv
O001585,C00217,2023-06-29,Delivered,2023-06-26,2026-08-09T06:46:32.194049+00:00,orders.csv
O001586,C00339,2024-06-17,Cancelled,,2026-08-09T06:46:32.194049+00:00,orders.csv
O001587,C00050,2024-11-10,Shipped,,2026-08-09T06:46:32.194049+00:00,orders.csv
O001588,C00394,2024-10-31,delivered,2024-11-01,2026-08-09T06:46:32.194049+00:00,orders.csv
O001589,C00190,2023-10-09,cancelled,,2026-08-09T06:46:32.194049+00:00,orders.csv
O001590,C00293,2023-03-02,Returned,2023-03-04,2026-08-09T06:46:32.194049+00:00,orders.csv
O001591,C00345,2023-12-26,SHIPPED,,2026-08-09T06:46:32.194049+00:00,orders.csv
O001592,C00014,2023-06-09,Shipped,,2026-08-09T06:46:32.194049+00:00,orders.csv
O001593,C00067,2024-01-17,Delivered,2024-01-23,2026-08-09T06:46:32.194049+00:00,orders.csv
O001594,C00080,2024-03-23,Shipped,,2026-08-09T06:46:32.194049+00:00,orders.csv
O001595,C00106,2023-03-16,cancelled,,2026-08-09T06:46:32.194049+00:00,orders.csv
O001596,C00397,2024-11-02,Delivered,2024-11-10,2026-08-09T06:46:32.194049+00:00,orders.csv
O001597,C00283,2023-08-17,Delivered,2023-08-25,2026-08-09T06:46:32.194049+00:00,orders.csv
O001598,C00025,2023-04-29,Placed,,2026-08-09T06:46:32.194049+00:00,orders.csv
O001599,C00373,2024-05-19,Delivered,2024-05-20,2026-08-09T06:46:32.194049+00:00,orders.csv
O001600,C00082,2023-11-02,Cancelled,,2026-08-09T06:46:32.194049+00:00,orders.csv
O001601,C00154,2023-03-26,Delivered,2023-03-28,2026-08-09T06:46:32.194049+00:00,orders.csv
O001602,C00168,2024-02-13,Delivered,2024-02-20,2026-08-09T06:46:32.194049+00:00,orders.csv
O001603,C00195,2023-07-08,Delivered,2023-07-11,2026-08-09T06:46:32.194049+00:00,orders.csv
O001604,C00006,2024-12-27,Delivered,2025-01-02,2026-08-09T06:46:32.194049+00:00,orders.csv
O001605,C00396,2024-07-30,Placed,,2026-08-09T06:46:32.194049+00:00,orders.csv
O001606,C00365,2024-01-03,Returned,2024-01-09,2026-08-09T06:46:32.194049+00:00,orders.csv
O001607,C00008,2024-09-11,Delivered,2024-09-21,2026-08-09T06:46:32.194049+00:00,orders.csv
O001608,C00051,2023-05-03,Delivered,2023-05-10,2026-08-09T06:46:32.194049+00:00,orders.csv
O001609,C00077,2023-02-03,Shipped,,2026-08-09T06:46:32.194049+00:00,orders.csv
O001610,C00250,2023-02-16,Placed,,2026-08-09T06:46:32.194049+00:00,orders.csv
O001611,C00170,2024-01-18,Shipped,,2026-08-09T06:46:32.194049+00:00,orders.csv
O001612,C00049,2023-01-23,Delivered,2023-01-30,2026-08-09T06:46:32.194049+00:00,orders.csv
O001613,C00013,2024-06-10,Delivered,2024-06-11,2026-08-09T06:46:32.194049+00:00,orders.csv
O001614,C00085,2023-05-20,Placed,,2026-08-09T06:46:32.194049+00:00,orders.csv
O001615,C00101,2023-05-02,Delivered,2023-05-06,2026-08-09T06:46:32.194049+00:00,orders.csv
O001616,C00396,2024-03-14,Delivered,2024-03-20,2026-08-09T06:46:32.194049+00:00,orders.csv
O001617,C00291,2024-02-21,Delivered,2024-02-24,2026-08-09T06:46:32.194049+00:00,orders.csv
O001618,C00393,2024-07-14,Placed,,2026-08-09T06:46:32.194049+00:00,orders.csv
O001619,C00350,2024-01-23,Delivered,2024-02-01,2026-08-09T06:46:32.194049+00:00,orders.csv
O001620,C00115,2023-01-23,Placed,,2026-08-09T06:46:32.194049+00:00,orders.csv
O001621,C00094,2024-03-23,Delivered,2024-03-30,2026-08-09T06:46:32.194049+00:00,orders.csv
O001622,C00210,2023-07-26,Delivered,2023-08-01,2026-08-09T06:46:32.194049+00:00,orders.csv
O001623,C00146,2023-06-17,delivered,2023-06-21,2026-08-09T06:46:32.194049+00:00,orders.csv
O001624,C00138,2024-05-15,Delivered,2024-05-22,2026-08-09T06:46:32.194049+00:00,orders.csv
O001625,C00028,2023-11-11,Delivered,2023-11-18,2026-08-09T06:46:32.194049+00:00,orders.csv
O001626,C00219,2024-12-29,Shipped,,2026-08-09T06:46:32.194049+00:00,orders.csv
O001627,C00081,2023-05-15,Shipped,,2026-08-09T06:46:32.194049+00:00,orders.csv
O001628,C00082,2024-12-17,Delivered,2024-12-25,2026-08-09T06:46:32.194049+00:00,orders.csv
O001629,C00283,2024-06-26,Placed,,2026-08-09T06:46:32.194049+00:00,orders.csv
O001630,C00242,2024-12-16,Delivered,2024-12-23,2026-08-09T06:46:32.194049+00:00,orders.csv
O001631,C00250,2023-01-28,Cancelled,,2026-08-09T06:46:32.194049+00:00,orders.csv
O001632,C00307,2023-08-06,Cancelled,,2026-08-09T06:46:32.194049+00:00,orders.csv
O001633,C00289,2024-10-17,Delivered,2024-10-24,2026-08-09T06:46:32.194049+00:00,orders.csv
O001634,C00262,2023-04-27,Shipped,,2026-08-09T06:46:32.194049+00:00,orders.csv
O001635,C00171,2023-02-21,Returned,2023-02-23,2026-08-09T06:46:32.194049+00:00,orders.csv
O001636,C00091,2023-08-10,Delivered,2023-08-11,2026-08-09T06:46:32.194049+00:00,orders.csv
O001637,C00332,2023-03-07,Delivered,2023-03-13,2026-08-09T06:46:32.194049+00:00,orders.csv
O001638,C00049,2023-08-11,Delivered,2023-08-20,2026-08-09T06:46:32.194049+00:00,orders.csv
O001639,C00319,2024-06-12,Delivered,2024-06-20,2026-08-09T06:46:32.194049+00:00,orders.csv
O001640,C00215,2024-10-23,DELIVERED,2024-10-25,2026-08-09T06:46:32.194049+00:00,orders.csv
O001641,C00361,2023-07-26,SHIPPED,,2026-08-09T06:46:32.194049+00:00,orders.csv
O001642,C00050,2024-03-08,delivered,2024-03-12,2026-08-09T06:46:32.194049+00:00,orders.csv
O001643,C00158,2024-02-02,delivered,2024-02-08,2026-08-09T06:46:32.194049+00:00,orders.csv
O001644,C00150,2024-03-11,Delivered,2024-03-10,2026-08-09T06:46:32.194049+00:00,orders.csv
O001645,C00315,2024-04-18,Delivered,2024-04-28,2026-08-09T06:46:32.194049+00:00,orders.csv
O001646,C00253,2024-06-14,Returned,2024-06-11,2026-08-09T06:46:32.194049+00:00,orders.csv
O001647,C00174,2023-06-20,Delivered,2023-06-22,2026-08-09T06:46:32.194049+00:00,orders.csv
O001648,C00398,2023-03-26,Placed,,2026-08-09T06:46:32.194049+00:00,orders.csv
O001649,C00310,2024-11-09,returned,2024-11-11,2026-08-09T06:46:32.194049+00:00,orders.csv
O001650,C00374,2024-11-28,Delivered,2024-12-03,2026-08-09T06:46:32.194049+00:00,orders.csv
O001651,C00250,2023-06-15,Returned,2023-06-22,2026-08-09T06:46:32.194049+00:00,orders.csv
O001652,C00394,2023-09-22,Returned,2023-09-30,2026-08-09T06:46:32.194049+00:00,orders.csv
O001653,C00231,2023-02-08,Placed,,2026-08-09T06:46:32.194049+00:00,orders.csv
O001654,C00215,2024-08-08,Delivered,2024-08-14,2026-08-09T06:46:32.194049+00:00,orders.csv
O001655,C00024,2024-09-06,Shipped,,2026-08-09T06:46:32.194049+00:00,orders.csv
O001656,C00028,2023-08-01,Returned,2023-08-04,2026-08-09T06:46:32.194049+00:00,orders.csv
O001657,C00211,2024-05-25,DELIVERED,2024-05-28,2026-08-09T06:46:32.194049+00:00,orders.csv
O001658,C00152,2024-05-22,Delivered,2024-05-23,2026-08-09T06:46:32.194049+00:00,orders.csv
O001659,C00110,2023-07-25,PLACED,,2026-08-09T06:46:32.194049+00:00,orders.csv
O001660,C00194,2024-07-20,Delivered,2024-07-25,2026-08-09T06:46:32.194049+00:00,orders.csv
O001661,C00367,2023-12-10,Placed,,2026-08-09T06:46:32.194049+00:00,orders.csv
O001662,C00206,2024-12-24,Delivered,2024-12-26,2026-08-09T06:46:32.194049+00:00,orders.csv
O001663,C00050,2024-08-08,Delivered,2024-08-13,2026-08-09T06:46:32.194049+00:00,orders.csv
O001664,C00257,2023-03-17,Placed,,2026-08-09T06:46:32.194049+00:00,orders.csv
O001665,C00341,2024-09-11,Delivered,2024-09-14,2026-08-09T06:46:32.194049+00:00,orders.csv
O001666,C00334,2024-09-12,Delivered,2024-09-18,2026-08-09T06:46:32.194049+00:00,orders.csv
O001667,C00082,2023-04-11,Delivered,2023-04-14,2026-08-09T06:46:32.194049+00:00,orders.csv
O001668,C00180,2024-01-02,Placed,,2026-08-09T06:46:32.194049+00:00,orders.csv
O001669,C00054,2024-03-21,Delivered,2024-03-22,2026-08-09T06:46:32.194049+00:00,orders.csv
O001670,C00228,2023-06-23,Delivered,2023-07-02,2026-08-09T06:46:32.194049+00:00,orders.csv
O001671,C00332,2023-11-22,delivered,2023-12-02,2026-08-09T06:46:32.194049+00:00,orders.csv
O001672,C00323,2023-01-26,placed,,2026-08-09T06:46:32.194049+00:00,orders.csv
O001673,C00241,2024-02-01,Delivered,2024-02-11,2026-08-09T06:46:32.194049+00:00,orders.csv
O001674,C00330,2024-06-29,placed,,2026-08-09T06:46:32.194049+00:00,orders.csv
O001675,C00379,2024-06-19,Delivered,2024-06-25,2026-08-09T06:46:32.194049+00:00,orders.csv
O001676,C00181,2023-05-25,SHIPPED,,2026-08-09T06:46:32.194049+00:00,orders.csv
O001677,C00028,2024-02-16,DELIVERED,2024-02-19,2026-08-09T06:46:32.194049+00:00,orders.csv
O001678,C00321,2023-02-12,Delivered,2023-02-11,2026-08-09T06:46:32.194049+00:00,orders.csv
O001679,C00163,2024-04-25,delivered,2024-05-03,2026-08-09T06:46:32.194049+00:00,orders.csv
O001680,C00372,2024-09-03,Cancelled,,2026-08-09T06:46:32.194049+00:00,orders.csv
O001681,C00176,2023-03-09,Delivered,2023-03-18,2026-08-09T06:46:32.194049+00:00,orders.csv
O001682,C00146,2024-11-01,Returned,2024-11-08,2026-08-09T06:46:32.194049+00:00,orders.csv
O001683,C00372,2024-04-16,Delivered,2024-04-25,2026-08-09T06:46:32.194049+00:00,orders.csv
O001684,C00381,2024-03-16,Delivered,2024-03-17,2026-08-09T06:46:32.194049+00:00,orders.csv
O001685,C00252,2023-06-19,PLACED,,2026-08-09T06:46:32.194049+00:00,orders.csv
O001686,C00099,2023-11-19,Delivered,2023-11-20,2026-08-09T06:46:32.194049+00:00,orders.csv
O001687,C00215,2023-12-26,Delivered,2023-12-27,2026-08-09T06:46:32.194049+00:00,orders.csv
O001688,C00252,2024-09-02,Delivered,2024-09-06,2026-08-09T06:46:32.194049+00:00,orders.csv
O001689,C00066,2024-02-15,Shipped,,2026-08-09T06:46:32.194049+00:00,orders.csv
O001690,C00026,2023-08-17,Shipped,,2026-08-09T06:46:32.194049+00:00,orders.csv
O001691,C00393,2023-03-24,shipped,,2026-08-09T06:46:32.194049+00:00,orders.csv
O001692,C00219,2023-05-19,Shipped,,2026-08-09T06:46:32.194049+00:00,orders.csv
O001693,C00211,2023-06-20,delivered,2023-06-21,2026-08-09T06:46:32.194049+00:00,orders.csv
O001694,C00366,2024-08-26,Returned,2024-08-30,2026-08-09T06:46:32.194049+00:00,orders.csv
O001695,C00116,2023-12-10,Delivered,2023-12-20,2026-08-09T06:46:32.194049+00:00,orders.csv
O001696,C00394,2023-08-09,Delivered,2023-08-18,2026-08-09T06:46:32.194049+00:00,orders.csv
O001697,C00199,2024-11-04,delivered,2024-11-14,2026-08-09T06:46:32.194049+00:00,orders.csv
O001698,C00398,2024-01-23,Shipped,,2026-08-09T06:46:32.194049+00:00,orders.csv
O001699,C00389,2023-10-20,Delivered,2023-10-29,2026-08-09T06:46:32.194049+00:00,orders.csv
O001700,C00281,2023-02-09,Cancelled,,2026-08-09T06:46:32.194049+00:00,orders.csv
O001701,C00089,2023-12-14,Cancelled,,2026-08-09T06:46:32.194049+00:00,orders.csv
O001702,C00263,2024-05-30,Shipped,,2026-08-09T06:46:32.194049+00:00,orders.csv
O001703,C00165,2024-03-29,Delivered,2024-04-06,2026-08-09T06:46:32.194049+00:00,orders.csv
O001704,C00235,2024-04-07,Placed,,2026-08-09T06:46:32.194049+00:00,orders.csv
O001705,C00127,2023-11-22,Placed,,2026-08-09T06:46:32.194049+00:00,orders.csv
O001706,C00361,2023-09-07,Delivered,2023-09-11,2026-08-09T06:46:32.194049+00:00,orders.csv
O001707,C00091,2023-09-01,Delivered,2023-09-11,2026-08-09T06:46:32.194049+00:00,orders.csv
O001708,C00238,2024-12-29,Shipped,,2026-08-09T06:46:32.194049+00:00,orders.csv
O001709,C00342,2024-11-11,delivered,2024-11-13,2026-08-09T06:46:32.194049+00:00,orders.csv
O001710,C00059,2023-06-23,DELIVERED,2023-06-25,2026-08-09T06:46:32.194049+00:00,orders.csv
O001711,C00387,2024-05-05,Delivered,2024-05-13,2026-08-09T06:46:32.194049+00:00,orders.csv
O001712,C00060,2023-04-13,Returned,2023-04-21,2026-08-09T06:46:32.194049+00:00,orders.csv
O001713,C00102,2024-06-29,delivered,2024-06-30,2026-08-09T06:46:32.194049+00:00,orders.csv
O001714,C00025,2023-03-24,Delivered,2023-03-30,2026-08-09T06:46:32.194049+00:00,orders.csv
O001715,C00006,2024-03-14,Placed,,2026-08-09T06:46:32.194049+00:00,orders.csv
O001716,C00077,2023-05-25,Shipped,,2026-08-09T06:46:32.194049+00:00,orders.csv
O001717,C00311,2024-03-27,shipped,,2026-08-09T06:46:32.194049+00:00,orders.csv
O001718,C00008,2023-08-11,Returned,2023-08-16,2026-08-09T06:46:32.194049+00:00,orders.csv
O001719,C00311,2023-06-30,Delivered,2023-07-01,2026-08-09T06:46:32.194049+00:00,orders.csv
O001720,C00226,2024-12-01,Shipped,,2026-08-09T06:46:32.194049+00:00,orders.csv
O001721,C00197,2023-09-26,Placed,,2026-08-09T06:46:32.194049+00:00,orders.csv
O001722,C00215,2023-08-25,Placed,,2026-08-09T06:46:32.194049+00:00,orders.csv
O001723,C00269,2023-05-29,Shipped,,2026-08-09T06:46:32.194049+00:00,orders.csv
O001724,C00256,2024-07-10,Shipped,,2026-08-09T06:46:32.194049+00:00,orders.csv
O001725,C00076,2024-10-29,Cancelled,,2026-08-09T06:46:32.194049+00:00,orders.csv
O001726,C00141,2023-11-20,returned,2023-11-22,2026-08-09T06:46:32.194049+00:00,orders.csv
O001727,C00357,2023-08-05,Cancelled,,2026-08-09T06:46:32.194049+00:00,orders.csv
O001728,C00096,2023-12-27,Cancelled,,2026-08-09T06:46:32.194049+00:00,orders.csv
O001729,C00170,2024-06-22,Delivered,2024-06-23,2026-08-09T06:46:32.194049+00:00,orders.csv
O001730,C00012,2024-05-20,Shipped,,2026-08-09T06:46:32.194049+00:00,orders.csv
O001731,C00295,2023-09-05,Delivered,2023-09-11,2026-08-09T06:46:32.194049+00:00,orders.csv
O001732,C00316,2023-02-27,delivered,2023-03-04,2026-08-09T06:46:32.194049+00:00,orders.csv
O001733,C00065,2023-06-06,Cancelled,,2026-08-09T06:46:32.194049+00:00,orders.csv
O001734,C00131,2023-04-19,CANCELLED,,2026-08-09T06:46:32.194049+00:00,orders.csv
O001735,C00240,2024-12-24,delivered,2024-12-28,2026-08-09T06:46:32.194049+00:00,orders.csv
O001736,C00089,2023-08-11,delivered,2023-08-21,2026-08-09T06:46:32.194049+00:00,orders.csv
O001737,C00035,2024-10-06,CANCELLED,,2026-08-09T06:46:32.194049+00:00,orders.csv
O001738,C00309,2023-12-03,Returned,2023-12-10,2026-08-09T06:46:32.194049+00:00,orders.csv
O001739,C00048,2024-04-26,Returned,2024-05-04,2026-08-09T06:46:32.194049+00:00,orders.csv
O001740,C00179,2024-12-24,Delivered,2024-12-27,2026-08-09T06:46:32.194049+00:00,orders.csv
O001741,C00246,2023-07-09,Delivered,2023-07-10,2026-08-09T06:46:32.194049+00:00,orders.csv
O001742,C00321,2023-10-31,Cancelled,,2026-08-09T06:46:32.194049+00:00,orders.csv
O001743,C00010,2024-01-12,Delivered,2024-01-19,2026-08-09T06:46:32.194049+00:00,orders.csv
O001744,C00194,2023-12-11,returned,2023-12-13,2026-08-09T06:46:32.194049+00:00,orders.csv
O001745,C00070,2023-05-18,Cancelled,,2026-08-09T06:46:32.194049+00:00,orders.csv
O001746,C00247,2024-11-14,placed,,2026-08-09T06:46:32.194049+00:00,orders.csv
O001747,C00311,2024-12-29,Delivered,2025-01-05,2026-08-09T06:46:32.194049+00:00,orders.csv
O001748,C00034,2023-04-06,Delivered,2023-04-10,2026-08-09T06:46:32.194049+00:00,orders.csv
O001749,C00063,2023-05-10,Delivered,2023-05-08,2026-08-09T06:46:32.194049+00:00,orders.csv
O001750,C00354,2024-11-21,Delivered,2024-11-25,2026-08-09T06:46:32.194049+00:00,orders.csv
O001751,C00324,2023-10-19,DELIVERED,2023-10-28,2026-08-09T06:46:32.194049+00:00,orders.csv
O001752,C00028,2024-08-14,Shipped,,2026-08-09T06:46:32.194049+00:00,orders.csv
O001753,C00400,2024-03-08,Delivered,2024-03-10,2026-08-09T06:46:32.194049+00:00,orders.csv
O001754,C00377,2023-10-08,Delivered,2023-10-12,2026-08-09T06:46:32.194049+00:00,orders.csv
O001755,C00062,2024-09-17,DELIVERED,2024-09-25,2026-08-09T06:46:32.194049+00:00,orders.csv
O001756,C00281,2023-09-25,DELIVERED,2023-09-29,2026-08-09T06:46:32.194049+00:00,orders.csv
O001757,C00369,2023-11-30,delivered,2023-12-01,2026-08-09T06:46:32.194049+00:00,orders.csv
O001758,C00148,2024-03-21,delivered,2024-03-27,2026-08-09T06:46:32.194049+00:00,orders.csv
O001759,C00112,2024-12-25,Delivered,2024-12-31,2026-08-09T06:46:32.194049+00:00,orders.csv
O001760,C00098,2024-12-20,Delivered,2024-12-28,2026-08-09T06:46:32.194049+00:00,orders.csv
O001761,C00235,2023-09-04,Delivered,2023-09-12,2026-08-09T06:46:32.194049+00:00,orders.csv
O001762,C00394,2023-09-13,Delivered,2023-09-20,2026-08-09T06:46:32.194049+00:00,orders.csv
O001763,C00045,2023-12-26,Placed,,2026-08-09T06:46:32.194049+00:00,orders.csv
O001764,C00348,2024-03-25,Delivered,2024-03-27,2026-08-09T06:46:32.194049+00:00,orders.csv
O001765,C00338,2024-12-26,Delivered,2025-01-03,2026-08-09T06:46:32.194049+00:00,orders.csv
O001766,C00213,2023-09-17,Delivered,2023-09-27,2026-08-09T06:46:32.194049+00:00,orders.csv
O001767,C00320,2023-04-01,Delivered,2023-04-02,2026-08-09T06:46:32.194049+00:00,orders.csv
O001768,C00126,2023-06-27,Cancelled,,2026-08-09T06:46:32.194049+00:00,orders.csv
O001769,C00026,2024-01-19,Delivered,2024-01-23,2026-08-09T06:46:32.194049+00:00,orders.csv
O001770,C00163,2024-05-02,Delivered,2024-05-07,2026-08-09T06:46:32.194049+00:00,orders.csv
O001771,C00292,2024-03-31,shipped,,2026-08-09T06:46:32.194049+00:00,orders.csv
O001772,C00214,2023-02-04,Delivered,2023-02-13,2026-08-09T06:46:32.194049+00:00,orders.csv
O001773,C00131,2023-07-04,cancelled,,2026-08-09T06:46:32.194049+00:00,orders.csv
O001774,C00015,2023-03-03,Cancelled,,2026-08-09T06:46:32.194049+00:00,orders.csv
O001775,C00306,2023-03-24,Delivered,2023-03-30,2026-08-09T06:46:32.194049+00:00,orders.csv
O001776,C00058,2024-02-23,delivered,2024-03-04,2026-08-09T06:46:32.194049+00:00,orders.csv
O001777,C00106,2024-06-23,Delivered,2024-06-26,2026-08-09T06:46:32.194049+00:00,orders.csv
O001778,C00314,2023-01-18,Delivered,2023-01-22,2026-08-09T06:46:32.194049+00:00,orders.csv
O001779,C00331,2023-11-11,Cancelled,,2026-08-09T06:46:32.194049+00:00,orders.csv
O001780,C00399,2023-12-14,Delivered,2023-12-19,2026-08-09T06:46:32.194049+00:00,orders.csv
O001781,C00167,2023-04-16,Returned,2023-04-19,2026-08-09T06:46:32.194049+00:00,orders.csv
O001782,C00062,2024-11-29,Delivered,2024-12-07,2026-08-09T06:46:32.194049+00:00,orders.csv
O001783,C00096,2023-03-20,delivered,2023-03-29,2026-08-09T06:46:32.194049+00:00,orders.csv
O001784,C00129,2024-07-04,Delivered,2024-07-12,2026-08-09T06:46:32.194049+00:00,orders.csv
O001785,C00210,2024-01-20,Delivered,2024-01-22,2026-08-09T06:46:32.194049+00:00,orders.csv
O001786,C00352,2023-04-04,Cancelled,,2026-08-09T06:46:32.194049+00:00,orders.csv
O001787,C00094,2024-01-30,Delivered,2024-02-02,2026-08-09T06:46:32.194049+00:00,orders.csv
O001788,C00332,2023-02-23,DELIVERED,2023-03-04,2026-08-09T06:46:32.194049+00:00,orders.csv
O001789,C00263,2023-03-06,shipped,,2026-08-09T06:46:32.194049+00:00,orders.csv
O001790,C00317,2024-02-22,Delivered,2024-02-28,2026-08-09T06:46:32.194049+00:00,orders.csv
O001791,C00133,2024-09-03,Placed,,2026-08-09T06:46:32.194049+00:00,orders.csv
O001792,C00216,2024-12-12,Returned,2024-12-22,2026-08-09T06:46:32.194049+00:00,orders.csv
O001793,C00158,2024-11-11,Shipped,,2026-08-09T06:46:32.194049+00:00,orders.csv
O001794,C00311,2024-09-25,Delivered,2024-09-26,2026-08-09T06:46:32.194049+00:00,orders.csv
O001795,C00234,2024-10-10,DELIVERED,2024-10-19,2026-08-09T06:46:32.194049+00:00,orders.csv
O001796,C00069,2023-02-17,Delivered,2023-02-22,2026-08-09T06:46:32.194049+00:00,orders.csv
O001797,C00392,2023-02-15,Delivered,2023-02-16,2026-08-09T06:46:32.194049+00:00,orders.csv
O001798,C00248,2023-01-30,Delivered,2023-01-28,2026-08-09T06:46:32.194049+00:00,orders.csv
O001799,C00395,2024-08-16,delivered,2024-08-23,2026-08-09T06:46:32.194049+00:00,orders.csv
O001800,C00215,2024-05-18,Delivered,2024-05-25,2026-08-09T06:46:32.194049+00:00,orders.csv
O001801,C00087,2023-05-22,PLACED,,2026-08-09T06:46:32.194049+00:00,orders.csv
O001802,C00339,2024-11-12,CANCELLED,,2026-08-09T06:46:32.194049+00:00,orders.csv
O001803,C00361,2024-08-23,Delivered,2024-09-02,2026-08-09T06:46:32.194049+00:00,orders.csv
O001804,C00301,2023-02-18,Shipped,,2026-08-09T06:46:32.194049+00:00,orders.csv
O001805,C00148,2023-02-27,Delivered,2023-03-06,2026-08-09T06:46:32.194049+00:00,orders.csv
O001806,C00176,2024-01-25,DELIVERED,2024-01-28,2026-08-09T06:46:32.194049+00:00,orders.csv
O001807,C00277,2023-09-09,Shipped,,2026-08-09T06:46:32.194049+00:00,orders.csv
O001808,C00209,2023-01-19,Returned,2023-01-28,2026-08-09T06:46:32.194049+00:00,orders.csv
O001809,C00070,2023-07-25,Returned,2023-07-31,2026-08-09T06:46:32.194049+00:00,orders.csv
O001810,C00336,2024-12-03,Delivered,2024-12-12,2026-08-09T06:46:32.194049+00:00,orders.csv
O001811,C00255,2024-05-19,Delivered,2024-05-29,2026-08-09T06:46:32.194049+00:00,orders.csv
O001812,C00012,2023-09-01,CANCELLED,,2026-08-09T06:46:32.194049+00:00,orders.csv
O001813,C00281,2023-12-02,Delivered,2023-12-05,2026-08-09T06:46:32.194049+00:00,orders.csv
O001814,C00372,2024-09-06,Delivered,2024-09-07,2026-08-09T06:46:32.194049+00:00,orders.csv
O001815,C00245,2023-07-21,delivered,2023-07-25,2026-08-09T06:46:32.194049+00:00,orders.csv
O001816,C00192,2023-12-01,Delivered,2023-12-07,2026-08-09T06:46:32.194049+00:00,orders.csv
O001817,C00298,2024-02-17,Delivered,2024-02-18,2026-08-09T06:46:32.194049+00:00,orders.csv
O001818,C00082,2023-06-06,Cancelled,,2026-08-09T06:46:32.194049+00:00,orders.csv
O001819,C00370,2024-10-26,Shipped,,2026-08-09T06:46:32.194049+00:00,orders.csv
O001820,C00282,2024-07-16,PLACED,,2026-08-09T06:46:32.194049+00:00,orders.csv
O001821,C00028,2024-05-07,Placed,,2026-08-09T06:46:32.194049+00:00,orders.csv
O001822,C00005,2024-01-19,Placed,,2026-08-09T06:46:32.194049+00:00,orders.csv
O001823,C00339,2024-09-26,Shipped,,2026-08-09T06:46:32.194049+00:00,orders.csv
O001824,C00356,2024-03-20,Delivered,2024-03-21,2026-08-09T06:46:32.194049+00:00,orders.csv
O001825,C00264,2024-03-18,Delivered,2024-03-24,2026-08-09T06:46:32.194049+00:00,orders.csv
O001826,C00263,2024-05-13,Returned,2024-05-18,2026-08-09T06:46:32.194049+00:00,orders.csv
O001827,C00173,2024-10-20,Delivered,2024-10-25,2026-08-09T06:46:32.194049+00:00,orders.csv
O001828,C00088,2024-05-27,delivered,2024-06-01,2026-08-09T06:46:32.194049+00:00,orders.csv
O001829,C00084,2024-07-03,Returned,2024-07-04,2026-08-09T06:46:32.194049+00:00,orders.csv
O001830,C00319,2023-02-15,Delivered,2023-02-20,2026-08-09T06:46:32.194049+00:00,orders.csv
O001831,C00163,2023-08-07,Delivered,2023-08-06,2026-08-09T06:46:32.194049+00:00,orders.csv
O001832,C00380,2024-12-11,returned,2024-12-17,2026-08-09T06:46:32.194049+00:00,orders.csv
O001833,C00236,2024-01-17,Placed,,2026-08-09T06:46:32.194049+00:00,orders.csv
O001834,C00041,2024-11-25,DELIVERED,2024-12-03,2026-08-09T06:46:32.194049+00:00,orders.csv
O001835,C00057,2023-04-11,cancelled,,2026-08-09T06:46:32.194049+00:00,orders.csv
O001836,C00146,2023-07-22,Delivered,2023-07-28,2026-08-09T06:46:32.194049+00:00,orders.csv
O001837,C00222,2023-07-18,Placed,,2026-08-09T06:46:32.194049+00:00,orders.csv
O001838,C00230,2023-06-18,Delivered,2023-06-22,2026-08-09T06:46:32.194049+00:00,orders.csv
O001839,C00150,2024-06-16,Shipped,,2026-08-09T06:46:32.194049+00:00,orders.csv
O001840,C00362,2023-08-22,Delivered,2023-08-28,2026-08-09T06:46:32.194049+00:00,orders.csv
O001841,C00198,2024-03-01,Cancelled,,2026-08-09T06:46:32.194049+00:00,orders.csv
O001842,C00328,2023-04-17,Cancelled,,2026-08-09T06:46:32.194049+00:00,orders.csv
O001843,C00158,2024-01-22,Returned,2024-01-31,2026-08-09T06:46:32.194049+00:00,orders.csv
O001844,C00383,2023-11-23,Returned,2023-11-28,2026-08-09T06:46:32.194049+00:00,orders.csv
O001845,C00226,2024-12-05,Delivered,2024-12-11,2026-08-09T06:46:32.194049+00:00,orders.csv
O001846,C00109,2023-08-10,Cancelled,,2026-08-09T06:46:32.194049+00:00,orders.csv
O001847,C00247,2023-09-25,Shipped,,2026-08-09T06:46:32.194049+00:00,orders.csv
O001848,C00202,2024-06-04,Cancelled,,2026-08-09T06:46:32.194049+00:00,orders.csv
O001849,C00040,2023-08-31,Delivered,2023-08-29,2026-08-09T06:46:32.194049+00:00,orders.csv
O001850,C00232,2024-07-28,delivered,2024-08-07,2026-08-09T06:46:32.194049+00:00,orders.csv
O001851,C00076,2023-09-20,Delivered,2023-09-30,2026-08-09T06:46:32.194049+00:00,orders.csv
O001852,C00151,2024-12-27,Delivered,2024-12-30,2026-08-09T06:46:32.194049+00:00,orders.csv
O001853,C00263,2023-05-07,Placed,,2026-08-09T06:46:32.194049+00:00,orders.csv
O001854,C00348,2024-08-16,delivered,2024-08-19,2026-08-09T06:46:32.194049+00:00,orders.csv
O001855,C00076,2023-01-04,Shipped,,2026-08-09T06:46:32.194049+00:00,orders.csv
O001856,C00339,2024-06-10,Shipped,,2026-08-09T06:46:32.194049+00:00,orders.csv
O001857,C00115,2024-11-29,delivered,2024-12-07,2026-08-09T06:46:32.194049+00:00,orders.csv
O001858,C00161,2023-12-20,PLACED,,2026-08-09T06:46:32.194049+00:00,orders.csv
O001859,C00376,2024-06-09,Delivered,2024-06-08,2026-08-09T06:46:32.194049+00:00,orders.csv
O001860,C00140,2023-01-28,Placed,,2026-08-09T06:46:32.194049+00:00,orders.csv
O001861,C00290,2024-07-07,Delivered,2024-07-17,2026-08-09T06:46:32.194049+00:00,orders.csv
O001862,C00319,2024-04-13,Cancelled,,2026-08-09T06:46:32.194049+00:00,orders.csv
O001863,C00230,2023-11-29,Cancelled,,2026-08-09T06:46:32.194049+00:00,orders.csv
O001864,C00320,2024-04-07,Cancelled,,2026-08-09T06:46:32.194049+00:00,orders.csv
O001865,C00140,2024-03-25,Cancelled,,2026-08-09T06:46:32.194049+00:00,orders.csv
O001866,C00328,2024-01-04,Delivered,2024-01-12,2026-08-09T06:46:32.194049+00:00,orders.csv
O001867,C00322,2024-04-29,Delivered,2024-05-04,2026-08-09T06:46:32.194049+00:00,orders.csv
O001868,C00201,2023-10-31,Delivered,2023-11-01,2026-08-09T06:46:32.194049+00:00,orders.csv
O001869,C00335,2024-01-25,Cancelled,,2026-08-09T06:46:32.194049+00:00,orders.csv
O001870,C00099,2024-09-03,Returned,2024-09-10,2026-08-09T06:46:32.194049+00:00,orders.csv
O001871,C00398,2024-03-27,Delivered,2024-03-28,2026-08-09T06:46:32.194049+00:00,orders.csv
O001872,C00093,2023-07-08,Placed,,2026-08-09T06:46:32.194049+00:00,orders.csv
O001873,C00065,2023-05-14,DELIVERED,2023-05-21,2026-08-09T06:46:32.194049+00:00,orders.csv
O001874,C00152,2023-08-09,Delivered,2023-08-14,2026-08-09T06:46:32.194049+00:00,orders.csv
O001875,C00224,2023-12-16,Delivered,2023-12-19,2026-08-09T06:46:32.194049+00:00,orders.csv
O001876,C00003,2023-02-19,Delivered,2023-02-24,2026-08-09T06:46:32.194049+00:00,orders.csv
O001877,C00268,2023-06-20,Delivered,2023-06-23,2026-08-09T06:46:32.194049+00:00,orders.csv
O001878,C00223,2023-11-06,Delivered,2023-11-14,2026-08-09T06:46:32.194049+00:00,orders.csv
O001879,C00247,2024-05-07,cancelled,,2026-08-09T06:46:32.194049+00:00,orders.csv
O001880,C00097,2024-05-23,Cancelled,,2026-08-09T06:46:32.194049+00:00,orders.csv
O001881,C00180,2024-08-14,DELIVERED,2024-08-18,2026-08-09T06:46:32.194049+00:00,orders.csv
O001882,C00134,2024-12-19,Shipped,,2026-08-09T06:46:32.194049+00:00,orders.csv
O001883,C00380,2024-01-05,Delivered,2024-01-12,2026-08-09T06:46:32.194049+00:00,orders.csv
O001884,C00092,2023-04-11,Shipped,,2026-08-09T06:46:32.194049+00:00,orders.csv
O001885,C00042,2023-07-13,Placed,,2026-08-09T06:46:32.194049+00:00,orders.csv
O001886,C00289,2024-04-01,shipped,,2026-08-09T06:46:32.194049+00:00,orders.csv
O001887,C00143,2023-04-13,delivered,2023-04-14,2026-08-09T06:46:32.194049+00:00,orders.csv
O001888,C00027,2024-07-16,Shipped,,2026-08-09T06:46:32.194049+00:00,orders.csv
O001889,C00177,2024-05-03,DELIVERED,2024-05-09,2026-08-09T06:46:32.194049+00:00,orders.csv
O001890,C00182,2023-06-18,Cancelled,,2026-08-09T06:46:32.194049+00:00,orders.csv
O001891,C00385,2023-05-14,Delivered,2023-05-23,2026-08-09T06:46:32.194049+00:00,orders.csv
O001892,C00189,2024-04-05,Delivered,2024-04-13,2026-08-09T06:46:32.194049+00:00,orders.csv
O001893,C00097,2024-05-22,Delivered,2024-05-28,2026-08-09T06:46:32.194049+00:00,orders.csv
O001894,C00061,2024-08-08,Delivered,2024-08-17,2026-08-09T06:46:32.194049+00:00,orders.csv
O001895,C00220,2024-09-07,Delivered,2024-09-11,2026-08-09T06:46:32.194049+00:00,orders.csv
O001896,C00052,2024-08-31,Returned,2024-09-10,2026-08-09T06:46:32.194049+00:00,orders.csv
O001897,C00287,2023-03-02,DELIVERED,2023-03-04,2026-08-09T06:46:32.194049+00:00,orders.csv
O001898,C00240,2024-02-10,Cancelled,,2026-08-09T06:46:32.194049+00:00,orders.csv
O001899,C00349,2023-08-11,Delivered,2023-08-16,2026-08-09T06:46:32.194049+00:00,orders.csv
O001900,C00003,2024-05-03,Returned,2024-05-02,2026-08-09T06:46:32.194049+00:00,orders.csv
O001901,C00187,2024-02-17,Placed,,2026-08-09T06:46:32.194049+00:00,orders.csv
O001902,C00006,2024-02-21,Cancelled,,2026-08-09T06:46:32.194049+00:00,orders.csv
O001903,C00236,2023-06-30,Shipped,,2026-08-09T06:46:32.194049+00:00,orders.csv
O001904,C00063,2023-08-25,delivered,2023-08-29,2026-08-09T06:46:32.194049+00:00,orders.csv
O001905,C00207,2023-12-09,Shipped,,2026-08-09T06:46:32.194049+00:00,orders.csv
O001906,C00003,2023-08-27,Delivered,2023-08-31,2026-08-09T06:46:32.194049+00:00,orders.csv
O001907,C00145,2023-09-17,Delivered,2023-09-21,2026-08-09T06:46:32.194049+00:00,orders.csv
O001908,C00004,2024-05-14,Delivered,2024-05-23,2026-08-09T06:46:32.194049+00:00,orders.csv
O001909,C00298,2024-10-11,delivered,2024-10-17,2026-08-09T06:46:32.194049+00:00,orders.csv
O001910,C00183,2024-01-17,Shipped,,2026-08-09T06:46:32.194049+00:00,orders.csv
O001911,C00199,2023-09-13,Cancelled,,2026-08-09T06:46:32.194049+00:00,orders.csv
O001912,C00015,2024-09-23,Shipped,,2026-08-09T06:46:32.194049+00:00,orders.csv
O001913,C00071,2023-10-12,Shipped,,2026-08-09T06:46:32.194049+00:00,orders.csv
O001914,C00297,2023-01-01,DELIVERED,2023-01-06,2026-08-09T06:46:32.194049+00:00,orders.csv
O001915,C00363,2023-03-21,Shipped,,2026-08-09T06:46:32.194049+00:00,orders.csv
O001916,C00219,2023-04-09,Delivered,2023-04-17,2026-08-09T06:46:32.194049+00:00,orders.csv
O001917,C00122,2024-02-05,Shipped,,2026-08-09T06:46:32.194049+00:00,orders.csv
O001918,C00238,2023-12-27,Delivered,2024-01-03,2026-08-09T06:46:32.194049+00:00,orders.csv
O001919,C00311,2023-12-09,Delivered,2023-12-12,2026-08-09T06:46:32.194049+00:00,orders.csv
O001920,C00315,2023-01-02,returned,2023-01-10,2026-08-09T06:46:32.194049+00:00,orders.csv
O001921,C00349,2024-12-30,Returned,2025-01-06,2026-08-09T06:46:32.194049+00:00,orders.csv
O001922,C00134,2023-09-24,Delivered,2023-10-01,2026-08-09T06:46:32.194049+00:00,orders.csv
O001923,C00391,2024-11-15,Delivered,2024-11-19,2026-08-09T06:46:32.194049+00:00,orders.csv
O001924,C00338,2023-01-17,Shipped,,2026-08-09T06:46:32.194049+00:00,orders.csv
O001925,C00092,2024-11-24,Placed,,2026-08-09T06:46:32.194049+00:00,orders.csv
O001926,C00188,2023-02-28,Returned,2023-03-05,2026-08-09T06:46:32.194049+00:00,orders.csv
O001927,C00022,2024-08-27,Delivered,2024-08-28,2026-08-09T06:46:32.194049+00:00,orders.csv
O001928,C00160,2024-05-04,DELIVERED,2024-05-05,2026-08-09T06:46:32.194049+00:00,orders.csv
O001929,C00061,2023-11-11,Returned,2023-11-19,2026-08-09T06:46:32.194049+00:00,orders.csv
O001930,C00359,2023-06-06,Delivered,2023-06-12,2026-08-09T06:46:32.194049+00:00,orders.csv
O001931,C00314,2023-02-09,Delivered,2023-02-11,2026-08-09T06:46:32.194049+00:00,orders.csv
O001932,C00294,2023-02-14,Shipped,,2026-08-09T06:46:32.194049+00:00,orders.csv
O001933,C00278,2024-02-17,Placed,,2026-08-09T06:46:32.194049+00:00,orders.csv
O001934,C00087,2024-05-14,Delivered,2024-05-22,2026-08-09T06:46:32.194049+00:00,orders.csv
O001935,C00382,2024-03-02,Delivered,2024-03-12,2026-08-09T06:46:32.194049+00:00,orders.csv
O001936,C00040,2024-02-07,Delivered,2024-02-15,2026-08-09T06:46:32.194049+00:00,orders.csv
O001937,C00081,2023-04-23,placed,,2026-08-09T06:46:32.194049+00:00,orders.csv
O001938,C00400,2023-09-12,Delivered,2023-09-13,2026-08-09T06:46:32.194049+00:00,orders.csv
O001939,C00186,2023-05-08,Cancelled,,2026-08-09T06:46:32.194049+00:00,orders.csv
O001940,C00205,2024-05-12,Delivered,2024-05-16,2026-08-09T06:46:32.194049+00:00,orders.csv
O001941,C00159,2023-07-22,DELIVERED,2023-07-20,2026-08-09T06:46:32.194049+00:00,orders.csv
O001942,C00070,2023-04-29,Cancelled,,2026-08-09T06:46:32.194049+00:00,orders.csv
O001943,C00385,2024-04-09,Delivered,2024-04-17,2026-08-09T06:46:32.194049+00:00,orders.csv
O001944,C00125,2024-02-04,DELIVERED,2024-02-12,2026-08-09T06:46:32.194049+00:00,orders.csv
O001945,C00061,2024-06-21,Placed,,2026-08-09T06:46:32.194049+00:00,orders.csv
O001946,C00368,2024-10-07,returned,2024-10-08,2026-08-09T06:46:32.194049+00:00,orders.csv
O001947,C00335,2023-02-07,Placed,,2026-08-09T06:46:32.194049+00:00,orders.csv
O001948,C00090,2023-10-25,Delivered,2023-11-03,2026-08-09T06:46:32.194049+00:00,orders.csv
O001949,C00263,2024-04-11,placed,,2026-08-09T06:46:32.194049+00:00,orders.csv
O001950,C00341,2023-02-07,DELIVERED,2023-02-15,2026-08-09T06:46:32.194049+00:00,orders.csv
O001951,C00109,2024-03-09,Delivered,2024-03-18,2026-08-09T06:46:32.194049+00:00,orders.csv
O001952,C00202,2023-02-26,Delivered,2023-03-08,2026-08-09T06:46:32.194049+00:00,orders.csv
O001953,C00242,2023-11-07,delivered,2023-11-10,2026-08-09T06:46:32.194049+00:00,orders.csv
O001954,C00231,2024-11-08,cancelled,,2026-08-09T06:46:32.194049+00:00,orders.csv
O001955,C00089,2024-03-26,Delivered,2024-04-04,2026-08-09T06:46:32.194049+00:00,orders.csv
O001956,C00060,2024-08-24,Delivered,2024-08-30,2026-08-09T06:46:32.194049+00:00,orders.csv
O001957,C00119,2023-08-25,Delivered,2023-08-28,2026-08-09T06:46:32.194049+00:00,orders.csv
O001958,C00280,2024-08-20,DELIVERED,2024-08-26,2026-08-09T06:46:32.194049+00:00,orders.csv
O001959,C00271,2024-11-14,Placed,,2026-08-09T06:46:32.194049+00:00,orders.csv
O001960,C00363,2023-07-17,Delivered,2023-07-27,2026-08-09T06:46:32.194049+00:00,orders.csv
O001961,C00202,2023-02-18,Delivered,2023-02-22,2026-08-09T06:46:32.194049+00:00,orders.csv
O001962,C00195,2023-08-12,Placed,,2026-08-09T06:46:32.194049+00:00,orders.csv
O001963,C00246,2024-10-05,Cancelled,,2026-08-09T06:46:32.194049+00:00,orders.csv
O001964,C00008,2023-01-22,shipped,,2026-08-09T06:46:32.194049+00:00,orders.csv
O001965,C00206,2023-04-30,Delivered,2023-05-09,2026-08-09T06:46:32.194049+00:00,orders.csv
O001966,C00366,2023-09-07,Shipped,,2026-08-09T06:46:32.194049+00:00,orders.csv
O001967,C00237,2023-07-03,Shipped,,2026-08-09T06:46:32.194049+00:00,orders.csv
O001968,C00316,2023-09-04,Delivered,2023-09-14,2026-08-09T06:46:32.194049+00:00,orders.csv
O001969,C00268,2023-09-22,Delivered,2023-09-26,2026-08-09T06:46:32.194049+00:00,orders.csv
O001970,C00400,2024-12-25,Placed,,2026-08-09T06:46:32.194049+00:00,orders.csv
O001971,C00375,2024-05-05,Placed,,2026-08-09T06:46:32.194049+00:00,orders.csv
O001972,C00381,2023-09-30,Returned,2023-10-02,2026-08-09T06:46:32.194049+00:00,orders.csv
O001973,C00373,2024-11-04,Delivered,2024-11-12,2026-08-09T06:46:32.194049+00:00,orders.csv
O001974,C00021,2023-05-30,Delivered,2023-06-01,2026-08-09T06:46:32.194049+00:00,orders.csv
O001975,C00216,2023-04-16,Delivered,2023-04-19,2026-08-09T06:46:32.194049+00:00,orders.csv
O001976,C00130,2024-02-12,Placed,,2026-08-09T06:46:32.194049+00:00,orders.csv
O001977,C00272,2023-08-17,delivered,2023-08-26,2026-08-09T06:46:32.194049+00:00,orders.csv
O001978,C00012,2023-12-28,DELIVERED,2024-01-05,2026-08-09T06:46:32.194049+00:00,orders.csv
O001979,C00342,2023-10-30,Delivered,2023-11-01,2026-08-09T06:46:32.194049+00:00,orders.csv
O001980,C00014,2023-03-09,Delivered,2023-03-15,2026-08-09T06:46:32.194049+00:00,orders.csv
O001981,C00114,2024-06-09,Delivered,2024-06-14,2026-08-09T06:46:32.194049+00:00,orders.csv
O001982,C00364,2023-01-11,Shipped,,2026-08-09T06:46:32.194049+00:00,orders.csv
O001983,C00161,2023-07-14,Delivered,2023-07-19,2026-08-09T06:46:32.194049+00:00,orders.csv
O001984,C00197,2024-12-27,Shipped,,2026-08-09T06:46:32.194049+00:00,orders.csv
O001985,C00290,2023-03-07,Delivered,2023-03-12,2026-08-09T06:46:32.194049+00:00,orders.csv
O001986,C00355,2023-12-06,Placed,,2026-08-09T06:46:32.194049+00:00,orders.csv
O001987,C00327,2024-02-27,Delivered,2024-03-03,2026-08-09T06:46:32.194049+00:00,orders.csv
O001988,C00211,2023-07-19,delivered,2023-07-25,2026-08-09T06:46:32.194049+00:00,orders.csv
O001989,C00228,2024-05-30,Shipped,,2026-08-09T06:46:32.194049+00:00,orders.csv
O001990,C00178,2023-07-23,Delivered,2023-07-25,2026-08-09T06:46:32.194049+00:00,orders.csv
O001991,C00040,2024-07-19,SHIPPED,,2026-08-09T06:46:32.194049+00:00,orders.csv
O001992,C00383,2024-08-30,Shipped,,2026-08-09T06:46:32.194049+00:00,orders.csv
O001993,C00071,2023-07-02,Returned,2023-07-08,2026-08-09T06:46:32.194049+00:00,orders.csv
O001994,C00398,2023-11-25,Delivered,2023-11-27,2026-08-09T06:46:32.194049+00:00,orders.csv
O001995,C00063,2023-12-06,delivered,2023-12-12,2026-08-09T06:46:32.194049+00:00,orders.csv
O001996,C00388,2024-01-01,Delivered,2024-01-02,2026-08-09T06:46:32.194049+00:00,orders.csv
O001997,C00066,2023-07-05,Delivered,2023-07-14,2026-08-09T06:46:32.194049+00:00,orders.csv
O001998,C00056,2024-08-23,delivered,2024-08-28,2026-08-09T06:46:32.194049+00:00,orders.csv
O001999,C00055,2024-08-08,Delivered,2024-08-18,2026-08-09T06:46:32.194049+00:00,orders.csv
O002000,C00091,2023-08-14,Delivered,2023-08-23,2026-08-09T06:46:32.194049+00:00,orders.csv
O002001,C00038,2023-04-18,Delivered,2023-04-22,2026-08-09T06:46:32.194049+00:00,orders.csv
O002002,C00009,2024-10-31,Delivered,2024-11-05,2026-08-09T06:46:32.194049+00:00,orders.csv
O002003,C00035,2024-01-30,Delivered,2024-02-03,2026-08-09T06:46:32.194049+00:00,orders.csv
O002004,C00283,2024-06-12,Returned,2024-06-22,2026-08-09T06:46:32.194049+00:00,orders.csv
O002005,C00204,2023-12-04,Delivered,2023-12-06,2026-08-09T06:46:32.194049+00:00,orders.csv
O002006,C00360,2024-12-04,Delivered,2024-12-08,2026-08-09T06:46:32.194049+00:00,orders.csv
O002007,C00330,2023-08-12,DELIVERED,2023-08-21,2026-08-09T06:46:32.194049+00:00,orders.csv
O002008,C00020,2024-09-10,Shipped,,2026-08-09T06:46:32.194049+00:00,orders.csv
O002009,C00260,2023-05-22,DELIVERED,2023-05-28,2026-08-09T06:46:32.194049+00:00,orders.csv
O002010,C00087,2023-09-09,delivered,2023-09-19,2026-08-09T06:46:32.194049+00:00,orders.csv
O002011,C00306,2024-01-12,Delivered,2024-01-13,2026-08-09T06:46:32.194049+00:00,orders.csv
O002012,C00364,2023-11-13,Returned,2023-11-23,2026-08-09T06:46:32.194049+00:00,orders.csv
O002013,C00055,2023-01-15,Delivered,2023-01-22,2026-08-09T06:46:32.194049+00:00,orders.csv
O002014,C00284,2024-12-28,Placed,,2026-08-09T06:46:32.194049+00:00,orders.csv
O002015,C00377,2024-08-17,Placed,,2026-08-09T06:46:32.194049+00:00,orders.csv
O002016,C00062,2024-09-12,Returned,2024-09-15,2026-08-09T06:46:32.194049+00:00,orders.csv
O002017,C00361,2023-07-02,Delivered,2023-07-05,2026-08-09T06:46:32.194049+00:00,orders.csv
O002018,C00076,2023-04-17,delivered,2023-04-18,2026-08-09T06:46:32.194049+00:00,orders.csv
O002019,C00291,2023-08-01,Cancelled,,2026-08-09T06:46:32.194049+00:00,orders.csv
O002020,C00018,2023-04-28,SHIPPED,,2026-08-09T06:46:32.194049+00:00,orders.csv
O002021,C00315,2024-08-14,Delivered,2024-08-12,2026-08-09T06:46:32.194049+00:00,orders.csv
O002022,C00291,2024-07-26,Cancelled,,2026-08-09T06:46:32.194049+00:00,orders.csv
O002023,C00356,2023-06-20,RETURNED,2023-06-23,2026-08-09T06:46:32.194049+00:00,orders.csv
O002024,C00288,2024-07-20,Cancelled,,2026-08-09T06:46:32.194049+00:00,orders.csv
O002025,C00092,2024-10-24,Cancelled,,2026-08-09T06:46:32.194049+00:00,orders.csv
O002026,C00059,2024-07-03,placed,,2026-08-09T06:46:32.194049+00:00,orders.csv
O002027,C00277,2024-07-12,Shipped,,2026-08-09T06:46:32.194049+00:00,orders.csv
O002028,C00286,2024-01-22,shipped,,2026-08-09T06:46:32.194049+00:00,orders.csv
O002029,C00359,2024-02-12,Delivered,2024-02-14,2026-08-09T06:46:32.194049+00:00,orders.csv
O002030,C00394,2023-09-26,Delivered,2023-10-02,2026-08-09T06:46:32.194049+00:00,orders.csv
O002031,C00052,2024-07-23,DELIVERED,2024-07-20,2026-08-09T06:46:32.194049+00:00,orders.csv
O002032,C00314,2023-03-01,Shipped,,2026-08-09T06:46:32.194049+00:00,orders.csv
O002033,C00198,2023-02-24,RETURNED,2023-02-25,2026-08-09T06:46:32.194049+00:00,orders.csv
O002034,C00294,2024-01-06,DELIVERED,2024-01-09,2026-08-09T06:46:32.194049+00:00,orders.csv
O002035,C00195,2023-06-26,Cancelled,,2026-08-09T06:46:32.194049+00:00,orders.csv
O002036,C00351,2023-06-21,Shipped,,2026-08-09T06:46:32.194049+00:00,orders.csv
O002037,C00170,2024-03-27,Placed,,2026-08-09T06:46:32.194049+00:00,orders.csv
O002038,C00077,2024-02-09,Delivered,2024-02-17,2026-08-09T06:46:32.194049+00:00,orders.csv
O002039,C00119,2024-06-26,Delivered,2024-07-04,2026-08-09T06:46:32.194049+00:00,orders.csv
O002040,C00041,2024-02-05,Delivered,2024-02-15,2026-08-09T06:46:32.194049+00:00,orders.csv
O002041,C00249,2023-10-18,Delivered,2023-10-23,2026-08-09T06:46:32.194049+00:00,orders.csv
O002042,C00141,2024-12-18,Delivered,2024-12-20,2026-08-09T06:46:32.194049+00:00,orders.csv
O002043,C00221,2024-08-13,Shipped,,2026-08-09T06:46:32.194049+00:00,orders.csv
O002044,C00177,2024-10-28,Delivered,2024-10-29,2026-08-09T06:46:32.194049+00:00,orders.csv
O002045,C00364,2023-09-29,Delivered,2023-10-07,2026-08-09T06:46:32.194049+00:00,orders.csv
O002046,C00056,2024-05-10,Cancelled,,2026-08-09T06:46:32.194049+00:00,orders.csv
O002047,C00229,2023-10-14,DELIVERED,2023-10-24,2026-08-09T06:46:32.194049+00:00,orders.csv
O002048,C00238,2023-02-18,DELIVERED,2023-02-25,2026-08-09T06:46:32.194049+00:00,orders.csv
O002049,C00094,2024-04-07,Returned,2024-04-08,2026-08-09T06:46:32.194049+00:00,orders.csv
O002050,C00343,2024-12-08,Returned,2024-12-16,2026-08-09T06:46:32.194049+00:00,orders.csv
O002051,C00164,2023-09-13,delivered,2023-09-22,2026-08-09T06:46:32.194049+00:00,orders.csv
O002052,C00112,2024-07-21,SHIPPED,,2026-08-09T06:46:32.194049+00:00,orders.csv
O002053,C00364,2023-12-10,delivered,2023-12-14,2026-08-09T06:46:32.194049+00:00,orders.csv
O002054,C00354,2023-09-05,Placed,,2026-08-09T06:46:32.194049+00:00,orders.csv
O002055,C00123,2023-10-19,Delivered,2023-10-26,2026-08-09T06:46:32.194049+00:00,orders.csv
O002056,C00184,2023-08-03,Delivered,2023-08-06,2026-08-09T06:46:32.194049+00:00,orders.csv
O002057,C00076,2024-01-21,Delivered,2024-01-26,2026-08-09T06:46:32.194049+00:00,orders.csv
O002058,C00051,2023-12-13,placed,,2026-08-09T06:46:32.194049+00:00,orders.csv
O002059,C00230,2023-06-29,delivered,2023-07-07,2026-08-09T06:46:32.194049+00:00,orders.csv
O002060,C00363,2023-04-04,SHIPPED,,2026-08-09T06:46:32.194049+00:00,orders.csv
O002061,C00398,2024-05-07,Delivered,2024-05-16,2026-08-09T06:46:32.194049+00:00,orders.csv
O002062,C00135,2024-05-09,Delivered,2024-05-17,2026-08-09T06:46:32.194049+00:00,orders.csv
O002063,C00067,2023-08-16,Delivered,2023-08-22,2026-08-09T06:46:32.194049+00:00,orders.csv
O002064,C00358,2023-02-07,Delivered,2023-02-16,2026-08-09T06:46:32.194049+00:00,orders.csv
O002065,C00028,2023-11-16,DELIVERED,2023-11-22,2026-08-09T06:46:32.194049+00:00,orders.csv
O002066,C00233,2024-10-26,delivered,2024-11-04,2026-08-09T06:46:32.194049+00:00,orders.csv
O002067,C00314,2024-02-14,Delivered,2024-02-20,2026-08-09T06:46:32.194049+00:00,orders.csv
O002068,C00064,2024-11-18,Delivered,2024-11-21,2026-08-09T06:46:32.194049+00:00,orders.csv
O002069,C00316,2023-12-05,Delivered,2023-12-13,2026-08-09T06:46:32.194049+00:00,orders.csv
O002070,C00320,2023-10-09,delivered,2023-10-13,2026-08-09T06:46:32.194049+00:00,orders.csv
O002071,C00004,2024-12-11,Shipped,,2026-08-09T06:46:32.194049+00:00,orders.csv
O002072,C00059,2023-03-19,DELIVERED,2023-03-25,2026-08-09T06:46:32.194049+00:00,orders.csv
O002073,C00070,2024-11-02,Delivered,2024-11-10,2026-08-09T06:46:32.194049+00:00,orders.csv
O002074,C00022,2023-12-28,Delivered,2024-01-07,2026-08-09T06:46:32.194049+00:00,orders.csv
O002075,C00185,2024-10-08,Delivered,2024-10-14,2026-08-09T06:46:32.194049+00:00,orders.csv
O002076,C00372,2024-01-11,cancelled,,2026-08-09T06:46:32.194049+00:00,orders.csv
O002077,C00078,2024-09-16,delivered,2024-09-24,2026-08-09T06:46:32.194049+00:00,orders.csv
O002078,C00206,2024-04-19,Placed,,2026-08-09T06:46:32.194049+00:00,orders.csv
O002079,C00332,2023-06-26,Delivered,2023-07-01,2026-08-09T06:46:32.194049+00:00,orders.csv
O002080,C00199,2023-06-30,Cancelled,,2026-08-09T06:46:32.194049+00:00,orders.csv
O002081,C00227,2023-10-17,Delivered,2023-10-20,2026-08-09T06:46:32.194049+00:00,orders.csv
O002082,C00103,2023-03-31,Shipped,,2026-08-09T06:46:32.194049+00:00,orders.csv
O002083,C00244,2024-09-07,delivered,2024-09-14,2026-08-09T06:46:32.194049+00:00,orders.csv
O002084,C00087,2023-04-29,Shipped,,2026-08-09T06:46:32.194049+00:00,orders.csv
O002085,C00349,2023-02-10,Delivered,2023-02-19,2026-08-09T06:46:32.194049+00:00,orders.csv
O002086,C00110,2023-03-13,Delivered,2023-03-19,2026-08-09T06:46:32.194049+00:00,orders.csv
O002087,C00322,2024-08-27,DELIVERED,2024-08-31,2026-08-09T06:46:32.194049+00:00,orders.csv
O002088,C00393,2024-02-13,Placed,,2026-08-09T06:46:32.194049+00:00,orders.csv
O002089,C00284,2023-08-11,CANCELLED,,2026-08-09T06:46:32.194049+00:00,orders.csv
O002090,C00206,2024-08-29,Delivered,2024-08-31,2026-08-09T06:46:32.194049+00:00,orders.csv
O002091,C00286,2023-08-02,Delivered,2023-08-10,2026-08-09T06:46:32.194049+00:00,orders.csv
O002092,C00082,2024-03-26,Returned,2024-04-05,2026-08-09T06:46:32.194049+00:00,orders.csv
O002093,C00103,2024-09-14,Delivered,2024-09-21,2026-08-09T06:46:32.194049+00:00,orders.csv
O002094,C00166,2023-03-02,Delivered,2023-03-08,2026-08-09T06:46:32.194049+00:00,orders.csv
O002095,C00194,2023-10-08,Placed,,2026-08-09T06:46:32.194049+00:00,orders.csv
O002096,C00118,2023-12-12,Delivered,2023-12-21,2026-08-09T06:46:32.194049+00:00,orders.csv
O002097,C00119,2024-08-14,Shipped,,2026-08-09T06:46:32.194049+00:00,orders.csv
O002098,C00030,2023-08-05,Delivered,2023-08-12,2026-08-09T06:46:32.194049+00:00,orders.csv
O002099,C00042,2024-07-28,Delivered,2024-08-04,2026-08-09T06:46:32.194049+00:00,orders.csv
O002100,C00223,2023-09-19,Delivered,2023-09-26,2026-08-09T06:46:32.194049+00:00,orders.csv
O002101,C00024,2023-05-14,delivered,2023-05-20,2026-08-09T06:46:32.194049+00:00,orders.csv
O002102,C00134,2024-01-14,shipped,,2026-08-09T06:46:32.194049+00:00,orders.csv
O002103,C00258,2023-11-11,Cancelled,,2026-08-09T06:46:32.194049+00:00,orders.csv
O002104,C00391,2023-09-22,Delivered,2023-09-26,2026-08-09T06:46:32.194049+00:00,orders.csv
O002105,C00178,2023-10-07,Delivered,2023-10-13,2026-08-09T06:46:32.194049+00:00,orders.csv
O002106,C00278,2024-10-20,Shipped,,2026-08-09T06:46:32.194049+00:00,orders.csv
O002107,C00082,2023-04-12,Cancelled,,2026-08-09T06:46:32.194049+00:00,orders.csv
O002108,C00105,2024-04-06,Returned,2024-04-11,2026-08-09T06:46:32.194049+00:00,orders.csv
O002109,C00137,2023-03-13,Delivered,2023-03-18,2026-08-09T06:46:32.194049+00:00,orders.csv
O002110,C00079,2023-09-15,Delivered,2023-09-23,2026-08-09T06:46:32.194049+00:00,orders.csv
O002111,C00031,2024-08-07,Delivered,2024-08-09,2026-08-09T06:46:32.194049+00:00,orders.csv
O002112,C00231,2023-10-28,Cancelled,,2026-08-09T06:46:32.194049+00:00,orders.csv
O002113,C00304,2023-03-10,Returned,2023-03-15,2026-08-09T06:46:32.194049+00:00,orders.csv
O002114,C00248,2023-08-22,Delivered,2023-08-31,2026-08-09T06:46:32.194049+00:00,orders.csv
O002115,C00356,2023-01-14,Delivered,2023-01-17,2026-08-09T06:46:32.194049+00:00,orders.csv
O002116,C00390,2024-08-02,delivered,2024-08-05,2026-08-09T06:46:32.194049+00:00,orders.csv
O002117,C00244,2024-05-09,Delivered,2024-05-15,2026-08-09T06:46:32.194049+00:00,orders.csv
O002118,C00098,2023-04-09,Delivered,2023-04-11,2026-08-09T06:46:32.194049+00:00,orders.csv
O002119,C00354,2024-02-15,Delivered,2024-02-17,2026-08-09T06:46:32.194049+00:00,orders.csv
O002120,C00264,2023-11-06,Shipped,,2026-08-09T06:46:32.194049+00:00,orders.csv
O002121,C00369,2024-05-22,Placed,,2026-08-09T06:46:32.194049+00:00,orders.csv
O002122,C00353,2023-12-09,Shipped,,2026-08-09T06:46:32.194049+00:00,orders.csv
O002123,C00118,2024-05-09,returned,2024-05-16,2026-08-09T06:46:32.194049+00:00,orders.csv
O002124,C00211,2023-07-28,Returned,2023-08-03,2026-08-09T06:46:32.194049+00:00,orders.csv
O002125,C00186,2024-04-28,Cancelled,,2026-08-09T06:46:32.194049+00:00,orders.csv
O002126,C00031,2024-06-16,Delivered,2024-06-23,2026-08-09T06:46:32.194049+00:00,orders.csv
O002127,C00027,2024-11-19,Delivered,2024-11-27,2026-08-09T06:46:32.194049+00:00,orders.csv
O002128,C00362,2023-10-03,Delivered,2023-10-10,2026-08-09T06:46:32.194049+00:00,orders.csv
O002129,C00172,2024-08-14,Placed,,2026-08-09T06:46:32.194049+00:00,orders.csv
O002130,C00071,2023-06-02,Shipped,,2026-08-09T06:46:32.194049+00:00,orders.csv
O002131,C00349,2023-09-05,Delivered,2023-09-06,2026-08-09T06:46:32.194049+00:00,orders.csv
O002132,C00212,2024-04-21,Delivered,2024-04-24,2026-08-09T06:46:32.194049+00:00,orders.csv
O002133,C00296,2023-08-03,Delivered,2023-08-13,2026-08-09T06:46:32.194049+00:00,orders.csv
O002134,C00323,2023-12-30,Shipped,,2026-08-09T06:46:32.194049+00:00,orders.csv
O002135,C00077,2024-08-16,Shipped,,2026-08-09T06:46:32.194049+00:00,orders.csv
O002136,C00284,2023-08-01,returned,2023-08-02,2026-08-09T06:46:32.194049+00:00,orders.csv
O002137,C00043,2023-08-04,Delivered,2023-08-06,2026-08-09T06:46:32.194049+00:00,orders.csv
O002138,C00193,2024-11-24,Delivered,2024-12-01,2026-08-09T06:46:32.194049+00:00,orders.csv
O002139,C00252,2024-09-27,DELIVERED,2024-09-30,2026-08-09T06:46:32.194049+00:00,orders.csv
O002140,C00352,2023-02-08,Delivered,2023-02-18,2026-08-09T06:46:32.194049+00:00,orders.csv
O002141,C00397,2024-08-31,Delivered,2024-09-07,2026-08-09T06:46:32.194049+00:00,orders.csv
O002142,C00294,2024-10-26,Delivered,2024-10-27,2026-08-09T06:46:32.194049+00:00,orders.csv
O002143,C00215,2024-08-20,DELIVERED,2024-08-24,2026-08-09T06:46:32.194049+00:00,orders.csv
O002144,C00146,2024-08-02,Shipped,,2026-08-09T06:46:32.194049+00:00,orders.csv
O002145,C00326,2023-01-08,Delivered,2023-01-13,2026-08-09T06:46:32.194049+00:00,orders.csv
O002146,C00199,2023-01-17,Delivered,2023-01-21,2026-08-09T06:46:32.194049+00:00,orders.csv
O002147,C00135,2024-04-07,Delivered,2024-04-09,2026-08-09T06:46:32.194049+00:00,orders.csv
O002148,C00265,2023-06-07,Delivered,2023-06-15,2026-08-09T06:46:32.194049+00:00,orders.csv
O002149,C00122,2023-04-04,Returned,2023-04-14,2026-08-09T06:46:32.194049+00:00,orders.csv
O002150,C00215,2023-04-21,Delivered,2023-04-25,2026-08-09T06:46:32.194049+00:00,orders.csv
O002151,C00186,2024-12-29,Shipped,,2026-08-09T06:46:32.194049+00:00,orders.csv
O002152,C00373,2023-03-31,Shipped,,2026-08-09T06:46:32.194049+00:00,orders.csv
O002153,C00064,2023-12-30,Delivered,2024-01-05,2026-08-09T06:46:32.194049+00:00,orders.csv
O002154,C00141,2023-06-03,Placed,,2026-08-09T06:46:32.194049+00:00,orders.csv
O002155,C00231,2023-07-01,shipped,,2026-08-09T06:46:32.194049+00:00,orders.csv
O002156,C00285,2024-01-26,Placed,,2026-08-09T06:46:32.194049+00:00,orders.csv
O002157,C00090,2023-10-10,Delivered,2023-10-12,2026-08-09T06:46:32.194049+00:00,orders.csv
O002158,C00073,2023-12-13,Returned,2023-12-23,2026-08-09T06:46:32.194049+00:00,orders.csv
O002159,C00361,2024-09-08,Shipped,,2026-08-09T06:46:32.194049+00:00,orders.csv
O002160,C00144,2024-05-08,DELIVERED,2024-05-10,2026-08-09T06:46:32.194049+00:00,orders.csv
O002161,C00385,2024-10-31,Delivered,2024-11-10,2026-08-09T06:46:32.194049+00:00,orders.csv
O002162,C00288,2024-02-26,Delivered,2024-03-05,2026-08-09T06:46:32.194049+00:00,orders.csv
O002163,C00283,2023-06-01,Cancelled,,2026-08-09T06:46:32.194049+00:00,orders.csv
O002164,C00008,2023-03-18,Delivered,2023-03-21,2026-08-09T06:46:32.194049+00:00,orders.csv
O002165,C00325,2024-07-23,Delivered,2024-07-28,2026-08-09T06:46:32.194049+00:00,orders.csv
O002166,C00312,2023-03-17,Delivered,2023-03-20,2026-08-09T06:46:32.194049+00:00,orders.csv
O002167,C00061,2024-09-15,shipped,,2026-08-09T06:46:32.194049+00:00,orders.csv
O002168,C00239,2024-11-04,Delivered,2024-11-06,2026-08-09T06:46:32.194049+00:00,orders.csv
O002169,C00348,2023-02-20,DELIVERED,2023-02-27,2026-08-09T06:46:32.194049+00:00,orders.csv
O002170,C00290,2023-09-19,Cancelled,,2026-08-09T06:46:32.194049+00:00,orders.csv
O002171,C00258,2023-09-20,Cancelled,,2026-08-09T06:46:32.194049+00:00,orders.csv
O002172,C00146,2023-01-31,Placed,,2026-08-09T06:46:32.194049+00:00,orders.csv
O002173,C00280,2024-03-18,Delivered,2024-03-27,2026-08-09T06:46:32.194049+00:00,orders.csv
O002174,C00188,2024-09-25,Placed,,2026-08-09T06:46:32.194049+00:00,orders.csv
O002175,C00400,2023-03-29,CANCELLED,,2026-08-09T06:46:32.194049+00:00,orders.csv
O002176,C00282,2024-08-19,Shipped,,2026-08-09T06:46:32.194049+00:00,orders.csv
O002177,C00270,2024-09-03,Shipped,,2026-08-09T06:46:32.194049+00:00,orders.csv
O002178,C00335,2023-10-30,Shipped,,2026-08-09T06:46:32.194049+00:00,orders.csv
O002179,C00089,2023-02-04,Delivered,2023-02-13,2026-08-09T06:46:32.194049+00:00,orders.csv
O002180,C00104,2023-01-09,Delivered,2023-01-13,2026-08-09T06:46:32.194049+00:00,orders.csv
O002181,C00183,2024-02-28,Delivered,2024-03-09,2026-08-09T06:46:32.194049+00:00,orders.csv
O002182,C00281,2023-05-31,Delivered,2023-06-04,2026-08-09T06:46:32.194049+00:00,orders.csv
O002183,C00331,2024-06-08,Delivered,2024-06-12,2026-08-09T06:46:32.194049+00:00,orders.csv
O002184,C00375,2023-05-31,Placed,,2026-08-09T06:46:32.194049+00:00,orders.csv
O002185,C00395,2024-11-28,Delivered,2024-12-01,2026-08-09T06:46:32.194049+00:00,orders.csv
O002186,C00001,2024-04-07,Delivered,2024-04-10,2026-08-09T06:46:32.194049+00:00,orders.csv
O002187,C00022,2023-07-10,Delivered,2023-07-12,2026-08-09T06:46:32.194049+00:00,orders.csv
O002188,C00355,2024-06-23,Delivered,2024-06-24,2026-08-09T06:46:32.194049+00:00,orders.csv
O002189,C00305,2024-05-27,Placed,,2026-08-09T06:46:32.194049+00:00,orders.csv
O002190,C00200,2024-12-01,Delivered,2024-12-07,2026-08-09T06:46:32.194049+00:00,orders.csv
O002191,C00397,2024-11-03,Placed,,2026-08-09T06:46:32.194049+00:00,orders.csv
O002192,C00070,2023-05-05,cancelled,,2026-08-09T06:46:32.194049+00:00,orders.csv
O002193,C00245,2023-08-07,Delivered,2023-08-15,2026-08-09T06:46:32.194049+00:00,orders.csv
O002194,C00124,2023-10-11,returned,2023-10-21,2026-08-09T06:46:32.194049+00:00,orders.csv
O002195,C00234,2023-11-06,Delivered,2023-11-14,2026-08-09T06:46:32.194049+00:00,orders.csv
O002196,C00145,2024-06-08,Placed,,2026-08-09T06:46:32.194049+00:00,orders.csv
O002197,C00085,2024-04-12,Returned,2024-04-15,2026-08-09T06:46:32.194049+00:00,orders.csv
O002198,C00165,2023-09-28,Placed,,2026-08-09T06:46:32.194049+00:00,orders.csv
O002199,C00378,2023-11-16,Shipped,,2026-08-09T06:46:32.194049+00:00,orders.csv
O002200,C00343,2024-11-19,Delivered,2024-11-22,2026-08-09T06:46:32.194049+00:00,orders.csv
O002201,C00327,2023-08-06,Delivered,2023-08-09,2026-08-09T06:46:32.194049+00:00,orders.csv
O002202,C00354,2024-01-04,Delivered,2024-01-14,2026-08-09T06:46:32.194049+00:00,orders.csv
O002203,C00280,2023-02-03,Delivered,2023-02-05,2026-08-09T06:46:32.194049+00:00,orders.csv
O002204,C00113,2023-04-04,Returned,2023-04-11,2026-08-09T06:46:32.194049+00:00,orders.csv
O002205,C00088,2024-07-24,Delivered,2024-07-29,2026-08-09T06:46:32.194049+00:00,orders.csv
O002206,C00007,2024-02-25,Delivered,2024-03-05,2026-08-09T06:46:32.194049+00:00,orders.csv
O002207,C00265,2024-02-24,Cancelled,,2026-08-09T06:46:32.194049+00:00,orders.csv
O002208,C00265,2023-11-13,Delivered,2023-11-15,2026-08-09T06:46:32.194049+00:00,orders.csv
O002209,C00208,2023-07-03,Delivered,2023-07-07,2026-08-09T06:46:32.194049+00:00,orders.csv
O002210,C00137,2024-01-08,PLACED,,2026-08-09T06:46:32.194049+00:00,orders.csv
O002211,C00202,2023-11-12,shipped,,2026-08-09T06:46:32.194049+00:00,orders.csv
O002212,C00226,2024-01-29,Cancelled,,2026-08-09T06:46:32.194049+00:00,orders.csv
O002213,C00024,2023-12-17,Shipped,,2026-08-09T06:46:32.194049+00:00,orders.csv
O002214,C00279,2024-01-26,Delivered,2024-01-29,2026-08-09T06:46:32.194049+00:00,orders.csv
O002215,C00242,2024-08-02,Returned,2024-08-08,2026-08-09T06:46:32.194049+00:00,orders.csv
O002216,C00378,2023-04-29,Delivered,2023-05-07,2026-08-09T06:46:32.194049+00:00,orders.csv
O002217,C00020,2024-03-10,Delivered,2024-03-19,2026-08-09T06:46:32.194049+00:00,orders.csv
O002218,C00099,2023-10-28,Returned,2023-11-04,2026-08-09T06:46:32.194049+00:00,orders.csv
O002219,C00097,2024-03-31,Delivered,2024-04-05,2026-08-09T06:46:32.194049+00:00,orders.csv
O002220,C00282,2024-10-25,DELIVERED,2024-10-31,2026-08-09T06:46:32.194049+00:00,orders.csv
O002221,C00227,2023-08-31,Cancelled,,2026-08-09T06:46:32.194049+00:00,orders.csv
O002222,C00171,2023-08-24,Shipped,,2026-08-09T06:46:32.194049+00:00,orders.csv
O002223,C00205,2024-06-21,Delivered,2024-06-22,2026-08-09T06:46:32.194049+00:00,orders.csv
O002224,C00306,2023-04-16,Cancelled,,2026-08-09T06:46:32.194049+00:00,orders.csv
O002225,C00058,2024-03-13,Delivered,2024-03-20,2026-08-09T06:46:32.194049+00:00,orders.csv
O002226,C00035,2024-05-12,Cancelled,,2026-08-09T06:46:32.194049+00:00,orders.csv
O002227,C00079,2024-05-15,Placed,,2026-08-09T06:46:32.194049+00:00,orders.csv
O002228,C00108,2023-11-03,Delivered,2023-11-11,2026-08-09T06:46:32.194049+00:00,orders.csv
O002229,C00001,2024-06-24,Shipped,,2026-08-09T06:46:32.194049+00:00,orders.csv
O002230,C00083,2024-04-26,Delivered,2024-05-04,2026-08-09T06:46:32.194049+00:00,orders.csv
O002231,C00211,2024-02-13,Cancelled,,2026-08-09T06:46:32.194049+00:00,orders.csv
O002232,C00361,2023-11-01,Delivered,2023-11-05,2026-08-09T06:46:32.194049+00:00,orders.csv
O002233,C00259,2023-05-02,Cancelled,,2026-08-09T06:46:32.194049+00:00,orders.csv
O002234,C00067,2023-09-18,Cancelled,,2026-08-09T06:46:32.194049+00:00,orders.csv
O002235,C00206,2024-09-27,Delivered,2024-09-26,2026-08-09T06:46:32.194049+00:00,orders.csv
O002236,C00186,2024-06-15,Delivered,2024-06-20,2026-08-09T06:46:32.194049+00:00,orders.csv
O002237,C00371,2023-07-10,Placed,,2026-08-09T06:46:32.194049+00:00,orders.csv
O002238,C00130,2023-06-12,Cancelled,,2026-08-09T06:46:32.194049+00:00,orders.csv
O002239,C00182,2023-06-19,Delivered,2023-06-25,2026-08-09T06:46:32.194049+00:00,orders.csv
O002240,C00021,2024-08-30,Cancelled,,2026-08-09T06:46:32.194049+00:00,orders.csv
O002241,C00265,2023-06-17,Shipped,,2026-08-09T06:46:32.194049+00:00,orders.csv
O002242,C00323,2023-05-24,Delivered,2023-05-31,2026-08-09T06:46:32.194049+00:00,orders.csv
O002243,C00114,2024-08-03,cancelled,,2026-08-09T06:46:32.194049+00:00,orders.csv
O002244,C00245,2024-08-23,returned,2024-08-29,2026-08-09T06:46:32.194049+00:00,orders.csv
O002245,C00331,2023-05-29,Delivered,2023-06-05,2026-08-09T06:46:32.194049+00:00,orders.csv
O002246,C00259,2024-10-24,Delivered,2024-11-02,2026-08-09T06:46:32.194049+00:00,orders.csv
O002247,C00124,2023-02-24,Shipped,,2026-08-09T06:46:32.194049+00:00,orders.csv
O002248,C00318,2023-10-29,Delivered,2023-10-31,2026-08-09T06:46:32.194049+00:00,orders.csv
O002249,C00173,2023-01-28,Returned,2023-02-03,2026-08-09T06:46:32.194049+00:00,orders.csv
O002250,C00132,2024-12-29,Delivered,2025-01-04,2026-08-09T06:46:32.194049+00:00,orders.csv
O002251,C00326,2024-08-23,Delivered,2024-08-22,2026-08-09T06:46:32.194049+00:00,orders.csv
O002252,C00294,2024-03-02,Cancelled,,2026-08-09T06:46:32.194049+00:00,orders.csv
O002253,C00251,2024-07-31,Delivered,2024-08-08,2026-08-09T06:46:32.194049+00:00,orders.csv
O002254,C00046,2023-01-22,Delivered,2023-01-25,2026-08-09T06:46:32.194049+00:00,orders.csv
O002255,C00053,2023-02-20,Delivered,2023-02-26,2026-08-09T06:46:32.194049+00:00,orders.csv
O002256,C00372,2023-08-08,Delivered,2023-08-16,2026-08-09T06:46:32.194049+00:00,orders.csv
O002257,C00392,2023-02-22,Shipped,,2026-08-09T06:46:32.194049+00:00,orders.csv
O002258,C00367,2023-08-17,Delivered,2023-08-27,2026-08-09T06:46:32.194049+00:00,orders.csv
O002259,C00097,2024-06-02,Delivered,2024-06-04,2026-08-09T06:46:32.194049+00:00,orders.csv
O002260,C00123,2024-02-20,Placed,,2026-08-09T06:46:32.194049+00:00,orders.csv
O002261,C00396,2024-08-24,SHIPPED,,2026-08-09T06:46:32.194049+00:00,orders.csv
O002262,C00307,2024-02-27,Delivered,2024-03-03,2026-08-09T06:46:32.194049+00:00,orders.csv
O002263,C00368,2023-10-29,Delivered,2023-11-03,2026-08-09T06:46:32.194049+00:00,orders.csv
O002264,C00058,2024-07-26,Delivered,2024-08-03,2026-08-09T06:46:32.194049+00:00,orders.csv
O002265,C00359,2024-06-23,Delivered,2024-06-28,2026-08-09T06:46:32.194049+00:00,orders.csv
O002266,C00014,2023-12-05,Delivered,2023-12-09,2026-08-09T06:46:32.194049+00:00,orders.csv
O002267,C00328,2023-01-12,Returned,2023-01-17,2026-08-09T06:46:32.194049+00:00,orders.csv
O002268,C00084,2023-09-06,Delivered,2023-09-09,2026-08-09T06:46:32.194049+00:00,orders.csv
O002269,C00195,2024-12-30,Shipped,,2026-08-09T06:46:32.194049+00:00,orders.csv
O002270,C00014,2024-08-21,Delivered,2024-08-27,2026-08-09T06:46:32.194049+00:00,orders.csv
O002271,C00142,2023-03-10,Cancelled,,2026-08-09T06:46:32.194049+00:00,orders.csv
O002272,C00376,2024-02-25,Delivered,2024-02-29,2026-08-09T06:46:32.194049+00:00,orders.csv
O002273,C00303,2024-01-13,Placed,,2026-08-09T06:46:32.194049+00:00,orders.csv
O002274,C00033,2023-01-23,Delivered,2023-01-27,2026-08-09T06:46:32.194049+00:00,orders.csv
O002275,C00145,2024-03-09,Delivered,2024-03-17,2026-08-09T06:46:32.194049+00:00,orders.csv
O002276,C00245,2024-07-15,PLACED,,2026-08-09T06:46:32.194049+00:00,orders.csv
O002277,C00264,2024-02-21,DELIVERED,2024-02-20,2026-08-09T06:46:32.194049+00:00,orders.csv
O002278,C00154,2023-11-16,Delivered,2023-11-22,2026-08-09T06:46:32.194049+00:00,orders.csv
O002279,C00077,2023-06-06,Shipped,,2026-08-09T06:46:32.194049+00:00,orders.csv
O002280,C00246,2023-03-26,Shipped,,2026-08-09T06:46:32.194049+00:00,orders.csv
O002281,C00391,2024-02-12,Shipped,,2026-08-09T06:46:32.194049+00:00,orders.csv
O002282,C00144,2024-06-06,delivered,2024-06-12,2026-08-09T06:46:32.194049+00:00,orders.csv
O002283,C00001,2023-02-28,Delivered,2023-02-26,2026-08-09T06:46:32.194049+00:00,orders.csv
O002284,C00199,2024-01-28,Cancelled,,2026-08-09T06:46:32.194049+00:00,orders.csv
O002285,C00367,2023-01-18,Cancelled,,2026-08-09T06:46:32.194049+00:00,orders.csv
O002286,C00327,2023-10-31,SHIPPED,,2026-08-09T06:46:32.194049+00:00,orders.csv
O002287,C00235,2023-09-29,Delivered,2023-10-05,2026-08-09T06:46:32.194049+00:00,orders.csv
O002288,C00181,2024-10-30,Delivered,2024-11-08,2026-08-09T06:46:32.194049+00:00,orders.csv
O002289,C00219,2023-07-27,Placed,,2026-08-09T06:46:32.194049+00:00,orders.csv
O002290,C00295,2024-02-20,Shipped,,2026-08-09T06:46:32.194049+00:00,orders.csv
O002291,C00166,2023-01-11,DELIVERED,2023-01-17,2026-08-09T06:46:32.194049+00:00,orders.csv
O002292,C00159,2024-04-04,Cancelled,,2026-08-09T06:46:32.194049+00:00,orders.csv
O002293,C00181,2024-07-30,Placed,,2026-08-09T06:46:32.194049+00:00,orders.csv
O002294,C00093,2023-03-27,Delivered,2023-03-31,2026-08-09T06:46:32.194049+00:00,orders.csv
O002295,C00164,2023-10-22,Delivered,2023-10-27,2026-08-09T06:46:32.194049+00:00,orders.csv
O002296,C00287,2023-10-31,Cancelled,,2026-08-09T06:46:32.194049+00:00,orders.csv
O002297,C00080,2024-08-13,Delivered,2024-08-21,2026-08-09T06:46:32.194049+00:00,orders.csv
O002298,C00394,2023-05-12,Delivered,2023-05-14,2026-08-09T06:46:32.194049+00:00,orders.csv
O002299,C00078,2024-08-26,CANCELLED,,2026-08-09T06:46:32.194049+00:00,orders.csv
O002300,C00023,2024-05-22,Placed,,2026-08-09T06:46:32.194049+00:00,orders.csv
O002301,C00063,2024-03-20,Returned,2024-03-26,2026-08-09T06:46:32.194049+00:00,orders.csv
O002302,C00295,2023-07-29,Delivered,2023-08-08,2026-08-09T06:46:32.194049+00:00,orders.csv
O002303,C00370,2024-06-21,DELIVERED,2024-06-30,2026-08-09T06:46:32.194049+00:00,orders.csv
O002304,C00156,2023-10-16,Delivered,2023-10-26,2026-08-09T06:46:32.194049+00:00,orders.csv
O002305,C00077,2023-05-08,Delivered,2023-05-10,2026-08-09T06:46:32.194049+00:00,orders.csv
O002306,C00012,2024-10-17,Shipped,,2026-08-09T06:46:32.194049+00:00,orders.csv
O002307,C00184,2023-09-09,Delivered,2023-09-15,2026-08-09T06:46:32.194049+00:00,orders.csv
O002308,C00176,2023-07-02,delivered,2023-07-11,2026-08-09T06:46:32.194049+00:00,orders.csv
O002309,C00186,2024-01-13,Delivered,2024-01-16,2026-08-09T06:46:32.194049+00:00,orders.csv
O002310,C00289,2023-01-09,Delivered,2023-01-17,2026-08-09T06:46:32.194049+00:00,orders.csv
O002311,C00310,2024-11-07,Delivered,2024-11-17,2026-08-09T06:46:32.194049+00:00,orders.csv
O002312,C00016,2024-05-29,Placed,,2026-08-09T06:46:32.194049+00:00,orders.csv
O002313,C00011,2023-07-12,Delivered,2023-07-20,2026-08-09T06:46:32.194049+00:00,orders.csv
O002314,C00361,2024-07-03,Delivered,2024-07-08,2026-08-09T06:46:32.194049+00:00,orders.csv
O002315,C00241,2024-08-30,delivered,2024-09-09,2026-08-09T06:46:32.194049+00:00,orders.csv
O002316,C00135,2024-07-12,Delivered,2024-07-22,2026-08-09T06:46:32.194049+00:00,orders.csv
O002317,C00165,2023-08-04,Delivered,2023-08-06,2026-08-09T06:46:32.194049+00:00,orders.csv
O002318,C00223,2023-10-21,Delivered,2023-10-27,2026-08-09T06:46:32.194049+00:00,orders.csv
O002319,C00048,2024-12-27,Shipped,,2026-08-09T06:46:32.194049+00:00,orders.csv
O002320,C00002,2023-03-05,Returned,2023-03-10,2026-08-09T06:46:32.194049+00:00,orders.csv
O002321,C00138,2024-08-07,cancelled,,2026-08-09T06:46:32.194049+00:00,orders.csv
O002322,C00202,2023-06-24,delivered,2023-07-01,2026-08-09T06:46:32.194049+00:00,orders.csv
O002323,C00290,2024-11-11,Delivered,2024-11-17,2026-08-09T06:46:32.194049+00:00,orders.csv
O002324,C00121,2023-05-24,Delivered,2023-05-26,2026-08-09T06:46:32.194049+00:00,orders.csv
O002325,C00068,2024-12-21,Shipped,,2026-08-09T06:46:32.194049+00:00,orders.csv
O002326,C00158,2024-08-07,Cancelled,,2026-08-09T06:46:32.194049+00:00,orders.csv
O002327,C00077,2023-03-28,Cancelled,,2026-08-09T06:46:32.194049+00:00,orders.csv
O002328,C00185,2023-02-01,Delivered,2023-02-04,2026-08-09T06:46:32.194049+00:00,orders.csv
O002329,C00046,2023-11-01,Placed,,2026-08-09T06:46:32.194049+00:00,orders.csv
O002330,C00116,2023-10-07,Delivered,2023-10-13,2026-08-09T06:46:32.194049+00:00,orders.csv
O002331,C00329,2024-06-13,Cancelled,,2026-08-09T06:46:32.194049+00:00,orders.csv
O002332,C00174,2023-01-13,Shipped,,2026-08-09T06:46:32.194049+00:00,orders.csv
O002333,C00286,2023-09-17,Shipped,,2026-08-09T06:46:32.194049+00:00,orders.csv
O002334,C00069,2023-11-15,Delivered,2023-11-25,2026-08-09T06:46:32.194049+00:00,orders.csv
O002335,C00384,2023-03-18,Delivered,2023-03-23,2026-08-09T06:46:32.194049+00:00,orders.csv
O002336,C00060,2023-02-06,cancelled,,2026-08-09T06:46:32.194049+00:00,orders.csv
O002337,C00240,2024-03-18,DELIVERED,2024-03-28,2026-08-09T06:46:32.194049+00:00,orders.csv
O002338,C00321,2024-06-07,Shipped,,2026-08-09T06:46:32.194049+00:00,orders.csv
O002339,C00012,2024-06-12,Delivered,2024-06-13,2026-08-09T06:46:32.194049+00:00,orders.csv
O002340,C00061,2024-09-08,DELIVERED,2024-09-15,2026-08-09T06:46:32.194049+00:00,orders.csv
O002341,C00211,2023-02-28,Placed,,2026-08-09T06:46:32.194049+00:00,orders.csv
O002342,C00374,2024-07-25,Cancelled,,2026-08-09T06:46:32.194049+00:00,orders.csv
O002343,C00135,2024-03-02,SHIPPED,,2026-08-09T06:46:32.194049+00:00,orders.csv
O002344,C00249,2023-06-16,Delivered,2023-06-20,2026-08-09T06:46:32.194049+00:00,orders.csv
O002345,C00327,2024-02-28,Delivered,2024-03-01,2026-08-09T06:46:32.194049+00:00,orders.csv
O002346,C00289,2023-02-01,Placed,,2026-08-09T06:46:32.194049+00:00,orders.csv
O002347,C00272,2023-02-10,Cancelled,,2026-08-09T06:46:32.194049+00:00,orders.csv
O002348,C00013,2024-06-22,Delivered,2024-06-26,2026-08-09T06:46:32.194049+00:00,orders.csv
O002349,C00107,2024-08-18,Shipped,,2026-08-09T06:46:32.194049+00:00,orders.csv
O002350,C00216,2023-01-17,DELIVERED,2023-01-18,2026-08-09T06:46:32.194049+00:00,orders.csv
O002351,C00092,2023-09-07,Delivered,2023-09-09,2026-08-09T06:46:32.194049+00:00,orders.csv
O002352,C00205,2023-03-19,PLACED,,2026-08-09T06:46:32.194049+00:00,orders.csv
O002353,C00313,2024-10-18,Shipped,,2026-08-09T06:46:32.194049+00:00,orders.csv
O002354,C00122,2023-07-12,Delivered,2023-07-16,2026-08-09T06:46:32.194049+00:00,orders.csv
O002355,C00232,2023-01-02,Placed,,2026-08-09T06:46:32.194049+00:00,orders.csv
O002356,C00384,2023-02-18,Delivered,2023-02-21,2026-08-09T06:46:32.194049+00:00,orders.csv
O002357,C00260,2024-09-06,Returned,2024-09-15,2026-08-09T06:46:32.194049+00:00,orders.csv
O002358,C00244,2024-09-13,Placed,,2026-08-09T06:46:32.194049+00:00,orders.csv
O002359,C00136,2023-10-09,Shipped,,2026-08-09T06:46:32.194049+00:00,orders.csv
O002360,C00349,2023-10-15,Delivered,2023-10-16,2026-08-09T06:46:32.194049+00:00,orders.csv
O002361,C00115,2024-08-05,Delivered,2024-08-11,2026-08-09T06:46:32.194049+00:00,orders.csv
O002362,C00301,2023-11-20,Placed,,2026-08-09T06:46:32.194049+00:00,orders.csv
O002363,C00302,2024-04-14,delivered,2024-04-20,2026-08-09T06:46:32.194049+00:00,orders.csv
O002364,C00056,2024-12-26,Delivered,2025-01-04,2026-08-09T06:46:32.194049+00:00,orders.csv
O002365,C00114,2023-02-09,Delivered,2023-02-10,2026-08-09T06:46:32.194049+00:00,orders.csv
O002366,C00394,2023-03-11,Delivered,2023-03-13,2026-08-09T06:46:32.194049+00:00,orders.csv
O002367,C00116,2024-07-19,delivered,2024-07-24,2026-08-09T06:46:32.194049+00:00,orders.csv
O002368,C00094,2024-07-30,DELIVERED,2024-08-01,2026-08-09T06:46:32.194049+00:00,orders.csv
O002369,C00384,2023-11-12,Delivered,2023-11-22,2026-08-09T06:46:32.194049+00:00,orders.csv
O002370,C00398,2024-10-01,Cancelled,,2026-08-09T06:46:32.194049+00:00,orders.csv
O002371,C00083,2023-05-05,Returned,2023-05-06,2026-08-09T06:46:32.194049+00:00,orders.csv
O002372,C00065,2023-06-20,delivered,2023-06-21,2026-08-09T06:46:32.194049+00:00,orders.csv
O002373,C00189,2023-10-31,Returned,2023-11-06,2026-08-09T06:46:32.194049+00:00,orders.csv
O002374,C00094,2023-04-22,Placed,,2026-08-09T06:46:32.194049+00:00,orders.csv
O002375,C00179,2024-05-15,Shipped,,2026-08-09T06:46:32.194049+00:00,orders.csv
O002376,C00195,2023-11-13,Shipped,,2026-08-09T06:46:32.194049+00:00,orders.csv
O002377,C00112,2023-04-22,Delivered,2023-05-02,2026-08-09T06:46:32.194049+00:00,orders.csv
O002378,C00072,2023-11-21,Returned,2023-11-24,2026-08-09T06:46:32.194049+00:00,orders.csv
O002379,C00240,2023-07-16,Shipped,,2026-08-09T06:46:32.194049+00:00,orders.csv
O002380,C00294,2024-10-05,CANCELLED,,2026-08-09T06:46:32.194049+00:00,orders.csv
O002381,C00193,2024-10-07,Cancelled,,2026-08-09T06:46:32.194049+00:00,orders.csv
O002382,C00297,2023-10-08,Delivered,2023-10-12,2026-08-09T06:46:32.194049+00:00,orders.csv
O002383,C00317,2024-11-18,Delivered,2024-11-22,2026-08-09T06:46:32.194049+00:00,orders.csv
O002384,C00111,2023-01-22,shipped,,2026-08-09T06:46:32.194049+00:00,orders.csv
O002385,C00290,2023-12-29,delivered,2023-12-30,2026-08-09T06:46:32.194049+00:00,orders.csv
O002386,C00280,2023-05-20,Delivered,2023-05-22,2026-08-09T06:46:32.194049+00:00,orders.csv
O002387,C00367,2024-11-27,Delivered,2024-12-07,2026-08-09T06:46:32.194049+00:00,orders.csv
O002388,C00396,2024-08-28,Delivered,2024-09-03,2026-08-09T06:46:32.194049+00:00,orders.csv
O002389,C00353,2024-04-04,Delivered,2024-04-09,2026-08-09T06:46:32.194049+00:00,orders.csv
O002390,C00235,2023-10-14,Shipped,,2026-08-09T06:46:32.194049+00:00,orders.csv
O002391,C00390,2024-12-28,Delivered,2024-12-29,2026-08-09T06:46:32.194049+00:00,orders.csv
O002392,C00035,2024-12-25,Delivered,2024-12-26,2026-08-09T06:46:32.194049+00:00,orders.csv
O002393,C00320,2024-05-17,DELIVERED,2024-05-23,2026-08-09T06:46:32.194049+00:00,orders.csv
O002394,C00384,2024-03-27,Returned,2024-04-06,2026-08-09T06:46:32.194049+00:00,orders.csv
O002395,C00382,2024-10-05,Delivered,2024-10-14,2026-08-09T06:46:32.194049+00:00,orders.csv
O002396,C00221,2023-07-05,Delivered,2023-07-07,2026-08-09T06:46:32.194049+00:00,orders.csv
O002397,C00201,2023-08-27,Delivered,2023-08-31,2026-08-09T06:46:32.194049+00:00,orders.csv
O002398,C00317,2023-11-15,Delivered,2023-11-18,2026-08-09T06:46:32.194049+00:00,orders.csv
O002399,C00353,2023-01-29,Delivered,2023-02-01,2026-08-09T06:46:32.194049+00:00,orders.csv
O002400,C00214,2023-12-22,Shipped,,2026-08-09T06:46:32.194049+00:00,orders.csv
O002401,C00241,2024-09-30,Delivered,2024-10-02,2026-08-09T06:46:32.194049+00:00,orders.csv
O002402,C00167,2023-03-10,delivered,2023-03-12,2026-08-09T06:46:32.194049+00:00,orders.csv
O002403,C00275,2024-03-09,Delivered,2024-03-17,2026-08-09T06:46:32.194049+00:00,orders.csv
O002404,C00072,2023-06-30,Delivered,2023-07-07,2026-08-09T06:46:32.194049+00:00,orders.csv
O002405,C00082,2023-05-18,Delivered,2023-05-22,2026-08-09T06:46:32.194049+00:00,orders.csv
O002406,C00385,2023-09-25,Returned,2023-09-29,2026-08-09T06:46:32.194049+00:00,orders.csv
O002407,C00337,2024-03-05,Delivered,2024-03-11,2026-08-09T06:46:32.194049+00:00,orders.csv
O002408,C00135,2024-04-03,Shipped,,2026-08-09T06:46:32.194049+00:00,orders.csv
O002409,C00271,2024-03-17,Delivered,2024-03-26,2026-08-09T06:46:32.194049+00:00,orders.csv
O002410,C00093,2023-07-25,Delivered,2023-08-02,2026-08-09T06:46:32.194049+00:00,orders.csv
O002411,C00181,2023-08-14,Delivered,2023-08-20,2026-08-09T06:46:32.194049+00:00,orders.csv
O002412,C00005,2023-07-09,Shipped,,2026-08-09T06:46:32.194049+00:00,orders.csv
O002413,C00132,2024-08-12,DELIVERED,2024-08-15,2026-08-09T06:46:32.194049+00:00,orders.csv
O002414,C00374,2023-01-01,Cancelled,,2026-08-09T06:46:32.194049+00:00,orders.csv
O002415,C00150,2023-03-16,Cancelled,,2026-08-09T06:46:32.194049+00:00,orders.csv
O002416,C00251,2024-09-08,Cancelled,,2026-08-09T06:46:32.194049+00:00,orders.csv
O002417,C00012,2023-02-15,Delivered,2023-02-17,2026-08-09T06:46:32.194049+00:00,orders.csv
O002418,C00347,2024-08-28,Delivered,2024-09-02,2026-08-09T06:46:32.194049+00:00,orders.csv
O002419,C00134,2024-01-02,Delivered,2024-01-03,2026-08-09T06:46:32.194049+00:00,orders.csv
O002420,C00270,2023-03-10,Shipped,,2026-08-09T06:46:32.194049+00:00,orders.csv
O002421,C00189,2023-06-27,Shipped,,2026-08-09T06:46:32.194049+00:00,orders.csv
O002422,C00025,2024-06-20,Shipped,,2026-08-09T06:46:32.194049+00:00,orders.csv
O002423,C00345,2023-08-05,delivered,2023-08-14,2026-08-09T06:46:32.194049+00:00,orders.csv
O002424,C00111,2024-02-04,Delivered,2024-02-14,2026-08-09T06:46:32.194049+00:00,orders.csv
O002425,C00101,2023-11-14,Delivered,2023-11-22,2026-08-09T06:46:32.194049+00:00,orders.csv
O002426,C00399,2024-11-18,cancelled,,2026-08-09T06:46:32.194049+00:00,orders.csv
O002427,C00097,2024-05-21,Shipped,,2026-08-09T06:46:32.194049+00:00,orders.csv
O002428,C00276,2023-06-24,Cancelled,,2026-08-09T06:46:32.194049+00:00,orders.csv
O002429,C00111,2024-05-05,Delivered,2024-05-12,2026-08-09T06:46:32.194049+00:00,orders.csv
O002430,C00336,2023-09-21,PLACED,,2026-08-09T06:46:32.194049+00:00,orders.csv
O002431,C00037,2023-09-27,Delivered,2023-10-06,2026-08-09T06:46:32.194049+00:00,orders.csv
O002432,C00233,2023-09-17,Delivered,2023-09-21,2026-08-09T06:46:32.194049+00:00,orders.csv
O002433,C00255,2024-03-18,Delivered,2024-03-27,2026-08-09T06:46:32.194049+00:00,orders.csv
O002434,C00014,2024-11-29,Cancelled,,2026-08-09T06:46:32.194049+00:00,orders.csv
O002435,C00340,2024-09-09,Delivered,2024-09-12,2026-08-09T06:46:32.194049+00:00,orders.csv
O002436,C00233,2023-07-15,Delivered,2023-07-25,2026-08-09T06:46:32.194049+00:00,orders.csv
O002437,C00026,2023-03-20,Delivered,2023-03-30,2026-08-09T06:46:32.194049+00:00,orders.csv
O002438,C00087,2023-05-08,Delivered,2023-05-13,2026-08-09T06:46:32.194049+00:00,orders.csv
O002439,C00105,2023-08-30,Shipped,,2026-08-09T06:46:32.194049+00:00,orders.csv
O002440,C00055,2023-05-15,Shipped,,2026-08-09T06:46:32.194049+00:00,orders.csv
O002441,C00021,2024-05-21,Delivered,2024-05-30,2026-08-09T06:46:32.194049+00:00,orders.csv
O002442,C00329,2023-05-25,delivered,2023-05-26,2026-08-09T06:46:32.194049+00:00,orders.csv
O002443,C00025,2024-10-17,Delivered,2024-10-20,2026-08-09T06:46:32.194049+00:00,orders.csv
O002444,C00169,2023-01-13,Delivered,2023-01-16,2026-08-09T06:46:32.194049+00:00,orders.csv
O002445,C00125,2023-12-18,DELIVERED,2023-12-26,2026-08-09T06:46:32.194049+00:00,orders.csv
O002446,C00226,2023-07-04,DELIVERED,2023-07-14,2026-08-09T06:46:32.194049+00:00,orders.csv
O002447,C00015,2023-12-21,returned,2023-12-25,2026-08-09T06:46:32.194049+00:00,orders.csv
O002448,C00317,2024-07-06,Delivered,2024-07-09,2026-08-09T06:46:32.194049+00:00,orders.csv
O002449,C00030,2024-12-06,Shipped,,2026-08-09T06:46:32.194049+00:00,orders.csv
O002450,C00101,2023-04-02,RETURNED,2023-04-03,2026-08-09T06:46:32.194049+00:00,orders.csv
O002451,C00213,2024-02-06,Delivered,2024-02-09,2026-08-09T06:46:32.194049+00:00,orders.csv
O002452,C00398,2024-02-12,SHIPPED,,2026-08-09T06:46:32.194049+00:00,orders.csv
O002453,C00366,2023-02-14,placed,,2026-08-09T06:46:32.194049+00:00,orders.csv
O002454,C00145,2024-04-01,Delivered,2024-04-08,2026-08-09T06:46:32.194049+00:00,orders.csv
O002455,C00127,2024-03-07,shipped,,2026-08-09T06:46:32.194049+00:00,orders.csv
O002456,C00173,2023-05-04,Delivered,2023-05-06,2026-08-09T06:46:32.194049+00:00,orders.csv
O002457,C00157,2024-02-23,DELIVERED,2024-02-27,2026-08-09T06:46:32.194049+00:00,orders.csv
O002458,C00301,2023-06-13,RETURNED,2023-06-18,2026-08-09T06:46:32.194049+00:00,orders.csv
O002459,C00152,2024-03-15,shipped,,2026-08-09T06:46:32.194049+00:00,orders.csv
O002460,C00031,2023-06-08,DELIVERED,2023-06-18,2026-08-09T06:46:32.194049+00:00,orders.csv
O002461,C00312,2023-02-03,Delivered,2023-02-08,2026-08-09T06:46:32.194049+00:00,orders.csv
O002462,C00180,2024-08-28,shipped,,2026-08-09T06:46:32.194049+00:00,orders.csv
O002463,C00072,2024-06-01,Delivered,2024-06-08,2026-08-09T06:46:32.194049+00:00,orders.csv
O002464,C00201,2024-06-14,Delivered,2024-06-20,2026-08-09T06:46:32.194049+00:00,orders.csv
O002465,C00379,2023-12-09,Delivered,2023-12-12,2026-08-09T06:46:32.194049+00:00,orders.csv
O002466,C00105,2023-11-08,Returned,2023-11-18,2026-08-09T06:46:32.194049+00:00,orders.csv
O002467,C00216,2023-02-17,Shipped,,2026-08-09T06:46:32.194049+00:00,orders.csv
O002468,C00098,2024-09-22,Delivered,2024-09-27,2026-08-09T06:46:32.194049+00:00,orders.csv
O002469,C00048,2024-12-25,delivered,2024-12-30,2026-08-09T06:46:32.194049+00:00,orders.csv
O002470,C00004,2023-05-05,delivered,2023-05-12,2026-08-09T06:46:32.194049+00:00,orders.csv
O002471,C00016,2024-10-08,DELIVERED,2024-10-11,2026-08-09T06:46:32.194049+00:00,orders.csv
O002472,C00399,2024-01-11,Placed,,2026-08-09T06:46:32.194049+00:00,orders.csv
O002473,C00124,2024-02-09,Delivered,2024-02-11,2026-08-09T06:46:32.194049+00:00,orders.csv
O002474,C00066,2024-05-11,shipped,,2026-08-09T06:46:32.194049+00:00,orders.csv
O002475,C00282,2024-02-13,DELIVERED,2024-02-15,2026-08-09T06:46:32.194049+00:00,orders.csv
O002476,C00170,2023-06-28,Cancelled,,2026-08-09T06:46:32.194049+00:00,orders.csv
O002477,C00211,2024-05-19,delivered,2024-05-20,2026-08-09T06:46:32.194049+00:00,orders.csv
O002478,C00347,2024-06-16,Cancelled,,2026-08-09T06:46:32.194049+00:00,orders.csv
O002479,C00066,2023-04-26,delivered,2023-05-06,2026-08-09T06:46:32.194049+00:00,orders.csv
O002480,C00010,2023-12-25,Delivered,2023-12-31,2026-08-09T06:46:32.194049+00:00,orders.csv
O002481,C00030,2023-04-12,Delivered,2023-04-17,2026-08-09T06:46:32.194049+00:00,orders.csv
O002482,C00286,2023-03-27,delivered,2023-04-04,2026-08-09T06:46:32.194049+00:00,orders.csv
O002483,C00162,2023-01-17,Shipped,,2026-08-09T06:46:32.194049+00:00,orders.csv
O002484,C00177,2023-03-21,Delivered,2023-03-22,2026-08-09T06:46:32.194049+00:00,orders.csv
O002485,C00343,2024-06-24,delivered,2024-07-01,2026-08-09T06:46:32.194049+00:00,orders.csv
O002486,C00067,2023-01-25,Delivered,2023-01-30,2026-08-09T06:46:32.194049+00:00,orders.csv
O002487,C00006,2024-10-18,Returned,2024-10-21,2026-08-09T06:46:32.194049+00:00,orders.csv
O002488,C00044,2023-01-12,Shipped,,2026-08-09T06:46:32.194049+00:00,orders.csv
O002489,C00012,2023-07-20,DELIVERED,2023-07-26,2026-08-09T06:46:32.194049+00:00,orders.csv
O002490,C00145,2023-03-21,Delivered,2023-03-26,2026-08-09T06:46:32.194049+00:00,orders.csv
O002491,C00300,2024-11-07,Placed,,2026-08-09T06:46:32.194049+00:00,orders.csv
O002492,C00361,2023-05-04,placed,,2026-08-09T06:46:32.194049+00:00,orders.csv
O002493,C00044,2023-10-02,delivered,2023-10-03,2026-08-09T06:46:32.194049+00:00,orders.csv
O002494,C00247,2024-05-09,DELIVERED,2024-05-13,2026-08-09T06:46:32.194049+00:00,orders.csv
O002495,C00224,2023-06-02,Delivered,2023-06-12,2026-08-09T06:46:32.194049+00:00,orders.csv
O002496,C00273,2024-12-26,Delivered,2024-12-29,2026-08-09T06:46:32.194049+00:00,orders.csv
O002497,C00351,2023-01-31,Shipped,,2026-08-09T06:46:32.194049+00:00,orders.csv
O002498,C00147,2023-08-27,Delivered,2023-09-02,2026-08-09T06:46:32.194049+00:00,orders.csv
O002499,C00118,2023-06-20,Delivered,2023-06-24,2026-08-09T06:46:32.194049+00:00,orders.csv
O002500,C00241,2023-03-02,Delivered,2023-03-04,2026-08-09T06:46:32.194049+00:00,orders.csv
O002501,C00249,2024-06-24,Delivered,2024-06-28,2026-08-09T06:46:32.194049+00:00,orders.csv
O002502,C00130,2023-05-01,Returned,2023-05-06,2026-08-09T06:46:32.194049+00:00,orders.csv
O002503,C00064,2024-08-12,Delivered,2024-08-20,2026-08-09T06:46:32.194049+00:00,orders.csv
O002504,C00086,2024-10-02,Delivered,2024-10-08,2026-08-09T06:46:32.194049+00:00,orders.csv
O002505,C00023,2024-10-19,Shipped,,2026-08-09T06:46:32.194049+00:00,orders.csv
O002506,C00026,2024-01-19,DELIVERED,2024-01-20,2026-08-09T06:46:32.194049+00:00,orders.csv
O002507,C00168,2024-08-05,Cancelled,,2026-08-09T06:46:32.194049+00:00,orders.csv
O002508,C00147,2023-06-25,DELIVERED,2023-06-26,2026-08-09T06:46:32.194049+00:00,orders.csv
O002509,C00354,2023-09-02,Delivered,2023-09-09,2026-08-09T06:46:32.194049+00:00,orders.csv
O002510,C00099,2024-02-03,Delivered,2024-02-13,2026-08-09T06:46:32.194049+00:00,orders.csv
O002511,C00013,2024-06-15,Delivered,2024-06-16,2026-08-09T06:46:32.194049+00:00,orders.csv
O002512,C00298,2024-03-24,DELIVERED,2024-03-27,2026-08-09T06:46:32.194049+00:00,orders.csv
O002513,C00394,2023-02-23,Cancelled,,2026-08-09T06:46:32.194049+00:00,orders.csv
O002514,C00041,2024-07-15,shipped,,2026-08-09T06:46:32.194049+00:00,orders.csv
O002515,C00390,2023-05-20,Delivered,2023-05-24,2026-08-09T06:46:32.194049+00:00,orders.csv
O002516,C00125,2024-08-15,Shipped,,2026-08-09T06:46:32.194049+00:00,orders.csv
O002517,C00307,2024-05-16,Delivered,2024-05-17,2026-08-09T06:46:32.194049+00:00,orders.csv
O002518,C00303,2023-02-11,Delivered,2023-02-20,2026-08-09T06:46:32.194049+00:00,orders.csv
O002519,C00117,2024-08-06,Returned,2024-08-13,2026-08-09T06:46:32.194049+00:00,orders.csv
O002520,C00002,2024-03-11,Cancelled,,2026-08-09T06:46:32.194049+00:00,orders.csv
O002521,C00336,2023-02-28,DELIVERED,2023-03-03,2026-08-09T06:46:32.194049+00:00,orders.csv
O002522,C00329,2024-05-28,Returned,2024-06-01,2026-08-09T06:46:32.194049+00:00,orders.csv
O002523,C00313,2024-03-03,Delivered,2024-03-07,2026-08-09T06:46:32.194049+00:00,orders.csv
O002524,C00176,2024-07-18,Delivered,2024-07-19,2026-08-09T06:46:32.194049+00:00,orders.csv
O002525,C00126,2023-12-02,Shipped,,2026-08-09T06:46:32.194049+00:00,orders.csv
O002526,C00072,2023-01-01,Delivered,2023-01-07,2026-08-09T06:46:32.194049+00:00,orders.csv
O002527,C00301,2023-11-24,Cancelled,,2026-08-09T06:46:32.194049+00:00,orders.csv
O002528,C00236,2024-03-03,Delivered,2024-03-06,2026-08-09T06:46:32.194049+00:00,orders.csv
O002529,C00280,2023-09-09,Delivered,2023-09-11,2026-08-09T06:46:32.194049+00:00,orders.csv
O002530,C00310,2024-06-03,Delivered,2024-06-13,2026-08-09T06:46:32.194049+00:00,orders.csv
O002531,C00246,2023-07-27,Placed,,2026-08-09T06:46:32.194049+00:00,orders.csv
O002532,C00287,2024-09-11,Placed,,2026-08-09T06:46:32.194049+00:00,orders.csv
O002533,C00078,2023-02-02,Shipped,,2026-08-09T06:46:32.194049+00:00,orders.csv
O002534,C00176,2024-09-24,Shipped,,2026-08-09T06:46:32.194049+00:00,orders.csv
O002535,C00305,2023-09-14,Delivered,2023-09-16,2026-08-09T06:46:32.194049+00:00,orders.csv
O002536,C00279,2023-11-19,Shipped,,2026-08-09T06:46:32.194049+00:00,orders.csv
O002537,C00251,2023-03-13,Returned,2023-03-19,2026-08-09T06:46:32.194049+00:00,orders.csv
O002538,C00034,2023-01-18,Shipped,,2026-08-09T06:46:32.194049+00:00,orders.csv
O002539,C00222,2023-11-24,Returned,2023-11-29,2026-08-09T06:46:32.194049+00:00,orders.csv
O002540,C00157,2024-04-09,Placed,,2026-08-09T06:46:32.194049+00:00,orders.csv
O002541,C00172,2023-06-22,SHIPPED,,2026-08-09T06:46:32.194049+00:00,orders.csv
O002542,C00064,2024-06-27,delivered,2024-07-07,2026-08-09T06:46:32.194049+00:00,orders.csv
O002543,C00078,2024-12-24,Delivered,2024-12-31,2026-08-09T06:46:32.194049+00:00,orders.csv
O002544,C00312,2023-06-23,Cancelled,,2026-08-09T06:46:32.194049+00:00,orders.csv
O002545,C00192,2023-02-16,Cancelled,,2026-08-09T06:46:32.194049+00:00,orders.csv
O002546,C00060,2023-01-29,Delivered,2023-01-31,2026-08-09T06:46:32.194049+00:00,orders.csv
O002547,C00140,2024-03-09,DELIVERED,2024-03-13,2026-08-09T06:46:32.194049+00:00,orders.csv
O002548,C00087,2024-12-02,Delivered,2024-12-10,2026-08-09T06:46:32.194049+00:00,orders.csv
O002549,C00180,2023-07-26,Delivered,2023-08-03,2026-08-09T06:46:32.194049+00:00,orders.csv
O002550,C00296,2024-04-24,Delivered,2024-05-01,2026-08-09T06:46:32.194049+00:00,orders.csv
O002551,C00328,2023-11-05,Delivered,2023-11-09,2026-08-09T06:46:32.194049+00:00,orders.csv
O002552,C00309,2023-07-11,Delivered,2023-07-13,2026-08-09T06:46:32.194049+00:00,orders.csv
O002553,C00156,2023-11-16,Cancelled,,2026-08-09T06:46:32.194049+00:00,orders.csv
O002554,C00349,2023-03-01,Shipped,,2026-08-09T06:46:32.194049+00:00,orders.csv
O002555,C00055,2023-03-22,Delivered,2023-03-24,2026-08-09T06:46:32.194049+00:00,orders.csv
O002556,C00199,2024-08-07,Cancelled,,2026-08-09T06:46:32.194049+00:00,orders.csv
O002557,C00192,2023-08-20,Placed,,2026-08-09T06:46:32.194049+00:00,orders.csv
O002558,C00218,2023-12-28,Delivered,2024-01-02,2026-08-09T06:46:32.194049+00:00,orders.csv
O002559,C00092,2023-08-12,Delivered,2023-08-20,2026-08-09T06:46:32.194049+00:00,orders.csv
O002560,C00307,2023-06-04,Returned,2023-06-02,2026-08-09T06:46:32.194049+00:00,orders.csv
O002561,C00397,2024-11-02,delivered,2024-11-12,2026-08-09T06:46:32.194049+00:00,orders.csv
O002562,C00211,2024-09-23,Delivered,2024-09-27,2026-08-09T06:46:32.194049+00:00,orders.csv
O002563,C00392,2023-06-27,Delivered,2023-07-01,2026-08-09T06:46:32.194049+00:00,orders.csv
O002564,C00027,2024-12-28,delivered,2025-01-03,2026-08-09T06:46:32.194049+00:00,orders.csv
O002565,C00055,2023-09-13,Delivered,2023-09-22,2026-08-09T06:46:32.194049+00:00,orders.csv
O002566,C00236,2024-09-29,Delivered,2024-10-08,2026-08-09T06:46:32.194049+00:00,orders.csv
O002567,C00339,2024-08-24,Delivered,2024-09-03,2026-08-09T06:46:32.194049+00:00,orders.csv
O002568,C00242,2024-11-02,Delivered,2024-11-12,2026-08-09T06:46:32.194049+00:00,orders.csv
O002569,C00113,2023-09-27,delivered,2023-10-03,2026-08-09T06:46:32.194049+00:00,orders.csv
O002570,C00011,2024-12-25,Cancelled,,2026-08-09T06:46:32.194049+00:00,orders.csv
O002571,C00317,2024-01-09,Delivered,2024-01-10,2026-08-09T06:46:32.194049+00:00,orders.csv
O002572,C00112,2023-02-05,delivered,2023-02-04,2026-08-09T06:46:32.194049+00:00,orders.csv
O002573,C00110,2023-08-08,RETURNED,2023-08-05,2026-08-09T06:46:32.194049+00:00,orders.csv
O002574,C00164,2024-01-06,Delivered,2024-01-08,2026-08-09T06:46:32.194049+00:00,orders.csv
O002575,C00228,2024-05-17,Cancelled,,2026-08-09T06:46:32.194049+00:00,orders.csv
O002576,C00119,2024-08-27,Delivered,2024-09-05,2026-08-09T06:46:32.194049+00:00,orders.csv
O002577,C00176,2023-08-06,Shipped,,2026-08-09T06:46:32.194049+00:00,orders.csv
O002578,C00297,2024-06-04,Delivered,2024-06-13,2026-08-09T06:46:32.194049+00:00,orders.csv
O002579,C00385,2023-05-06,Delivered,2023-05-07,2026-08-09T06:46:32.194049+00:00,orders.csv
O002580,C00011,2024-04-06,Delivered,2024-04-11,2026-08-09T06:46:32.194049+00:00,orders.csv
O002581,C00367,2024-08-10,Returned,2024-08-15,2026-08-09T06:46:32.194049+00:00,orders.csv
O002582,C00322,2024-01-23,Placed,,2026-08-09T06:46:32.194049+00:00,orders.csv
O002583,C00253,2024-11-07,Delivered,2024-11-10,2026-08-09T06:46:32.194049+00:00,orders.csv
O002584,C00328,2024-11-02,Shipped,,2026-08-09T06:46:32.194049+00:00,orders.csv
O002585,C00300,2024-09-28,Delivered,2024-10-02,2026-08-09T06:46:32.194049+00:00,orders.csv
O002586,C00089,2024-03-16,Returned,2024-03-19,2026-08-09T06:46:32.194049+00:00,orders.csv
O002587,C00189,2024-07-17,Delivered,2024-07-21,2026-08-09T06:46:32.194049+00:00,orders.csv
O002588,C00123,2024-12-08,Delivered,2024-12-16,2026-08-09T06:46:32.194049+00:00,orders.csv
O002589,C00098,2023-05-06,Returned,2023-05-15,2026-08-09T06:46:32.194049+00:00,orders.csv
O002590,C00291,2023-12-16,Cancelled,,2026-08-09T06:46:32.194049+00:00,orders.csv
O002591,C00356,2023-11-24,Delivered,2023-12-04,2026-08-09T06:46:32.194049+00:00,orders.csv
O002592,C00380,2024-06-26,Shipped,,2026-08-09T06:46:32.194049+00:00,orders.csv
O002593,C00377,2024-04-21,Shipped,,2026-08-09T06:46:32.194049+00:00,orders.csv
O002594,C00211,2023-11-04,Delivered,2023-11-13,2026-08-09T06:46:32.194049+00:00,orders.csv
O002595,C00216,2023-04-16,Delivered,2023-04-20,2026-08-09T06:46:32.194049+00:00,orders.csv
O002596,C00068,2024-11-07,Delivered,2024-11-04,2026-08-09T06:46:32.194049+00:00,orders.csv
O002597,C00254,2023-11-28,Shipped,,2026-08-09T06:46:32.194049+00:00,orders.csv
O002598,C00246,2023-11-04,Returned,2023-11-09,2026-08-09T06:46:32.194049+00:00,orders.csv
O002599,C00148,2023-07-27,Returned,2023-07-30,2026-08-09T06:46:32.194049+00:00,orders.csv
O002600,C00034,2024-05-07,DELIVERED,2024-05-15,2026-08-09T06:46:32.194049+00:00,orders.csv
O002601,C00309,2023-05-06,Shipped,,2026-08-09T06:46:32.194049+00:00,orders.csv
O002602,C00260,2024-02-06,Delivered,2024-02-11,2026-08-09T06:46:32.194049+00:00,orders.csv
O002603,C00377,2024-01-12,Placed,,2026-08-09T06:46:32.194049+00:00,orders.csv
O002604,C00264,2023-01-04,Cancelled,,2026-08-09T06:46:32.194049+00:00,orders.csv
O002605,C00014,2024-11-14,cancelled,,2026-08-09T06:46:32.194049+00:00,orders.csv
O002606,C00219,2023-06-26,Delivered,2023-07-03,2026-08-09T06:46:32.194049+00:00,orders.csv
O002607,C00062,2023-06-29,placed,,2026-08-09T06:46:32.194049+00:00,orders.csv
O002608,C00210,2023-10-28,Placed,,2026-08-09T06:46:32.194049+00:00,orders.csv
O002609,C00236,2024-11-14,DELIVERED,2024-11-21,2026-08-09T06:46:32.194049+00:00,orders.csv
O002610,C00397,2023-03-04,Delivered,2023-03-11,2026-08-09T06:46:32.194049+00:00,orders.csv
O002611,C00077,2023-01-03,Delivered,2023-01-10,2026-08-09T06:46:32.194049+00:00,orders.csv
O002612,C00311,2024-02-29,Delivered,2024-03-03,2026-08-09T06:46:32.194049+00:00,orders.csv
O002613,C00053,2023-04-17,Delivered,2023-04-21,2026-08-09T06:46:32.194049+00:00,orders.csv
O002614,C00384,2023-11-16,placed,,2026-08-09T06:46:32.194049+00:00,orders.csv
O002615,C00127,2023-06-06,Delivered,2023-06-12,2026-08-09T06:46:32.194049+00:00,orders.csv
O002616,C00286,2023-06-25,DELIVERED,2023-06-26,2026-08-09T06:46:32.194049+00:00,orders.csv
O002617,C00397,2023-09-16,Delivered,2023-09-20,2026-08-09T06:46:32.194049+00:00,orders.csv
O002618,C00365,2024-08-15,Shipped,,2026-08-09T06:46:32.194049+00:00,orders.csv
O002619,C00020,2024-11-27,Shipped,,2026-08-09T06:46:32.194049+00:00,orders.csv
O002620,C00067,2024-12-30,Delivered,2025-01-01,2026-08-09T06:46:32.194049+00:00,orders.csv
O002621,C00250,2023-09-03,Shipped,,2026-08-09T06:46:32.194049+00:00,orders.csv
O002622,C00109,2023-09-30,Cancelled,,2026-08-09T06:46:32.194049+00:00,orders.csv
O002623,C00326,2024-07-23,Delivered,2024-08-02,2026-08-09T06:46:32.194049+00:00,orders.csv
O002624,C00203,2023-04-19,Delivered,2023-04-21,2026-08-09T06:46:32.194049+00:00,orders.csv
O002625,C00290,2023-10-23,Delivered,2023-11-02,2026-08-09T06:46:32.194049+00:00,orders.csv
O002626,C00034,2023-01-11,Shipped,,2026-08-09T06:46:32.194049+00:00,orders.csv
O002627,C00214,2024-09-05,Delivered,2024-09-13,2026-08-09T06:46:32.194049+00:00,orders.csv
O002628,C00115,2024-03-22,Delivered,2024-03-25,2026-08-09T06:46:32.194049+00:00,orders.csv
O002629,C00327,2023-09-10,shipped,,2026-08-09T06:46:32.194049+00:00,orders.csv
O002630,C00262,2023-08-11,Delivered,2023-08-20,2026-08-09T06:46:32.194049+00:00,orders.csv
O002631,C00315,2024-09-16,Shipped,,2026-08-09T06:46:32.194049+00:00,orders.csv
O002632,C00296,2023-09-04,Delivered,2023-09-11,2026-08-09T06:46:32.194049+00:00,orders.csv
O002633,C00351,2024-09-26,Delivered,2024-10-04,2026-08-09T06:46:32.194049+00:00,orders.csv
O002634,C00266,2024-08-12,delivered,2024-08-18,2026-08-09T06:46:32.194049+00:00,orders.csv
O002635,C00189,2023-07-30,Delivered,2023-08-09,2026-08-09T06:46:32.194049+00:00,orders.csv
O002636,C00271,2024-12-23,Returned,2025-01-02,2026-08-09T06:46:32.194049+00:00,orders.csv
O002637,C00132,2024-04-12,Cancelled,,2026-08-09T06:46:32.194049+00:00,orders.csv
O002638,C00064,2024-07-04,Delivered,2024-07-11,2026-08-09T06:46:32.194049+00:00,orders.csv
O002639,C00172,2024-12-11,DELIVERED,2024-12-21,2026-08-09T06:46:32.194049+00:00,orders.csv
O002640,C00386,2023-06-18,Delivered,2023-06-20,2026-08-09T06:46:32.194049+00:00,orders.csv
O002641,C00358,2023-08-21,Delivered,2023-08-29,2026-08-09T06:46:32.194049+00:00,orders.csv
O002642,C00028,2024-05-19,Delivered,2024-05-24,2026-08-09T06:46:32.194049+00:00,orders.csv
O002643,C00068,2023-10-06,Delivered,2023-10-07,2026-08-09T06:46:32.194049+00:00,orders.csv
O002644,C00129,2023-02-11,Delivered,2023-02-14,2026-08-09T06:46:32.194049+00:00,orders.csv
O002645,C00063,2023-06-07,Returned,2023-06-12,2026-08-09T06:46:32.194049+00:00,orders.csv
O002646,C00074,2024-10-08,Returned,2024-10-14,2026-08-09T06:46:32.194049+00:00,orders.csv
O002647,C00020,2024-12-13,Delivered,2024-12-14,2026-08-09T06:46:32.194049+00:00,orders.csv
O002648,C00268,2023-03-04,Delivered,2023-03-05,2026-08-09T06:46:32.194049+00:00,orders.csv
O002649,C00280,2024-05-21,Delivered,2024-05-22,2026-08-09T06:46:32.194049+00:00,orders.csv
O002650,C00196,2023-08-07,Placed,,2026-08-09T06:46:32.194049+00:00,orders.csv
O002651,C00059,2024-10-06,Delivered,2024-10-14,2026-08-09T06:46:32.194049+00:00,orders.csv
O002652,C00200,2024-02-10,Returned,2024-02-12,2026-08-09T06:46:32.194049+00:00,orders.csv
O002653,C00088,2024-06-08,RETURNED,2024-06-15,2026-08-09T06:46:32.194049+00:00,orders.csv
O002654,C00098,2023-08-20,CANCELLED,,2026-08-09T06:46:32.194049+00:00,orders.csv
O002655,C00223,2024-08-01,Shipped,,2026-08-09T06:46:32.194049+00:00,orders.csv
O002656,C00121,2024-01-10,Cancelled,,2026-08-09T06:46:32.194049+00:00,orders.csv
O002657,C00073,2023-08-17,Delivered,2023-08-26,2026-08-09T06:46:32.194049+00:00,orders.csv
O002658,C00204,2023-01-09,returned,2023-01-10,2026-08-09T06:46:32.194049+00:00,orders.csv
O002659,C00284,2023-06-27,Delivered,2023-07-04,2026-08-09T06:46:32.194049+00:00,orders.csv
O002660,C00313,2024-12-12,Placed,,2026-08-09T06:46:32.194049+00:00,orders.csv
O002661,C00289,2024-06-26,placed,,2026-08-09T06:46:32.194049+00:00,orders.csv
O002662,C00196,2023-12-10,shipped,,2026-08-09T06:46:32.194049+00:00,orders.csv
O002663,C00398,2023-03-16,Delivered,2023-03-25,2026-08-09T06:46:32.194049+00:00,orders.csv
O002664,C00031,2024-09-07,PLACED,,2026-08-09T06:46:32.194049+00:00,orders.csv
O002665,C00295,2023-10-02,Shipped,,2026-08-09T06:46:32.194049+00:00,orders.csv
O002666,C00317,2023-04-26,Delivered,2023-04-30,2026-08-09T06:46:32.194049+00:00,orders.csv
O002667,C00364,2023-01-23,returned,2023-01-30,2026-08-09T06:46:32.194049+00:00,orders.csv
O002668,C00298,2024-09-28,Cancelled,,2026-08-09T06:46:32.194049+00:00,orders.csv
O002669,C00246,2023-08-18,Delivered,2023-08-25,2026-08-09T06:46:32.194049+00:00,orders.csv
O002670,C00170,2023-01-24,Returned,2023-01-25,2026-08-09T06:46:32.194049+00:00,orders.csv
O002671,C00044,2023-05-11,Placed,,2026-08-09T06:46:32.194049+00:00,orders.csv
O002672,C00085,2024-11-16,Delivered,2024-11-22,2026-08-09T06:46:32.194049+00:00,orders.csv
O002673,C00116,2023-02-07,Shipped,,2026-08-09T06:46:32.194049+00:00,orders.csv
O002674,C00353,2023-01-16,Delivered,2023-01-26,2026-08-09T06:46:32.194049+00:00,orders.csv
O002675,C00197,2024-07-05,placed,,2026-08-09T06:46:32.194049+00:00,orders.csv
O002676,C00143,2023-12-19,Delivered,2023-12-28,2026-08-09T06:46:32.194049+00:00,orders.csv
O002677,C00092,2023-04-01,Delivered,2023-04-02,2026-08-09T06:46:32.194049+00:00,orders.csv
O002678,C00006,2023-08-17,Delivered,2023-08-22,2026-08-09T06:46:32.194049+00:00,orders.csv
O002679,C00163,2024-12-18,Cancelled,,2026-08-09T06:46:32.194049+00:00,orders.csv
O002680,C00110,2023-04-10,DELIVERED,2023-04-19,2026-08-09T06:46:32.194049+00:00,orders.csv
O002681,C00110,2024-05-02,Delivered,2024-05-06,2026-08-09T06:46:32.194049+00:00,orders.csv
O002682,C00260,2024-05-19,delivered,2024-05-24,2026-08-09T06:46:32.194049+00:00,orders.csv
O002683,C00167,2024-06-22,delivered,2024-06-26,2026-08-09T06:46:32.194049+00:00,orders.csv
O002684,C00007,2024-10-02,Delivered,2024-10-11,2026-08-09T06:46:32.194049+00:00,orders.csv
O002685,C00051,2024-06-22,Shipped,,2026-08-09T06:46:32.194049+00:00,orders.csv
O002686,C00256,2024-03-05,Delivered,2024-03-12,2026-08-09T06:46:32.194049+00:00,orders.csv
O002687,C00134,2023-08-19,Delivered,2023-08-25,2026-08-09T06:46:32.194049+00:00,orders.csv
O002688,C00353,2023-08-24,Delivered,2023-08-26,2026-08-09T06:46:32.194049+00:00,orders.csv
O002689,C00301,2024-09-29,Delivered,2024-10-07,2026-08-09T06:46:32.194049+00:00,orders.csv
O002690,C00065,2023-01-24,Placed,,2026-08-09T06:46:32.194049+00:00,orders.csv
O002691,C00328,2023-02-13,Delivered,2023-02-14,2026-08-09T06:46:32.194049+00:00,orders.csv
O002692,C00146,2024-06-11,Cancelled,,2026-08-09T06:46:32.194049+00:00,orders.csv
O002693,C00334,2023-12-24,Delivered,2023-12-28,2026-08-09T06:46:32.194049+00:00,orders.csv
O002694,C00268,2023-07-30,Delivered,2023-08-07,2026-08-09T06:46:32.194049+00:00,orders.csv
O002695,C00225,2024-11-12,Placed,,2026-08-09T06:46:32.194049+00:00,orders.csv
O002696,C00278,2023-03-29,Delivered,2023-04-03,2026-08-09T06:46:32.194049+00:00,orders.csv
O002697,C00117,2024-01-13,Delivered,2024-01-17,2026-08-09T06:46:32.194049+00:00,orders.csv
O002698,C00302,2024-02-01,delivered,2024-02-07,2026-08-09T06:46:32.194049+00:00,orders.csv
O002699,C00349,2024-10-30,Delivered,2024-11-06,2026-08-09T06:46:32.194049+00:00,orders.csv
O002700,C00019,2023-04-20,Delivered,2023-04-28,2026-08-09T06:46:32.194049+00:00,orders.csv
O002701,C00076,2023-08-11,Placed,,2026-08-09T06:46:32.194049+00:00,orders.csv
O002702,C00110,2024-10-25,Cancelled,,2026-08-09T06:46:32.194049+00:00,orders.csv
O002703,C00259,2023-07-20,Delivered,2023-07-24,2026-08-09T06:46:32.194049+00:00,orders.csv
O002704,C00363,2024-04-25,Delivered,2024-05-05,2026-08-09T06:46:32.194049+00:00,orders.csv
O002705,C00337,2024-08-24,Delivered,2024-08-26,2026-08-09T06:46:32.194049+00:00,orders.csv
O002706,C00085,2024-12-13,SHIPPED,,2026-08-09T06:46:32.194049+00:00,orders.csv
O002707,C00139,2024-12-10,Delivered,2024-12-19,2026-08-09T06:46:32.194049+00:00,orders.csv
O002708,C00182,2023-06-10,Shipped,,2026-08-09T06:46:32.194049+00:00,orders.csv
O002709,C00032,2023-07-19,DELIVERED,2023-07-28,2026-08-09T06:46:32.194049+00:00,orders.csv
O002710,C00040,2024-03-25,DELIVERED,2024-03-31,2026-08-09T06:46:32.194049+00:00,orders.csv
O002711,C00335,2023-06-04,Shipped,,2026-08-09T06:46:32.194049+00:00,orders.csv
O002712,C00128,2024-06-22,Placed,,2026-08-09T06:46:32.194049+00:00,orders.csv
O002713,C00179,2023-04-22,Delivered,2023-04-29,2026-08-09T06:46:32.194049+00:00,orders.csv
O002714,C00002,2024-10-11,Delivered,2024-10-15,2026-08-09T06:46:32.194049+00:00,orders.csv
O002715,C00310,2024-03-16,Delivered,2024-03-18,2026-08-09T06:46:32.194049+00:00,orders.csv
O002716,C00306,2023-02-21,returned,2023-02-22,2026-08-09T06:46:32.194049+00:00,orders.csv
O002717,C00219,2023-01-28,Delivered,2023-02-07,2026-08-09T06:46:32.194049+00:00,orders.csv
O002718,C00031,2024-04-06,Returned,2024-04-07,2026-08-09T06:46:32.194049+00:00,orders.csv
O002719,C00259,2023-07-29,Delivered,2023-08-04,2026-08-09T06:46:32.194049+00:00,orders.csv
O002720,C00105,2024-09-18,Delivered,2024-09-28,2026-08-09T06:46:32.194049+00:00,orders.csv
O002721,C00151,2023-11-24,Delivered,2023-12-02,2026-08-09T06:46:32.194049+00:00,orders.csv
O002722,C00043,2024-04-11,Delivered,2024-04-13,2026-08-09T06:46:32.194049+00:00,orders.csv
O002723,C00097,2024-04-25,Delivered,2024-05-04,2026-08-09T06:46:32.194049+00:00,orders.csv
O002724,C00004,2023-03-03,Delivered,2023-03-09,2026-08-09T06:46:32.194049+00:00,orders.csv
O002725,C00133,2023-10-25,Shipped,,2026-08-09T06:46:32.194049+00:00,orders.csv
O002726,C00382,2024-12-31,Delivered,2025-01-10,2026-08-09T06:46:32.194049+00:00,orders.csv
O002727,C00315,2024-05-30,delivered,2024-05-31,2026-08-09T06:46:32.194049+00:00,orders.csv
O002728,C00340,2023-09-11,Delivered,2023-09-15,2026-08-09T06:46:32.194049+00:00,orders.csv
O002729,C00388,2024-05-25,Cancelled,,2026-08-09T06:46:32.194049+00:00,orders.csv
O002730,C00365,2023-10-12,Delivered,2023-10-15,2026-08-09T06:46:32.194049+00:00,orders.csv
O002731,C00009,2023-08-25,delivered,2023-08-28,2026-08-09T06:46:32.194049+00:00,orders.csv
O002732,C00102,2023-03-22,delivered,2023-03-30,2026-08-09T06:46:32.194049+00:00,orders.csv
O002733,C00102,2024-05-27,Placed,,2026-08-09T06:46:32.194049+00:00,orders.csv
O002734,C00393,2024-05-03,Delivered,2024-05-13,2026-08-09T06:46:32.194049+00:00,orders.csv
O002735,C00389,2023-12-24,Delivered,2023-12-31,2026-08-09T06:46:32.194049+00:00,orders.csv
O002736,C00240,2024-05-10,Returned,2024-05-20,2026-08-09T06:46:32.194049+00:00,orders.csv
O002737,C00258,2024-05-05,Placed,,2026-08-09T06:46:32.194049+00:00,orders.csv
O002738,C00215,2023-09-25,Shipped,,2026-08-09T06:46:32.194049+00:00,orders.csv
O002739,C00238,2024-02-09,Delivered,2024-02-16,2026-08-09T06:46:32.194049+00:00,orders.csv
O002740,C00343,2023-11-23,Delivered,2023-11-26,2026-08-09T06:46:32.194049+00:00,orders.csv
O002741,C00007,2024-06-29,Delivered,2024-07-01,2026-08-09T06:46:32.194049+00:00,orders.csv
O002742,C00098,2024-10-06,placed,,2026-08-09T06:46:32.194049+00:00,orders.csv
O002743,C00068,2024-04-23,delivered,2024-04-24,2026-08-09T06:46:32.194049+00:00,orders.csv
O002744,C00070,2024-01-11,Delivered,2024-01-15,2026-08-09T06:46:32.194049+00:00,orders.csv
O002745,C00284,2023-12-31,Placed,,2026-08-09T06:46:32.194049+00:00,orders.csv
O002746,C00028,2024-02-20,delivered,2024-02-25,2026-08-09T06:46:32.194049+00:00,orders.csv
O002747,C00333,2023-08-05,Shipped,,2026-08-09T06:46:32.194049+00:00,orders.csv
O002748,C00226,2024-05-11,Delivered,2024-05-17,2026-08-09T06:46:32.194049+00:00,orders.csv
O002749,C00016,2024-11-18,PLACED,,2026-08-09T06:46:32.194049+00:00,orders.csv
O002750,C00219,2024-05-22,Shipped,,2026-08-09T06:46:32.194049+00:00,orders.csv
O002751,C00300,2023-08-04,DELIVERED,2023-08-11,2026-08-09T06:46:32.194049+00:00,orders.csv
O002752,C00393,2024-07-12,DELIVERED,2024-07-21,2026-08-09T06:46:32.194049+00:00,orders.csv
O002753,C00052,2024-02-23,Returned,2024-02-27,2026-08-09T06:46:32.194049+00:00,orders.csv
O002754,C00123,2024-08-21,Returned,2024-08-31,2026-08-09T06:46:32.194049+00:00,orders.csv
O002755,C00024,2023-12-11,Placed,,2026-08-09T06:46:32.194049+00:00,orders.csv
O002756,C00064,2023-09-26,Delivered,2023-10-01,2026-08-09T06:46:32.194049+00:00,orders.csv
O002757,C00376,2023-09-21,Delivered,2023-09-23,2026-08-09T06:46:32.194049+00:00,orders.csv
O002758,C00356,2023-09-10,Delivered,2023-09-13,2026-08-09T06:46:32.194049+00:00,orders.csv
O002759,C00178,2023-05-04,Delivered,2023-05-03,2026-08-09T06:46:32.194049+00:00,orders.csv
O002760,C00196,2023-06-06,Shipped,,2026-08-09T06:46:32.194049+00:00,orders.csv
O002761,C00220,2024-08-12,delivered,2024-08-15,2026-08-09T06:46:32.194049+00:00,orders.csv
O002762,C00155,2023-06-26,Delivered,2023-06-29,2026-08-09T06:46:32.194049+00:00,orders.csv
O002763,C00216,2023-09-12,DELIVERED,2023-09-16,2026-08-09T06:46:32.194049+00:00,orders.csv
O002764,C00327,2024-10-11,Delivered,2024-10-19,2026-08-09T06:46:32.194049+00:00,orders.csv
O002765,C00380,2023-12-21,cancelled,,2026-08-09T06:46:32.194049+00:00,orders.csv
O002766,C00049,2024-05-28,DELIVERED,2024-06-04,2026-08-09T06:46:32.194049+00:00,orders.csv
O002767,C00075,2023-02-12,Delivered,2023-02-16,2026-08-09T06:46:32.194049+00:00,orders.csv
O002768,C00179,2023-06-11,Delivered,2023-06-13,2026-08-09T06:46:32.194049+00:00,orders.csv
O002769,C00200,2023-04-23,Delivered,2023-04-27,2026-08-09T06:46:32.194049+00:00,orders.csv
O002770,C00336,2023-11-22,cancelled,,2026-08-09T06:46:32.194049+00:00,orders.csv
O002771,C00190,2023-06-28,Delivered,2023-07-07,2026-08-09T06:46:32.194049+00:00,orders.csv
O002772,C00084,2024-03-12,Placed,,2026-08-09T06:46:32.194049+00:00,orders.csv
O002773,C00114,2023-03-21,Cancelled,,2026-08-09T06:46:32.194049+00:00,orders.csv
O002774,C00133,2024-03-08,Delivered,2024-03-09,2026-08-09T06:46:32.194049+00:00,orders.csv
O002775,C00362,2023-06-17,Delivered,2023-06-21,2026-08-09T06:46:32.194049+00:00,orders.csv
O002776,C00157,2023-01-19,Delivered,2023-01-22,2026-08-09T06:46:32.194049+00:00,orders.csv
O002777,C00266,2024-05-08,Delivered,2024-05-13,2026-08-09T06:46:32.194049+00:00,orders.csv
O002778,C00367,2023-06-22,shipped,,2026-08-09T06:46:32.194049+00:00,orders.csv
O002779,C00251,2023-06-28,DELIVERED,2023-07-07,2026-08-09T06:46:32.194049+00:00,orders.csv
O002780,C00273,2024-09-06,delivered,2024-09-16,2026-08-09T06:46:32.194049+00:00,orders.csv
O002781,C00391,2024-01-04,Delivered,2024-01-09,2026-08-09T06:46:32.194049+00:00,orders.csv
O002782,C00263,2023-07-12,DELIVERED,2023-07-16,2026-08-09T06:46:32.194049+00:00,orders.csv
O002783,C00271,2024-01-19,Delivered,2024-01-21,2026-08-09T06:46:32.194049+00:00,orders.csv
O002784,C00254,2023-06-20,Cancelled,,2026-08-09T06:46:32.194049+00:00,orders.csv
O002785,C00067,2023-08-25,Delivered,2023-09-03,2026-08-09T06:46:32.194049+00:00,orders.csv
O002786,C00328,2023-10-30,Delivered,2023-10-31,2026-08-09T06:46:32.194049+00:00,orders.csv
O002787,C00210,2023-03-17,cancelled,,2026-08-09T06:46:32.194049+00:00,orders.csv
O002788,C00054,2023-09-02,SHIPPED,,2026-08-09T06:46:32.194049+00:00,orders.csv
O002789,C00360,2023-02-25,Delivered,2023-02-26,2026-08-09T06:46:32.194049+00:00,orders.csv
O002790,C00075,2024-08-16,delivered,2024-08-20,2026-08-09T06:46:32.194049+00:00,orders.csv
O002791,C00252,2024-06-19,Delivered,2024-06-28,2026-08-09T06:46:32.194049+00:00,orders.csv
O002792,C00360,2024-05-03,Delivered,2024-05-05,2026-08-09T06:46:32.194049+00:00,orders.csv
O002793,C00259,2023-11-09,DELIVERED,2023-11-17,2026-08-09T06:46:32.194049+00:00,orders.csv
O002794,C00107,2024-11-01,Delivered,2024-11-02,2026-08-09T06:46:32.194049+00:00,orders.csv
O002795,C00199,2024-05-19,CANCELLED,,2026-08-09T06:46:32.194049+00:00,orders.csv
O002796,C00325,2024-10-08,PLACED,,2026-08-09T06:46:32.194049+00:00,orders.csv
O002797,C00013,2024-11-12,Returned,2024-11-17,2026-08-09T06:46:32.194049+00:00,orders.csv
O002798,C00308,2024-12-06,Delivered,2024-12-08,2026-08-09T06:46:32.194049+00:00,orders.csv
O002799,C00117,2023-03-05,Delivered,2023-03-10,2026-08-09T06:46:32.194049+00:00,orders.csv
O002800,C00160,2023-09-25,Placed,,2026-08-09T06:46:32.194049+00:00,orders.csv
O002801,C00338,2023-03-08,Delivered,2023-03-12,2026-08-09T06:46:32.194049+00:00,orders.csv
O002802,C00011,2023-11-28,CANCELLED,,2026-08-09T06:46:32.194049+00:00,orders.csv
O002803,C00040,2024-09-04,Delivered,2024-09-14,2026-08-09T06:46:32.194049+00:00,orders.csv
O002804,C00305,2024-11-20,Delivered,2024-11-25,2026-08-09T06:46:32.194049+00:00,orders.csv
O002805,C00188,2024-03-12,delivered,2024-03-16,2026-08-09T06:46:32.194049+00:00,orders.csv
O002806,C00048,2024-02-12,Delivered,2024-02-13,2026-08-09T06:46:32.194049+00:00,orders.csv
O002807,C00352,2023-06-06,Placed,,2026-08-09T06:46:32.194049+00:00,orders.csv
O002808,C00276,2024-09-12,Cancelled,,2026-08-09T06:46:32.194049+00:00,orders.csv
O002809,C00009,2023-01-27,Returned,2023-01-28,2026-08-09T06:46:32.194049+00:00,orders.csv
O002810,C00328,2023-12-07,Shipped,,2026-08-09T06:46:32.194049+00:00,orders.csv
O002811,C00350,2023-12-21,Cancelled,,2026-08-09T06:46:32.194049+00:00,orders.csv
O002812,C00324,2024-12-06,Delivered,2024-12-11,2026-08-09T06:46:32.194049+00:00,orders.csv
O002813,C00380,2023-09-18,cancelled,,2026-08-09T06:46:32.194049+00:00,orders.csv
O002814,C00003,2023-09-25,Delivered,2023-09-27,2026-08-09T06:46:32.194049+00:00,orders.csv
O002815,C00218,2023-01-03,Delivered,2023-01-12,2026-08-09T06:46:32.194049+00:00,orders.csv
O002816,C00006,2023-06-02,Delivered,2023-06-09,2026-08-09T06:46:32.194049+00:00,orders.csv
O002817,C00163,2023-11-25,Shipped,,2026-08-09T06:46:32.194049+00:00,orders.csv
O002818,C00069,2024-05-01,Shipped,,2026-08-09T06:46:32.194049+00:00,orders.csv
O002819,C00288,2023-10-13,Cancelled,,2026-08-09T06:46:32.194049+00:00,orders.csv
O002820,C00381,2023-05-10,SHIPPED,,2026-08-09T06:46:32.194049+00:00,orders.csv
O002821,C00216,2023-09-12,Placed,,2026-08-09T06:46:32.194049+00:00,orders.csv
O002822,C00030,2024-03-10,Shipped,,2026-08-09T06:46:32.194049+00:00,orders.csv
O002823,C00292,2023-08-03,PLACED,,2026-08-09T06:46:32.194049+00:00,orders.csv
O002824,C00075,2023-10-04,Delivered,2023-10-08,2026-08-09T06:46:32.194049+00:00,orders.csv
O002825,C00367,2024-07-10,Placed,,2026-08-09T06:46:32.194049+00:00,orders.csv
O002826,C00366,2023-01-16,Cancelled,,2026-08-09T06:46:32.194049+00:00,orders.csv
O002827,C00297,2024-06-07,Delivered,2024-06-17,2026-08-09T06:46:32.194049+00:00,orders.csv
O002828,C00330,2023-10-15,Delivered,2023-10-18,2026-08-09T06:46:32.194049+00:00,orders.csv
O002829,C00011,2024-04-01,Delivered,2024-04-09,2026-08-09T06:46:32.194049+00:00,orders.csv
O002830,C00304,2023-08-14,Delivered,2023-08-16,2026-08-09T06:46:32.194049+00:00,orders.csv
O002831,C00213,2024-05-12,Delivered,2024-05-19,2026-08-09T06:46:32.194049+00:00,orders.csv
O002832,C00191,2024-05-03,Cancelled,,2026-08-09T06:46:32.194049+00:00,orders.csv
O002833,C00273,2023-11-25,Delivered,2023-11-28,2026-08-09T06:46:32.194049+00:00,orders.csv
O002834,C00090,2024-10-01,shipped,,2026-08-09T06:46:32.194049+00:00,orders.csv
O002835,C00203,2024-09-11,Cancelled,,2026-08-09T06:46:32.194049+00:00,orders.csv
O002836,C00254,2023-12-01,Returned,2023-12-10,2026-08-09T06:46:32.194049+00:00,orders.csv
O002837,C00122,2023-01-10,delivered,2023-01-18,2026-08-09T06:46:32.194049+00:00,orders.csv
O002838,C00134,2023-11-07,Delivered,2023-11-08,2026-08-09T06:46:32.194049+00:00,orders.csv
O002839,C00128,2023-01-14,cancelled,,2026-08-09T06:46:32.194049+00:00,orders.csv
O002840,C00074,2023-01-20,Returned,2023-01-30,2026-08-09T06:46:32.194049+00:00,orders.csv
O002841,C00305,2024-04-26,DELIVERED,2024-04-29,2026-08-09T06:46:32.194049+00:00,orders.csv
O002842,C00057,2024-11-04,Placed,,2026-08-09T06:46:32.194049+00:00,orders.csv
O002843,C00200,2024-05-24,Placed,,2026-08-09T06:46:32.194049+00:00,orders.csv
O002844,C00315,2024-12-18,Shipped,,2026-08-09T06:46:32.194049+00:00,orders.csv
O002845,C00096,2024-10-21,Delivered,2024-10-26,2026-08-09T06:46:32.194049+00:00,orders.csv
O002846,C00037,2023-03-10,Cancelled,,2026-08-09T06:46:32.194049+00:00,orders.csv
O002847,C00228,2024-08-11,Delivered,2024-08-16,2026-08-09T06:46:32.194049+00:00,orders.csv
O002848,C00118,2023-08-29,Shipped,,2026-08-09T06:46:32.194049+00:00,orders.csv
O002849,C00029,2024-06-27,Delivered,2024-06-30,2026-08-09T06:46:32.194049+00:00,orders.csv
O002850,C00334,2023-05-10,Delivered,2023-05-17,2026-08-09T06:46:32.194049+00:00,orders.csv
O002851,C00290,2023-05-10,Delivered,2023-05-14,2026-08-09T06:46:32.194049+00:00,orders.csv
O002852,C00171,2024-10-30,Delivered,2024-11-09,2026-08-09T06:46:32.194049+00:00,orders.csv
O002853,C00088,2023-02-26,Returned,2023-02-27,2026-08-09T06:46:32.194049+00:00,orders.csv
O002854,C00217,2023-05-16,Delivered,2023-05-24,2026-08-09T06:46:32.194049+00:00,orders.csv
O002855,C00307,2024-11-20,Shipped,,2026-08-09T06:46:32.194049+00:00,orders.csv
O002856,C00193,2024-04-05,Delivered,2024-04-08,2026-08-09T06:46:32.194049+00:00,orders.csv
O002857,C00204,2023-03-03,Delivered,2023-03-06,2026-08-09T06:46:32.194049+00:00,orders.csv
O002858,C00063,2023-09-28,Shipped,,2026-08-09T06:46:32.194049+00:00,orders.csv
O002859,C00054,2023-12-30,Delivered,2024-01-07,2026-08-09T06:46:32.194049+00:00,orders.csv
O002860,C00089,2023-07-17,delivered,2023-07-20,2026-08-09T06:46:32.194049+00:00,orders.csv
O002861,C00009,2024-05-02,Placed,,2026-08-09T06:46:32.194049+00:00,orders.csv
O002862,C00302,2023-08-09,Cancelled,,2026-08-09T06:46:32.194049+00:00,orders.csv
O002863,C00054,2024-08-10,Delivered,2024-08-15,2026-08-09T06:46:32.194049+00:00,orders.csv
O002864,C00148,2023-12-27,DELIVERED,2024-01-06,2026-08-09T06:46:32.194049+00:00,orders.csv
O002865,C00221,2024-08-27,PLACED,,2026-08-09T06:46:32.194049+00:00,orders.csv
O002866,C00301,2023-03-02,Delivered,2023-03-09,2026-08-09T06:46:32.194049+00:00,orders.csv
O002867,C00178,2023-10-21,Delivered,2023-10-25,2026-08-09T06:46:32.194049+00:00,orders.csv
O002868,C00335,2023-03-23,Delivered,2023-03-30,2026-08-09T06:46:32.194049+00:00,orders.csv
O002869,C00315,2024-03-10,delivered,2024-03-19,2026-08-09T06:46:32.194049+00:00,orders.csv
O002870,C00150,2024-08-31,Cancelled,,2026-08-09T06:46:32.194049+00:00,orders.csv
O002871,C00111,2024-12-22,Delivered,2024-12-29,2026-08-09T06:46:32.194049+00:00,orders.csv
O002872,C00064,2023-03-21,DELIVERED,2023-03-24,2026-08-09T06:46:32.194049+00:00,orders.csv
O002873,C00303,2023-10-26,Delivered,2023-11-01,2026-08-09T06:46:32.194049+00:00,orders.csv
O002874,C00211,2023-11-28,Delivered,2023-12-02,2026-08-09T06:46:32.194049+00:00,orders.csv
O002875,C00337,2023-02-17,Returned,2023-02-22,2026-08-09T06:46:32.194049+00:00,orders.csv
O002876,C00004,2024-05-26,Placed,,2026-08-09T06:46:32.194049+00:00,orders.csv
O002877,C00278,2023-06-10,Cancelled,,2026-08-09T06:46:32.194049+00:00,orders.csv
O002878,C00202,2024-03-01,Shipped,,2026-08-09T06:46:32.194049+00:00,orders.csv
O002879,C00390,2023-09-13,delivered,2023-09-21,2026-08-09T06:46:32.194049+00:00,orders.csv
O002880,C00144,2023-02-23,Cancelled,,2026-08-09T06:46:32.194049+00:00,orders.csv
O002881,C00014,2024-09-17,Delivered,2024-09-20,2026-08-09T06:46:32.194049+00:00,orders.csv
O002882,C00276,2024-03-23,Placed,,2026-08-09T06:46:32.194049+00:00,orders.csv
O002883,C00052,2023-02-28,Delivered,2023-03-09,2026-08-09T06:46:32.194049+00:00,orders.csv
O002884,C00094,2023-04-19,Shipped,,2026-08-09T06:46:32.194049+00:00,orders.csv
O002885,C00147,2023-04-10,Placed,,2026-08-09T06:46:32.194049+00:00,orders.csv
O002886,C00176,2023-12-29,placed,,2026-08-09T06:46:32.194049+00:00,orders.csv
O002887,C00046,2023-09-24,Delivered,2023-09-25,2026-08-09T06:46:32.194049+00:00,orders.csv
O002888,C00194,2023-12-03,Shipped,,2026-08-09T06:46:32.194049+00:00,orders.csv
O002889,C00223,2024-07-30,SHIPPED,,2026-08-09T06:46:32.194049+00:00,orders.csv
O002890,C00288,2024-04-28,Delivered,2024-05-06,2026-08-09T06:46:32.194049+00:00,orders.csv
O002891,C00345,2024-04-15,delivered,2024-04-12,2026-08-09T06:46:32.194049+00:00,orders.csv
O002892,C00376,2024-01-07,Delivered,2024-01-14,2026-08-09T06:46:32.194049+00:00,orders.csv
O002893,C00162,2023-11-03,Cancelled,,2026-08-09T06:46:32.194049+00:00,orders.csv
O002894,C00271,2024-01-07,delivered,2024-01-17,2026-08-09T06:46:32.194049+00:00,orders.csv
O002895,C00263,2024-06-20,Shipped,,2026-08-09T06:46:32.194049+00:00,orders.csv
O002896,C00150,2023-10-21,Delivered,2023-10-31,2026-08-09T06:46:32.194049+00:00,orders.csv
O002897,C00299,2023-12-17,DELIVERED,2023-12-24,2026-08-09T06:46:32.194049+00:00,orders.csv
O002898,C00104,2024-01-02,CANCELLED,,2026-08-09T06:46:32.194049+00:00,orders.csv
O002899,C00255,2023-12-27,shipped,,2026-08-09T06:46:32.194049+00:00,orders.csv
O002900,C00269,2023-07-17,cancelled,,2026-08-09T06:46:32.194049+00:00,orders.csv
O002901,C00255,2023-06-01,Delivered,2023-06-02,2026-08-09T06:46:32.194049+00:00,orders.csv
O002902,C00009,2024-03-25,Cancelled,,2026-08-09T06:46:32.194049+00:00,orders.csv
O002903,C00238,2023-07-24,Cancelled,,2026-08-09T06:46:32.194049+00:00,orders.csv
O002904,C00217,2024-07-06,Delivered,2024-07-10,2026-08-09T06:46:32.194049+00:00,orders.csv
O002905,C00306,2024-10-27,Placed,,2026-08-09T06:46:32.194049+00:00,orders.csv
O002906,C00283,2023-02-22,Cancelled,,2026-08-09T06:46:32.194049+00:00,orders.csv
O002907,C00288,2023-01-25,Cancelled,,2026-08-09T06:46:32.194049+00:00,orders.csv
O002908,C00275,2023-12-02,Delivered,2023-12-11,2026-08-09T06:46:32.194049+00:00,orders.csv
O002909,C00270,2023-01-25,shipped,,2026-08-09T06:46:32.194049+00:00,orders.csv
O002910,C00349,2023-07-08,delivered,2023-07-10,2026-08-09T06:46:32.194049+00:00,orders.csv
O002911,C00210,2024-06-06,Delivered,2024-06-04,2026-08-09T06:46:32.194049+00:00,orders.csv
O002912,C00295,2024-06-27,Delivered,2024-07-03,2026-08-09T06:46:32.194049+00:00,orders.csv
O002913,C00126,2024-08-17,Cancelled,,2026-08-09T06:46:32.194049+00:00,orders.csv
O002914,C00328,2023-09-29,Shipped,,2026-08-09T06:46:32.194049+00:00,orders.csv
O002915,C00316,2023-02-19,Returned,2023-02-23,2026-08-09T06:46:32.194049+00:00,orders.csv
O002916,C00065,2023-07-28,Shipped,,2026-08-09T06:46:32.194049+00:00,orders.csv
O002917,C00015,2024-08-04,Cancelled,,2026-08-09T06:46:32.194049+00:00,orders.csv
O002918,C00063,2023-11-19,Returned,2023-11-26,2026-08-09T06:46:32.194049+00:00,orders.csv
O002919,C00328,2023-11-24,Cancelled,,2026-08-09T06:46:32.194049+00:00,orders.csv
O002920,C00168,2024-02-25,Shipped,,2026-08-09T06:46:32.194049+00:00,orders.csv
O002921,C00027,2023-08-04,Cancelled,,2026-08-09T06:46:32.194049+00:00,orders.csv
O002922,C00283,2024-12-31,SHIPPED,,2026-08-09T06:46:32.194049+00:00,orders.csv
O002923,C00275,2024-03-21,Delivered,2024-03-22,2026-08-09T06:46:32.194049+00:00,orders.csv
O002924,C00276,2024-03-04,Shipped,,2026-08-09T06:46:32.194049+00:00,orders.csv
O002925,C00154,2024-07-31,Placed,,2026-08-09T06:46:32.194049+00:00,orders.csv
O002926,C00100,2024-12-10,shipped,,2026-08-09T06:46:32.194049+00:00,orders.csv
O002927,C00386,2023-03-11,Delivered,2023-03-09,2026-08-09T06:46:32.194049+00:00,orders.csv
O002928,C00091,2023-11-16,Delivered,2023-11-21,2026-08-09T06:46:32.194049+00:00,orders.csv
O002929,C00178,2024-04-05,Shipped,,2026-08-09T06:46:32.194049+00:00,orders.csv
O002930,C00274,2024-09-11,PLACED,,2026-08-09T06:46:32.194049+00:00,orders.csv
O002931,C00094,2023-09-21,Returned,2023-09-22,2026-08-09T06:46:32.194049+00:00,orders.csv
O002932,C00234,2023-05-19,PLACED,,2026-08-09T06:46:32.194049+00:00,orders.csv
O002933,C00197,2023-11-01,Delivered,2023-11-11,2026-08-09T06:46:32.194049+00:00,orders.csv
O002934,C00353,2024-10-19,Delivered,2024-10-27,2026-08-09T06:46:32.194049+00:00,orders.csv
O002935,C00070,2023-04-11,Delivered,2023-04-13,2026-08-09T06:46:32.194049+00:00,orders.csv
O002936,C00390,2024-05-07,Delivered,2024-05-12,2026-08-09T06:46:32.194049+00:00,orders.csv
O002937,C00346,2023-02-09,Delivered,2023-02-16,2026-08-09T06:46:32.194049+00:00,orders.csv
O002938,C00090,2024-06-17,Delivered,2024-06-18,2026-08-09T06:46:32.194049+00:00,orders.csv
O002939,C00160,2024-11-09,Cancelled,,2026-08-09T06:46:32.194049+00:00,orders.csv
O002940,C00289,2024-07-29,DELIVERED,2024-08-08,2026-08-09T06:46:32.194049+00:00,orders.csv
O002941,C00056,2023-06-17,Delivered,2023-06-26,2026-08-09T06:46:32.194049+00:00,orders.csv
O002942,C00276,2024-06-21,Shipped,,2026-08-09T06:46:32.194049+00:00,orders.csv
O002943,C00273,2024-02-16,Delivered,2024-02-17,2026-08-09T06:46:32.194049+00:00,orders.csv
O002944,C00393,2024-01-10,DELIVERED,2024-01-13,2026-08-09T06:46:32.194049+00:00,orders.csv
O002945,C00139,2023-01-07,Delivered,2023-01-13,2026-08-09T06:46:32.194049+00:00,orders.csv
O002946,C00036,2023-05-14,Delivered,2023-05-19,2026-08-09T06:46:32.194049+00:00,orders.csv
O002947,C00358,2023-05-14,Delivered,2023-05-23,2026-08-09T06:46:32.194049+00:00,orders.csv
O002948,C00036,2024-08-06,Placed,,2026-08-09T06:46:32.194049+00:00,orders.csv
O002949,C00028,2024-02-21,Shipped,,2026-08-09T06:46:32.194049+00:00,orders.csv
O002950,C00221,2023-03-04,Returned,2023-03-12,2026-08-09T06:46:32.194049+00:00,orders.csv
O002951,C00342,2024-07-04,Delivered,2024-07-13,2026-08-09T06:46:32.194049+00:00,orders.csv
O002952,C00375,2023-06-18,Placed,,2026-08-09T06:46:32.194049+00:00,orders.csv
O002953,C00214,2023-10-29,Delivered,2023-11-01,2026-08-09T06:46:32.194049+00:00,orders.csv
O002954,C00263,2023-10-30,returned,2023-11-04,2026-08-09T06:46:32.194049+00:00,orders.csv
O002955,C00292,2024-08-09,Delivered,2024-08-12,2026-08-09T06:46:32.194049+00:00,orders.csv
O002956,C00087,2024-05-29,Delivered,2024-06-08,2026-08-09T06:46:32.194049+00:00,orders.csv
O002957,C00109,2023-03-15,Delivered,2023-03-25,2026-08-09T06:46:32.194049+00:00,orders.csv
O002958,C00117,2023-09-28,Cancelled,,2026-08-09T06:46:32.194049+00:00,orders.csv
O002959,C00349,2023-10-21,Cancelled,,2026-08-09T06:46:32.194049+00:00,orders.csv
O002960,C00163,2023-11-27,Delivered,2023-12-02,2026-08-09T06:46:32.194049+00:00,orders.csv
O002961,C00082,2023-05-07,DELIVERED,2023-05-09,2026-08-09T06:46:32.194049+00:00,orders.csv
O002962,C00135,2024-08-20,Delivered,2024-08-28,2026-08-09T06:46:32.194049+00:00,orders.csv
O002963,C00048,2024-01-15,Delivered,2024-01-18,2026-08-09T06:46:32.194049+00:00,orders.csv
O002964,C00308,2023-07-27,Delivered,2023-07-28,2026-08-09T06:46:32.194049+00:00,orders.csv
O002965,C00372,2023-12-03,Delivered,2023-12-13,2026-08-09T06:46:32.194049+00:00,orders.csv
O002966,C00349,2024-06-03,Delivered,2024-06-13,2026-08-09T06:46:32.194049+00:00,orders.csv
O002967,C00146,2023-04-18,Delivered,2023-04-21,2026-08-09T06:46:32.194049+00:00,orders.csv
O002968,C00355,2023-08-18,returned,2023-08-28,2026-08-09T06:46:32.194049+00:00,orders.csv
O002969,C00002,2023-03-07,Cancelled,,2026-08-09T06:46:32.194049+00:00,orders.csv
O002970,C00372,2024-09-17,Delivered,2024-09-26,2026-08-09T06:46:32.194049+00:00,orders.csv
O002971,C00061,2024-12-17,Delivered,2024-12-25,2026-08-09T06:46:32.194049+00:00,orders.csv
O002972,C00385,2023-07-11,Delivered,2023-07-21,2026-08-09T06:46:32.194049+00:00,orders.csv
O002973,C00225,2024-07-05,Shipped,,2026-08-09T06:46:32.194049+00:00,orders.csv
O002974,C00151,2024-01-20,Delivered,2024-01-27,2026-08-09T06:46:32.194049+00:00,orders.csv
O002975,C00313,2024-11-11,Cancelled,,2026-08-09T06:46:32.194049+00:00,orders.csv
O002976,C00068,2023-11-25,CANCELLED,,2026-08-09T06:46:32.194049+00:00,orders.csv
O002977,C00024,2024-10-30,DELIVERED,2024-11-07,2026-08-09T06:46:32.194049+00:00,orders.csv
O002978,C00171,2024-02-29,returned,2024-03-07,2026-08-09T06:46:32.194049+00:00,orders.csv
O002979,C00108,2024-10-31,Delivered,2024-11-05,2026-08-09T06:46:32.194049+00:00,orders.csv
O002980,C00075,2023-03-27,Delivered,2023-04-02,2026-08-09T06:46:32.194049+00:00,orders.csv
O002981,C00012,2024-12-20,Shipped,,2026-08-09T06:46:32.194049+00:00,orders.csv
O002982,C00164,2023-12-09,Cancelled,,2026-08-09T06:46:32.194049+00:00,orders.csv
O002983,C00292,2023-01-01,delivered,2023-01-04,2026-08-09T06:46:32.194049+00:00,orders.csv
O002984,C00261,2023-04-25,Cancelled,,2026-08-09T06:46:32.194049+00:00,orders.csv
O002985,C00400,2023-02-25,Delivered,2023-02-26,2026-08-09T06:46:32.194049+00:00,orders.csv
O002986,C00033,2024-08-10,Cancelled,,2026-08-09T06:46:32.194049+00:00,orders.csv
O002987,C00342,2024-04-17,Delivered,2024-04-20,2026-08-09T06:46:32.194049+00:00,orders.csv
O002988,C00029,2024-07-30,Delivered,2024-08-04,2026-08-09T06:46:32.194049+00:00,orders.csv
O002989,C00305,2023-08-28,Cancelled,,2026-08-09T06:46:32.194049+00:00,orders.csv
O002990,C00213,2024-01-29,Cancelled,,2026-08-09T06:46:32.194049+00:00,orders.csv
O002991,C00260,2024-06-18,Delivered,2024-06-27,2026-08-09T06:46:32.194049+00:00,orders.csv
O002992,C00228,2023-02-27,Delivered,2023-03-03,2026-08-09T06:46:32.194049+00:00,orders.csv
O002993,C00190,2024-09-17,Delivered,2024-09-19,2026-08-09T06:46:32.194049+00:00,orders.csv
O002994,C00206,2023-03-03,Delivered,2023-03-09,2026-08-09T06:46:32.194049+00:00,orders.csv
O002995,C00143,2024-10-02,Delivered,2024-10-09,2026-08-09T06:46:32.194049+00:00,orders.csv
O002996,C00012,2024-11-25,Delivered,2024-12-04,2026-08-09T06:46:32.194049+00:00,orders.csv
O002997,C00172,2024-04-22,Cancelled,,2026-08-09T06:46:32.194049+00:00,orders.csv
O002998,C00069,2023-12-17,Delivered,2023-12-20,2026-08-09T06:46:32.194049+00:00,orders.csv
O002999,C00331,2024-12-29,Returned,2025-01-06,2026-08-09T06:46:32.194049+00:00,orders.csv
O003000,C00139,2024-01-10,Delivered,2024-01-17,2026-08-09T06:46:32.194049+00:00,orders.csv
