order_id,customer_id,order_date,status,region_code
1,306,2023-10-20 14:34:22,PLACED,SOUTH
2,59,2025-07-21 02:51:46,DELIVERED,EAST
3,144,2023-02-09 13:02:28,DELIVERED,EAST
4,266,2024-10-12 05:15:35,DELIVERED,NORTH
5,598,2025-06-07 15:17:15,CANCELLED,EAST
6,228,2025-12-02 03:47:37,DELIVERED,WEST
7,368,2025-02-27 02:04:07,DELIVERED,SOUTH
8,572,2023-10-09 09:14:03,SHIPPED,WEST
9,132,2024-02-06 19:14:23,DELIVERED,CENTRAL
10,188,2025-11-21 21:30:49,CANCELLED,NORTH
11,228,2024-07-05 21:55:30,SHIPPED,EAST
12,431,2024-05-29 16:23:53,DELIVERED,CENTRAL
13,302,2024-12-21 10:14:57,CANCELLED,WEST
14,55,2025-09-12 12:01:29,DELIVERED,CENTRAL
15,73,2025-01-03 13:37:32,CANCELLED,CENTRAL
16,,2023-07-06 03:03:42,CANCELLED,WEST
17,543,2024-04-08 11:30:31,DELIVERED,SOUTH
18,141,2023-11-08 03:35:53,DELIVERED,CENTRAL
19,469,2023-08-11 11:47:00,DELIVERED,SOUTH
20,83,2025-01-27 10:19:53,DELIVERED,SOUTH
21,321,2025-09-12 15:50:10,PLACED,WEST
22,281,2023-11-22 06:20:25,DELIVERED,SOUTH
23,591,2023-09-04 02:53:21,DELIVERED,NORTH
24,133,2025-08-12 13:27:54,DELIVERED,WEST
25,414,2024-10-28 11:13:40,RETURNED,WEST
26,5,2023-02-28 14:30:06,DELIVERED,EAST
27,15,2024-05-15 12:58:34,DELIVERED,CENTRAL
28,196,2023-01-28 19:57:41,DELIVERED,SOUTH
29,232,2025-12-13 08:28:35,CANCELLED,EAST
30,133,2023-06-09 13:14:24,DELIVERED,CENTRAL
31,314,2023-09-17 00:00:00,PLACED,NORTH
32,306,2024-03-27 18:50:45,DELIVERED,CENTRAL
33,537,2024-06-08 19:24:26,DELIVERED,SOUTH
34,351,2025-01-31 11:11:09,DELIVERED,SOUTH
35,169,2024-09-18 00:00:00,PLACED,SOUTH
36,135,2023-11-25 01:44:32,DELIVERED,CENTRAL
37,517,2023-09-20 00:00:00,PLACED,NORTH
38,385,2025-09-21 16:54:01,SHIPPED,CENTRAL
39,50,2025-07-11 15:05:38,RETURNED,NORTH
40,21,2023-03-16 22:19:59,DELIVERED,WEST
41,455,2024-08-13 16:53:16,PLACED,EAST
42,486,2025-12-26 07:32:37,SHIPPED,NORTH
43,309,2024-10-15 19:13:30,DELIVERED,CENTRAL
44,277,2025-08-25 11:35:02,DELIVERED,SOUTH
45,429,2023-06-12 23:29:10,DELIVERED,CENTRAL
46,121,2024-03-15 04:04:20,PLACED,NORTH
47,510,2023-11-05 14:05:03,DELIVERED,EAST
48,536,2023-11-10 06:55:17,DELIVERED,WEST
49,303,2023-09-07 03:09:40,PLACED,WEST
50,213,2025-12-05 02:06:05,RETURNED,EAST
51,,2023-12-31 06:59:24,PLACED,NORTH
52,114,2025-06-10 21:57:59,DELIVERED,SOUTH
53,93,2025-03-05 21:45:29,PLACED,NORTH
54,263,2025-09-27 22:37:00,SHIPPED,EAST
55,271,2024-12-22 05:30:52,PLACED,SOUTH
56,41,2024-03-27 09:07:46,DELIVERED,EAST
57,437,2023-06-30 01:06:16,PLACED,NORTH
58,10,2023-08-03 23:43:07,DELIVERED,SOUTH
59,337,2024-07-09 09:35:15,CANCELLED,CENTRAL
60,275,2023-05-25 09:28:34,DELIVERED,EAST
61,188,2023-06-26 19:57:52,DELIVERED,WEST
62,279,2024-08-22 04:30:56,DELIVERED,WEST
63,432,2025-10-04 22:45:00,CANCELLED,SOUTH
64,116,2023-07-25 20:23:22,DELIVERED,NORTH
65,164,2023-06-11 02:42:17,DELIVERED,CENTRAL
66,495,2025-06-02 19:44:54,DELIVERED,SOUTH
67,389,2024-07-11 01:32:11,DELIVERED,SOUTH
68,495,2025-01-28 06:32:10,PLACED,WEST
69,452,2023-03-13 09:58:21,PLACED,EAST
70,13,2025-12-30 12:12:19,CANCELLED,CENTRAL
71,591,2025-05-27 17:10:57,SHIPPED,EAST
72,532,2025-03-23 14:41:59,DELIVERED,CENTRAL
73,98,2024-11-03 09:44:22,DELIVERED,SOUTH
74,494,2024-06-21 02:28:30,DELIVERED,WEST
75,153,2025-05-17 08:34:54,CANCELLED,CENTRAL
76,56,2023-01-19 02:09:07,DELIVERED,SOUTH
77,518,2024-12-30 00:21:34,CANCELLED,SOUTH
78,77,2025-02-02 17:57:52,DELIVERED,EAST
79,285,2023-03-20 05:12:38,DELIVERED,CENTRAL
80,388,2024-09-18 11:15:21,CANCELLED,NORTH
81,471,2024-11-21 00:33:41,CANCELLED,WEST
82,91,2025-02-13 07:47:31,DELIVERED,NORTH
83,510,2025-10-11 00:00:00,PLACED,WEST
84,423,2023-02-25 15:54:40,DELIVERED,NORTH
85,94,2025-07-27 14:19:50,RETURNED,EAST
86,521,2025-05-23 13:16:40,SHIPPED,WEST
87,350,2024-07-18 10:23:21,CANCELLED,SOUTH
88,466,2024-05-30 16:50:11,DELIVERED,CENTRAL
89,485,2025-10-17 20:58:09,DELIVERED,WEST
90,117,2023-06-01 08:42:55,DELIVERED,SOUTH
91,3,2024-06-14 06:42:56,DELIVERED,EAST
92,561,2025-03-21 21:00:52,DELIVERED,NORTH
93,47,2023-09-13 00:09:20,DELIVERED,WEST
94,110,2024-01-31 00:35:33,DELIVERED,SOUTH
95,124,2024-09-02 08:14:34,SHIPPED,SOUTH
96,347,2023-06-17 09:47:53,DELIVERED,NORTH
97,127,2024-11-30 20:01:43,DELIVERED,CENTRAL
98,517,2023-07-29 03:35:39,RETURNED,NORTH
99,544,2023-03-17 10:52:50,DELIVERED,WEST
100,600,2025-01-20 05:00:30,RETURNED,SOUTH
101,593,2023-09-27 18:09:04,DELIVERED,SOUTH
102,107,2024-08-24 19:31:36,DELIVERED,CENTRAL
103,330,2025-02-22 02:35:14,CANCELLED,WEST
104,255,2024-03-01 00:23:37,DELIVERED,EAST
105,302,2024-12-04 11:18:41,CANCELLED,SOUTH
106,,2024-10-03 04:15:59,DELIVERED,CENTRAL
107,307,2025-12-25 17:36:12,DELIVERED,EAST
108,567,2025-09-09 16:24:51,SHIPPED,SOUTH
109,298,2025-12-02 14:43:28,DELIVERED,SOUTH
110,183,2025-02-21 18:30:32,DELIVERED,EAST
111,119,2024-07-01 04:22:37,DELIVERED,CENTRAL
112,585,2025-11-02 09:25:28,DELIVERED,CENTRAL
113,293,2024-10-18 00:00:00,CANCELLED,CENTRAL
114,110,2023-02-09 06:12:49,DELIVERED,NORTH
115,58,2023-11-07 12:54:08,SHIPPED,SOUTH
116,294,2025-11-27 14:38:17,SHIPPED,NORTH
117,303,2023-11-13 21:42:17,DELIVERED,NORTH
118,368,2024-12-04 01:56:46,PLACED,CENTRAL
119,230,2025-10-02 00:00:00,DELIVERED,SOUTH
120,524,2025-12-17 09:33:05,SHIPPED,NORTH
121,391,2024-08-25 01:05:04,DELIVERED,EAST
122,566,2023-03-25 13:53:28,PLACED,EAST
123,208,2025-08-22 00:13:00,CANCELLED,WEST
124,231,2025-09-11 13:20:51,DELIVERED,EAST
125,560,2025-07-26 07:53:49,SHIPPED,SOUTH
126,302,2024-11-28 00:00:00,SHIPPED,NORTH
127,,2023-10-18 10:59:31,RETURNED,CENTRAL
128,123,2024-08-08 22:58:09,PLACED,EAST
129,570,2024-02-15 11:33:58,PLACED,CENTRAL
130,262,2023-01-09 18:27:57,DELIVERED,SOUTH
131,41,2023-08-27 18:28:38,RETURNED,CENTRAL
132,53,2025-08-29 11:21:32,DELIVERED,EAST
133,503,2025-06-08 14:56:44,DELIVERED,NORTH
134,326,2025-03-27 04:08:52,SHIPPED,SOUTH
135,534,2023-04-16 21:48:10,DELIVERED,SOUTH
136,426,2025-04-23 00:00:00,DELIVERED,NORTH
137,358,2023-12-10 14:51:43,CANCELLED,EAST
138,340,2024-07-14 11:31:04,SHIPPED,CENTRAL
139,544,2025-01-07 15:57:32,RETURNED,NORTH
140,118,2025-11-05 03:50:01,DELIVERED,SOUTH
141,250,2023-03-03 22:43:53,DELIVERED,EAST
142,391,2023-06-26 02:53:24,DELIVERED,CENTRAL
143,,2024-03-15 08:37:45,PLACED,CENTRAL
144,384,2025-03-09 22:49:53,CANCELLED,WEST
145,499,2023-03-10 02:54:30,SHIPPED,SOUTH
146,329,2025-03-09 07:22:59,PLACED,NORTH
147,172,2025-04-15 17:09:19,DELIVERED,NORTH
148,216,2025-11-07 07:54:17,DELIVERED,SOUTH
149,435,2023-06-11 10:40:20,SHIPPED,WEST
150,74,2025-12-01 17:33:25,SHIPPED,WEST
151,340,2023-02-28 20:30:15,PLACED,NORTH
152,183,2024-01-27 07:48:39,DELIVERED,CENTRAL
153,234,2024-02-06 19:05:41,DELIVERED,WEST
154,415,2024-11-03 00:00:00,DELIVERED,WEST
155,122,2025-04-10 20:04:14,PLACED,CENTRAL
156,65,2025-06-28 17:02:57,PLACED,NORTH
157,367,2025-02-20 03:07:13,PLACED,EAST
158,89,2024-03-13 07:43:51,DELIVERED,WEST
159,391,2024-09-05 00:00:00,CANCELLED,NORTH
160,486,2023-08-31 20:09:41,DELIVERED,SOUTH
161,401,2025-04-27 18:04:58,SHIPPED,SOUTH
162,306,2025-11-18 03:09:56,CANCELLED,EAST
163,12,2025-05-09 20:52:38,CANCELLED,SOUTH
164,127,2023-03-06 21:24:56,PLACED,CENTRAL
165,404,2025-04-14 10:28:47,DELIVERED,NORTH
166,313,2023-11-23 07:20:21,DELIVERED,EAST
167,217,2024-10-03 00:52:28,RETURNED,CENTRAL
168,146,2023-09-08 00:48:48,SHIPPED,CENTRAL
169,259,2023-10-29 21:00:23,PLACED,CENTRAL
170,56,2025-05-02 14:39:09,DELIVERED,CENTRAL
171,75,2024-03-27 12:19:00,DELIVERED,EAST
172,101,2023-11-03 16:15:40,DELIVERED,WEST
173,339,2024-07-08 19:04:59,PLACED,SOUTH
174,103,2024-03-18 22:40:59,DELIVERED,SOUTH
175,,2024-05-08 15:55:06,DELIVERED,EAST
176,314,2025-12-13 05:59:34,DELIVERED,CENTRAL
177,581,2024-07-20 05:18:00,CANCELLED,WEST
178,173,2023-01-08 12:08:44,DELIVERED,SOUTH
179,447,2024-03-05 19:22:18,CANCELLED,SOUTH
180,340,2025-01-15 13:58:51,DELIVERED,EAST
181,313,2025-01-26 11:36:32,DELIVERED,SOUTH
182,84,2024-03-11 22:07:13,CANCELLED,SOUTH
183,,2025-04-16 17:08:09,SHIPPED,NORTH
184,78,2023-01-29 22:35:15,CANCELLED,NORTH
185,596,2025-06-18 06:59:08,DELIVERED,CENTRAL
186,218,2023-02-26 22:38:46,DELIVERED,CENTRAL
187,553,2025-01-03 09:18:39,DELIVERED,SOUTH
188,375,2024-09-01 17:23:56,SHIPPED,CENTRAL
189,298,2023-07-27 23:27:18,DELIVERED,CENTRAL
190,93,2024-09-08 09:13:22,DELIVERED,NORTH
191,245,2025-08-11 20:55:13,DELIVERED,CENTRAL
192,144,2024-11-24 04:18:14,SHIPPED,CENTRAL
193,580,2025-10-21 08:42:35,CANCELLED,SOUTH
194,496,2024-07-11 08:52:02,PLACED,WEST
195,238,2023-04-08 15:38:02,SHIPPED,SOUTH
196,44,2025-11-04 14:40:40,SHIPPED,EAST
197,398,2024-12-30 14:43:27,RETURNED,NORTH
198,41,2025-10-04 10:45:18,DELIVERED,CENTRAL
199,281,2024-02-14 01:08:04,DELIVERED,CENTRAL
200,179,2024-08-08 02:53:11,DELIVERED,EAST
201,80,2025-03-13 14:35:20,SHIPPED,SOUTH
202,529,2024-09-22 00:00:00,DELIVERED,EAST
203,499,2025-01-18 22:22:00,CANCELLED,NORTH
204,,2025-02-18 00:00:00,CANCELLED,WEST
205,170,2023-12-24 06:40:38,PLACED,EAST
206,217,2023-08-22 09:22:06,SHIPPED,EAST
207,122,2025-10-23 23:57:14,SHIPPED,EAST
208,117,2025-01-18 00:00:00,DELIVERED,WEST
209,216,2025-07-06 18:16:52,SHIPPED,WEST
210,23,2024-01-14 12:41:15,PLACED,CENTRAL
211,165,2023-07-29 06:52:35,DELIVERED,NORTH
212,587,2023-08-17 03:31:40,PLACED,EAST
213,185,2025-03-13 13:45:39,RETURNED,CENTRAL
214,578,2025-09-17 12:17:51,PLACED,EAST
215,88,2023-12-03 11:11:16,DELIVERED,WEST
216,494,2023-09-22 23:11:26,SHIPPED,WEST
217,147,2025-06-24 02:37:20,CANCELLED,SOUTH
218,524,2024-02-15 22:02:47,SHIPPED,EAST
219,465,2025-07-15 16:22:32,DELIVERED,SOUTH
220,,2024-08-10 12:44:28,DELIVERED,NORTH
221,17,2023-11-11 08:06:02,DELIVERED,CENTRAL
222,430,2023-08-21 08:02:43,DELIVERED,SOUTH
223,488,2025-08-12 23:28:22,DELIVERED,CENTRAL
224,,2025-02-20 21:28:22,DELIVERED,NORTH
225,494,2025-10-21 07:56:18,PLACED,CENTRAL
226,553,2023-01-02 20:44:48,CANCELLED,WEST
227,535,2024-10-15 12:14:13,DELIVERED,NORTH
228,543,2024-10-28 08:38:55,SHIPPED,WEST
229,391,2024-06-28 12:15:04,DELIVERED,CENTRAL
230,101,2024-10-22 23:23:40,PLACED,WEST
231,239,2023-05-11 00:00:00,SHIPPED,CENTRAL
232,419,2024-02-05 11:39:58,SHIPPED,NORTH
233,592,2025-03-22 17:43:36,PLACED,NORTH
234,385,2025-10-13 19:14:53,SHIPPED,EAST
235,419,2024-07-16 18:23:48,PLACED,WEST
236,600,2024-01-30 00:06:48,SHIPPED,CENTRAL
237,434,2025-05-27 00:00:00,DELIVERED,EAST
238,407,2023-11-13 10:15:00,DELIVERED,CENTRAL
239,495,2023-10-05 15:08:58,DELIVERED,CENTRAL
240,496,2024-01-30 05:30:58,RETURNED,CENTRAL
241,353,2024-09-10 11:21:10,DELIVERED,NORTH
242,236,2024-11-24 18:15:49,DELIVERED,SOUTH
243,103,2023-11-30 03:34:44,DELIVERED,EAST
244,564,2025-08-11 20:31:29,DELIVERED,NORTH
245,165,2024-08-27 10:50:11,RETURNED,NORTH
246,94,2023-08-14 18:14:12,DELIVERED,CENTRAL
247,446,2023-05-17 22:07:23,PLACED,SOUTH
248,380,2023-05-05 08:05:51,DELIVERED,WEST
249,411,2025-08-11 18:17:46,DELIVERED,EAST
250,,2025-07-17 03:23:30,PLACED,SOUTH
251,507,2024-11-12 22:03:51,PLACED,CENTRAL
252,293,2023-10-30 12:40:32,PLACED,CENTRAL
253,,2025-03-04 02:36:12,DELIVERED,SOUTH
254,174,2025-11-13 01:27:01,PLACED,SOUTH
255,1,2023-09-02 13:57:58,PLACED,EAST
256,410,2024-07-02 13:33:12,DELIVERED,WEST
257,206,2025-03-15 06:50:49,PLACED,NORTH
258,93,2025-05-03 18:17:57,SHIPPED,CENTRAL
259,597,2024-06-24 17:55:53,DELIVERED,EAST
260,232,2025-07-30 22:51:58,RETURNED,WEST
261,414,2025-06-12 02:04:34,PLACED,SOUTH
262,417,2025-02-25 00:00:00,PLACED,NORTH
263,516,2024-04-02 02:30:11,DELIVERED,NORTH
264,526,2024-02-05 07:30:20,CANCELLED,CENTRAL
265,257,2025-12-14 09:20:54,DELIVERED,WEST
266,577,2025-01-21 07:01:45,DELIVERED,EAST
267,470,2025-11-24 19:41:28,DELIVERED,CENTRAL
268,29,2025-01-18 17:09:00,PLACED,NORTH
269,392,2025-09-11 00:00:00,DELIVERED,SOUTH
270,236,2024-05-05 11:17:36,DELIVERED,EAST
271,529,2025-04-12 02:33:02,PLACED,EAST
272,255,2024-03-22 06:55:55,PLACED,EAST
273,78,2025-05-11 11:10:42,RETURNED,WEST
274,322,2024-07-03 04:50:57,SHIPPED,CENTRAL
275,,2024-02-22 23:52:20,SHIPPED,SOUTH
276,511,2023-11-07 04:06:29,SHIPPED,SOUTH
277,272,2023-11-18 05:15:58,SHIPPED,SOUTH
278,365,2023-08-31 07:56:10,DELIVERED,NORTH
279,81,2025-11-15 20:06:07,RETURNED,WEST
280,7,2025-04-21 03:36:43,RETURNED,WEST
281,381,2025-08-22 04:09:38,DELIVERED,CENTRAL
282,282,2025-02-01 10:32:59,SHIPPED,CENTRAL
283,287,2024-09-10 02:01:22,SHIPPED,CENTRAL
284,132,2023-03-26 02:47:24,DELIVERED,WEST
285,490,2025-04-20 01:17:25,PLACED,EAST
286,404,2025-12-02 04:33:33,DELIVERED,WEST
287,124,2025-12-20 16:26:39,DELIVERED,EAST
288,9,2023-01-19 08:40:50,DELIVERED,WEST
289,595,2023-06-06 12:09:04,DELIVERED,CENTRAL
290,266,2023-10-18 17:32:55,DELIVERED,SOUTH
291,276,2025-01-02 05:01:43,RETURNED,EAST
292,375,2023-10-13 16:47:55,DELIVERED,SOUTH
293,430,2025-12-24 12:27:36,DELIVERED,EAST
294,411,2024-03-10 09:20:40,DELIVERED,CENTRAL
295,135,2025-06-13 14:50:13,DELIVERED,NORTH
296,277,2024-01-02 07:27:14,DELIVERED,WEST
297,201,2023-08-15 13:26:54,CANCELLED,SOUTH
298,485,2023-01-16 03:13:08,SHIPPED,WEST
299,138,2025-09-06 16:24:36,DELIVERED,EAST
300,499,2024-04-11 02:05:06,SHIPPED,CENTRAL
301,49,2024-09-10 21:29:58,PLACED,SOUTH
302,62,2023-12-01 17:12:14,CANCELLED,WEST
303,99,2024-11-29 19:48:11,DELIVERED,EAST
304,370,2024-07-13 17:12:10,DELIVERED,EAST
305,353,2023-01-31 19:30:53,DELIVERED,EAST
306,204,2025-06-15 02:40:00,DELIVERED,CENTRAL
307,179,2024-03-18 02:58:57,DELIVERED,CENTRAL
308,500,2024-11-25 06:45:44,CANCELLED,WEST
309,294,2024-12-21 09:55:50,DELIVERED,SOUTH
310,172,2025-09-22 02:34:39,CANCELLED,EAST
311,432,2025-09-07 15:34:42,DELIVERED,WEST
312,74,2023-05-03 21:30:23,SHIPPED,SOUTH
313,322,2024-05-07 06:04:37,DELIVERED,EAST
314,405,2024-02-26 08:51:43,CANCELLED,EAST
315,534,2024-11-30 11:58:40,DELIVERED,SOUTH
316,24,2023-07-14 05:49:32,DELIVERED,EAST
317,82,2023-11-24 02:40:27,SHIPPED,NORTH
318,98,2023-04-10 02:21:10,RETURNED,WEST
319,562,2023-03-25 14:45:28,PLACED,WEST
320,537,2023-05-10 07:49:47,PLACED,CENTRAL
321,,2023-08-30 05:02:52,PLACED,WEST
322,317,2023-12-23 07:00:35,SHIPPED,EAST
323,454,2025-08-31 04:53:34,PLACED,CENTRAL
324,,2023-09-23 00:43:36,PLACED,EAST
325,334,2025-01-09 16:20:07,DELIVERED,CENTRAL
326,279,2025-05-02 03:15:00,DELIVERED,CENTRAL
327,182,2025-07-06 19:46:24,DELIVERED,CENTRAL
328,446,2025-03-24 03:59:45,DELIVERED,CENTRAL
329,318,2024-06-23 07:22:20,DELIVERED,SOUTH
330,92,2024-11-17 09:44:46,DELIVERED,WEST
331,267,2023-08-30 21:34:14,DELIVERED,NORTH
332,536,2023-07-31 17:38:57,DELIVERED,WEST
333,548,2023-01-13 22:05:03,DELIVERED,WEST
334,489,2024-04-10 10:17:23,PLACED,WEST
335,300,2025-07-16 09:54:47,SHIPPED,NORTH
336,,2025-05-01 14:49:55,DELIVERED,WEST
337,575,2024-11-10 00:30:23,DELIVERED,SOUTH
338,400,2024-08-10 18:12:39,SHIPPED,NORTH
339,433,2025-08-29 09:43:54,SHIPPED,CENTRAL
340,279,2024-03-18 05:31:20,DELIVERED,CENTRAL
341,276,2024-10-03 10:10:20,SHIPPED,NORTH
342,187,2023-08-01 05:42:47,SHIPPED,WEST
343,464,2024-02-27 17:53:44,DELIVERED,WEST
344,193,2024-05-13 02:27:52,PLACED,NORTH
345,548,2023-02-04 09:05:57,SHIPPED,NORTH
346,289,2024-02-23 04:19:19,PLACED,WEST
347,9,2023-12-28 15:48:16,PLACED,NORTH
348,506,2023-12-04 09:21:31,DELIVERED,EAST
349,511,2024-07-30 22:41:12,DELIVERED,NORTH
350,339,2023-05-05 14:56:01,CANCELLED,SOUTH
351,58,2024-02-18 23:58:24,DELIVERED,NORTH
352,,2025-04-23 19:39:49,DELIVERED,SOUTH
353,257,2024-08-15 18:14:12,CANCELLED,NORTH
354,255,2024-08-20 18:18:19,DELIVERED,WEST
355,254,2023-02-22 01:21:15,SHIPPED,NORTH
356,534,2025-10-31 14:34:24,RETURNED,WEST
357,,2024-08-27 11:33:19,DELIVERED,EAST
358,331,2023-09-04 09:27:46,DELIVERED,NORTH
359,,2025-05-03 17:49:31,DELIVERED,EAST
360,493,2025-09-18 21:45:05,SHIPPED,EAST
361,54,2025-11-01 16:10:59,SHIPPED,NORTH
362,242,2025-09-10 04:33:23,DELIVERED,NORTH
363,172,2024-03-04 21:45:20,DELIVERED,WEST
364,249,2023-01-14 20:55:44,RETURNED,CENTRAL
365,487,2025-12-05 09:39:21,DELIVERED,EAST
366,92,2024-01-22 00:00:00,SHIPPED,NORTH
367,347,2025-08-29 02:37:21,PLACED,EAST
368,158,2025-12-25 11:24:29,DELIVERED,NORTH
369,129,2025-01-27 20:06:03,SHIPPED,CENTRAL
370,356,2024-11-12 12:37:33,DELIVERED,NORTH
371,387,2024-07-10 00:00:00,DELIVERED,EAST
372,41,2025-01-23 21:22:29,DELIVERED,CENTRAL
373,302,2025-04-23 02:35:34,DELIVERED,SOUTH
374,,2025-05-30 08:10:19,SHIPPED,EAST
375,332,2024-12-28 15:01:15,SHIPPED,CENTRAL
376,568,2023-09-07 02:02:08,PLACED,SOUTH
377,461,2024-04-04 07:28:32,CANCELLED,CENTRAL
378,376,2024-12-06 09:17:29,PLACED,CENTRAL
379,389,2023-10-16 05:13:10,CANCELLED,CENTRAL
380,373,2025-08-21 10:37:54,SHIPPED,NORTH
381,552,2024-08-24 22:42:20,SHIPPED,WEST
382,,2025-05-06 16:12:36,SHIPPED,EAST
383,331,2024-09-28 14:37:12,DELIVERED,NORTH
384,99,2025-03-23 18:19:47,DELIVERED,NORTH
385,133,2023-10-05 12:08:13,CANCELLED,SOUTH
386,110,2025-01-23 23:54:57,SHIPPED,NORTH
387,585,2025-09-23 22:14:10,CANCELLED,WEST
388,539,2025-08-27 07:18:20,DELIVERED,EAST
389,51,2024-07-23 02:40:04,SHIPPED,NORTH
390,14,2023-11-21 06:19:12,DELIVERED,NORTH
391,480,2025-09-19 12:32:30,PLACED,CENTRAL
392,426,2024-07-27 07:52:35,DELIVERED,NORTH
393,,2025-08-16 08:56:29,SHIPPED,NORTH
394,73,2024-04-17 02:22:58,PLACED,SOUTH
395,532,2023-05-31 20:52:05,PLACED,SOUTH
396,545,2024-08-21 14:11:03,SHIPPED,CENTRAL
397,,2025-10-17 10:07:53,SHIPPED,SOUTH
398,,2025-05-17 11:32:10,DELIVERED,WEST
399,109,2025-09-19 01:38:22,DELIVERED,WEST
400,438,2023-06-11 17:13:07,SHIPPED,SOUTH
401,564,2024-09-15 19:08:11,DELIVERED,SOUTH
402,547,2025-07-20 22:28:46,DELIVERED,EAST
403,323,2025-05-04 00:00:00,RETURNED,EAST
404,381,2024-10-02 13:16:19,DELIVERED,WEST
405,332,2025-08-03 03:17:40,SHIPPED,CENTRAL
406,220,2024-08-05 15:21:53,DELIVERED,EAST
407,369,2024-12-03 18:49:26,DELIVERED,WEST
408,1,2023-02-23 20:19:35,RETURNED,CENTRAL
409,17,2025-03-15 01:52:32,PLACED,EAST
410,7,2024-04-11 13:15:41,RETURNED,SOUTH
411,323,2023-02-03 00:00:00,DELIVERED,EAST
412,567,2025-03-05 05:34:57,DELIVERED,CENTRAL
413,159,2023-05-27 11:16:44,PLACED,EAST
414,160,2023-08-04 00:00:00,SHIPPED,CENTRAL
415,,2024-01-24 03:20:26,SHIPPED,EAST
416,95,2025-06-05 05:18:10,DELIVERED,SOUTH
417,80,2024-05-19 09:23:49,DELIVERED,SOUTH
418,500,2025-12-07 05:58:07,DELIVERED,NORTH
419,308,2023-02-28 01:18:50,DELIVERED,CENTRAL
420,391,2023-05-02 00:00:00,DELIVERED,EAST
421,357,2024-11-05 16:02:29,DELIVERED,NORTH
422,233,2025-10-11 01:22:18,CANCELLED,NORTH
423,392,2023-03-26 02:02:10,DELIVERED,NORTH
424,327,2025-04-18 18:02:21,DELIVERED,EAST
425,515,2025-12-19 22:42:03,SHIPPED,NORTH
426,403,2024-11-23 05:46:38,DELIVERED,CENTRAL
427,517,2023-05-20 22:32:09,SHIPPED,EAST
428,404,2023-08-18 22:18:08,PLACED,NORTH
429,488,2025-06-06 16:50:57,DELIVERED,CENTRAL
430,409,2024-02-12 20:52:15,PLACED,CENTRAL
431,445,2025-12-20 02:29:55,PLACED,SOUTH
432,493,2025-05-18 20:04:22,SHIPPED,WEST
433,586,2023-11-01 00:00:00,DELIVERED,CENTRAL
434,253,2024-01-12 10:09:41,PLACED,WEST
435,332,2025-11-29 16:52:54,RETURNED,NORTH
436,116,2025-11-09 12:33:50,DELIVERED,EAST
437,357,2023-10-23 21:58:20,DELIVERED,CENTRAL
438,25,2024-04-18 12:28:13,SHIPPED,EAST
439,453,2025-08-26 01:54:53,PLACED,NORTH
440,240,2023-11-07 04:48:15,DELIVERED,SOUTH
441,88,2023-06-24 13:31:19,DELIVERED,SOUTH
442,152,2024-03-22 21:40:39,PLACED,NORTH
443,313,2024-11-30 00:00:00,DELIVERED,EAST
444,215,2025-04-15 18:17:50,SHIPPED,CENTRAL
445,536,2024-02-06 19:28:09,DELIVERED,CENTRAL
446,145,2025-12-15 18:07:49,DELIVERED,NORTH
447,386,2025-06-24 15:59:58,RETURNED,CENTRAL
448,45,2024-02-01 20:06:10,SHIPPED,EAST
449,206,2025-12-18 00:23:49,DELIVERED,NORTH
450,477,2025-10-14 03:08:33,RETURNED,NORTH
451,398,2025-10-22 20:29:00,SHIPPED,EAST
452,111,2023-01-30 15:17:29,SHIPPED,WEST
453,237,2024-08-14 09:34:10,DELIVERED,NORTH
454,324,2025-01-22 21:30:52,CANCELLED,CENTRAL
455,91,2023-10-17 14:08:38,SHIPPED,WEST
456,575,2023-02-03 09:08:52,PLACED,CENTRAL
457,313,2024-06-02 04:22:38,DELIVERED,SOUTH
458,19,2024-06-22 16:53:30,DELIVERED,EAST
459,310,2024-01-02 22:21:06,RETURNED,CENTRAL
460,283,2023-04-07 07:53:20,DELIVERED,WEST
461,31,2025-05-12 00:00:00,RETURNED,SOUTH
462,156,2024-06-14 22:42:40,CANCELLED,SOUTH
463,90,2024-08-16 17:42:51,DELIVERED,CENTRAL
464,233,2024-10-10 07:18:52,SHIPPED,SOUTH
465,437,2024-04-30 06:28:24,RETURNED,EAST
466,460,2025-04-22 07:56:22,PLACED,SOUTH
467,595,2025-04-20 23:08:00,DELIVERED,SOUTH
468,142,2024-04-25 00:17:42,DELIVERED,CENTRAL
469,139,2024-10-30 01:57:32,RETURNED,SOUTH
470,579,2023-09-03 12:27:12,DELIVERED,CENTRAL
471,546,2023-07-03 21:47:53,SHIPPED,SOUTH
472,31,2024-05-10 01:31:44,CANCELLED,WEST
473,422,2024-04-16 05:38:13,DELIVERED,EAST
474,,2023-08-25 01:22:10,DELIVERED,NORTH
475,135,2023-10-14 23:50:55,PLACED,CENTRAL
476,274,2025-07-29 18:34:21,DELIVERED,SOUTH
477,238,2023-12-25 17:02:14,DELIVERED,EAST
478,82,2025-12-04 23:45:59,DELIVERED,SOUTH
479,515,2025-07-28 09:17:18,DELIVERED,EAST
480,189,2024-08-24 21:33:59,DELIVERED,SOUTH
481,168,2023-10-28 05:14:55,SHIPPED,WEST
482,16,2024-02-24 05:03:41,RETURNED,SOUTH
483,208,2023-11-14 18:37:41,PLACED,WEST
484,502,2025-12-04 13:22:49,DELIVERED,WEST
485,253,2024-10-26 04:25:52,DELIVERED,NORTH
486,390,2024-05-01 01:39:50,DELIVERED,CENTRAL
487,550,2025-03-26 22:00:48,DELIVERED,NORTH
488,534,2023-06-19 19:36:24,DELIVERED,NORTH
489,252,2025-03-16 18:38:11,DELIVERED,NORTH
490,572,2024-08-24 19:14:19,DELIVERED,NORTH
491,195,2024-03-28 07:57:12,DELIVERED,EAST
492,293,2024-12-17 16:16:08,SHIPPED,EAST
493,,2025-08-10 11:18:09,RETURNED,CENTRAL
494,146,2024-12-21 03:28:33,CANCELLED,WEST
495,93,2025-02-16 17:52:31,PLACED,CENTRAL
496,560,2023-07-30 04:35:54,DELIVERED,EAST
497,462,2023-02-08 16:47:27,SHIPPED,CENTRAL
498,207,2024-12-07 07:49:07,PLACED,EAST
499,168,2023-07-11 22:03:44,PLACED,WEST
500,372,2023-05-13 12:27:30,DELIVERED,WEST
501,524,2025-08-08 19:43:04,RETURNED,WEST
502,564,2024-08-14 06:03:28,PLACED,SOUTH
503,344,2025-05-28 11:03:14,CANCELLED,SOUTH
504,167,2023-08-13 15:21:13,SHIPPED,NORTH
505,430,2024-04-23 13:23:29,DELIVERED,WEST
506,296,2025-08-31 03:51:18,SHIPPED,SOUTH
507,208,2023-01-06 11:42:57,DELIVERED,EAST
508,13,2024-12-13 00:00:00,DELIVERED,WEST
509,557,2023-01-09 22:23:45,DELIVERED,WEST
510,244,2023-12-03 21:38:34,DELIVERED,WEST
511,465,2024-09-29 03:33:04,DELIVERED,CENTRAL
512,7,2024-01-16 03:34:05,CANCELLED,EAST
513,571,2023-11-19 13:17:27,PLACED,SOUTH
514,57,2025-10-11 19:55:38,DELIVERED,SOUTH
515,34,2025-11-02 03:26:00,DELIVERED,CENTRAL
516,306,2024-05-29 08:42:57,RETURNED,NORTH
517,,2023-06-19 03:37:32,DELIVERED,SOUTH
518,166,2025-11-10 01:20:59,SHIPPED,CENTRAL
519,587,2025-05-23 07:29:06,SHIPPED,WEST
520,593,2024-07-13 12:48:21,RETURNED,NORTH
521,307,2024-05-16 11:40:15,DELIVERED,WEST
522,70,2024-10-25 19:47:14,CANCELLED,NORTH
523,300,2025-01-01 09:19:27,PLACED,EAST
524,338,2025-03-29 17:57:00,DELIVERED,SOUTH
525,215,2025-08-08 19:01:03,PLACED,CENTRAL
526,542,2023-05-17 04:33:53,DELIVERED,CENTRAL
527,295,2024-10-25 09:42:44,DELIVERED,EAST
528,266,2025-03-27 04:00:16,DELIVERED,CENTRAL
529,363,2023-07-21 12:03:22,DELIVERED,WEST
530,533,2025-09-08 13:21:32,DELIVERED,SOUTH
531,239,2024-03-27 06:10:47,RETURNED,NORTH
532,122,2023-02-07 06:17:33,DELIVERED,NORTH
533,213,2025-08-13 20:20:40,RETURNED,WEST
534,47,2024-06-02 12:40:38,DELIVERED,SOUTH
535,12,2025-09-22 03:58:54,SHIPPED,EAST
536,261,2023-04-16 09:06:42,DELIVERED,CENTRAL
537,564,2024-05-18 04:45:21,DELIVERED,NORTH
538,342,2024-06-14 06:52:56,DELIVERED,CENTRAL
539,30,2023-09-30 19:55:37,SHIPPED,EAST
540,491,2025-01-07 02:39:32,DELIVERED,SOUTH
541,494,2023-08-30 09:13:14,DELIVERED,CENTRAL
542,344,2024-12-19 00:00:00,DELIVERED,WEST
543,58,2025-03-20 11:01:04,SHIPPED,EAST
544,569,2025-04-12 11:15:31,PLACED,CENTRAL
545,340,2024-07-03 06:59:50,PLACED,SOUTH
546,288,2023-02-18 10:13:11,DELIVERED,WEST
547,548,2023-09-15 19:47:27,DELIVERED,WEST
548,192,2025-07-13 14:21:40,PLACED,EAST
549,323,2023-02-19 03:11:07,SHIPPED,NORTH
550,509,2024-01-05 03:56:42,DELIVERED,EAST
551,222,2025-03-26 00:00:00,DELIVERED,NORTH
552,384,2023-02-28 02:11:16,DELIVERED,NORTH
553,455,2025-02-25 00:50:58,PLACED,WEST
554,513,2023-08-28 08:26:09,SHIPPED,WEST
555,537,2024-04-27 03:00:40,DELIVERED,SOUTH
556,101,2025-03-12 00:00:00,DELIVERED,SOUTH
557,211,2023-02-26 18:46:38,DELIVERED,CENTRAL
558,119,2023-01-07 09:13:37,DELIVERED,NORTH
559,90,2024-06-01 17:56:33,DELIVERED,NORTH
560,106,2025-03-19 16:32:37,DELIVERED,EAST
561,24,2025-06-16 04:59:28,DELIVERED,SOUTH
562,329,2023-11-08 13:15:05,SHIPPED,EAST
563,546,2024-05-10 18:45:59,DELIVERED,NORTH
564,280,2023-08-20 23:04:48,SHIPPED,NORTH
565,16,2025-08-25 17:04:17,DELIVERED,NORTH
566,212,2025-04-22 18:56:11,DELIVERED,EAST
567,278,2023-08-08 21:37:15,RETURNED,EAST
568,588,2024-01-16 07:44:25,SHIPPED,EAST
569,347,2025-04-19 18:10:30,DELIVERED,SOUTH
570,30,2025-01-01 06:17:39,RETURNED,NORTH
571,109,2024-08-18 21:37:52,PLACED,WEST
572,402,2023-10-06 00:58:10,DELIVERED,CENTRAL
573,457,2025-08-15 09:54:04,DELIVERED,EAST
574,203,2025-11-08 03:51:22,CANCELLED,NORTH
575,477,2025-06-01 00:43:10,PLACED,WEST
576,100,2024-12-08 17:24:32,DELIVERED,WEST
577,482,2023-12-26 22:11:10,RETURNED,SOUTH
578,265,2024-07-18 14:22:25,DELIVERED,EAST
579,333,2024-12-05 03:37:03,DELIVERED,NORTH
580,487,2023-06-25 08:44:04,DELIVERED,WEST
581,175,2024-03-14 11:19:02,DELIVERED,CENTRAL
582,589,2023-07-17 21:35:33,DELIVERED,WEST
583,110,2024-05-21 05:18:14,DELIVERED,NORTH
584,310,2025-04-07 14:11:39,DELIVERED,CENTRAL
585,424,2024-01-06 14:43:53,DELIVERED,CENTRAL
586,163,2025-01-19 08:13:50,DELIVERED,EAST
587,214,2025-12-14 04:25:37,DELIVERED,WEST
588,581,2024-06-15 14:10:18,DELIVERED,SOUTH
589,178,2025-10-26 07:58:31,DELIVERED,CENTRAL
590,499,2023-06-27 00:00:00,DELIVERED,WEST
591,334,2025-05-12 07:10:10,PLACED,WEST
592,181,2024-04-23 12:24:14,RETURNED,NORTH
593,112,2025-11-30 21:36:57,CANCELLED,WEST
594,336,2025-02-06 20:39:31,DELIVERED,NORTH
595,93,2023-12-05 01:09:17,CANCELLED,CENTRAL
596,1,2023-08-16 22:19:03,DELIVERED,WEST
597,545,2024-03-28 20:01:44,DELIVERED,CENTRAL
598,458,2023-10-31 22:58:49,SHIPPED,EAST
599,307,2025-06-04 21:26:43,DELIVERED,EAST
600,446,2024-06-18 19:06:55,RETURNED,CENTRAL
601,9,2025-08-07 22:01:39,RETURNED,WEST
602,131,2024-04-01 23:59:57,PLACED,CENTRAL
603,55,2023-01-02 07:26:27,DELIVERED,EAST
604,,2023-06-20 09:50:58,CANCELLED,NORTH
605,241,2024-11-01 15:31:13,DELIVERED,WEST
606,,2025-08-29 05:40:43,DELIVERED,WEST
607,416,2024-08-15 17:46:33,DELIVERED,SOUTH
608,178,2025-01-07 00:00:00,PLACED,CENTRAL
609,394,2024-07-13 16:30:21,CANCELLED,SOUTH
610,296,2025-11-06 21:52:27,PLACED,NORTH
611,74,2025-10-04 05:42:11,PLACED,WEST
612,448,2023-07-30 22:05:12,PLACED,WEST
613,467,2025-12-16 00:00:00,DELIVERED,WEST
614,185,2024-12-06 21:02:58,DELIVERED,CENTRAL
615,461,2024-08-20 15:12:15,DELIVERED,SOUTH
616,435,2025-07-28 04:07:29,PLACED,WEST
617,243,2025-02-18 09:48:20,SHIPPED,CENTRAL
618,591,2024-07-24 01:38:03,PLACED,NORTH
619,582,2025-01-20 17:32:30,DELIVERED,NORTH
620,,2025-06-20 09:59:17,DELIVERED,NORTH
621,146,2025-03-28 17:54:52,RETURNED,EAST
622,477,2025-03-14 01:16:34,PLACED,CENTRAL
623,91,2024-01-16 22:53:08,DELIVERED,NORTH
624,553,2025-06-19 10:06:52,DELIVERED,NORTH
625,352,2025-04-11 03:29:08,DELIVERED,WEST
626,465,2025-03-07 09:27:57,RETURNED,CENTRAL
627,340,2024-10-16 00:37:05,DELIVERED,EAST
628,297,2023-09-18 05:09:25,PLACED,CENTRAL
629,312,2025-05-25 16:29:35,SHIPPED,WEST
630,,2025-06-17 02:39:43,SHIPPED,NORTH
631,299,2025-08-27 20:13:30,PLACED,WEST
632,85,2023-07-17 00:14:31,DELIVERED,EAST
633,259,2023-07-25 21:24:11,DELIVERED,EAST
634,264,2023-01-23 01:31:35,DELIVERED,CENTRAL
635,179,2025-07-08 06:47:21,DELIVERED,WEST
636,379,2023-09-30 11:21:44,SHIPPED,SOUTH
637,497,2023-10-08 21:03:18,DELIVERED,NORTH
638,352,2023-05-12 02:42:52,RETURNED,CENTRAL
639,158,2025-02-09 10:17:30,DELIVERED,WEST
640,393,2024-01-05 15:19:24,DELIVERED,SOUTH
641,216,2025-06-16 12:21:24,DELIVERED,EAST
642,56,2025-09-24 17:13:45,SHIPPED,NORTH
643,54,2023-09-18 08:35:44,DELIVERED,WEST
644,,2024-04-13 03:46:51,DELIVERED,CENTRAL
645,240,2024-08-12 23:59:59,DELIVERED,WEST
646,486,2024-02-12 23:22:31,PLACED,WEST
647,13,2024-03-24 14:57:15,RETURNED,WEST
648,392,2025-11-20 00:04:03,DELIVERED,CENTRAL
649,43,2023-06-01 06:00:17,RETURNED,EAST
650,443,2025-08-06 08:33:05,RETURNED,EAST
651,344,2024-02-24 22:29:17,SHIPPED,NORTH
652,262,2025-10-13 00:00:00,DELIVERED,WEST
653,248,2025-11-09 17:52:09,DELIVERED,SOUTH
654,533,2024-06-08 03:25:47,DELIVERED,SOUTH
655,321,2025-04-30 16:28:33,PLACED,NORTH
656,70,2023-01-19 13:57:13,DELIVERED,CENTRAL
657,107,2025-11-30 21:16:32,DELIVERED,SOUTH
658,291,2024-01-27 07:22:03,SHIPPED,NORTH
659,95,2023-03-30 08:42:40,RETURNED,SOUTH
660,125,2023-07-06 09:04:15,PLACED,CENTRAL
661,134,2024-08-07 00:44:47,DELIVERED,CENTRAL
662,190,2023-06-22 04:36:15,DELIVERED,EAST
663,302,2024-12-26 09:21:56,DELIVERED,NORTH
664,465,2024-03-05 08:19:33,DELIVERED,EAST
665,264,2023-09-09 14:31:52,DELIVERED,EAST
666,64,2024-08-17 15:46:52,DELIVERED,NORTH
667,265,2024-02-16 03:25:15,SHIPPED,NORTH
668,504,2023-11-08 00:00:00,DELIVERED,SOUTH
669,504,2023-06-18 10:34:51,PLACED,WEST
670,224,2025-08-11 00:00:00,DELIVERED,WEST
671,266,2023-06-10 10:49:22,PLACED,NORTH
672,586,2024-01-25 06:54:32,DELIVERED,NORTH
673,510,2023-08-20 05:41:22,DELIVERED,NORTH
674,39,2025-10-29 10:18:05,DELIVERED,SOUTH
675,338,2024-08-30 21:51:12,DELIVERED,CENTRAL
676,,2025-02-01 05:51:21,DELIVERED,WEST
677,72,2025-04-19 01:27:29,SHIPPED,WEST
678,494,2023-07-08 06:47:58,DELIVERED,EAST
679,342,2025-11-25 04:40:43,DELIVERED,NORTH
680,93,2024-07-21 13:26:06,DELIVERED,EAST
681,83,2024-12-15 00:35:49,DELIVERED,EAST
682,208,2023-10-02 08:48:27,DELIVERED,WEST
683,196,2024-04-09 06:41:38,DELIVERED,NORTH
684,368,2025-01-25 18:10:00,PLACED,WEST
685,,2023-10-22 07:44:54,PLACED,SOUTH
686,26,2025-07-10 02:36:28,SHIPPED,WEST
687,65,2025-04-19 17:14:27,DELIVERED,WEST
688,547,2024-11-28 23:23:21,RETURNED,NORTH
689,38,2024-06-11 01:27:56,PLACED,NORTH
690,416,2023-07-03 14:20:05,SHIPPED,CENTRAL
691,470,2025-11-19 08:34:24,CANCELLED,CENTRAL
692,153,2025-06-18 23:34:25,SHIPPED,NORTH
693,38,2023-08-08 22:52:31,DELIVERED,NORTH
694,483,2025-08-18 14:34:56,PLACED,SOUTH
695,15,2023-09-25 13:54:30,DELIVERED,EAST
696,100,2024-12-09 15:47:39,DELIVERED,CENTRAL
697,66,2023-06-15 04:18:52,PLACED,CENTRAL
698,226,2023-04-09 00:54:55,CANCELLED,WEST
699,346,2025-11-19 20:30:16,DELIVERED,NORTH
700,,2025-11-28 16:39:48,DELIVERED,SOUTH
701,330,2023-11-28 05:51:32,DELIVERED,CENTRAL
702,178,2024-06-05 04:29:08,PLACED,EAST
703,145,2024-10-06 22:04:30,SHIPPED,EAST
704,567,2023-09-14 07:52:27,DELIVERED,CENTRAL
705,42,2023-07-27 04:25:36,PLACED,CENTRAL
706,386,2023-09-03 00:00:00,PLACED,WEST
707,83,2023-01-10 20:43:46,PLACED,NORTH
708,291,2024-10-08 13:53:23,DELIVERED,WEST
709,,2025-12-11 12:59:22,PLACED,SOUTH
710,278,2025-03-23 00:00:00,DELIVERED,SOUTH
711,179,2025-08-06 10:30:21,DELIVERED,CENTRAL
712,185,2025-02-15 00:00:00,DELIVERED,NORTH
713,309,2024-06-24 08:55:15,DELIVERED,CENTRAL
714,242,2023-10-26 02:39:26,PLACED,CENTRAL
715,98,2025-08-19 11:02:42,DELIVERED,CENTRAL
716,520,2023-12-07 15:12:24,DELIVERED,SOUTH
717,284,2023-03-24 10:33:23,SHIPPED,SOUTH
718,486,2025-02-11 20:41:51,SHIPPED,NORTH
719,56,2025-09-28 18:09:16,DELIVERED,SOUTH
720,446,2024-01-26 12:11:31,DELIVERED,WEST
721,45,2023-06-12 05:06:02,DELIVERED,CENTRAL
722,181,2023-09-03 12:22:02,DELIVERED,WEST
723,528,2023-06-30 07:13:12,PLACED,SOUTH
724,456,2025-07-09 17:42:21,DELIVERED,WEST
725,204,2025-11-17 10:53:30,CANCELLED,SOUTH
726,113,2024-05-21 15:05:26,SHIPPED,SOUTH
727,423,2023-11-07 14:53:37,DELIVERED,SOUTH
728,76,2025-01-01 00:00:00,DELIVERED,NORTH
729,447,2023-08-14 03:48:08,SHIPPED,CENTRAL
730,466,2023-10-04 14:35:11,DELIVERED,SOUTH
731,469,2023-10-29 14:37:12,DELIVERED,EAST
732,208,2024-06-05 18:56:12,PLACED,CENTRAL
733,62,2024-03-11 21:40:52,PLACED,WEST
734,470,2024-10-11 16:30:52,SHIPPED,EAST
735,226,2024-04-03 12:25:07,DELIVERED,CENTRAL
736,175,2025-06-17 01:55:46,RETURNED,SOUTH
737,89,2024-10-01 13:08:40,CANCELLED,WEST
738,222,2025-07-07 23:44:00,DELIVERED,WEST
739,286,2023-01-23 12:44:34,DELIVERED,SOUTH
740,254,2024-05-23 10:28:38,DELIVERED,SOUTH
741,153,2025-06-10 05:06:55,CANCELLED,WEST
742,46,2023-03-04 05:29:44,RETURNED,CENTRAL
743,35,2024-10-23 07:09:30,DELIVERED,WEST
744,101,2024-12-03 20:14:12,DELIVERED,NORTH
745,572,2023-01-20 07:09:45,DELIVERED,WEST
746,224,2023-07-26 03:51:43,DELIVERED,SOUTH
747,93,2023-01-25 17:55:10,DELIVERED,EAST
748,166,2025-12-28 13:05:30,DELIVERED,CENTRAL
749,598,2023-02-07 22:12:00,RETURNED,WEST
750,142,2025-12-28 06:46:07,DELIVERED,EAST
751,476,2025-12-29 11:22:15,DELIVERED,NORTH
752,395,2025-12-09 01:03:01,DELIVERED,NORTH
753,304,2024-10-23 14:47:12,DELIVERED,CENTRAL
754,556,2025-06-12 14:06:18,DELIVERED,NORTH
755,344,2023-03-27 03:31:38,DELIVERED,EAST
756,53,2023-06-22 09:07:57,DELIVERED,WEST
757,42,2024-07-21 21:28:48,DELIVERED,CENTRAL
758,,2025-12-30 23:35:41,PLACED,SOUTH
759,142,2024-06-04 07:05:00,SHIPPED,NORTH
760,490,2025-06-20 04:25:05,CANCELLED,SOUTH
761,231,2024-05-12 19:45:25,DELIVERED,EAST
762,516,2025-11-22 16:41:27,DELIVERED,NORTH
763,65,2024-08-02 03:30:18,DELIVERED,WEST
764,514,2025-03-29 04:09:01,CANCELLED,WEST
765,,2025-04-06 06:50:10,DELIVERED,CENTRAL
766,300,2024-12-03 02:58:31,DELIVERED,NORTH
767,193,2024-12-12 06:47:04,PLACED,WEST
768,184,2024-03-23 23:18:46,RETURNED,NORTH
769,112,2023-09-13 22:55:47,SHIPPED,SOUTH
770,509,2023-08-22 00:00:00,CANCELLED,CENTRAL
771,24,2024-03-31 10:08:56,DELIVERED,CENTRAL
772,136,2025-01-06 04:27:21,DELIVERED,WEST
773,22,2024-03-28 20:32:02,SHIPPED,NORTH
774,238,2025-03-18 04:51:20,DELIVERED,WEST
775,593,2024-06-16 12:13:47,DELIVERED,EAST
776,498,2025-07-10 17:57:42,DELIVERED,CENTRAL
777,562,2024-11-22 16:21:29,DELIVERED,CENTRAL
778,136,2024-04-21 02:57:43,SHIPPED,EAST
779,,2023-12-19 07:02:36,DELIVERED,EAST
780,49,2023-08-19 10:27:14,DELIVERED,WEST
781,171,2025-08-19 00:12:23,RETURNED,CENTRAL
782,293,2023-10-11 03:54:35,RETURNED,SOUTH
783,166,2024-01-05 13:45:12,PLACED,EAST
784,589,2023-07-16 11:16:27,DELIVERED,EAST
785,189,2023-11-15 16:44:46,DELIVERED,NORTH
786,325,2024-06-18 03:32:45,PLACED,WEST
787,553,2023-09-10 14:04:41,DELIVERED,NORTH
788,26,2024-09-20 11:10:36,RETURNED,SOUTH
789,470,2024-05-12 10:35:23,SHIPPED,CENTRAL
790,,2025-02-27 00:00:00,DELIVERED,EAST
791,486,2024-03-26 05:32:25,RETURNED,CENTRAL
792,151,2025-05-28 01:21:29,DELIVERED,WEST
793,347,2025-12-06 13:15:42,PLACED,WEST
794,42,2023-08-05 14:04:37,DELIVERED,NORTH
795,316,2023-02-08 12:26:48,DELIVERED,SOUTH
796,457,2024-07-09 04:35:50,PLACED,NORTH
797,200,2025-06-25 07:54:02,DELIVERED,EAST
798,201,2023-02-05 00:40:28,PLACED,WEST
799,90,2025-03-06 00:49:18,DELIVERED,WEST
800,326,2025-07-25 23:52:38,DELIVERED,NORTH
801,370,2024-09-09 14:02:11,PLACED,WEST
802,379,2024-08-22 19:19:18,DELIVERED,EAST
803,354,2024-06-29 19:27:54,DELIVERED,WEST
804,575,2023-05-17 01:54:49,SHIPPED,WEST
805,426,2024-11-18 09:45:30,SHIPPED,WEST
806,425,2023-08-05 19:27:37,CANCELLED,CENTRAL
807,89,2023-08-12 03:15:38,SHIPPED,WEST
808,538,2024-06-05 01:14:33,PLACED,CENTRAL
809,385,2023-05-18 09:35:27,PLACED,EAST
810,425,2023-09-29 16:29:02,DELIVERED,CENTRAL
811,141,2023-11-06 12:51:37,SHIPPED,WEST
812,297,2025-05-10 09:39:20,DELIVERED,EAST
813,600,2024-04-17 02:44:57,DELIVERED,WEST
814,230,2023-02-11 16:40:05,DELIVERED,SOUTH
815,269,2024-04-11 07:07:35,RETURNED,WEST
816,128,2025-10-12 00:00:00,DELIVERED,EAST
817,428,2023-10-06 15:29:03,DELIVERED,SOUTH
818,,2023-02-14 04:24:59,PLACED,EAST
819,505,2023-04-14 15:40:54,DELIVERED,EAST
820,596,2025-01-16 09:48:46,DELIVERED,EAST
821,488,2025-12-14 11:19:59,CANCELLED,EAST
822,525,2025-06-12 15:23:05,PLACED,EAST
823,167,2025-06-22 00:00:00,PLACED,EAST
824,473,2025-12-12 23:27:55,PLACED,SOUTH
825,55,2024-02-28 13:53:15,DELIVERED,EAST
826,50,2024-03-26 06:37:20,SHIPPED,NORTH
827,527,2023-10-29 01:56:26,DELIVERED,SOUTH
828,,2023-05-27 19:32:16,DELIVERED,SOUTH
829,557,2024-05-16 03:39:19,CANCELLED,EAST
830,278,2025-11-30 19:11:38,DELIVERED,EAST
831,99,2025-04-10 04:38:01,DELIVERED,SOUTH
832,14,2023-08-01 17:50:43,DELIVERED,EAST
833,497,2024-10-02 00:16:06,DELIVERED,SOUTH
834,105,2023-12-05 11:00:50,SHIPPED,SOUTH
835,193,2025-05-17 20:10:33,DELIVERED,CENTRAL
836,545,2025-05-06 02:58:31,DELIVERED,NORTH
837,428,2024-12-16 08:21:43,RETURNED,NORTH
838,135,2023-01-27 23:57:03,DELIVERED,EAST
839,372,2023-08-04 22:49:00,CANCELLED,CENTRAL
840,536,2024-06-15 08:22:00,SHIPPED,EAST
841,30,2023-07-04 05:36:45,SHIPPED,SOUTH
842,,2025-12-04 20:15:26,SHIPPED,SOUTH
843,215,2023-07-22 06:53:17,RETURNED,WEST
844,115,2023-05-01 18:10:55,PLACED,WEST
845,442,2023-03-08 01:08:47,SHIPPED,NORTH
846,526,2025-07-10 11:12:38,PLACED,NORTH
847,260,2023-03-09 00:00:00,PLACED,NORTH
848,,2023-05-30 21:54:53,DELIVERED,CENTRAL
849,211,2025-07-01 19:25:45,RETURNED,SOUTH
850,360,2023-02-15 10:51:32,PLACED,EAST
851,594,2024-06-24 08:17:10,DELIVERED,CENTRAL
852,248,2025-02-23 08:22:49,DELIVERED,NORTH
853,593,2023-01-22 17:22:22,DELIVERED,SOUTH
854,289,2023-09-24 20:10:43,RETURNED,CENTRAL
855,5,2023-06-03 07:16:12,RETURNED,CENTRAL
856,487,2024-07-23 06:43:54,DELIVERED,SOUTH
857,451,2025-11-12 06:51:28,RETURNED,SOUTH
858,364,2024-08-12 17:04:30,DELIVERED,CENTRAL
859,234,2024-09-25 03:36:29,PLACED,EAST
860,127,2024-12-24 18:04:27,PLACED,SOUTH
861,508,2024-07-15 04:23:35,DELIVERED,CENTRAL
862,42,2023-05-08 18:25:32,DELIVERED,NORTH
863,395,2024-03-16 13:48:03,DELIVERED,EAST
864,455,2023-12-17 21:10:18,DELIVERED,EAST
865,439,2023-10-21 06:24:51,CANCELLED,WEST
866,377,2023-10-06 00:00:00,PLACED,WEST
867,108,2024-09-07 17:44:08,DELIVERED,NORTH
868,,2023-07-05 04:45:48,PLACED,WEST
869,105,2023-09-20 02:27:26,PLACED,SOUTH
870,347,2023-11-08 02:21:51,DELIVERED,WEST
871,126,2023-12-28 18:00:33,CANCELLED,WEST
872,286,2025-06-22 23:29:55,DELIVERED,WEST
873,365,2025-01-09 04:05:22,DELIVERED,WEST
874,497,2025-03-05 10:54:54,SHIPPED,WEST
875,111,2023-07-09 19:34:32,SHIPPED,WEST
876,237,2025-09-03 03:22:11,RETURNED,NORTH
877,102,2023-03-24 02:28:51,CANCELLED,WEST
878,28,2023-10-06 00:00:00,DELIVERED,EAST
879,157,2024-04-15 07:26:07,DELIVERED,NORTH
880,79,2025-10-23 22:52:16,DELIVERED,WEST
881,478,2023-11-10 16:33:41,SHIPPED,WEST
882,503,2025-02-23 04:06:45,SHIPPED,EAST
883,554,2025-04-29 03:28:19,PLACED,NORTH
884,441,2023-07-05 01:38:29,DELIVERED,EAST
885,386,2024-11-18 11:41:20,DELIVERED,NORTH
886,182,2025-05-14 18:01:59,DELIVERED,EAST
887,169,2025-02-02 11:41:16,DELIVERED,EAST
888,399,2025-01-27 05:38:12,DELIVERED,CENTRAL
889,503,2025-10-22 09:30:48,DELIVERED,CENTRAL
890,586,2024-12-30 20:05:55,DELIVERED,SOUTH
891,519,2023-03-28 14:01:50,DELIVERED,WEST
892,387,2025-08-16 09:10:41,DELIVERED,EAST
893,329,2023-04-06 10:03:06,PLACED,NORTH
894,132,2024-07-23 00:00:00,DELIVERED,CENTRAL
895,28,2025-08-29 03:23:35,DELIVERED,NORTH
896,439,2024-06-20 03:51:52,RETURNED,WEST
897,360,2023-03-29 16:34:49,DELIVERED,SOUTH
898,241,2025-10-03 18:16:44,DELIVERED,NORTH
899,68,2024-04-18 15:57:37,PLACED,SOUTH
900,21,2025-04-16 09:38:01,DELIVERED,WEST
901,433,2025-06-01 10:25:00,DELIVERED,WEST
902,274,2023-02-01 16:39:06,DELIVERED,CENTRAL
903,23,2024-05-06 16:30:34,DELIVERED,WEST
904,331,2025-06-08 09:47:16,PLACED,WEST
905,103,2025-12-09 05:16:31,DELIVERED,EAST
906,509,2025-02-20 00:34:08,CANCELLED,EAST
907,171,2025-08-13 00:00:00,SHIPPED,WEST
908,207,2025-02-10 23:42:09,DELIVERED,NORTH
909,549,2023-11-29 13:29:05,SHIPPED,NORTH
910,305,2025-06-09 22:24:04,DELIVERED,SOUTH
911,95,2025-06-17 04:36:24,PLACED,EAST
912,280,2023-04-15 11:59:56,DELIVERED,CENTRAL
913,487,2024-10-25 11:39:42,SHIPPED,NORTH
914,310,2025-02-22 22:19:31,CANCELLED,WEST
915,553,2024-05-01 18:38:43,SHIPPED,WEST
916,258,2025-08-28 20:20:31,DELIVERED,CENTRAL
917,185,2023-01-29 00:00:00,DELIVERED,CENTRAL
918,192,2025-06-15 02:16:36,DELIVERED,WEST
919,275,2025-09-17 23:37:06,DELIVERED,CENTRAL
920,445,2025-05-29 10:21:02,DELIVERED,NORTH
921,535,2023-11-08 16:42:02,DELIVERED,SOUTH
922,247,2023-08-22 18:01:37,DELIVERED,EAST
923,446,2024-09-29 00:00:00,DELIVERED,NORTH
924,209,2024-10-02 16:49:02,SHIPPED,EAST
925,165,2024-02-03 09:01:24,DELIVERED,SOUTH
926,416,2024-01-06 11:18:23,PLACED,SOUTH
927,,2023-02-13 00:53:11,SHIPPED,EAST
928,476,2025-01-24 00:21:56,DELIVERED,WEST
929,433,2025-10-01 23:00:07,RETURNED,SOUTH
930,164,2024-02-28 15:26:20,PLACED,EAST
931,285,2025-10-20 05:01:26,DELIVERED,NORTH
932,,2025-01-24 17:30:04,DELIVERED,NORTH
933,86,2024-05-02 15:13:05,DELIVERED,NORTH
934,417,2024-07-18 00:00:00,DELIVERED,NORTH
935,407,2023-08-07 08:27:44,SHIPPED,CENTRAL
936,513,2023-07-07 09:52:57,DELIVERED,CENTRAL
937,538,2024-01-27 04:05:05,DELIVERED,NORTH
938,244,2025-07-20 18:57:34,PLACED,EAST
939,338,2025-06-26 17:15:37,DELIVERED,SOUTH
940,434,2023-12-05 15:56:30,PLACED,SOUTH
941,220,2024-03-02 11:51:59,DELIVERED,EAST
942,58,2025-01-31 17:53:34,DELIVERED,NORTH
943,325,2025-04-27 18:50:58,DELIVERED,SOUTH
944,285,2023-08-14 02:41:36,DELIVERED,EAST
945,316,2023-02-02 17:42:12,DELIVERED,CENTRAL
946,36,2025-10-25 17:28:44,DELIVERED,NORTH
947,246,2024-01-28 23:53:09,DELIVERED,EAST
948,372,2025-11-30 11:54:35,PLACED,SOUTH
949,454,2024-08-26 11:14:57,PLACED,WEST
950,262,2024-04-12 09:55:24,PLACED,SOUTH
951,305,2023-11-23 19:46:36,CANCELLED,SOUTH
952,450,2025-09-07 18:32:05,DELIVERED,WEST
953,35,2024-03-01 16:49:19,CANCELLED,WEST
954,483,2024-10-03 12:18:49,RETURNED,EAST
955,433,2023-06-05 23:01:04,CANCELLED,EAST
956,519,2023-04-14 02:20:59,DELIVERED,CENTRAL
957,561,2024-05-22 14:48:24,DELIVERED,NORTH
958,54,2025-09-23 08:06:39,DELIVERED,WEST
959,140,2023-01-05 18:40:27,DELIVERED,EAST
960,322,2025-06-13 11:43:42,PLACED,SOUTH
961,256,2025-03-13 03:30:56,DELIVERED,SOUTH
962,421,2024-05-11 04:03:45,DELIVERED,SOUTH
963,267,2023-09-27 11:46:00,DELIVERED,EAST
964,289,2023-11-05 14:43:13,PLACED,EAST
965,187,2024-09-03 06:31:34,CANCELLED,CENTRAL
966,,2023-12-15 17:29:13,PLACED,NORTH
967,572,2025-10-02 05:53:09,DELIVERED,SOUTH
968,92,2024-12-19 08:26:57,SHIPPED,SOUTH
969,51,2024-09-14 23:39:54,DELIVERED,CENTRAL
970,267,2023-08-20 20:29:17,PLACED,EAST
971,175,2025-05-31 04:20:53,PLACED,CENTRAL
972,446,2024-12-05 19:27:18,CANCELLED,WEST
973,,2023-07-04 02:27:38,SHIPPED,SOUTH
974,196,2024-02-18 00:00:00,SHIPPED,WEST
975,392,2023-07-22 06:10:58,DELIVERED,SOUTH
976,221,2024-03-15 13:47:00,DELIVERED,SOUTH
977,429,2023-10-08 04:40:34,DELIVERED,SOUTH
978,30,2024-03-26 19:10:39,RETURNED,SOUTH
979,462,2024-01-21 17:57:52,DELIVERED,WEST
980,88,2023-01-17 00:45:59,DELIVERED,EAST
981,408,2025-12-02 23:42:55,SHIPPED,WEST
982,434,2025-07-16 17:04:42,SHIPPED,NORTH
983,571,2023-04-02 06:26:42,PLACED,SOUTH
984,483,2024-07-04 09:19:26,RETURNED,CENTRAL
985,47,2023-01-09 07:52:19,SHIPPED,CENTRAL
986,391,2024-04-14 22:17:29,RETURNED,EAST
987,136,2025-05-19 05:55:24,PLACED,SOUTH
988,267,2023-09-21 21:04:55,DELIVERED,EAST
989,480,2023-07-24 22:19:00,PLACED,CENTRAL
990,444,2023-08-09 06:31:41,SHIPPED,EAST
991,46,2023-07-18 00:00:00,DELIVERED,EAST
992,370,2024-10-30 02:46:08,SHIPPED,EAST
993,271,2025-03-14 02:08:19,DELIVERED,SOUTH
994,324,2025-02-02 04:03:04,DELIVERED,SOUTH
995,570,2025-10-18 06:22:28,DELIVERED,WEST
996,55,2023-10-21 11:26:47,PLACED,SOUTH
997,188,2023-02-25 17:02:29,DELIVERED,SOUTH
998,479,2024-11-08 23:17:05,PLACED,WEST
999,42,2024-11-16 21:02:49,DELIVERED,CENTRAL
1000,497,2024-12-12 02:31:07,DELIVERED,SOUTH
1001,127,2024-06-27 02:11:35,PLACED,EAST
1002,185,2023-09-19 10:29:32,DELIVERED,EAST
1003,577,2025-10-27 03:33:52,DELIVERED,CENTRAL
1004,5,2025-03-28 03:16:32,DELIVERED,SOUTH
1005,427,2023-04-30 08:38:01,SHIPPED,WEST
1006,97,2024-05-25 13:15:00,PLACED,NORTH
1007,404,2024-08-03 07:15:47,DELIVERED,NORTH
1008,332,2023-08-27 21:09:54,PLACED,WEST
1009,492,2024-12-06 08:24:59,DELIVERED,EAST
1010,6,2024-05-26 17:55:32,RETURNED,CENTRAL
1011,464,2024-05-19 17:43:35,RETURNED,CENTRAL
1012,133,2023-11-25 08:19:39,CANCELLED,EAST
1013,331,2023-03-28 06:29:44,DELIVERED,CENTRAL
1014,391,2023-05-24 18:33:06,DELIVERED,SOUTH
1015,246,2024-09-11 16:42:48,PLACED,SOUTH
1016,167,2024-08-26 12:26:16,DELIVERED,EAST
1017,158,2023-07-07 08:22:04,SHIPPED,WEST
1018,318,2025-11-30 01:13:55,DELIVERED,EAST
1019,99,2024-07-24 19:47:00,DELIVERED,WEST
1020,457,2024-08-25 21:01:34,DELIVERED,CENTRAL
1021,434,2023-05-21 03:43:58,DELIVERED,EAST
1022,191,2024-11-05 00:00:00,DELIVERED,NORTH
1023,42,2025-03-08 10:45:24,DELIVERED,WEST
1024,230,2025-10-03 00:40:25,DELIVERED,SOUTH
1025,508,2025-03-30 02:22:30,DELIVERED,CENTRAL
1026,86,2024-03-27 14:11:39,DELIVERED,NORTH
1027,490,2024-04-11 15:28:20,PLACED,SOUTH
1028,308,2024-01-22 06:28:28,DELIVERED,EAST
1029,583,2023-03-16 03:26:20,DELIVERED,NORTH
1030,526,2023-06-17 04:49:05,DELIVERED,WEST
1031,97,2024-12-22 19:38:58,DELIVERED,CENTRAL
1032,260,2024-07-06 04:25:16,SHIPPED,NORTH
1033,516,2023-01-26 00:00:00,PLACED,WEST
1034,184,2023-10-11 00:00:00,CANCELLED,NORTH
1035,86,2024-10-08 14:58:58,CANCELLED,EAST
1036,322,2025-07-01 04:42:55,DELIVERED,WEST
1037,272,2024-06-14 05:52:04,RETURNED,SOUTH
1038,217,2023-10-15 12:33:29,PLACED,CENTRAL
1039,266,2025-11-12 02:29:54,PLACED,CENTRAL
1040,19,2023-01-10 01:59:40,DELIVERED,NORTH
1041,176,2025-10-15 18:01:56,DELIVERED,WEST
1042,499,2024-04-15 09:12:05,DELIVERED,CENTRAL
1043,370,2025-12-08 21:45:23,DELIVERED,WEST
1044,310,2023-05-17 03:16:28,PLACED,NORTH
1045,196,2023-06-23 20:24:01,CANCELLED,SOUTH
1046,28,2023-11-22 00:38:25,DELIVERED,SOUTH
1047,248,2024-11-07 23:22:18,CANCELLED,CENTRAL
1048,196,2023-05-14 17:48:00,DELIVERED,WEST
1049,152,2025-01-06 07:35:38,DELIVERED,NORTH
1050,171,2023-08-25 18:42:46,DELIVERED,WEST
1051,497,2025-01-02 10:23:29,PLACED,WEST
1052,600,2024-01-12 21:53:20,SHIPPED,CENTRAL
1053,402,2023-03-21 02:30:59,DELIVERED,NORTH
1054,443,2024-10-07 17:53:37,CANCELLED,CENTRAL
1055,568,2024-03-27 16:51:37,PLACED,WEST
1056,498,2025-03-08 11:17:18,DELIVERED,CENTRAL
1057,,2025-11-20 06:34:25,RETURNED,WEST
1058,238,2023-04-05 07:14:04,DELIVERED,WEST
1059,591,2024-05-05 15:44:49,DELIVERED,EAST
1060,428,2025-01-05 00:00:00,PLACED,CENTRAL
1061,356,2024-11-27 10:46:55,DELIVERED,NORTH
1062,166,2024-03-23 09:49:12,DELIVERED,WEST
1063,353,2024-11-11 13:57:01,SHIPPED,SOUTH
1064,348,2025-07-24 07:55:11,CANCELLED,WEST
1065,135,2024-03-31 18:31:21,DELIVERED,WEST
1066,427,2025-11-11 15:15:31,DELIVERED,EAST
1067,484,2023-09-09 16:45:28,DELIVERED,EAST
1068,89,2025-11-02 05:40:01,DELIVERED,SOUTH
1069,205,2023-08-31 19:48:42,DELIVERED,NORTH
1070,426,2025-02-05 00:00:00,DELIVERED,SOUTH
1071,571,2023-03-15 02:07:34,RETURNED,EAST
1072,268,2024-07-08 15:33:37,DELIVERED,SOUTH
1073,516,2023-02-19 15:55:41,CANCELLED,EAST
1074,441,2023-06-27 01:04:59,DELIVERED,NORTH
1075,576,2023-12-15 02:53:27,DELIVERED,EAST
1076,364,2023-03-14 12:13:14,DELIVERED,CENTRAL
1077,274,2023-08-23 20:20:17,CANCELLED,CENTRAL
1078,107,2023-03-20 07:52:11,RETURNED,WEST
1079,,2024-12-11 03:15:06,RETURNED,NORTH
1080,109,2025-08-06 11:47:39,DELIVERED,NORTH
1081,576,2023-03-07 04:44:02,DELIVERED,SOUTH
1082,121,2023-11-16 00:00:00,RETURNED,SOUTH
1083,300,2024-11-16 20:58:50,DELIVERED,WEST
1084,102,2023-08-28 16:33:42,DELIVERED,EAST
1085,142,2023-07-11 01:09:21,CANCELLED,WEST
1086,,2024-10-07 20:16:38,DELIVERED,NORTH
1087,,2024-01-17 02:02:44,CANCELLED,WEST
1088,350,2024-03-21 11:07:27,DELIVERED,NORTH
1089,273,2024-08-01 13:26:01,DELIVERED,WEST
1090,370,2025-09-04 19:14:20,DELIVERED,SOUTH
1091,543,2024-10-17 02:56:36,DELIVERED,SOUTH
1092,440,2024-10-04 05:01:12,RETURNED,WEST
1093,529,2025-11-25 18:12:31,DELIVERED,NORTH
1094,454,2023-08-15 03:46:34,DELIVERED,CENTRAL
1095,72,2023-05-12 16:45:39,DELIVERED,WEST
1096,169,2024-11-05 07:23:15,PLACED,NORTH
1097,155,2025-06-11 13:02:50,PLACED,CENTRAL
1098,303,2024-10-13 08:50:04,DELIVERED,CENTRAL
1099,312,2024-05-02 07:24:21,RETURNED,NORTH
1100,287,2025-03-30 21:30:07,DELIVERED,SOUTH
1101,,2025-12-23 00:00:00,DELIVERED,SOUTH
1102,558,2025-08-27 21:48:57,DELIVERED,WEST
1103,354,2025-10-04 00:00:00,DELIVERED,SOUTH
1104,309,2023-05-11 00:00:00,PLACED,EAST
1105,400,2023-07-15 17:49:51,DELIVERED,CENTRAL
1106,291,2023-11-29 00:36:01,PLACED,CENTRAL
1107,320,2025-03-20 20:48:35,DELIVERED,SOUTH
1108,24,2023-02-13 07:51:36,CANCELLED,CENTRAL
1109,265,2024-01-10 21:47:56,CANCELLED,EAST
1110,433,2025-02-23 22:00:07,PLACED,NORTH
1111,382,2024-02-08 12:25:21,DELIVERED,EAST
1112,127,2023-03-16 03:36:37,DELIVERED,NORTH
1113,460,2024-04-07 20:47:43,DELIVERED,NORTH
1114,465,2024-06-10 14:06:04,RETURNED,CENTRAL
1115,580,2025-09-02 04:00:20,DELIVERED,CENTRAL
1116,240,2024-06-28 05:30:54,SHIPPED,CENTRAL
1117,144,2024-08-09 16:23:55,DELIVERED,SOUTH
1118,108,2024-05-24 07:01:14,DELIVERED,SOUTH
1119,370,2024-12-06 17:53:21,PLACED,WEST
1120,422,2023-05-08 07:12:42,PLACED,WEST
1121,134,2025-01-09 20:00:05,SHIPPED,NORTH
1122,379,2025-11-17 09:46:10,DELIVERED,CENTRAL
1123,573,2025-03-17 00:00:00,DELIVERED,EAST
1124,599,2025-02-13 21:37:47,DELIVERED,WEST
1125,502,2024-10-09 15:59:30,CANCELLED,SOUTH
1126,518,2023-07-17 11:31:31,DELIVERED,WEST
1127,133,2025-12-30 10:35:02,DELIVERED,CENTRAL
1128,121,2025-12-14 00:00:00,SHIPPED,WEST
1129,34,2023-09-01 00:00:00,RETURNED,EAST
1130,122,2025-07-23 13:16:53,CANCELLED,NORTH
1131,124,2024-07-28 03:09:48,DELIVERED,NORTH
1132,,2025-03-23 02:33:28,SHIPPED,EAST
1133,313,2024-08-04 00:00:00,DELIVERED,WEST
1134,29,2023-08-10 22:33:25,PLACED,CENTRAL
1135,432,2023-03-17 00:00:00,RETURNED,EAST
1136,291,2023-12-01 21:27:33,SHIPPED,WEST
1137,3,2023-07-10 00:42:53,DELIVERED,NORTH
1138,46,2024-10-10 16:19:48,DELIVERED,EAST
1139,580,2024-12-03 17:44:27,RETURNED,WEST
1140,487,2025-07-29 22:29:41,PLACED,SOUTH
1141,517,2025-09-15 16:57:30,DELIVERED,WEST
1142,460,2023-08-20 10:28:24,CANCELLED,EAST
1143,92,2025-08-28 13:07:47,DELIVERED,WEST
1144,397,2023-12-28 16:14:37,RETURNED,EAST
1145,554,2023-03-13 04:16:57,RETURNED,WEST
1146,285,2025-09-30 09:30:49,PLACED,SOUTH
1147,26,2025-06-07 13:30:41,DELIVERED,EAST
1148,575,2025-09-29 05:17:46,PLACED,CENTRAL
1149,88,2023-10-26 00:00:00,RETURNED,CENTRAL
1150,591,2023-03-24 03:17:59,RETURNED,CENTRAL
1151,194,2025-01-09 04:26:25,DELIVERED,NORTH
1152,124,2025-10-19 13:30:11,RETURNED,SOUTH
1153,20,2024-03-03 03:20:45,DELIVERED,SOUTH
1154,,2025-06-19 07:17:33,DELIVERED,CENTRAL
1155,329,2024-09-16 04:06:36,DELIVERED,WEST
1156,24,2024-06-12 02:29:56,DELIVERED,WEST
1157,25,2025-03-31 01:36:14,DELIVERED,EAST
1158,94,2023-06-28 00:00:00,RETURNED,CENTRAL
1159,173,2024-03-19 06:41:00,PLACED,EAST
1160,92,2023-08-28 14:00:47,DELIVERED,WEST
1161,174,2023-04-02 12:27:47,DELIVERED,EAST
1162,186,2023-02-12 05:00:55,DELIVERED,EAST
1163,400,2023-06-03 09:27:04,DELIVERED,WEST
1164,332,2024-02-05 16:29:14,DELIVERED,NORTH
1165,54,2023-11-11 15:57:50,SHIPPED,CENTRAL
1166,243,2025-02-04 19:36:20,DELIVERED,CENTRAL
1167,395,2023-06-28 18:32:40,SHIPPED,EAST
1168,476,2025-05-09 00:00:00,DELIVERED,WEST
1169,30,2024-09-25 00:28:10,DELIVERED,NORTH
1170,276,2025-05-10 17:25:22,RETURNED,NORTH
1171,253,2025-05-11 16:59:33,DELIVERED,SOUTH
1172,312,2025-06-01 00:00:00,DELIVERED,NORTH
1173,513,2023-11-13 01:25:23,DELIVERED,SOUTH
1174,383,2025-04-19 13:03:15,RETURNED,SOUTH
1175,551,2024-10-20 06:38:11,RETURNED,CENTRAL
1176,463,2023-03-06 22:07:18,PLACED,WEST
1177,297,2025-10-11 11:47:54,RETURNED,NORTH
1178,62,2025-01-19 01:12:24,SHIPPED,EAST
1179,390,2024-06-29 21:48:34,CANCELLED,SOUTH
1180,600,2025-03-03 18:25:21,SHIPPED,SOUTH
1181,547,2025-05-24 17:12:10,PLACED,NORTH
1182,405,2025-12-20 23:19:55,PLACED,SOUTH
1183,570,2024-03-10 02:57:37,CANCELLED,SOUTH
1184,517,2024-05-09 11:13:51,CANCELLED,EAST
1185,268,2024-12-04 06:33:12,SHIPPED,EAST
1186,350,2023-11-24 04:37:40,DELIVERED,CENTRAL
1187,337,2023-01-25 15:50:54,RETURNED,SOUTH
1188,3,2025-08-03 17:12:54,DELIVERED,NORTH
1189,178,2024-10-03 19:50:03,DELIVERED,WEST
1190,403,2025-04-15 22:59:41,PLACED,NORTH
1191,552,2023-02-18 01:48:25,CANCELLED,WEST
1192,127,2024-07-02 08:35:50,RETURNED,WEST
1193,367,2024-08-23 19:07:25,SHIPPED,NORTH
1194,128,2024-12-19 18:25:40,DELIVERED,SOUTH
1195,456,2023-01-15 13:05:21,SHIPPED,NORTH
1196,,2024-03-12 17:27:11,DELIVERED,EAST
1197,197,2023-05-20 18:11:41,CANCELLED,EAST
1198,227,2023-12-30 21:46:08,RETURNED,EAST
1199,38,2024-03-12 03:21:20,DELIVERED,CENTRAL
1200,215,2023-01-12 02:01:37,SHIPPED,WEST
1201,114,2024-03-06 20:15:58,DELIVERED,WEST
1202,175,2025-05-07 04:02:34,SHIPPED,CENTRAL
1203,579,2023-09-30 16:11:22,PLACED,SOUTH
1204,67,2023-07-17 22:58:07,SHIPPED,CENTRAL
1205,234,2025-03-23 13:50:03,DELIVERED,EAST
1206,197,2025-11-19 04:52:43,PLACED,CENTRAL
1207,,2025-08-12 12:36:02,SHIPPED,CENTRAL
1208,465,2023-01-04 00:53:10,RETURNED,NORTH
1209,331,2024-11-02 22:33:52,CANCELLED,WEST
1210,281,2023-07-09 01:57:52,DELIVERED,WEST
1211,508,2024-07-15 12:38:49,DELIVERED,NORTH
1212,230,2023-03-14 22:58:08,SHIPPED,WEST
1213,546,2024-11-28 06:46:10,DELIVERED,WEST
1214,200,2024-06-03 22:44:14,PLACED,CENTRAL
1215,26,2023-12-17 12:01:17,RETURNED,WEST
1216,77,2024-01-24 08:05:06,SHIPPED,EAST
1217,319,2023-04-08 14:59:55,DELIVERED,NORTH
1218,29,2025-01-15 14:26:42,DELIVERED,NORTH
1219,,2025-07-09 11:08:53,DELIVERED,EAST
1220,257,2024-01-19 22:33:10,PLACED,SOUTH
1221,349,2023-03-26 13:24:14,CANCELLED,CENTRAL
1222,243,2023-04-24 06:18:46,DELIVERED,CENTRAL
1223,450,2023-05-29 00:00:00,DELIVERED,CENTRAL
1224,128,2023-05-13 20:57:52,RETURNED,NORTH
1225,,2024-08-09 06:18:37,DELIVERED,NORTH
1226,131,2023-04-07 07:36:38,RETURNED,WEST
1227,57,2024-04-13 07:39:22,DELIVERED,WEST
1228,68,2023-06-08 04:24:26,DELIVERED,CENTRAL
1229,54,2024-04-03 03:17:38,CANCELLED,WEST
1230,99,2025-08-16 22:41:08,DELIVERED,SOUTH
1231,11,2024-12-05 00:00:00,DELIVERED,WEST
1232,104,2024-06-11 13:49:11,DELIVERED,NORTH
1233,465,2025-03-14 11:05:39,DELIVERED,SOUTH
1234,111,2023-06-09 12:32:52,PLACED,NORTH
1235,199,2025-06-09 10:53:50,PLACED,CENTRAL
1236,263,2024-07-06 01:56:41,DELIVERED,CENTRAL
1237,456,2023-10-16 19:43:37,SHIPPED,NORTH
1238,62,2023-07-18 00:00:00,DELIVERED,WEST
1239,526,2025-10-09 09:19:21,DELIVERED,EAST
1240,598,2025-04-20 15:17:58,DELIVERED,SOUTH
1241,481,2024-04-24 12:12:58,DELIVERED,EAST
1242,378,2023-01-13 00:00:00,DELIVERED,SOUTH
1243,59,2024-01-04 18:26:31,DELIVERED,CENTRAL
1244,56,2024-10-17 15:34:47,DELIVERED,SOUTH
1245,207,2023-04-17 06:16:39,DELIVERED,WEST
1246,479,2025-07-20 16:45:33,DELIVERED,CENTRAL
1247,580,2024-06-05 10:19:47,DELIVERED,WEST
1248,337,2023-09-10 02:14:11,PLACED,NORTH
1249,508,2023-12-07 20:02:38,RETURNED,SOUTH
1250,236,2024-12-25 17:45:03,DELIVERED,SOUTH
1251,493,2024-05-29 23:46:44,CANCELLED,WEST
1252,211,2024-09-13 00:00:00,SHIPPED,NORTH
1253,372,2023-01-16 08:48:14,PLACED,NORTH
1254,569,2023-06-28 22:34:05,PLACED,WEST
1255,200,2025-09-07 17:51:32,DELIVERED,EAST
1256,45,2023-02-16 02:45:30,SHIPPED,EAST
1257,179,2023-12-07 02:51:45,CANCELLED,SOUTH
1258,348,2025-05-11 09:26:35,SHIPPED,SOUTH
1259,23,2023-10-01 12:38:31,CANCELLED,NORTH
1260,22,2025-11-18 09:15:19,PLACED,NORTH
1261,347,2023-11-23 14:13:03,DELIVERED,SOUTH
1262,379,2024-08-01 10:13:25,DELIVERED,CENTRAL
1263,445,2023-04-12 13:27:02,PLACED,SOUTH
1264,,2023-10-22 14:20:01,SHIPPED,WEST
1265,384,2024-05-08 22:05:42,DELIVERED,SOUTH
1266,48,2025-08-14 23:11:19,DELIVERED,CENTRAL
1267,302,2023-08-19 18:58:34,DELIVERED,NORTH
1268,287,2023-07-16 10:42:56,CANCELLED,CENTRAL
1269,501,2023-11-22 00:56:31,DELIVERED,WEST
1270,67,2023-09-18 02:22:29,DELIVERED,CENTRAL
1271,384,2025-02-13 12:41:58,DELIVERED,SOUTH
1272,330,2024-08-03 19:12:32,DELIVERED,WEST
1273,507,2025-01-05 22:59:03,SHIPPED,WEST
1274,598,2025-10-06 00:00:00,PLACED,SOUTH
1275,208,2024-12-03 00:00:00,CANCELLED,WEST
1276,224,2024-04-20 08:28:15,DELIVERED,WEST
1277,586,2023-09-02 05:11:19,RETURNED,EAST
1278,261,2025-05-05 06:03:55,PLACED,NORTH
1279,303,2024-11-21 12:21:33,DELIVERED,SOUTH
1280,598,2023-03-05 21:55:09,DELIVERED,CENTRAL
1281,345,2024-10-23 22:14:48,DELIVERED,WEST
1282,419,2024-07-24 21:50:17,CANCELLED,EAST
1283,280,2024-08-16 23:49:17,PLACED,WEST
1284,240,2024-02-17 15:12:47,DELIVERED,EAST
1285,85,2024-04-02 12:25:12,CANCELLED,CENTRAL
1286,560,2025-09-26 21:10:31,PLACED,EAST
1287,234,2023-06-02 20:57:27,PLACED,EAST
1288,40,2025-04-28 05:19:37,SHIPPED,SOUTH
1289,338,2024-01-24 09:33:25,DELIVERED,EAST
1290,196,2025-07-27 08:01:16,RETURNED,CENTRAL
1291,268,2023-01-14 06:09:57,DELIVERED,EAST
1292,355,2024-09-19 07:10:13,RETURNED,CENTRAL
1293,13,2025-01-03 05:35:03,DELIVERED,SOUTH
1294,408,2023-12-20 12:44:28,SHIPPED,SOUTH
1295,486,2023-12-30 01:49:55,DELIVERED,CENTRAL
1296,480,2024-12-17 18:16:52,DELIVERED,NORTH
1297,321,2023-10-19 19:25:37,DELIVERED,WEST
1298,215,2024-11-12 11:12:20,DELIVERED,CENTRAL
1299,31,2024-08-05 01:50:05,PLACED,SOUTH
1300,313,2023-01-16 00:56:22,DELIVERED,EAST
1301,348,2023-12-17 06:54:01,DELIVERED,WEST
1302,551,2024-04-10 11:17:05,DELIVERED,NORTH
1303,582,2023-02-20 00:50:17,RETURNED,SOUTH
1304,339,2025-06-01 15:41:29,DELIVERED,CENTRAL
1305,588,2024-08-30 05:16:55,RETURNED,SOUTH
1306,401,2023-04-09 23:15:10,DELIVERED,SOUTH
1307,487,2023-06-18 18:19:53,DELIVERED,WEST
1308,312,2023-05-25 20:17:43,SHIPPED,CENTRAL
1309,182,2023-02-19 19:15:06,CANCELLED,CENTRAL
1310,,2025-01-29 00:49:30,PLACED,SOUTH
1311,72,2024-08-22 11:10:31,SHIPPED,SOUTH
1312,299,2025-10-21 14:32:52,DELIVERED,WEST
1313,59,2024-07-26 16:21:09,DELIVERED,SOUTH
1314,335,2024-09-30 06:01:01,DELIVERED,NORTH
1315,133,2025-04-13 00:00:00,DELIVERED,NORTH
1316,399,2023-11-17 18:07:15,PLACED,SOUTH
1317,318,2024-11-02 09:36:32,CANCELLED,WEST
1318,163,2025-07-26 19:55:10,DELIVERED,EAST
1319,208,2025-02-19 13:37:35,DELIVERED,WEST
1320,283,2023-11-10 08:01:22,PLACED,SOUTH
1321,457,2023-04-10 08:58:33,CANCELLED,CENTRAL
1322,253,2025-03-27 21:21:05,DELIVERED,CENTRAL
1323,503,2024-12-15 21:40:10,DELIVERED,NORTH
1324,94,2024-03-23 06:07:45,DELIVERED,WEST
1325,356,2025-12-23 21:41:34,CANCELLED,EAST
1326,401,2025-08-10 07:19:19,CANCELLED,SOUTH
1327,426,2024-01-23 00:25:09,SHIPPED,CENTRAL
1328,443,2024-12-12 05:04:14,DELIVERED,SOUTH
1329,583,2023-05-29 09:46:19,DELIVERED,NORTH
1330,246,2023-09-03 08:08:24,SHIPPED,CENTRAL
1331,299,2025-11-01 14:46:19,RETURNED,SOUTH
1332,506,2024-09-30 00:00:00,RETURNED,CENTRAL
1333,125,2024-07-26 19:19:40,PLACED,NORTH
1334,517,2024-05-21 10:39:02,DELIVERED,SOUTH
1335,259,2023-11-19 03:23:31,DELIVERED,WEST
1336,,2023-02-11 12:06:53,PLACED,WEST
1337,391,2024-06-17 20:29:17,DELIVERED,SOUTH
1338,407,2023-02-28 16:20:29,PLACED,NORTH
1339,140,2024-05-23 03:33:29,DELIVERED,WEST
1340,497,2024-12-17 16:38:08,PLACED,CENTRAL
1341,249,2024-11-10 23:31:14,PLACED,EAST
1342,166,2023-09-23 00:01:20,CANCELLED,CENTRAL
1343,103,2023-10-03 07:51:34,SHIPPED,CENTRAL
1344,401,2023-09-19 16:23:49,PLACED,NORTH
1345,280,2023-08-27 10:45:48,DELIVERED,SOUTH
1346,222,2023-02-23 12:11:48,CANCELLED,CENTRAL
1347,222,2024-11-17 17:07:19,DELIVERED,CENTRAL
1348,106,2024-08-29 19:18:32,DELIVERED,WEST
1349,54,2025-07-18 06:42:43,PLACED,WEST
1350,207,2024-01-23 21:28:57,DELIVERED,SOUTH
1351,205,2023-05-22 23:07:59,PLACED,NORTH
1352,15,2024-06-07 16:37:09,CANCELLED,NORTH
1353,226,2023-05-31 01:37:42,DELIVERED,SOUTH
1354,172,2023-03-10 08:54:19,DELIVERED,NORTH
1355,335,2024-05-16 06:21:59,DELIVERED,SOUTH
1356,213,2025-04-21 12:08:19,DELIVERED,WEST
1357,,2023-07-07 15:53:53,SHIPPED,NORTH
1358,366,2024-05-17 00:00:00,SHIPPED,WEST
1359,324,2023-01-19 14:41:53,DELIVERED,WEST
1360,226,2023-04-13 13:15:55,DELIVERED,EAST
1361,378,2023-03-10 06:09:45,PLACED,SOUTH
1362,421,2024-04-13 10:00:41,DELIVERED,WEST
1363,105,2025-04-12 22:17:46,DELIVERED,CENTRAL
1364,176,2024-01-27 09:00:34,RETURNED,CENTRAL
1365,333,2025-09-07 00:41:04,DELIVERED,SOUTH
1366,341,2023-09-30 08:48:54,DELIVERED,EAST
1367,494,2023-04-15 21:05:06,DELIVERED,CENTRAL
1368,600,2024-11-28 08:38:10,DELIVERED,SOUTH
1369,516,2025-07-01 14:24:53,DELIVERED,NORTH
1370,239,2023-02-02 22:53:31,DELIVERED,NORTH
1371,317,2024-01-03 05:29:37,DELIVERED,SOUTH
1372,82,2023-04-04 02:05:31,PLACED,WEST
1373,304,2023-11-10 19:32:43,SHIPPED,SOUTH
1374,39,2024-01-05 19:40:04,RETURNED,CENTRAL
1375,455,2024-05-25 14:26:45,PLACED,EAST
1376,41,2025-03-20 03:32:51,DELIVERED,WEST
1377,296,2023-02-06 19:21:05,SHIPPED,EAST
1378,351,2024-01-12 00:00:00,SHIPPED,NORTH
1379,255,2025-12-03 18:15:33,DELIVERED,SOUTH
1380,391,2025-03-21 01:52:57,DELIVERED,WEST
1381,7,2023-04-11 09:05:30,CANCELLED,NORTH
1382,198,2023-03-22 22:41:04,DELIVERED,SOUTH
1383,210,2023-07-15 01:15:12,PLACED,CENTRAL
1384,563,2023-11-14 00:00:00,SHIPPED,NORTH
1385,,2024-10-24 03:22:19,DELIVERED,EAST
1386,169,2023-11-03 20:41:08,SHIPPED,SOUTH
1387,255,2024-04-15 20:24:48,SHIPPED,WEST
1388,207,2024-02-27 07:42:16,CANCELLED,WEST
1389,82,2024-07-12 14:11:10,DELIVERED,SOUTH
1390,483,2024-11-16 15:41:33,DELIVERED,CENTRAL
1391,444,2023-08-31 03:34:13,CANCELLED,WEST
1392,21,2024-08-15 12:20:33,DELIVERED,NORTH
1393,308,2025-07-13 14:02:38,DELIVERED,CENTRAL
1394,180,2024-02-04 16:31:50,DELIVERED,EAST
1395,465,2024-03-15 23:25:16,DELIVERED,CENTRAL
1396,493,2023-04-22 18:06:16,DELIVERED,WEST
1397,201,2023-08-29 08:32:44,RETURNED,NORTH
1398,14,2025-02-16 19:26:30,DELIVERED,EAST
1399,504,2024-09-20 10:54:47,RETURNED,WEST
1400,383,2024-08-19 13:57:10,DELIVERED,CENTRAL
1401,73,2024-09-27 00:42:20,CANCELLED,NORTH
1402,395,2025-05-28 15:25:00,SHIPPED,WEST
1403,262,2024-06-25 11:57:19,DELIVERED,WEST
1404,378,2025-12-17 21:44:23,PLACED,WEST
1405,435,2024-01-19 09:03:56,SHIPPED,NORTH
1406,371,2025-09-07 03:37:19,DELIVERED,NORTH
1407,152,2024-02-10 23:06:52,DELIVERED,SOUTH
1408,261,2024-01-20 08:17:32,DELIVERED,SOUTH
1409,,2023-01-20 00:00:00,PLACED,NORTH
1410,394,2024-09-09 18:05:50,DELIVERED,NORTH
1411,531,2023-10-21 00:00:00,CANCELLED,SOUTH
1412,438,2024-01-28 19:43:22,DELIVERED,CENTRAL
1413,546,2025-10-19 22:08:22,CANCELLED,CENTRAL
1414,316,2024-10-01 09:53:43,DELIVERED,NORTH
1415,112,2025-09-15 06:31:07,DELIVERED,EAST
1416,147,2024-02-22 21:50:32,DELIVERED,WEST
1417,316,2023-01-10 23:21:58,RETURNED,WEST
1418,2,2023-05-31 11:36:00,PLACED,WEST
1419,538,2024-10-09 13:00:29,DELIVERED,WEST
1420,175,2023-10-02 00:43:01,DELIVERED,SOUTH
1421,203,2025-01-25 16:57:47,SHIPPED,NORTH
1422,462,2025-05-30 22:43:37,CANCELLED,SOUTH
1423,206,2023-04-02 15:00:38,DELIVERED,SOUTH
1424,266,2024-09-27 00:53:07,DELIVERED,CENTRAL
1425,112,2025-09-15 15:57:57,SHIPPED,EAST
1426,88,2024-08-09 18:44:26,PLACED,NORTH
1427,351,2023-02-16 02:03:10,DELIVERED,WEST
1428,497,2025-11-11 03:58:23,DELIVERED,NORTH
1429,63,2024-02-18 00:00:00,DELIVERED,NORTH
1430,597,2023-03-07 00:37:46,PLACED,CENTRAL
1431,8,2024-08-06 13:50:10,DELIVERED,EAST
1432,498,2025-01-05 03:21:34,DELIVERED,CENTRAL
1433,440,2024-06-06 00:00:00,DELIVERED,EAST
1434,323,2024-01-08 04:49:28,RETURNED,WEST
1435,388,2025-08-06 20:36:44,PLACED,EAST
1436,339,2023-06-05 14:52:58,PLACED,WEST
1437,143,2023-02-09 21:26:08,DELIVERED,CENTRAL
1438,287,2025-12-22 06:28:28,DELIVERED,SOUTH
1439,378,2024-12-03 00:43:37,DELIVERED,WEST
1440,528,2024-10-03 18:28:32,DELIVERED,NORTH
1441,330,2023-01-26 20:01:21,DELIVERED,NORTH
1442,334,2025-11-19 03:02:26,DELIVERED,CENTRAL
1443,497,2024-09-13 15:14:22,DELIVERED,NORTH
1444,357,2024-10-26 17:52:30,RETURNED,WEST
1445,103,2024-08-20 20:33:59,SHIPPED,SOUTH
1446,147,2025-03-18 21:02:03,CANCELLED,CENTRAL
1447,33,2023-07-18 15:01:00,DELIVERED,NORTH
1448,309,2025-11-11 13:34:33,RETURNED,WEST
1449,173,2024-11-24 06:46:26,RETURNED,WEST
1450,554,2024-01-10 05:27:47,SHIPPED,SOUTH
1451,92,2023-06-13 20:11:40,DELIVERED,NORTH
1452,165,2024-05-22 04:49:54,RETURNED,EAST
1453,226,2024-02-05 05:05:17,DELIVERED,NORTH
1454,140,2025-04-10 09:13:07,DELIVERED,WEST
1455,93,2025-12-10 15:35:50,DELIVERED,SOUTH
1456,590,2025-07-22 02:57:07,PLACED,EAST
1457,387,2024-08-15 20:57:43,DELIVERED,CENTRAL
1458,448,2023-12-29 12:34:08,SHIPPED,NORTH
1459,298,2023-05-17 04:57:36,PLACED,EAST
1460,193,2023-06-30 08:45:13,DELIVERED,SOUTH
1461,321,2024-08-13 14:42:03,DELIVERED,NORTH
1462,319,2023-04-07 03:14:15,DELIVERED,SOUTH
1463,398,2024-10-20 04:37:29,DELIVERED,EAST
1464,130,2025-03-18 09:44:09,DELIVERED,CENTRAL
1465,228,2023-06-15 13:48:40,DELIVERED,CENTRAL
1466,472,2024-05-05 18:35:00,PLACED,EAST
1467,225,2025-02-15 11:06:44,DELIVERED,SOUTH
1468,291,2023-08-15 14:27:13,DELIVERED,NORTH
1469,328,2024-04-24 20:18:25,DELIVERED,NORTH
1470,281,2025-06-10 15:13:31,DELIVERED,SOUTH
1471,507,2024-03-28 19:43:30,DELIVERED,WEST
1472,61,2024-06-01 12:31:44,SHIPPED,SOUTH
1473,231,2025-12-24 01:04:51,DELIVERED,SOUTH
1474,500,2024-08-31 15:39:21,SHIPPED,SOUTH
1475,23,2025-05-01 04:47:32,DELIVERED,WEST
1476,485,2024-06-25 01:49:55,DELIVERED,WEST
1477,74,2025-03-30 00:00:00,DELIVERED,EAST
1478,,2025-12-17 18:47:26,RETURNED,CENTRAL
1479,404,2023-06-01 04:20:11,PLACED,CENTRAL
1480,56,2024-04-17 08:42:02,DELIVERED,SOUTH
1481,592,2023-08-02 16:38:39,DELIVERED,WEST
1482,299,2023-08-13 23:23:18,SHIPPED,SOUTH
1483,10,2024-07-16 16:45:20,DELIVERED,CENTRAL
1484,105,2025-11-19 17:31:14,DELIVERED,SOUTH
1485,386,2024-10-25 11:51:16,DELIVERED,SOUTH
1486,58,2023-05-30 04:55:08,DELIVERED,WEST
1487,184,2023-03-23 12:18:08,PLACED,CENTRAL
1488,347,2025-07-10 19:16:18,DELIVERED,SOUTH
1489,414,2024-01-16 14:17:58,PLACED,SOUTH
1490,407,2025-01-29 01:17:37,DELIVERED,CENTRAL
1491,177,2025-10-11 02:02:05,DELIVERED,NORTH
1492,475,2025-10-07 05:20:56,DELIVERED,WEST
1493,377,2023-01-19 00:34:10,PLACED,NORTH
1494,125,2025-01-29 23:23:07,DELIVERED,CENTRAL
1495,231,2023-02-05 18:29:59,DELIVERED,CENTRAL
1496,492,2024-03-01 05:12:01,DELIVERED,NORTH
1497,186,2024-08-19 11:03:42,DELIVERED,WEST
1498,306,2025-06-06 16:11:50,PLACED,EAST
1499,66,2025-04-14 23:51:54,SHIPPED,NORTH
1500,404,2025-05-13 19:25:31,CANCELLED,CENTRAL
1501,501,2023-04-10 07:32:42,DELIVERED,CENTRAL
1502,552,2025-10-09 09:09:42,PLACED,SOUTH
1503,121,2023-10-08 15:38:54,CANCELLED,SOUTH
1504,6,2025-05-11 17:31:35,DELIVERED,EAST
1505,126,2023-03-02 19:21:46,PLACED,SOUTH
1506,166,2023-05-17 10:12:05,DELIVERED,NORTH
1507,87,2023-07-13 17:47:28,DELIVERED,EAST
1508,558,2023-09-24 13:49:51,DELIVERED,NORTH
1509,255,2024-04-11 00:00:00,PLACED,CENTRAL
1510,301,2025-10-20 23:10:32,DELIVERED,SOUTH
1511,591,2025-01-31 21:02:01,DELIVERED,CENTRAL
1512,361,2025-07-30 15:44:06,DELIVERED,SOUTH
1513,102,2025-10-26 08:09:07,CANCELLED,SOUTH
1514,,2023-02-27 01:32:27,SHIPPED,EAST
1515,221,2023-07-28 11:38:13,DELIVERED,SOUTH
1516,368,2024-03-06 22:03:43,PLACED,CENTRAL
1517,433,2023-04-26 12:19:44,DELIVERED,EAST
1518,391,2025-10-06 09:08:30,RETURNED,WEST
1519,468,2023-05-10 07:56:12,RETURNED,WEST
1520,,2025-12-14 21:24:35,PLACED,SOUTH
1521,73,2025-09-05 00:00:13,DELIVERED,SOUTH
1522,382,2025-05-25 14:06:09,DELIVERED,CENTRAL
1523,168,2024-10-13 23:02:44,CANCELLED,EAST
1524,445,2024-08-11 15:58:41,PLACED,CENTRAL
1525,254,2023-05-01 10:19:35,SHIPPED,CENTRAL
1526,113,2025-11-28 00:00:00,DELIVERED,NORTH
1527,338,2025-09-21 11:32:48,PLACED,EAST
1528,280,2023-08-16 07:33:50,CANCELLED,SOUTH
1529,281,2023-01-16 07:43:54,PLACED,SOUTH
1530,388,2023-06-13 02:47:07,DELIVERED,NORTH
1531,180,2025-03-28 20:26:08,DELIVERED,EAST
1532,502,2023-05-29 00:00:00,DELIVERED,CENTRAL
1533,289,2025-05-06 00:00:00,SHIPPED,NORTH
1534,50,2023-09-23 05:55:30,DELIVERED,WEST
1535,186,2024-06-20 04:58:40,CANCELLED,CENTRAL
1536,565,2025-07-12 16:55:39,CANCELLED,WEST
1537,489,2025-07-09 02:55:19,PLACED,NORTH
1538,526,2023-08-30 13:08:06,DELIVERED,SOUTH
1539,388,2025-05-31 16:11:57,DELIVERED,NORTH
1540,380,2024-01-22 23:33:16,DELIVERED,WEST
1541,469,2023-10-12 10:37:53,DELIVERED,EAST
1542,480,2025-02-19 04:27:48,SHIPPED,WEST
1543,534,2023-12-22 00:00:00,DELIVERED,NORTH
1544,313,2024-09-23 11:58:10,DELIVERED,NORTH
1545,82,2023-04-30 03:19:48,DELIVERED,NORTH
1546,170,2025-06-12 17:21:40,PLACED,EAST
1547,568,2025-02-04 14:47:58,CANCELLED,NORTH
1548,435,2025-11-17 17:37:19,DELIVERED,SOUTH
1549,492,2025-02-12 07:31:23,DELIVERED,CENTRAL
1550,128,2024-09-21 21:04:17,PLACED,SOUTH
1551,8,2024-10-22 04:21:43,DELIVERED,EAST
1552,251,2025-10-24 02:21:26,RETURNED,CENTRAL
1553,44,2025-08-01 12:31:37,DELIVERED,SOUTH
1554,537,2023-12-16 15:09:53,SHIPPED,EAST
1555,137,2025-03-08 23:32:44,DELIVERED,NORTH
1556,433,2025-02-08 17:52:19,DELIVERED,EAST
1557,116,2024-06-09 00:00:34,RETURNED,SOUTH
1558,553,2023-07-03 02:20:26,SHIPPED,WEST
1559,301,2024-02-16 06:37:29,SHIPPED,CENTRAL
1560,404,2023-12-04 19:36:55,RETURNED,CENTRAL
1561,37,2024-12-20 08:00:55,CANCELLED,WEST
1562,59,2024-07-06 15:06:00,PLACED,WEST
1563,,2024-05-25 09:17:56,SHIPPED,NORTH
1564,6,2024-06-27 06:34:11,CANCELLED,SOUTH
1565,412,2024-07-04 17:55:23,PLACED,WEST
1566,504,2023-11-03 20:59:25,PLACED,CENTRAL
1567,158,2024-09-30 00:42:58,PLACED,WEST
1568,8,2023-08-30 18:19:18,DELIVERED,EAST
1569,232,2025-01-01 00:00:00,DELIVERED,EAST
1570,374,2024-10-27 09:43:38,CANCELLED,CENTRAL
1571,276,2023-06-18 20:26:34,RETURNED,WEST
1572,166,2023-08-06 06:53:44,DELIVERED,WEST
1573,6,2024-07-12 01:18:59,CANCELLED,SOUTH
1574,114,2023-10-22 11:34:21,SHIPPED,SOUTH
1575,405,2024-10-16 02:05:48,DELIVERED,NORTH
1576,165,2025-10-31 21:54:57,SHIPPED,WEST
1577,273,2023-07-04 12:53:53,DELIVERED,CENTRAL
1578,508,2025-11-25 00:58:41,DELIVERED,EAST
1579,410,2025-02-18 14:38:38,DELIVERED,WEST
1580,135,2023-06-20 11:08:04,RETURNED,NORTH
1581,130,2023-08-30 15:01:32,DELIVERED,NORTH
1582,243,2023-03-22 20:11:08,DELIVERED,EAST
1583,440,2025-07-16 13:00:36,DELIVERED,WEST
1584,492,2024-03-25 00:00:00,SHIPPED,NORTH
1585,440,2024-01-20 20:41:19,DELIVERED,CENTRAL
1586,,2023-10-18 06:39:16,SHIPPED,NORTH
1587,270,2025-12-24 21:31:30,SHIPPED,WEST
1588,,2023-11-05 05:21:09,DELIVERED,NORTH
1589,515,2025-08-07 07:28:33,SHIPPED,CENTRAL
1590,,2025-09-03 23:23:10,DELIVERED,SOUTH
1591,124,2023-07-25 12:20:43,DELIVERED,EAST
1592,197,2023-08-16 03:04:17,DELIVERED,CENTRAL
1593,205,2023-05-22 06:19:06,CANCELLED,WEST
1594,418,2025-03-26 12:20:39,DELIVERED,SOUTH
1595,228,2024-06-06 05:37:07,DELIVERED,NORTH
1596,523,2024-10-25 10:25:44,DELIVERED,EAST
1597,113,2024-02-23 06:13:18,DELIVERED,EAST
1598,429,2024-01-19 15:39:29,DELIVERED,NORTH
1599,187,2023-03-05 12:27:26,PLACED,EAST
1600,218,2024-03-19 05:23:15,DELIVERED,CENTRAL
1601,104,2024-10-31 09:23:49,SHIPPED,WEST
1602,373,2024-06-03 06:56:30,DELIVERED,NORTH
1603,14,2025-11-26 22:39:02,DELIVERED,SOUTH
1604,340,2024-07-14 02:58:32,DELIVERED,EAST
1605,542,2025-07-28 09:21:53,DELIVERED,EAST
1606,216,2025-06-26 17:17:51,DELIVERED,NORTH
1607,134,2025-09-04 23:38:48,DELIVERED,NORTH
1608,43,2025-06-30 04:35:45,RETURNED,SOUTH
1609,198,2025-12-30 15:37:51,DELIVERED,NORTH
1610,,2023-04-27 07:42:49,RETURNED,CENTRAL
1611,352,2024-04-13 07:51:19,DELIVERED,SOUTH
1612,547,2023-08-27 17:19:14,PLACED,SOUTH
1613,429,2025-05-05 03:57:59,DELIVERED,CENTRAL
1614,356,2024-07-22 13:55:02,DELIVERED,NORTH
1615,447,2023-04-16 04:21:20,DELIVERED,CENTRAL
1616,516,2023-02-03 23:33:19,SHIPPED,EAST
1617,133,2024-03-25 23:10:18,PLACED,CENTRAL
1618,,2023-04-05 10:32:30,DELIVERED,SOUTH
1619,408,2025-02-07 23:54:11,DELIVERED,CENTRAL
1620,77,2023-09-15 02:57:59,DELIVERED,CENTRAL
1621,394,2025-05-23 19:28:02,DELIVERED,WEST
1622,279,2023-11-18 00:00:00,SHIPPED,SOUTH
1623,586,2023-12-05 08:27:37,DELIVERED,NORTH
1624,526,2024-12-08 12:04:14,DELIVERED,CENTRAL
1625,266,2024-04-16 07:57:03,CANCELLED,EAST
1626,275,2025-05-07 00:00:00,PLACED,SOUTH
1627,47,2025-04-08 00:00:00,SHIPPED,NORTH
1628,,2025-09-20 14:35:18,PLACED,EAST
1629,,2023-07-26 13:31:58,SHIPPED,NORTH
1630,255,2023-11-23 04:20:16,DELIVERED,NORTH
1631,356,2025-09-09 20:07:38,DELIVERED,EAST
1632,333,2023-05-10 07:38:29,RETURNED,CENTRAL
1633,271,2023-07-27 13:24:05,DELIVERED,CENTRAL
1634,302,2024-05-19 07:16:30,RETURNED,NORTH
1635,365,2023-12-07 15:20:08,DELIVERED,EAST
1636,181,2024-02-02 15:53:41,RETURNED,CENTRAL
1637,598,2023-06-15 08:28:21,DELIVERED,WEST
1638,264,2025-08-30 19:31:59,DELIVERED,CENTRAL
1639,212,2024-11-17 21:50:51,SHIPPED,EAST
1640,209,2025-06-22 13:59:53,DELIVERED,WEST
1641,160,2024-11-23 22:10:10,SHIPPED,WEST
1642,378,2023-08-19 10:17:57,RETURNED,NORTH
1643,508,2023-10-09 23:18:55,DELIVERED,SOUTH
1644,194,2025-06-03 22:23:20,DELIVERED,SOUTH
1645,289,2023-02-02 16:42:01,DELIVERED,SOUTH
1646,404,2025-12-03 00:00:00,DELIVERED,NORTH
1647,147,2023-04-22 22:10:11,DELIVERED,WEST
1648,413,2023-06-05 16:59:12,DELIVERED,SOUTH
1649,13,2025-07-26 04:24:45,PLACED,WEST
1650,22,2023-06-20 22:25:16,CANCELLED,NORTH
1651,136,2024-01-21 00:00:00,DELIVERED,EAST
1652,147,2025-09-01 14:35:05,DELIVERED,NORTH
1653,109,2025-04-22 00:00:00,DELIVERED,EAST
1654,88,2023-11-11 07:05:51,PLACED,CENTRAL
1655,455,2023-09-11 10:27:56,DELIVERED,WEST
1656,159,2024-01-14 17:51:11,PLACED,EAST
1657,557,2023-07-11 04:35:16,PLACED,NORTH
1658,106,2025-04-26 01:43:45,SHIPPED,CENTRAL
1659,426,2023-08-09 07:59:35,PLACED,SOUTH
1660,25,2023-12-19 03:03:42,DELIVERED,SOUTH
1661,362,2025-10-15 01:45:47,SHIPPED,WEST
1662,116,2025-02-03 00:24:00,SHIPPED,NORTH
1663,230,2023-06-08 01:00:08,RETURNED,EAST
1664,366,2023-04-29 12:17:42,DELIVERED,NORTH
1665,370,2023-05-12 17:44:01,CANCELLED,CENTRAL
1666,155,2023-10-04 14:50:52,DELIVERED,EAST
1667,186,2025-11-21 11:06:35,DELIVERED,EAST
1668,294,2024-06-25 00:00:00,CANCELLED,EAST
1669,512,2025-10-24 23:08:47,DELIVERED,EAST
1670,79,2023-01-04 09:13:48,CANCELLED,SOUTH
1671,151,2024-05-12 12:00:33,PLACED,WEST
1672,490,2023-04-15 13:38:03,PLACED,WEST
1673,286,2023-08-13 17:36:26,PLACED,SOUTH
1674,187,2024-08-21 02:29:20,DELIVERED,WEST
1675,435,2025-01-17 15:44:15,DELIVERED,WEST
1676,342,2023-08-03 17:15:45,CANCELLED,SOUTH
1677,,2024-08-18 06:10:48,DELIVERED,WEST
1678,552,2025-04-09 00:00:00,DELIVERED,CENTRAL
1679,236,2024-08-20 11:56:36,PLACED,WEST
1680,540,2025-06-16 16:47:42,DELIVERED,SOUTH
1681,90,2024-01-01 08:37:59,DELIVERED,SOUTH
1682,18,2024-07-16 23:11:35,DELIVERED,SOUTH
1683,113,2023-04-03 13:12:21,RETURNED,EAST
1684,143,2024-04-02 00:00:00,DELIVERED,CENTRAL
1685,432,2024-01-12 16:57:31,SHIPPED,SOUTH
1686,58,2023-08-03 01:36:19,PLACED,SOUTH
1687,387,2023-02-10 22:16:58,DELIVERED,WEST
1688,381,2023-03-26 00:22:23,DELIVERED,CENTRAL
1689,76,2025-01-10 17:22:58,CANCELLED,SOUTH
1690,31,2023-08-17 04:19:55,DELIVERED,NORTH
1691,251,2023-04-30 17:12:09,PLACED,WEST
1692,154,2023-10-11 09:16:43,DELIVERED,SOUTH
1693,541,2025-12-21 04:21:02,RETURNED,WEST
1694,422,2024-06-08 00:50:04,DELIVERED,NORTH
1695,294,2023-06-22 20:19:19,SHIPPED,NORTH
1696,,2025-07-27 13:13:27,DELIVERED,CENTRAL
1697,165,2023-01-17 21:10:21,DELIVERED,WEST
1698,466,2025-05-10 00:00:00,DELIVERED,EAST
1699,586,2025-02-18 15:09:38,DELIVERED,SOUTH
1700,434,2023-09-01 13:57:05,SHIPPED,NORTH
1701,535,2024-08-09 12:28:02,RETURNED,SOUTH
1702,217,2024-09-14 00:05:03,DELIVERED,SOUTH
1703,402,2023-10-13 08:36:00,CANCELLED,CENTRAL
1704,80,2025-12-11 15:32:04,DELIVERED,EAST
1705,415,2024-08-14 00:57:07,SHIPPED,EAST
1706,435,2023-10-30 12:04:57,SHIPPED,NORTH
1707,80,2024-07-17 10:29:48,DELIVERED,EAST
1708,29,2024-01-08 00:00:00,SHIPPED,CENTRAL
1709,110,2023-04-12 11:16:30,SHIPPED,NORTH
1710,317,2023-10-19 15:35:47,DELIVERED,NORTH
1711,247,2024-02-23 03:18:39,PLACED,CENTRAL
1712,579,2023-03-11 17:02:38,DELIVERED,WEST
1713,47,2023-03-16 15:23:34,DELIVERED,EAST
1714,9,2024-07-08 00:50:37,DELIVERED,WEST
1715,,2025-02-16 01:24:26,SHIPPED,WEST
1716,365,2023-07-21 04:44:22,DELIVERED,NORTH
1717,340,2024-09-24 16:44:36,CANCELLED,CENTRAL
1718,104,2025-02-19 02:31:11,CANCELLED,SOUTH
1719,,2023-02-06 19:03:08,DELIVERED,WEST
1720,489,2025-06-29 21:01:05,CANCELLED,NORTH
1721,298,2023-09-08 10:49:45,SHIPPED,WEST
1722,81,2025-08-30 09:12:32,PLACED,SOUTH
1723,221,2025-11-24 14:39:37,DELIVERED,SOUTH
1724,514,2025-03-13 01:05:19,RETURNED,CENTRAL
1725,536,2024-06-14 08:53:04,DELIVERED,SOUTH
1726,348,2024-03-27 19:21:37,DELIVERED,WEST
1727,41,2025-11-26 19:22:06,DELIVERED,SOUTH
1728,77,2023-08-25 17:56:10,DELIVERED,WEST
1729,100,2023-01-24 05:04:08,PLACED,EAST
1730,561,2023-05-16 09:50:48,DELIVERED,WEST
1731,322,2023-09-21 15:31:55,RETURNED,SOUTH
1732,70,2024-03-11 03:31:50,DELIVERED,EAST
1733,92,2023-04-21 12:03:53,SHIPPED,WEST
1734,265,2025-01-05 04:26:49,RETURNED,WEST
1735,,2025-10-07 04:38:45,RETURNED,NORTH
1736,583,2025-01-28 00:00:00,PLACED,EAST
1737,411,2024-09-27 09:51:50,CANCELLED,SOUTH
1738,452,2024-07-23 16:46:11,DELIVERED,CENTRAL
1739,322,2024-08-03 11:54:56,PLACED,WEST
1740,519,2024-11-30 04:39:22,SHIPPED,NORTH
1741,59,2024-01-16 07:25:52,DELIVERED,CENTRAL
1742,9,2023-08-29 02:29:51,CANCELLED,EAST
1743,385,2023-09-03 18:20:23,DELIVERED,NORTH
1744,229,2024-08-26 02:00:08,CANCELLED,NORTH
1745,358,2024-12-24 17:10:32,DELIVERED,CENTRAL
1746,477,2023-06-19 12:15:11,PLACED,NORTH
1747,407,2024-11-03 19:40:30,SHIPPED,EAST
1748,67,2024-05-07 21:14:13,DELIVERED,CENTRAL
1749,498,2023-11-27 07:36:51,DELIVERED,WEST
1750,118,2024-03-08 10:34:28,DELIVERED,CENTRAL
1751,160,2024-12-31 01:39:36,PLACED,SOUTH
1752,,2024-05-12 09:25:20,DELIVERED,CENTRAL
1753,390,2023-04-07 22:27:00,RETURNED,EAST
1754,441,2025-01-05 09:59:26,SHIPPED,SOUTH
1755,24,2025-11-28 01:07:07,DELIVERED,EAST
1756,181,2023-05-10 20:30:32,PLACED,EAST
1757,415,2023-05-07 22:20:11,SHIPPED,WEST
1758,430,2025-03-26 05:08:23,SHIPPED,EAST
1759,189,2023-03-25 11:39:27,PLACED,WEST
1760,351,2024-04-06 05:25:12,SHIPPED,EAST
1761,430,2025-01-18 04:17:27,DELIVERED,SOUTH
1762,448,2024-07-04 23:53:24,RETURNED,CENTRAL
1763,399,2023-01-16 10:16:24,DELIVERED,CENTRAL
1764,204,2023-05-01 20:55:08,DELIVERED,CENTRAL
1765,149,2024-05-17 21:37:30,DELIVERED,EAST
1766,15,2023-08-22 19:16:50,CANCELLED,SOUTH
1767,,2025-02-14 20:41:02,CANCELLED,NORTH
1768,417,2024-02-13 05:59:40,DELIVERED,NORTH
1769,462,2023-07-15 07:04:37,DELIVERED,CENTRAL
1770,100,2023-02-26 16:17:44,SHIPPED,SOUTH
1771,431,2025-12-17 21:23:31,DELIVERED,SOUTH
1772,387,2023-12-02 18:10:55,DELIVERED,SOUTH
1773,591,2023-01-23 07:47:25,DELIVERED,EAST
1774,17,2024-04-14 01:18:20,CANCELLED,CENTRAL
1775,128,2025-12-22 08:25:58,DELIVERED,WEST
1776,424,2024-09-29 12:19:45,DELIVERED,CENTRAL
1777,437,2025-03-23 17:11:04,RETURNED,EAST
1778,117,2023-10-01 02:48:49,DELIVERED,EAST
1779,,2023-10-02 19:07:46,DELIVERED,SOUTH
1780,556,2024-11-08 02:38:28,DELIVERED,WEST
1781,291,2025-12-26 15:54:36,DELIVERED,NORTH
1782,90,2023-06-11 06:23:36,PLACED,NORTH
1783,422,2023-06-11 01:17:43,DELIVERED,CENTRAL
1784,,2025-04-26 05:08:45,PLACED,WEST
1785,516,2025-06-21 21:57:30,CANCELLED,EAST
1786,431,2023-11-26 03:07:41,SHIPPED,WEST
1787,565,2024-08-14 23:41:09,PLACED,WEST
1788,128,2024-06-28 15:49:31,RETURNED,WEST
1789,423,2025-09-28 18:06:05,DELIVERED,WEST
1790,8,2024-08-04 23:43:59,DELIVERED,CENTRAL
1791,291,2024-02-20 17:11:30,CANCELLED,EAST
1792,315,2024-10-06 05:45:09,DELIVERED,NORTH
1793,425,2023-02-20 18:11:52,PLACED,SOUTH
1794,384,2025-03-17 04:21:07,CANCELLED,CENTRAL
1795,326,2024-06-04 13:03:30,SHIPPED,CENTRAL
1796,441,2024-01-11 16:07:02,DELIVERED,WEST
1797,198,2025-08-15 08:07:59,DELIVERED,NORTH
1798,592,2024-10-28 14:05:55,PLACED,WEST
1799,178,2024-09-18 05:21:58,RETURNED,CENTRAL
1800,163,2024-11-10 11:30:47,SHIPPED,SOUTH
1801,517,2023-07-03 21:15:18,DELIVERED,WEST
1802,,2025-09-01 12:07:27,RETURNED,CENTRAL
1803,163,2024-05-15 20:06:57,SHIPPED,NORTH
1804,27,2024-11-10 12:14:18,PLACED,CENTRAL
1805,157,2023-02-13 05:08:33,DELIVERED,CENTRAL
1806,81,2025-06-07 06:01:09,DELIVERED,SOUTH
1807,465,2025-09-12 14:30:02,DELIVERED,EAST
1808,192,2024-01-08 09:28:46,DELIVERED,SOUTH
1809,305,2023-10-29 02:27:56,DELIVERED,SOUTH
1810,388,2024-02-09 00:00:00,DELIVERED,EAST
1811,85,2023-08-12 08:06:59,DELIVERED,CENTRAL
1812,106,2023-06-22 07:49:36,DELIVERED,CENTRAL
1813,126,2023-06-16 08:06:25,PLACED,EAST
1814,185,2023-05-25 02:58:57,PLACED,EAST
1815,213,2024-08-30 00:00:00,PLACED,NORTH
1816,424,2023-04-25 07:06:39,DELIVERED,NORTH
1817,216,2025-12-03 17:45:31,DELIVERED,EAST
1818,462,2023-09-08 06:22:45,SHIPPED,NORTH
1819,183,2025-10-21 18:08:44,DELIVERED,CENTRAL
1820,33,2023-07-02 01:47:55,RETURNED,EAST
1821,496,2025-08-11 19:45:55,DELIVERED,NORTH
1822,163,2025-03-21 12:11:45,DELIVERED,NORTH
1823,198,2025-07-30 13:26:51,PLACED,NORTH
1824,531,2025-03-05 23:13:33,DELIVERED,SOUTH
1825,374,2023-06-28 07:37:25,CANCELLED,NORTH
1826,,2024-05-23 19:33:58,PLACED,NORTH
1827,130,2024-02-20 16:29:53,SHIPPED,SOUTH
1828,95,2024-06-25 00:00:00,DELIVERED,EAST
1829,479,2025-02-09 04:49:38,DELIVERED,WEST
1830,198,2024-01-24 12:08:54,SHIPPED,EAST
1831,403,2023-06-09 20:11:19,DELIVERED,CENTRAL
1832,320,2023-09-15 07:59:44,DELIVERED,WEST
1833,444,2024-11-24 01:57:57,DELIVERED,EAST
1834,327,2025-08-25 15:48:14,PLACED,WEST
1835,440,2023-11-07 06:07:48,DELIVERED,EAST
1836,66,2024-11-29 02:58:21,SHIPPED,NORTH
1837,524,2024-01-29 02:53:49,DELIVERED,EAST
1838,544,2024-07-01 04:57:22,DELIVERED,NORTH
1839,185,2024-05-16 06:25:32,DELIVERED,SOUTH
1840,,2024-07-09 17:40:56,SHIPPED,SOUTH
1841,381,2024-07-31 19:50:01,PLACED,EAST
1842,126,2023-01-15 23:08:39,DELIVERED,NORTH
1843,337,2023-11-29 02:00:49,DELIVERED,EAST
1844,239,2025-05-22 11:28:43,PLACED,EAST
1845,218,2025-03-30 01:45:56,SHIPPED,CENTRAL
1846,285,2025-08-02 08:19:03,RETURNED,NORTH
1847,588,2025-09-30 22:41:46,DELIVERED,WEST
1848,326,2024-05-12 06:59:28,SHIPPED,NORTH
1849,506,2025-02-13 15:03:20,PLACED,EAST
1850,432,2023-07-05 06:17:55,PLACED,SOUTH
1851,335,2025-07-07 08:27:21,DELIVERED,CENTRAL
1852,22,2024-03-18 18:56:47,PLACED,CENTRAL
1853,5,2024-12-18 08:06:08,SHIPPED,WEST
1854,38,2025-04-08 17:05:29,RETURNED,NORTH
1855,346,2025-09-28 14:58:45,PLACED,WEST
1856,98,2024-10-06 19:15:42,DELIVERED,EAST
1857,325,2024-06-21 05:16:14,DELIVERED,CENTRAL
1858,321,2025-02-06 02:53:30,DELIVERED,WEST
1859,306,2025-12-17 21:47:47,RETURNED,WEST
1860,125,2024-08-03 20:13:44,RETURNED,NORTH
1861,30,2023-12-14 23:51:38,PLACED,NORTH
1862,143,2023-06-13 07:44:33,RETURNED,WEST
1863,232,2023-09-22 09:11:50,PLACED,EAST
1864,551,2023-01-08 16:13:37,RETURNED,NORTH
1865,266,2023-03-08 21:59:47,PLACED,EAST
1866,77,2024-02-14 16:27:36,DELIVERED,CENTRAL
1867,389,2024-02-24 07:03:02,DELIVERED,SOUTH
1868,598,2024-12-16 15:54:30,PLACED,EAST
1869,152,2025-06-26 09:57:21,CANCELLED,WEST
1870,458,2025-11-04 00:00:00,PLACED,CENTRAL
1871,247,2025-06-16 17:06:14,DELIVERED,WEST
1872,288,2024-05-15 01:43:31,DELIVERED,WEST
1873,232,2023-05-23 14:31:43,SHIPPED,EAST
1874,85,2024-07-02 09:09:19,DELIVERED,SOUTH
1875,211,2025-12-15 14:10:32,PLACED,WEST
1876,62,2023-11-27 01:39:35,PLACED,SOUTH
1877,,2024-12-28 05:54:41,CANCELLED,SOUTH
1878,500,2023-06-12 09:20:12,DELIVERED,CENTRAL
1879,541,2025-03-09 08:35:56,CANCELLED,EAST
1880,465,2025-10-14 22:57:26,SHIPPED,CENTRAL
1881,109,2023-07-22 00:00:00,SHIPPED,EAST
1882,395,2024-12-03 19:53:00,CANCELLED,CENTRAL
1883,208,2024-09-13 16:43:13,SHIPPED,EAST
1884,434,2023-09-13 01:40:57,DELIVERED,CENTRAL
1885,105,2023-08-17 19:21:33,DELIVERED,NORTH
1886,113,2024-01-09 16:49:07,PLACED,WEST
1887,192,2024-02-19 09:24:34,PLACED,CENTRAL
1888,464,2024-06-30 17:54:05,SHIPPED,CENTRAL
1889,87,2024-07-04 13:59:24,DELIVERED,SOUTH
1890,407,2025-02-19 03:00:53,DELIVERED,EAST
1891,55,2024-11-16 14:22:12,SHIPPED,NORTH
1892,51,2025-10-04 14:22:17,DELIVERED,WEST
1893,199,2024-04-01 17:20:03,SHIPPED,SOUTH
1894,283,2025-04-02 15:31:49,DELIVERED,CENTRAL
1895,444,2023-06-19 14:41:43,DELIVERED,SOUTH
1896,114,2023-12-08 02:31:37,PLACED,NORTH
1897,590,2024-02-18 11:50:39,SHIPPED,CENTRAL
1898,104,2024-03-03 21:52:25,SHIPPED,CENTRAL
1899,415,2024-08-31 19:23:33,DELIVERED,SOUTH
1900,275,2025-02-08 05:20:15,SHIPPED,SOUTH
1901,356,2025-09-16 09:19:25,SHIPPED,CENTRAL
1902,295,2023-01-05 00:00:00,PLACED,CENTRAL
1903,489,2024-04-19 07:18:38,CANCELLED,SOUTH
1904,175,2024-05-04 12:14:43,DELIVERED,SOUTH
1905,,2023-10-19 00:42:21,DELIVERED,WEST
1906,146,2023-01-20 18:47:19,DELIVERED,WEST
1907,343,2023-02-02 08:28:52,SHIPPED,EAST
1908,79,2023-09-23 05:05:36,DELIVERED,NORTH
1909,361,2025-01-06 01:40:07,DELIVERED,WEST
1910,254,2025-01-04 02:37:16,PLACED,NORTH
1911,581,2025-11-22 09:57:43,RETURNED,SOUTH
1912,538,2025-02-20 00:00:00,SHIPPED,SOUTH
1913,97,2023-06-05 07:59:21,DELIVERED,EAST
1914,464,2025-02-01 05:11:58,DELIVERED,CENTRAL
1915,264,2025-10-27 13:39:44,DELIVERED,EAST
1916,470,2023-01-22 01:35:33,CANCELLED,EAST
1917,342,2025-03-15 10:08:27,DELIVERED,CENTRAL
1918,496,2023-06-25 04:02:14,SHIPPED,CENTRAL
1919,22,2023-08-18 18:07:33,RETURNED,SOUTH
1920,146,2024-07-08 21:10:21,DELIVERED,SOUTH
1921,592,2025-12-16 21:31:51,RETURNED,EAST
1922,212,2023-05-19 16:22:31,SHIPPED,WEST
1923,111,2024-03-01 12:37:21,CANCELLED,CENTRAL
1924,461,2025-03-29 12:30:44,SHIPPED,EAST
1925,340,2024-08-30 10:30:51,DELIVERED,EAST
1926,317,2023-10-24 01:03:50,PLACED,CENTRAL
1927,352,2025-08-09 06:42:45,PLACED,WEST
1928,581,2024-06-23 01:00:58,SHIPPED,NORTH
1929,,2025-02-14 01:20:50,RETURNED,SOUTH
1930,478,2025-11-23 18:39:07,SHIPPED,EAST
1931,572,2025-10-28 23:39:24,SHIPPED,WEST
1932,296,2023-04-11 09:04:38,DELIVERED,NORTH
1933,465,2023-03-05 14:50:31,SHIPPED,CENTRAL
1934,127,2023-03-24 15:11:21,DELIVERED,NORTH
1935,441,2024-07-01 05:02:15,DELIVERED,NORTH
1936,52,2024-01-26 14:07:08,PLACED,EAST
1937,515,2025-10-30 13:09:03,RETURNED,CENTRAL
1938,159,2023-05-14 00:00:00,DELIVERED,SOUTH
1939,202,2024-11-02 04:01:14,DELIVERED,NORTH
1940,,2024-03-27 17:53:07,SHIPPED,WEST
1941,364,2024-01-22 09:16:14,CANCELLED,WEST
1942,433,2024-09-12 00:00:00,RETURNED,NORTH
1943,268,2024-04-14 04:13:14,DELIVERED,SOUTH
1944,578,2024-11-08 00:00:00,DELIVERED,EAST
1945,,2025-06-17 03:38:37,PLACED,SOUTH
1946,257,2023-07-30 18:55:04,DELIVERED,SOUTH
1947,309,2024-04-18 00:00:00,PLACED,CENTRAL
1948,473,2025-04-27 22:02:33,SHIPPED,WEST
1949,99,2023-08-04 07:45:02,DELIVERED,EAST
1950,516,2025-11-30 08:44:18,DELIVERED,WEST
1951,,2024-07-04 05:18:13,DELIVERED,WEST
1952,421,2024-12-17 13:54:48,PLACED,CENTRAL
1953,28,2024-10-15 20:59:01,PLACED,SOUTH
1954,310,2024-01-12 22:29:08,DELIVERED,EAST
1955,131,2025-08-22 12:26:50,DELIVERED,CENTRAL
1956,301,2023-03-25 03:58:03,DELIVERED,WEST
1957,129,2024-09-17 22:46:16,DELIVERED,WEST
1958,531,2024-12-15 22:16:23,CANCELLED,NORTH
1959,57,2024-02-24 16:50:53,CANCELLED,NORTH
1960,342,2025-07-12 06:35:22,PLACED,EAST
1961,580,2025-01-17 22:25:27,DELIVERED,NORTH
1962,125,2025-06-27 04:07:10,DELIVERED,NORTH
1963,210,2025-03-12 23:43:05,PLACED,WEST
1964,140,2023-12-14 06:18:31,CANCELLED,SOUTH
1965,309,2025-09-02 22:27:53,DELIVERED,NORTH
1966,497,2025-08-26 19:52:34,DELIVERED,NORTH
1967,69,2023-01-01 01:19:53,SHIPPED,NORTH
1968,,2025-03-18 12:23:23,PLACED,SOUTH
1969,107,2025-01-05 22:23:49,PLACED,CENTRAL
1970,455,2024-08-29 22:52:11,PLACED,NORTH
1971,308,2024-09-20 10:59:26,DELIVERED,SOUTH
1972,241,2025-04-29 07:10:15,SHIPPED,CENTRAL
1973,450,2025-10-19 09:57:28,DELIVERED,WEST
1974,150,2025-09-15 00:00:00,PLACED,SOUTH
1975,247,2023-09-23 06:58:18,DELIVERED,CENTRAL
1976,206,2025-01-09 16:28:18,DELIVERED,EAST
1977,103,2025-07-03 14:42:19,DELIVERED,EAST
1978,,2024-08-30 16:35:28,DELIVERED,NORTH
1979,476,2024-10-09 15:01:36,CANCELLED,SOUTH
1980,29,2024-03-16 06:44:46,DELIVERED,CENTRAL
1981,399,2023-01-18 02:50:31,DELIVERED,NORTH
1982,456,2023-03-08 05:25:42,RETURNED,EAST
1983,143,2024-12-27 20:50:28,CANCELLED,WEST
1984,284,2023-01-15 04:01:13,RETURNED,EAST
1985,513,2025-02-20 00:00:00,SHIPPED,CENTRAL
1986,400,2025-03-07 23:42:35,PLACED,SOUTH
1987,361,2025-10-15 22:58:08,DELIVERED,EAST
1988,471,2023-08-06 13:02:36,SHIPPED,EAST
1989,404,2023-04-16 00:00:00,RETURNED,WEST
1990,386,2025-01-02 20:12:03,DELIVERED,SOUTH
1991,590,2025-02-26 13:35:33,DELIVERED,CENTRAL
1992,266,2023-07-21 01:12:02,DELIVERED,CENTRAL
1993,595,2024-06-24 17:55:49,DELIVERED,WEST
1994,70,2023-03-11 19:04:46,PLACED,SOUTH
1995,238,2023-05-30 23:17:18,DELIVERED,WEST
1996,488,2024-05-17 18:53:46,DELIVERED,SOUTH
1997,108,2023-09-28 07:06:50,DELIVERED,WEST
1998,431,2023-04-10 23:53:02,PLACED,EAST
1999,118,2023-02-28 03:03:15,CANCELLED,NORTH
2000,453,2024-08-04 11:44:23,DELIVERED,NORTH
2001,179,2024-05-13 21:41:00,PLACED,WEST
2002,387,2023-07-26 22:40:34,RETURNED,CENTRAL
2003,570,2023-11-07 00:00:00,SHIPPED,WEST
2004,,2024-11-10 15:44:09,DELIVERED,SOUTH
2005,207,2023-09-09 19:08:15,DELIVERED,CENTRAL
2006,197,2023-05-14 14:59:40,DELIVERED,NORTH
2007,209,2023-02-21 15:14:48,CANCELLED,NORTH
2008,369,2024-09-25 20:21:46,DELIVERED,NORTH
2009,349,2023-10-15 20:38:49,DELIVERED,CENTRAL
2010,509,2023-10-23 08:49:02,CANCELLED,CENTRAL
2011,,2025-01-05 22:02:29,DELIVERED,EAST
2012,573,2023-08-03 04:17:52,CANCELLED,WEST
2013,438,2025-08-29 15:14:16,DELIVERED,NORTH
2014,583,2023-05-02 00:00:00,PLACED,CENTRAL
2015,306,2023-06-06 18:18:34,PLACED,SOUTH
2016,53,2025-07-23 09:09:25,DELIVERED,NORTH
2017,230,2024-03-26 08:07:26,RETURNED,EAST
2018,400,2025-12-28 11:55:46,DELIVERED,SOUTH
2019,295,2023-04-27 03:53:35,DELIVERED,SOUTH
2020,531,2025-08-07 12:57:11,DELIVERED,WEST
2021,59,2025-04-28 02:10:43,DELIVERED,NORTH
2022,597,2025-01-01 15:21:31,RETURNED,EAST
2023,31,2023-02-20 03:17:20,DELIVERED,EAST
2024,206,2024-06-03 16:36:05,CANCELLED,NORTH
2025,143,2023-11-14 06:22:10,DELIVERED,EAST
2026,64,2024-01-02 00:26:45,DELIVERED,CENTRAL
2027,37,2024-06-21 06:03:26,RETURNED,WEST
2028,83,2025-05-06 14:37:24,DELIVERED,SOUTH
2029,278,2023-03-06 20:12:59,PLACED,WEST
2030,520,2023-12-16 21:44:37,DELIVERED,WEST
2031,490,2024-04-16 08:15:21,DELIVERED,SOUTH
2032,22,2023-03-27 23:50:30,PLACED,SOUTH
2033,548,2025-08-02 17:03:40,CANCELLED,NORTH
2034,566,2025-01-19 00:43:30,PLACED,WEST
2035,129,2024-10-29 13:04:20,DELIVERED,CENTRAL
2036,142,2023-06-29 13:15:14,DELIVERED,CENTRAL
2037,377,2024-06-30 11:38:53,SHIPPED,WEST
2038,60,2024-01-05 23:37:44,SHIPPED,CENTRAL
2039,11,2023-12-19 19:52:00,DELIVERED,CENTRAL
2040,582,2023-03-13 02:47:29,RETURNED,NORTH
2041,256,2023-03-30 08:46:35,PLACED,SOUTH
2042,450,2023-10-08 13:00:46,SHIPPED,EAST
2043,359,2025-07-24 19:41:48,DELIVERED,SOUTH
2044,300,2023-07-21 12:10:19,DELIVERED,WEST
2045,126,2025-10-16 23:27:36,PLACED,EAST
2046,557,2023-11-16 19:03:10,DELIVERED,EAST
2047,226,2024-11-20 00:26:17,DELIVERED,EAST
2048,565,2024-03-30 16:01:42,CANCELLED,SOUTH
2049,540,2024-02-20 14:26:13,DELIVERED,CENTRAL
2050,516,2023-06-12 03:30:01,PLACED,WEST
2051,498,2024-03-10 15:05:52,PLACED,SOUTH
2052,534,2023-12-25 03:00:08,DELIVERED,CENTRAL
2053,216,2023-07-10 16:22:44,DELIVERED,SOUTH
2054,37,2024-01-01 05:21:31,DELIVERED,WEST
2055,117,2023-02-03 01:44:08,DELIVERED,NORTH
2056,277,2024-03-07 19:22:23,DELIVERED,EAST
2057,,2023-05-12 06:08:18,PLACED,CENTRAL
2058,394,2025-02-08 12:15:58,PLACED,WEST
2059,394,2024-11-20 18:15:20,PLACED,SOUTH
2060,389,2023-10-14 11:55:45,DELIVERED,CENTRAL
2061,54,2025-10-22 21:35:17,DELIVERED,CENTRAL
2062,357,2023-02-10 09:03:20,RETURNED,EAST
2063,269,2025-07-07 00:32:04,SHIPPED,NORTH
2064,350,2025-08-23 12:20:14,DELIVERED,WEST
2065,59,2023-06-19 15:39:05,DELIVERED,EAST
2066,548,2024-12-21 00:37:37,DELIVERED,CENTRAL
2067,532,2024-02-09 01:15:26,SHIPPED,WEST
2068,479,2024-01-06 01:44:34,PLACED,NORTH
2069,288,2025-11-26 00:00:00,RETURNED,NORTH
2070,256,2025-04-23 05:13:14,SHIPPED,CENTRAL
2071,405,2023-03-01 23:20:37,DELIVERED,EAST
2072,276,2025-10-21 01:52:25,SHIPPED,CENTRAL
2073,13,2023-07-13 02:28:44,DELIVERED,EAST
2074,271,2023-10-05 17:33:55,DELIVERED,NORTH
2075,451,2023-01-14 18:43:25,DELIVERED,EAST
2076,492,2025-09-17 00:00:00,CANCELLED,SOUTH
2077,419,2023-04-02 00:12:03,DELIVERED,NORTH
2078,284,2025-08-06 02:41:47,DELIVERED,NORTH
2079,452,2023-10-07 07:34:32,SHIPPED,EAST
2080,266,2025-02-07 20:17:16,PLACED,SOUTH
2081,151,2025-08-17 22:49:11,DELIVERED,SOUTH
2082,118,2025-10-13 21:17:16,PLACED,CENTRAL
2083,451,2025-06-19 19:53:34,DELIVERED,CENTRAL
2084,234,2023-04-05 11:16:04,RETURNED,EAST
2085,264,2023-01-26 00:55:44,DELIVERED,EAST
2086,554,2023-03-11 11:46:10,DELIVERED,EAST
2087,112,2023-05-01 08:37:54,DELIVERED,NORTH
2088,524,2023-05-01 07:33:13,SHIPPED,EAST
2089,585,2024-07-30 21:16:49,CANCELLED,WEST
2090,74,2025-09-24 03:16:58,DELIVERED,EAST
2091,147,2023-02-08 08:40:53,DELIVERED,EAST
2092,344,2024-09-26 00:28:14,CANCELLED,EAST
2093,482,2024-04-01 19:27:52,DELIVERED,SOUTH
2094,378,2023-03-11 07:12:10,SHIPPED,SOUTH
2095,27,2023-06-15 00:37:11,DELIVERED,EAST
2096,524,2025-02-28 00:00:00,DELIVERED,EAST
2097,221,2024-08-11 12:10:02,CANCELLED,NORTH
2098,154,2024-08-15 00:03:08,DELIVERED,NORTH
2099,80,2023-12-15 20:59:12,DELIVERED,CENTRAL
2100,562,2024-10-11 11:09:23,DELIVERED,NORTH
2101,541,2023-03-21 21:30:19,DELIVERED,CENTRAL
2102,533,2024-11-16 02:19:15,DELIVERED,SOUTH
2103,590,2024-03-31 00:00:00,RETURNED,EAST
2104,249,2024-07-16 07:01:54,SHIPPED,EAST
2105,119,2025-12-12 15:38:21,SHIPPED,WEST
2106,371,2023-05-04 19:03:40,DELIVERED,CENTRAL
2107,79,2024-07-16 19:24:39,DELIVERED,CENTRAL
2108,236,2024-11-28 10:44:27,DELIVERED,SOUTH
2109,584,2023-07-14 14:49:25,RETURNED,SOUTH
2110,418,2025-11-13 04:27:38,DELIVERED,SOUTH
2111,267,2024-03-21 00:00:00,DELIVERED,NORTH
2112,84,2024-09-26 14:05:16,DELIVERED,SOUTH
2113,590,2025-02-06 17:07:12,DELIVERED,SOUTH
2114,185,2024-12-06 08:55:29,PLACED,NORTH
2115,429,2024-02-14 03:22:24,DELIVERED,WEST
2116,104,2023-07-16 00:00:00,CANCELLED,WEST
2117,,2023-02-07 04:13:46,DELIVERED,NORTH
2118,136,2025-03-10 20:45:17,CANCELLED,WEST
2119,433,2024-07-04 11:47:17,PLACED,CENTRAL
2120,248,2024-03-31 18:26:33,PLACED,EAST
2121,111,2023-03-12 06:35:01,PLACED,EAST
2122,460,2024-09-27 03:57:16,DELIVERED,WEST
2123,297,2025-01-11 03:48:09,DELIVERED,SOUTH
2124,522,2023-05-11 03:53:55,SHIPPED,NORTH
2125,379,2025-11-12 21:04:38,DELIVERED,WEST
2126,329,2024-11-12 07:42:36,SHIPPED,CENTRAL
2127,287,2023-05-31 12:38:30,SHIPPED,WEST
2128,350,2023-03-17 00:18:18,DELIVERED,CENTRAL
2129,,2025-06-19 17:33:44,DELIVERED,WEST
2130,293,2024-05-16 10:51:32,DELIVERED,SOUTH
2131,147,2023-03-07 03:25:43,CANCELLED,SOUTH
2132,441,2025-03-17 10:45:16,SHIPPED,CENTRAL
2133,322,2023-06-04 00:00:00,DELIVERED,SOUTH
2134,122,2024-03-23 03:34:15,SHIPPED,WEST
2135,230,2023-09-21 00:44:09,SHIPPED,EAST
2136,109,2023-12-26 21:27:16,DELIVERED,SOUTH
2137,99,2023-11-18 07:40:12,DELIVERED,CENTRAL
2138,173,2023-02-12 11:41:11,DELIVERED,NORTH
2139,553,2025-04-15 14:57:32,DELIVERED,NORTH
2140,501,2023-02-10 01:02:51,DELIVERED,EAST
2141,,2025-06-06 06:34:50,DELIVERED,WEST
2142,534,2023-07-16 00:16:58,CANCELLED,EAST
2143,113,2023-07-06 07:42:33,DELIVERED,WEST
2144,506,2024-02-13 15:27:30,PLACED,SOUTH
2145,286,2025-11-04 19:31:25,PLACED,EAST
2146,81,2023-12-12 13:13:49,DELIVERED,EAST
2147,161,2025-02-26 16:34:24,DELIVERED,WEST
2148,526,2025-11-10 00:00:00,DELIVERED,EAST
2149,40,2024-11-04 05:29:20,PLACED,CENTRAL
2150,326,2023-10-23 18:34:37,CANCELLED,NORTH
2151,9,2024-01-18 00:19:42,PLACED,WEST
2152,226,2025-11-12 00:13:09,SHIPPED,WEST
2153,156,2025-01-22 15:44:11,CANCELLED,WEST
2154,290,2023-07-24 17:33:33,SHIPPED,NORTH
2155,529,2023-11-29 17:32:51,PLACED,NORTH
2156,503,2025-05-16 09:56:54,DELIVERED,SOUTH
2157,40,2024-10-11 14:06:37,DELIVERED,CENTRAL
2158,390,2025-09-07 06:22:07,DELIVERED,EAST
2159,496,2025-04-04 01:01:28,DELIVERED,SOUTH
2160,308,2023-12-27 05:36:36,CANCELLED,WEST
2161,502,2025-09-05 17:07:39,DELIVERED,EAST
2162,557,2025-01-17 03:27:11,SHIPPED,SOUTH
2163,116,2024-03-22 06:15:08,DELIVERED,WEST
2164,334,2024-01-20 07:36:03,DELIVERED,NORTH
2165,181,2024-12-22 22:36:40,RETURNED,NORTH
2166,356,2025-12-18 16:52:19,DELIVERED,SOUTH
2167,496,2025-01-29 21:44:33,DELIVERED,SOUTH
2168,30,2024-03-27 22:39:55,SHIPPED,SOUTH
2169,419,2023-04-05 10:54:35,DELIVERED,EAST
2170,268,2025-11-14 13:24:56,DELIVERED,WEST
2171,453,2024-10-22 12:34:41,DELIVERED,NORTH
2172,275,2025-01-24 04:57:10,DELIVERED,EAST
2173,47,2024-04-24 06:06:38,DELIVERED,SOUTH
2174,587,2023-09-16 16:52:48,DELIVERED,NORTH
2175,338,2023-07-20 17:29:48,DELIVERED,NORTH
2176,22,2024-08-12 01:09:29,PLACED,EAST
2177,362,2025-05-08 21:23:22,PLACED,NORTH
2178,532,2023-11-23 22:38:38,DELIVERED,SOUTH
2179,161,2025-04-12 04:17:57,DELIVERED,SOUTH
2180,298,2023-09-08 17:35:01,RETURNED,EAST
2181,424,2023-12-01 22:42:48,DELIVERED,SOUTH
2182,14,2023-02-26 00:58:20,CANCELLED,CENTRAL
2183,105,2025-02-18 01:14:59,DELIVERED,WEST
2184,44,2023-09-01 19:21:09,SHIPPED,NORTH
2185,236,2025-09-08 02:05:44,DELIVERED,SOUTH
2186,35,2024-02-28 05:58:46,DELIVERED,WEST
2187,411,2023-07-23 19:14:11,CANCELLED,EAST
2188,87,2023-04-29 21:08:11,PLACED,WEST
2189,21,2023-01-23 21:36:48,DELIVERED,CENTRAL
2190,156,2023-05-29 10:36:39,DELIVERED,WEST
2191,199,2025-07-29 21:49:07,CANCELLED,EAST
2192,436,2025-03-06 22:00:08,DELIVERED,EAST
2193,281,2024-12-13 21:14:32,SHIPPED,EAST
2194,,2025-10-16 00:00:00,DELIVERED,WEST
2195,299,2024-10-29 06:12:34,PLACED,WEST
2196,575,2024-03-08 17:23:28,DELIVERED,CENTRAL
2197,519,2024-01-15 23:52:20,DELIVERED,WEST
2198,404,2024-08-02 00:40:02,DELIVERED,NORTH
2199,464,2023-12-15 01:35:39,DELIVERED,NORTH
2200,407,2023-12-27 13:53:41,DELIVERED,WEST
2201,577,2023-06-19 05:53:33,DELIVERED,EAST
2202,148,2025-09-05 12:53:22,RETURNED,NORTH
2203,575,2023-09-20 22:18:37,SHIPPED,WEST
2204,256,2023-05-11 07:36:01,PLACED,CENTRAL
2205,485,2025-03-24 01:58:39,DELIVERED,CENTRAL
2206,239,2023-04-02 13:10:47,DELIVERED,EAST
2207,422,2024-04-28 19:52:56,DELIVERED,SOUTH
2208,38,2024-05-14 08:15:46,DELIVERED,CENTRAL
2209,417,2023-01-09 15:43:50,SHIPPED,SOUTH
2210,576,2025-01-29 05:03:32,DELIVERED,EAST
2211,242,2024-05-14 22:59:19,DELIVERED,WEST
2212,527,2025-05-11 20:42:47,CANCELLED,NORTH
2213,,2023-06-13 04:19:10,DELIVERED,NORTH
2214,385,2023-07-17 17:26:05,DELIVERED,SOUTH
2215,533,2023-07-08 17:00:59,SHIPPED,WEST
2216,117,2023-03-02 16:20:05,CANCELLED,WEST
2217,175,2025-08-30 17:07:11,CANCELLED,WEST
2218,,2023-08-06 06:33:34,DELIVERED,CENTRAL
2219,429,2024-09-12 10:55:20,PLACED,NORTH
2220,446,2024-04-02 01:27:10,DELIVERED,EAST
2221,536,2024-05-15 19:25:35,DELIVERED,EAST
2222,578,2025-10-07 01:59:07,SHIPPED,EAST
2223,536,2025-11-30 03:32:28,SHIPPED,CENTRAL
2224,381,2025-03-17 19:52:54,DELIVERED,WEST
2225,474,2023-11-24 04:22:32,RETURNED,SOUTH
2226,169,2025-03-25 14:14:44,DELIVERED,WEST
2227,11,2024-05-08 12:16:05,DELIVERED,SOUTH
2228,482,2023-04-15 03:43:51,RETURNED,NORTH
2229,,2024-04-29 10:15:24,DELIVERED,SOUTH
2230,97,2025-04-15 08:04:59,DELIVERED,NORTH
2231,63,2025-08-28 20:40:24,DELIVERED,SOUTH
2232,69,2024-06-28 09:49:37,DELIVERED,SOUTH
2233,354,2025-09-03 20:10:27,PLACED,SOUTH
2234,282,2024-03-17 11:16:50,CANCELLED,WEST
2235,599,2024-04-19 23:11:53,DELIVERED,WEST
2236,261,2025-05-21 15:46:57,DELIVERED,SOUTH
2237,80,2025-07-09 15:11:17,SHIPPED,SOUTH
2238,287,2023-10-05 00:26:51,SHIPPED,NORTH
2239,130,2025-03-22 09:25:08,DELIVERED,WEST
2240,339,2025-06-13 06:00:01,DELIVERED,CENTRAL
2241,,2025-07-28 11:39:14,SHIPPED,CENTRAL
2242,485,2023-11-22 03:31:11,SHIPPED,SOUTH
2243,222,2023-05-22 21:20:14,RETURNED,CENTRAL
2244,151,2023-08-11 15:51:14,SHIPPED,NORTH
2245,332,2023-05-01 20:07:31,CANCELLED,NORTH
2246,141,2025-03-05 21:45:17,CANCELLED,WEST
2247,484,2024-05-23 02:46:31,DELIVERED,NORTH
2248,247,2025-05-20 03:43:27,DELIVERED,WEST
2249,486,2024-07-05 11:02:50,DELIVERED,CENTRAL
2250,325,2025-04-04 09:23:23,PLACED,CENTRAL
2251,220,2023-09-16 01:15:53,RETURNED,EAST
2252,,2023-08-10 23:06:05,CANCELLED,CENTRAL
2253,453,2025-01-31 08:00:36,DELIVERED,EAST
2254,124,2025-05-16 16:12:32,CANCELLED,EAST
2255,183,2023-02-09 07:05:11,CANCELLED,WEST
2256,355,2024-10-20 18:46:16,SHIPPED,CENTRAL
2257,196,2024-08-17 03:02:45,DELIVERED,NORTH
2258,201,2024-11-17 17:57:29,DELIVERED,SOUTH
2259,6,2025-06-29 00:00:00,DELIVERED,NORTH
2260,378,2024-01-30 04:52:14,DELIVERED,NORTH
2261,280,2023-02-22 02:01:17,DELIVERED,WEST
2262,,2024-09-10 17:28:36,PLACED,EAST
2263,281,2025-08-29 07:46:14,PLACED,CENTRAL
2264,32,2025-01-01 09:02:32,RETURNED,WEST
2265,503,2023-09-27 22:39:04,DELIVERED,CENTRAL
2266,107,2023-03-01 07:57:37,DELIVERED,CENTRAL
2267,157,2023-10-02 19:35:45,CANCELLED,SOUTH
2268,,2023-05-09 15:55:32,DELIVERED,NORTH
2269,58,2024-11-19 18:19:48,DELIVERED,NORTH
2270,,2024-05-03 03:35:16,PLACED,CENTRAL
2271,285,2023-10-29 15:38:37,DELIVERED,NORTH
2272,341,2025-11-09 21:38:14,CANCELLED,EAST
2273,174,2025-06-30 15:15:36,DELIVERED,EAST
2274,529,2023-01-23 00:20:27,RETURNED,WEST
2275,427,2025-11-03 06:29:51,DELIVERED,NORTH
2276,198,2025-02-18 02:13:59,PLACED,EAST
2277,86,2023-09-26 02:26:37,DELIVERED,EAST
2278,204,2025-12-05 21:13:11,DELIVERED,SOUTH
2279,,2025-09-13 21:41:23,DELIVERED,NORTH
2280,319,2024-03-01 06:37:46,DELIVERED,NORTH
2281,350,2024-12-25 07:08:41,DELIVERED,NORTH
2282,580,2024-12-20 06:05:29,PLACED,NORTH
2283,187,2023-05-15 05:53:01,SHIPPED,CENTRAL
2284,21,2023-09-21 01:17:51,DELIVERED,SOUTH
2285,384,2024-12-16 03:03:30,PLACED,SOUTH
2286,316,2025-11-23 17:26:28,DELIVERED,SOUTH
2287,136,2024-04-27 07:47:48,PLACED,EAST
2288,183,2024-03-09 08:30:33,PLACED,EAST
2289,424,2023-12-18 00:24:48,CANCELLED,EAST
2290,205,2023-10-03 03:13:01,RETURNED,EAST
2291,451,2024-02-15 22:57:28,PLACED,EAST
2292,593,2024-07-18 20:28:57,DELIVERED,CENTRAL
2293,461,2025-09-07 06:22:10,DELIVERED,SOUTH
2294,38,2025-06-28 02:41:39,DELIVERED,CENTRAL
2295,583,2023-11-24 06:04:41,RETURNED,WEST
2296,356,2025-09-30 12:55:23,CANCELLED,EAST
2297,213,2024-06-15 13:26:18,DELIVERED,CENTRAL
2298,565,2024-02-22 19:11:13,PLACED,SOUTH
2299,265,2023-12-06 01:07:59,DELIVERED,NORTH
2300,119,2025-03-14 00:00:00,DELIVERED,SOUTH
2301,487,2023-08-06 04:41:29,DELIVERED,EAST
2302,382,2025-05-25 18:50:51,DELIVERED,CENTRAL
2303,35,2024-05-15 18:54:03,DELIVERED,EAST
2304,9,2023-09-04 14:38:51,DELIVERED,EAST
2305,345,2025-10-03 00:00:00,RETURNED,SOUTH
2306,367,2024-04-20 18:46:59,SHIPPED,CENTRAL
2307,191,2023-02-03 18:53:51,DELIVERED,CENTRAL
2308,468,2025-07-11 02:04:14,DELIVERED,WEST
2309,409,2025-01-05 16:02:47,CANCELLED,EAST
2310,383,2025-07-22 12:44:19,DELIVERED,WEST
2311,308,2023-03-04 08:06:58,RETURNED,SOUTH
2312,,2025-02-26 12:52:01,PLACED,WEST
2313,276,2025-06-16 02:18:46,DELIVERED,NORTH
2314,168,2025-03-06 16:21:44,SHIPPED,EAST
2315,537,2023-11-05 07:12:17,RETURNED,CENTRAL
2316,143,2023-07-21 18:40:51,DELIVERED,NORTH
2317,93,2024-04-25 10:33:11,DELIVERED,SOUTH
2318,355,2024-12-13 14:04:46,DELIVERED,WEST
2319,1,2025-10-20 02:42:30,PLACED,SOUTH
2320,309,2024-04-22 17:25:42,PLACED,SOUTH
2321,209,2024-11-09 00:00:00,PLACED,SOUTH
2322,158,2025-11-29 15:58:20,DELIVERED,EAST
2323,6,2025-01-11 12:40:39,SHIPPED,NORTH
2324,483,2025-05-04 03:06:48,DELIVERED,SOUTH
2325,484,2025-11-04 09:07:55,DELIVERED,WEST
2326,249,2023-05-29 20:36:35,DELIVERED,EAST
2327,137,2024-09-13 04:44:22,DELIVERED,EAST
2328,435,2025-07-16 07:29:39,DELIVERED,NORTH
2329,356,2025-01-28 13:29:28,DELIVERED,CENTRAL
2330,28,2023-12-11 00:00:00,CANCELLED,SOUTH
2331,241,2024-07-27 10:15:34,DELIVERED,CENTRAL
2332,2,2025-08-06 11:34:11,DELIVERED,WEST
2333,80,2025-09-29 20:51:54,SHIPPED,WEST
2334,193,2023-03-10 17:40:55,SHIPPED,WEST
2335,96,2024-06-11 12:42:29,DELIVERED,SOUTH
2336,436,2023-08-23 04:16:36,SHIPPED,WEST
2337,493,2023-02-24 02:25:55,SHIPPED,WEST
2338,184,2023-09-12 01:19:13,DELIVERED,CENTRAL
2339,109,2024-12-23 05:34:28,CANCELLED,EAST
2340,,2025-12-01 18:22:48,DELIVERED,WEST
2341,,2023-01-19 23:45:43,SHIPPED,SOUTH
2342,,2025-06-11 17:42:20,DELIVERED,WEST
2343,12,2025-01-25 04:35:23,DELIVERED,WEST
2344,433,2023-03-26 00:00:00,DELIVERED,EAST
2345,119,2025-07-26 17:10:58,CANCELLED,WEST
2346,,2025-02-18 22:12:45,DELIVERED,WEST
2347,344,2025-04-11 03:08:47,RETURNED,NORTH
2348,184,2024-10-20 18:17:37,DELIVERED,WEST
2349,82,2023-08-22 14:50:31,PLACED,CENTRAL
2350,265,2023-11-03 23:32:54,DELIVERED,CENTRAL
2351,466,2024-11-06 13:48:05,PLACED,EAST
2352,41,2023-07-08 19:45:58,CANCELLED,WEST
2353,376,2023-03-19 18:52:32,CANCELLED,EAST
2354,259,2024-10-23 07:20:27,DELIVERED,EAST
2355,25,2025-04-23 03:07:50,SHIPPED,EAST
2356,366,2024-10-09 21:07:57,PLACED,EAST
2357,305,2025-09-14 23:09:13,PLACED,NORTH
2358,366,2023-02-26 21:00:26,DELIVERED,WEST
2359,255,2023-09-30 05:11:02,PLACED,NORTH
2360,130,2023-08-13 16:43:51,DELIVERED,WEST
2361,282,2024-06-20 12:56:01,RETURNED,CENTRAL
2362,250,2025-03-24 07:41:05,DELIVERED,NORTH
2363,79,2024-05-22 08:06:03,DELIVERED,SOUTH
2364,104,2024-08-16 06:44:54,DELIVERED,NORTH
2365,346,2025-09-16 03:25:39,DELIVERED,WEST
2366,411,2023-02-04 18:30:59,SHIPPED,EAST
2367,82,2024-11-04 07:38:18,RETURNED,SOUTH
2368,585,2024-02-10 09:52:51,RETURNED,CENTRAL
2369,527,2025-04-17 13:15:11,CANCELLED,SOUTH
2370,51,2024-08-04 08:32:37,DELIVERED,SOUTH
2371,448,2024-03-02 20:47:33,DELIVERED,SOUTH
2372,284,2025-02-18 03:37:37,DELIVERED,CENTRAL
2373,409,2023-10-09 13:52:40,DELIVERED,EAST
2374,6,2024-09-24 12:52:29,SHIPPED,WEST
2375,133,2024-03-02 20:07:05,SHIPPED,CENTRAL
2376,326,2023-05-31 21:55:43,SHIPPED,NORTH
2377,333,2023-12-10 09:37:44,PLACED,EAST
2378,472,2025-07-02 07:01:43,DELIVERED,CENTRAL
2379,337,2025-04-21 03:00:52,DELIVERED,CENTRAL
2380,13,2024-06-16 18:07:46,DELIVERED,EAST
2381,456,2023-08-24 18:43:02,DELIVERED,WEST
2382,216,2025-04-06 19:21:32,DELIVERED,WEST
2383,262,2024-09-17 22:37:33,PLACED,CENTRAL
2384,81,2025-09-07 19:42:14,DELIVERED,EAST
2385,86,2023-11-19 10:04:10,DELIVERED,CENTRAL
2386,379,2024-04-17 07:09:42,SHIPPED,EAST
2387,463,2025-11-13 00:00:00,DELIVERED,SOUTH
2388,599,2023-09-17 00:18:19,DELIVERED,CENTRAL
2389,442,2024-10-07 06:58:23,RETURNED,NORTH
2390,291,2025-05-14 09:34:03,DELIVERED,SOUTH
2391,385,2025-04-15 02:54:32,PLACED,CENTRAL
2392,127,2023-05-31 15:40:11,DELIVERED,SOUTH
2393,114,2025-06-05 14:54:59,SHIPPED,SOUTH
2394,411,2025-05-04 12:06:33,DELIVERED,SOUTH
2395,429,2025-07-19 00:00:00,SHIPPED,EAST
2396,109,2025-10-28 20:27:35,CANCELLED,EAST
2397,515,2025-04-12 01:37:25,DELIVERED,SOUTH
2398,414,2025-02-07 16:43:09,DELIVERED,EAST
2399,461,2023-09-01 20:11:01,RETURNED,SOUTH
2400,410,2024-03-24 00:37:21,PLACED,EAST
2401,476,2025-10-16 08:33:33,SHIPPED,NORTH
2402,393,2025-06-20 05:51:05,DELIVERED,WEST
2403,421,2023-10-21 09:46:07,DELIVERED,CENTRAL
2404,230,2023-08-04 00:00:00,DELIVERED,CENTRAL
2405,83,2025-07-20 09:31:17,DELIVERED,WEST
2406,24,2024-05-19 21:38:07,DELIVERED,SOUTH
2407,,2025-06-03 09:16:17,DELIVERED,NORTH
2408,380,2023-02-05 07:02:41,DELIVERED,WEST
2409,566,2025-03-05 00:00:00,CANCELLED,SOUTH
2410,469,2024-07-27 07:42:54,DELIVERED,SOUTH
2411,180,2025-01-03 11:43:55,RETURNED,SOUTH
2412,331,2023-07-26 01:33:09,SHIPPED,NORTH
2413,212,2025-06-16 06:34:21,DELIVERED,SOUTH
2414,455,2024-01-11 18:04:33,DELIVERED,WEST
2415,513,2025-09-23 08:21:07,PLACED,CENTRAL
2416,,2024-05-29 14:14:21,CANCELLED,SOUTH
2417,251,2024-12-19 00:31:15,DELIVERED,NORTH
2418,8,2023-02-20 05:04:21,DELIVERED,WEST
2419,533,2024-12-31 10:40:13,CANCELLED,NORTH
2420,428,2024-02-08 22:35:34,CANCELLED,CENTRAL
2421,124,2025-07-31 21:44:22,DELIVERED,CENTRAL
2422,25,2024-11-12 05:15:08,DELIVERED,NORTH
2423,300,2024-09-10 21:18:24,CANCELLED,NORTH
2424,373,2024-09-12 11:48:31,DELIVERED,CENTRAL
2425,451,2024-10-27 18:56:19,DELIVERED,NORTH
2426,150,2024-02-12 18:40:32,DELIVERED,CENTRAL
2427,115,2023-09-20 11:02:30,DELIVERED,EAST
2428,146,2024-01-13 14:15:24,DELIVERED,SOUTH
2429,271,2023-05-31 21:06:31,DELIVERED,NORTH
2430,470,2025-02-02 15:18:58,DELIVERED,EAST
2431,351,2024-04-03 17:17:10,DELIVERED,EAST
2432,462,2025-12-22 17:32:58,SHIPPED,EAST
2433,37,2023-08-06 00:00:00,PLACED,EAST
2434,,2023-02-10 00:00:00,SHIPPED,EAST
2435,578,2024-07-17 11:20:22,DELIVERED,EAST
2436,163,2025-05-31 19:09:01,DELIVERED,WEST
2437,451,2025-11-11 21:38:59,SHIPPED,SOUTH
2438,,2023-08-16 14:53:25,DELIVERED,WEST
2439,264,2025-09-16 04:13:13,SHIPPED,SOUTH
2440,598,2024-04-15 15:02:22,PLACED,NORTH
2441,266,2024-07-19 16:56:08,DELIVERED,CENTRAL
2442,416,2025-01-10 22:53:31,DELIVERED,SOUTH
2443,353,2025-09-27 04:31:28,SHIPPED,CENTRAL
2444,322,2025-03-23 23:25:59,DELIVERED,WEST
2445,174,2025-03-26 22:14:59,DELIVERED,WEST
2446,389,2023-01-23 02:37:46,DELIVERED,NORTH
2447,351,2023-12-16 06:05:24,DELIVERED,SOUTH
2448,154,2024-03-08 08:21:20,DELIVERED,NORTH
2449,202,2024-07-07 19:20:16,DELIVERED,CENTRAL
2450,13,2025-03-25 04:32:51,CANCELLED,SOUTH
2451,373,2025-10-28 20:48:52,PLACED,NORTH
2452,338,2025-02-27 05:51:30,PLACED,CENTRAL
2453,548,2025-04-15 07:59:36,CANCELLED,NORTH
2454,458,2025-05-30 08:11:16,DELIVERED,SOUTH
2455,263,2023-10-11 18:58:39,DELIVERED,SOUTH
2456,234,2025-12-07 07:32:51,DELIVERED,SOUTH
2457,42,2025-08-04 06:17:59,SHIPPED,EAST
2458,94,2023-10-23 04:14:29,DELIVERED,NORTH
2459,,2023-07-25 21:46:57,DELIVERED,NORTH
2460,213,2023-12-20 13:01:49,SHIPPED,CENTRAL
2461,489,2024-12-22 05:17:18,PLACED,NORTH
2462,327,2025-09-11 17:43:03,PLACED,WEST
2463,120,2024-11-17 00:00:00,PLACED,SOUTH
2464,103,2025-04-22 12:58:32,DELIVERED,CENTRAL
2465,499,2024-04-10 23:21:18,DELIVERED,CENTRAL
2466,441,2023-06-23 05:54:44,DELIVERED,WEST
2467,200,2025-07-03 21:10:58,CANCELLED,CENTRAL
2468,468,2023-01-01 18:27:34,SHIPPED,WEST
2469,278,2025-02-04 05:39:02,DELIVERED,EAST
2470,520,2025-01-20 17:58:17,DELIVERED,EAST
2471,271,2025-04-06 17:28:56,SHIPPED,EAST
2472,575,2025-02-20 11:31:16,DELIVERED,WEST
2473,115,2023-10-11 00:10:23,DELIVERED,EAST
2474,522,2024-12-31 21:44:50,DELIVERED,SOUTH
2475,68,2024-11-02 02:41:00,DELIVERED,NORTH
2476,454,2024-06-15 22:46:47,DELIVERED,CENTRAL
2477,188,2023-10-28 17:45:48,DELIVERED,SOUTH
2478,219,2024-04-22 00:00:00,DELIVERED,EAST
2479,544,2025-01-03 00:47:56,PLACED,EAST
2480,216,2025-06-06 00:44:13,DELIVERED,EAST
2481,161,2023-10-26 02:42:07,DELIVERED,SOUTH
2482,162,2025-08-05 19:02:33,DELIVERED,EAST
2483,529,2025-01-05 23:37:10,DELIVERED,WEST
2484,276,2023-12-22 07:26:01,RETURNED,WEST
2485,311,2024-07-30 00:05:43,PLACED,EAST
2486,363,2024-05-04 20:58:30,DELIVERED,WEST
2487,577,2024-09-03 08:19:00,DELIVERED,NORTH
2488,,2024-09-19 17:14:08,PLACED,WEST
2489,363,2025-09-30 04:53:50,CANCELLED,WEST
2490,281,2023-01-31 06:15:10,CANCELLED,SOUTH
2491,214,2025-10-25 11:11:07,DELIVERED,EAST
2492,383,2023-02-06 00:00:00,DELIVERED,WEST
2493,334,2025-05-16 22:17:21,DELIVERED,SOUTH
2494,221,2025-08-17 00:00:00,DELIVERED,EAST
2495,110,2023-04-26 00:00:00,SHIPPED,EAST
2496,492,2025-07-10 02:24:55,DELIVERED,NORTH
2497,400,2025-12-04 11:04:42,RETURNED,WEST
2498,256,2024-03-11 04:28:24,RETURNED,CENTRAL
2499,385,2023-04-03 03:29:29,PLACED,EAST
2500,283,2025-04-15 14:12:20,DELIVERED,EAST
