order_item_id,order_id,product_id,quantity,unit_price,line_total
OI0000001,O000001,P00039,3,11770.16,35310.479999999996
OI0000002,O000002,P00046,4,15720.6,62882.4
OI0000003,O000002,P00097,2,721.52,1443.04
OI0000004,O000002,P00025,2,8564.03,17128.06
OI0000005,O000002,P00022,1,5634.74,5634.74
OI0000006,O000003,P00099,1,10238.47,10238.47
OI0000007,O000003,P00069,1,4360.73,4360.73
OI0000008,O000003,P00080,1,8989.55,8989.55
OI0000009,O000004,P00089,1,5537.28,5537.28
OI0000010,O000004,P00088,1,11981.85,11981.85
OI0000011,O000005,P00037,1,15375.83,15375.83
OI0000012,O000006,P00046,4,15720.6,62882.4
OI0000013,O000006,P00091,1,4946.59,4946.59
OI0000014,O000007,P00020,1,6822.91,6822.91
OI0000015,O000007,P00012,1,14499.23,14499.23
OI0000016,O000007,P00100,2,6083.97,12167.94
OI0000017,O000007,P00066,3,7639.92,22919.760000000002
OI0000018,O000008,P00103,4,632.72,2530.88
OI0000019,O000008,P00087,1,811.76,811.76
OI0000021,O000009,P00080,1,8989.55,8989.55
OI0000022,O000009,P00035,3,11526.61,34579.83
OI0000023,O000009,P00113,4,13810.57,55242.28
OI0000024,O000009,P00094,4,13171.07,52684.28
OI0000025,O000010,P00109,2,3646.7,7293.4
OI0000026,O000011,P00062,4,5900.1,23600.4
OI0000027,O000011,P00118,4,5621.04,22484.16
OI0000028,O000012,P00086,3,4550.54,13651.619999999999
OI0000029,O000012,P00112,5,7810.47,39052.35
OI0000030,O000013,P00002,2,12959.03,25918.06
OI0000031,O000014,P00043,1,3075.89,3075.89
OI0000032,O000014,P00036,5,2532.85,12664.25
OI0000033,O000015,P00058,1,2681.24,2681.24
OI0000034,O000015,P00041,4,6177.47,24709.88
OI0000036,O000015,P00064,1,605.62,605.62
OI0000037,O000016,P00044,2,10305.42,20610.84
OI0000038,O000016,P00047,3,7255.75,21767.25
OI0000039,O000016,P00106,5,14600.94,73004.7
OI0000040,O000016,P00007,3,1695.66,5086.9800000000005
OI0000041,O000017,P00071,1,12968.25,12968.25
OI0000042,O000017,P00067,2,3120.12,6240.24
OI0000043,O000017,P00048,4,11151.18,44604.72
OI0000044,O000018,P00059,2,15594.5,31189.0
OI0000045,O000018,P00106,1,14600.94,14600.94
OI0000047,O000019,P00076,1,2930.49,2930.49
OI0000048,O000019,P00065,4,7681.42,30725.68
OI0000049,O000019,P00018,4,10426.0,41704.0
OI0000050,O000020,P00050,5,11773.84,58869.2
OI0000051,O000021,P00038,2,5516.66,11033.32
OI0000052,O000021,P00058,5,2681.24,13406.199999999999
OI0000053,O000021,P00104,5,13741.36,68706.8
OI0000054,O000022,P00088,2,11981.85,23963.7
OI0000055,O000022,P00045,2,5431.46,10862.92
OI0000056,O000022,P00118,3,5621.04,16863.12
OI0000057,O000023,P00113,1,13810.57,13810.57
OI0000058,O000023,P00109,1,3646.7,3646.7
OI0000059,O000023,P00055,1,5599.57,5599.57
OI0000060,O000024,P00027,1,12270.99,12270.99
OI0000061,O000024,P00097,4,721.52,2886.08
OI0000062,O000024,P00070,5,2586.86,12934.300000000001
OI0000063,O000025,P00119,4,14522.12,58088.48
OI0000064,O000026,P00080,4,8989.55,35958.2
OI0000065,O000026,P00112,3,7810.47,23431.41
OI0000066,O000027,P00024,2,661.99,1323.98
OI0000067,O000028,P00001,2,7519.88,15039.76
OI0000068,O000028,P00043,3,3075.89,9227.67
OI0000069,O000028,P00060,5,10636.45,53182.25
OI0000070,O000029,P00067,5,3120.12,15600.599999999999
OI0000071,O000029,P00009,5,13213.04,66065.20000000001
OI0000072,O000030,P00047,5,7255.75,36278.75
OI0000073,O000030,P00038,5,5516.66,27583.3
OI0000074,O000030,P00028,1,5804.91,5804.91
OI0000075,O000031,P00006,3,15242.13,45726.39
OI0000076,O000031,P00088,1,11981.85,11981.85
OI0000077,O000032,P00066,4,7639.92,30559.68
OI0000078,O000032,P00103,2,632.72,1265.44
OI0000079,O000032,P00058,1,2681.24,2681.24
OI0000080,O000033,P00107,4,3734.57,14938.28
OI0000081,O000033,P00014,1,13181.63,13181.63
OI0000082,O000033,P00027,2,12270.99,24541.98
OI0000083,O000033,P00069,3,4360.73,13082.189999999999
OI0000084,O000034,P00053,4,2768.97,11075.88
OI0000085,O000034,P00050,1,11773.84,11773.84
OI0000086,O000034,P00058,1,2681.24,2681.24
OI0000087,O000035,P00038,3,5516.66,16549.98
OI0000088,O000036,P00018,4,10426.0,41704.0
OI0000089,O000036,P00096,5,2944.05,14720.25
OI0000090,O000037,P00071,5,12968.25,64841.25
OI0000091,O000038,P00028,5,5804.91,29024.55
OI0000092,O000038,P00053,2,2768.97,5537.94
OI0000093,O000038,P00116,3,15959.01,47877.03
OI0000094,O000039,P00083,1,14812.87,14812.87
OI0000095,O000039,P00071,2,12968.25,25936.5
OI0000096,O000039,P00010,4,14694.37,58777.48
OI0000097,O000039,P00038,3,5516.66,16549.98
OI0000098,O000040,P00079,5,5251.04,26255.2
OI0000099,O000040,P00085,5,9236.97,46184.85
OI0000100,O000040,P00040,3,2951.4,8854.2
OI0000101,O000041,P00036,3,2532.85,7598.549999999999
OI0000102,O000041,P00108,4,14347.63,57390.52
OI0000103,O000041,P00047,3,7255.75,21767.25
OI0000104,O000041,P00018,1,10426.0,10426.0
OI0000105,O000042,P00094,1,13171.07,13171.07
OI0000106,O000042,P00114,1,2567.88,2567.88
OI0000107,O000042,P00081,1,14690.16,14690.16
OI0000108,O000043,P00084,4,14069.72,56278.88
OI0000109,O000043,P00100,5,6083.97,30419.850000000002
OI0000110,O000043,P00020,3,6822.91,20468.73
OI0000111,O000043,P00047,5,7255.75,36278.75
OI0000112,O000044,P00097,2,721.52,1443.04
OI0000113,O000044,P00066,2,7639.92,15279.84
OI0000114,O000045,P00030,2,11313.56,22627.12
OI0000115,O000045,P00009,2,13213.04,26426.08
OI0000116,O000045,P00034,3,209.8,629.4000000000001
OI0000117,O000045,P00048,4,11151.18,44604.72
OI0000118,O000046,P00107,5,3734.57,18672.850000000002
OI0000119,O000046,P00095,2,11410.2,22820.4
OI0000120,O000046,P00034,4,209.8,839.2
OI0000121,O000047,P00105,4,10494.08,41976.32
OI0000123,O000047,P00045,2,5431.46,10862.92
OI0000124,O000048,P00085,2,9236.97,18473.94
OI0000125,O000049,P00003,5,3596.33,17981.65
OI0000126,O000049,P00032,2,2972.8,5945.6
OI0000127,O000049,P00006,1,15242.13,15242.13
OI0000128,O000049,P00017,2,7245.98,14491.96
OI0000129,O000050,P00011,5,3323.46,16617.3
OI0000130,O000050,P00028,4,5804.91,23219.64
OI0000131,O000050,P00058,4,2681.24,10724.96
OI0000132,O000051,P00030,4,11313.56,45254.24
OI0000133,O000052,P00023,4,3040.09,12160.36
OI0000134,O000053,P00115,4,10635.38,42541.52
OI0000135,O000054,P00045,5,5431.46,27157.3
OI0000136,O000054,P00076,2,2930.49,5860.98
OI0000137,O000054,P00103,2,632.72,1265.44
OI0000138,O000054,P00095,1,11410.2,11410.2
OI0000139,O000055,P00074,5,7723.94,38619.7
OI0000140,O000056,P00047,5,7255.75,36278.75
OI0000141,O000056,P00014,5,13181.63,65908.15
OI0000142,O000056,P00020,3,6822.91,20468.73
OI0000143,O000056,P00055,4,5599.57,22398.28
OI0000144,O000057,P00074,4,7723.94,30895.76
OI0000145,O000057,P00045,1,5431.46,5431.46
OI0000146,O000057,P00100,4,6083.97,24335.88
OI0000147,O000058,P00021,4,15831.58,63326.32
OI0000148,O000059,P00048,5,11151.18,55755.9
OI0000149,O000059,P00011,4,3323.46,13293.84
OI0000150,O000060,P00082,4,1976.8,7907.2
OI0000151,O000060,P00064,5,605.62,3028.1
OI0000152,O000061,P00031,2,9096.12,18192.24
OI0000153,O000061,P00084,3,14069.72,42209.159999999996
OI0000154,O000061,P00001,3,7519.88,22559.64
OI0000155,O000062,P00093,5,3538.97,17694.85
OI0000156,O000062,P00107,3,3734.57,11203.710000000001
OI0000157,O000062,P00072,2,8945.91,17891.82
OI0000158,O000063,P00044,5,10305.42,51527.1
OI0000159,O000063,P00015,5,6246.13,31230.65
OI0000160,O000063,P00103,5,632.72,3163.6000000000004
OI0000161,O000064,P00088,1,11981.85,11981.85
OI0000162,O000064,P00059,3,15594.5,46783.5
OI0000163,O000064,P00115,2,10635.38,21270.76
OI0000164,O000064,P00076,2,2930.49,5860.98
OI0000165,O000065,P00052,3,1801.57,5404.71
OI0000166,O000066,P00064,2,605.62,1211.24
OI0000167,O000066,P00095,2,11410.2,22820.4
OI0000168,O000067,P00020,1,6822.91,6822.91
OI0000169,O000067,P00100,4,6083.97,24335.88
OI0000170,O000067,P00014,5,13181.63,65908.15
OI0000171,O000068,P00024,3,661.99,1985.97
OI0000172,O000068,P00098,5,4527.84,22639.2
OI0000173,O000068,P00118,5,5621.04,28105.2
OI0000174,O000068,P00066,4,7639.92,30559.68
OI0000175,O000069,P00090,5,13515.98,67579.9
OI0000176,O000070,P00024,2,661.99,1323.98
OI0000177,O000070,P00071,5,12968.25,64841.25
OI0000178,O000070,P00034,2,209.8,419.6
OI0000179,O000071,P00074,2,7723.94,15447.88
OI0000180,O000071,P00088,3,11981.85,35945.55
OI0000181,O000072,P00061,1,983.24,983.24
OI0000182,O000072,P00104,4,13741.36,54965.44
OI0000183,O000073,P00051,1,14130.98,14130.98
OI0000184,O000074,P00047,3,7255.75,21767.25
OI0000185,O000074,P00072,4,8945.91,35783.64
OI0000186,O000074,P00120,5,13556.62,67783.1
OI0000187,O000075,P00100,1,6083.97,6083.97
OI0000188,O000075,P00095,3,11410.2,34230.600000000006
OI0000189,O000075,P00058,2,2681.24,5362.48
OI0000190,O000075,P00114,3,2567.88,7703.64
OI0000191,O000076,P00030,3,11313.56,33940.68
OI0000192,O000076,P00041,5,6177.47,30887.350000000002
OI0000193,O000076,P00084,3,14069.72,42209.159999999996
OI0000194,O000077,P00017,2,7245.98,14491.96
OI0000195,O000078,P00009,4,13213.04,52852.16
OI0000196,O000079,P00040,3,2951.4,8854.2
OI0000197,O000079,P00030,2,11313.56,22627.12
OI0000198,O000079,P00032,2,2972.8,5945.6
OI0000199,O000079,P00095,3,11410.2,34230.600000000006
OI0000200,O000080,P00090,2,13515.98,27031.96
OI0000201,O000080,P00070,4,2586.86,10347.44
OI0000202,O000081,P00070,4,2586.86,10347.44
OI0000203,O000081,P00030,4,11313.56,45254.24
OI0000204,O000081,P00104,3,13741.36,41224.08
OI0000205,O000081,P00012,5,14499.23,72496.15
OI0000206,O000082,P00103,1,632.72,632.72
OI0000207,O000082,P00038,2,5516.66,11033.32
OI0000208,O000082,P00077,5,2192.74,10963.699999999999
OI0000209,O000082,P00030,2,11313.56,22627.12
OI0000210,O000083,P00055,2,5599.57,11199.14
OI0000211,O000084,P00024,2,661.99,1323.98
OI0000212,O000085,P00020,1,6822.91,6822.91
OI0000213,O000086,P00002,2,12959.03,25918.06
OI0000214,O000086,P00064,3,605.62,1816.8600000000001
OI0000215,O000087,P00010,2,14694.37,29388.74
OI0000216,O000087,P00070,3,2586.86,7760.58
OI0000217,O000087,P00061,1,983.24,983.24
OI0000218,O000087,P00024,2,661.99,1323.98
OI0000219,O000088,P00067,2,3120.12,6240.24
OI0000220,O000089,P00033,4,3874.45,15497.8
OI0000221,O000090,P00031,4,9096.12,36384.48
OI0000222,O000091,P00006,5,15242.13,76210.65
OI0000223,O000092,P00021,1,15831.58,15831.58
OI0000224,O000092,P00064,3,605.62,1816.8600000000001
OI0000225,O000093,P00017,4,7245.98,28983.92
OI0000226,O000094,P00003,4,3596.33,14385.32
OI0000227,O000094,P00089,2,5537.28,11074.56
OI0000228,O000095,P00070,3,2586.86,7760.58
OI0000229,O000095,P00045,3,5431.46,16294.380000000001
OI0000230,O000096,P00070,1,2586.86,2586.86
OI0000231,O000096,P00047,5,7255.75,36278.75
OI0000232,O000096,P00059,2,15594.5,31189.0
OI0000233,O000097,P00025,5,8564.03,42820.15
OI0000234,O000097,P00068,3,7242.25,21726.75
OI0000235,O000097,P00088,3,11981.85,35945.55
OI0000236,O000097,P00064,5,605.62,3028.1
OI0000237,O000098,P00025,4,8564.03,34256.12
OI0000238,O000098,P00013,5,15087.03,75435.15000000001
OI0000239,O000098,P00005,5,10898.5,54492.5
OI0000240,O000098,P00074,3,7723.94,23171.82
OI0000241,O000099,P00060,1,10636.45,10636.45
OI0000242,O000100,P00107,3,3734.57,11203.710000000001
OI0000243,O000101,P00025,5,8564.03,42820.15
OI0000244,O000101,P00068,2,7242.25,14484.5
OI0000245,O000101,P00085,5,9236.97,46184.85
OI0000246,O000101,P00032,1,2972.8,2972.8
OI0000247,O000102,P00071,5,12968.25,64841.25
OI0000248,O000102,P00052,2,1801.57,3603.14
OI0000249,O000103,P00109,4,3646.7,14586.8
OI0000250,O000103,P00048,3,11151.18,33453.54
OI0000251,O000103,P00053,5,2768.97,13844.849999999999
OI0000252,O000104,P00077,2,2192.74,4385.48
OI0000254,O000104,P00067,2,3120.12,6240.24
OI0000255,O000105,P00013,4,15087.03,60348.12
OI0000256,O000105,P00005,2,10898.5,21797.0
OI0000257,O000106,P00094,3,13171.07,39513.21
OI0000258,O000106,P00010,2,14694.37,29388.74
OI0000259,O000107,P00094,5,13171.07,65855.35
OI0000260,O000108,P00112,2,7810.47,15620.94
OI0000261,O000109,P00070,3,2586.86,7760.58
OI0000262,O000109,P00073,2,15455.92,30911.84
OI0000263,O000109,P00020,4,6822.91,27291.64
OI0000264,O000110,P00017,1,7245.98,7245.98
OI0000265,O000110,P00044,1,10305.42,10305.42
OI0000266,O000111,P00072,5,8945.91,44729.55
OI0000267,O000111,P00026,5,4115.14,20575.7
OI0000268,O000111,P00063,5,13216.58,66082.9
OI0000269,O000111,P00051,1,14130.98,14130.98
OI0000270,O000112,P00047,3,7255.75,21767.25
OI0000271,O000112,P00045,1,5431.46,5431.46
OI0000272,O000112,P00025,2,8564.03,17128.06
OI0000273,O000112,P00042,5,11714.53,58572.65
OI0000274,O000113,P00020,1,6822.91,6822.91
OI0000275,O000113,P00097,1,721.52,721.52
OI0000276,O000113,P00094,5,13171.07,65855.35
OI0000277,O000114,P00095,2,11410.2,22820.4
OI0000278,O000114,P00069,5,4360.73,21803.649999999998
OI0000279,O000115,P00033,2,3874.45,7748.9
OI0000280,O000116,P00085,3,9236.97,27710.909999999996
OI0000281,O000116,P00110,1,9433.9,9433.9
OI0000282,O000116,P00117,4,6333.74,25334.96
OI0000283,O000117,P00024,2,661.99,1323.98
OI0000284,O000118,P00043,2,3075.89,6151.78
OI0000285,O000118,P00063,3,13216.58,39649.74
OI0000286,O000118,P00051,3,14130.98,42392.94
OI0000287,O000119,P00029,4,9560.81,38243.24
OI0000288,O000119,P00020,1,6822.91,6822.91
OI0000289,O000119,P00044,5,10305.42,51527.1
OI0000290,O000120,P00058,2,2681.24,5362.48
OI0000291,O000120,P00070,5,2586.86,12934.300000000001
OI0000292,O000120,P00017,2,7245.98,14491.96
OI0000293,O000121,P00084,5,14069.72,70348.59999999999
OI0000294,O000121,P00120,3,13556.62,40669.86
OI0000295,O000122,P00053,3,2768.97,8306.91
OI0000296,O000122,P00039,2,11770.16,23540.32
OI0000297,O000122,P00057,2,11330.17,22660.34
OI0000298,O000122,P00096,5,2944.05,14720.25
OI0000299,O000123,P00046,1,15720.6,15720.6
OI0000300,O000124,P00024,4,661.99,2647.96
OI0000301,O000124,P00110,2,9433.9,18867.8
OI0000302,O000124,P00050,1,11773.84,11773.84
OI0000303,O000125,P00097,1,721.52,721.52
OI0000304,O000125,P00027,4,12270.99,49083.96
OI0000305,O000126,P00052,4,1801.57,7206.28
OI0000306,O000126,P00100,4,6083.97,24335.88
OI0000307,O000126,P00006,5,15242.13,76210.65
OI0000308,O000126,P00078,5,3389.32,16946.600000000002
OI0000309,O000127,P00113,2,13810.57,27621.14
OI0000310,O000128,P00051,3,14130.98,42392.94
OI0000311,O000128,P00114,4,2567.88,10271.52
OI0000312,O000128,P00039,1,11770.16,11770.16
OI0000313,O000128,P00100,2,6083.97,12167.94
OI0000314,O000129,P00004,2,11435.29,22870.58
OI0000315,O000129,P00023,1,3040.09,3040.09
OI0000316,O000129,P00059,2,15594.5,31189.0
OI0000317,O000129,P00076,1,2930.49,2930.49
OI0000318,O000130,P00049,4,11581.53,46326.12
OI0000319,O000130,P00071,2,12968.25,25936.5
OI0000320,O000131,P00040,3,2951.4,8854.2
OI0000321,O000131,P00094,1,13171.07,13171.07
OI0000323,O000131,P00058,3,2681.24,8043.719999999999
OI0000324,O000132,P00031,4,9096.12,36384.48
OI0000325,O000132,P00028,4,5804.91,23219.64
OI0000327,O000132,P00085,5,9236.97,46184.85
OI0000328,O000133,P00019,1,1162.47,1162.47
OI0000329,O000134,P00079,5,5251.04,26255.2
OI0000330,O000134,P00085,5,9236.97,46184.85
OI0000331,O000134,P00089,4,5537.28,22149.12
OI0000332,O000135,P00108,4,14347.63,57390.52
OI0000333,O000135,P00071,3,12968.25,38904.75
OI0000334,O000135,P00009,4,13213.04,52852.16
OI0000335,O000135,P00038,2,5516.66,11033.32
OI0000336,O000136,P00034,5,209.8,1049.0
OI0000337,O000136,P00068,2,7242.25,14484.5
OI0000338,O000136,P00074,4,7723.94,30895.76
OI0000340,O000137,P00038,1,5516.66,5516.66
OI0000341,O000138,P00002,2,12959.03,25918.06
OI0000342,O000138,P00082,3,1976.8,5930.4
OI0000343,O000139,P00051,5,14130.98,70654.9
OI0000344,O000139,P00093,2,3538.97,7077.94
OI0000345,O000139,P00073,3,15455.92,46367.76
OI0000346,O000140,P00060,4,10636.45,42545.8
OI0000347,O000140,P00101,1,9471.71,9471.71
OI0000348,O000140,P00105,3,10494.08,31482.239999999998
OI0000349,O000141,P00009,1,13213.04,13213.04
OI0000350,O000141,P00020,4,6822.91,27291.64
OI0000351,O000141,P00036,2,2532.85,5065.7
OI0000352,O000142,P00091,1,4946.59,4946.59
OI0000353,O000142,P00110,1,9433.9,9433.9
OI0000354,O000142,P00041,2,6177.47,12354.94
OI0000355,O000143,P00065,5,7681.42,38407.1
OI0000356,O000143,P00004,3,11435.29,34305.87
OI0000357,O000143,P00103,5,632.72,3163.6000000000004
OI0000358,O000143,P00062,3,5900.1,17700.300000000003
OI0000359,O000144,P00001,3,7519.88,22559.64
OI0000360,O000145,P00003,3,3596.33,10788.99
OI0000361,O000145,P00074,2,7723.94,15447.88
OI0000362,O000145,P00098,2,4527.84,9055.68
OI0000363,O000146,P00080,5,8989.55,44947.75
OI0000364,O000147,P00010,5,14694.37,73471.85
OI0000365,O000147,P00040,5,2951.4,14757.0
OI0000366,O000148,P00012,4,14499.23,57996.92
OI0000367,O000149,P00043,5,3075.89,15379.449999999999
OI0000368,O000149,P00105,4,10494.08,41976.32
OI0000369,O000149,P00026,1,4115.14,4115.14
OI0000370,O000150,P00019,5,1162.47,5812.35
OI0000371,O000150,P00111,3,9070.02,27210.06
OI0000372,O000151,P00061,1,983.24,983.24
OI0000373,O000152,P00105,3,10494.08,31482.239999999998
OI0000374,O000152,P00092,1,11714.03,11714.03
OI0000375,O000152,P00102,5,13433.93,67169.65
OI0000376,O000152,P00014,5,13181.63,65908.15
OI0000377,O000153,P00044,2,10305.42,20610.84
OI0000378,O000154,P00095,5,11410.2,57051.0
OI0000379,O000155,P00009,5,13213.04,66065.20000000001
OI0000380,O000155,P00077,4,2192.74,8770.96
OI0000381,O000155,P00014,1,13181.63,13181.63
OI0000382,O000155,P00088,2,11981.85,23963.7
OI0000383,O000156,P00079,2,5251.04,10502.08
OI0000384,O000156,P00074,3,7723.94,23171.82
OI0000385,O000156,P00058,3,2681.24,8043.719999999999
OI0000386,O000156,P00026,4,4115.14,16460.56
OI0000387,O000157,P00109,1,3646.7,3646.7
OI0000388,O000157,P00017,5,7245.98,36229.899999999994
OI0000389,O000157,P00110,1,9433.9,9433.9
OI0000390,O000157,P00038,3,5516.66,16549.98
OI0000391,O000158,P00049,2,11581.53,23163.06
OI0000392,O000158,P00056,2,8842.33,17684.66
OI0000393,O000158,P00070,3,2586.86,7760.58
OI0000394,O000158,P00028,2,5804.91,11609.82
OI0000395,O000159,P00093,4,3538.97,14155.88
OI0000396,O000159,P00114,2,2567.88,5135.76
OI0000397,O000160,P00080,4,8989.55,35958.2
OI0000398,O000160,P00024,4,661.99,2647.96
OI0000399,O000160,P00059,2,15594.5,31189.0
OI0000401,O000161,P00073,4,15455.92,61823.68
OI0000402,O000162,P00032,4,2972.8,11891.2
OI0000403,O000163,P00116,3,15959.01,47877.03
OI0000404,O000164,P00038,5,5516.66,27583.3
OI0000405,O000164,P00022,5,5634.74,28173.699999999997
OI0000406,O000164,P00005,4,10898.5,43594.0
OI0000407,O000165,P00011,3,3323.46,9970.380000000001
OI0000408,O000165,P00017,5,7245.98,36229.899999999994
OI0000409,O000165,P00065,3,7681.42,23044.260000000002
OI0000410,O000165,P00010,1,14694.37,14694.37
OI0000411,O000166,P00063,5,13216.58,66082.9
OI0000412,O000166,P00024,3,661.99,1985.97
OI0000413,O000167,P00099,4,10238.47,40953.88
OI0000414,O000167,P00050,2,11773.84,23547.68
OI0000415,O000167,P00031,3,9096.12,27288.36
OI0000416,O000167,P00085,3,9236.97,27710.909999999996
OI0000417,O000168,P00049,4,11581.53,46326.12
OI0000418,O000168,P00088,2,11981.85,23963.7
OI0000419,O000169,P00013,5,15087.03,75435.15000000001
OI0000420,O000170,P00103,5,632.72,3163.6000000000004
OI0000421,O000170,P00013,2,15087.03,30174.06
OI0000422,O000170,P00033,5,3874.45,19372.25
OI0000423,O000171,P00088,4,11981.85,47927.4
OI0000424,O000172,P00077,2,2192.74,4385.48
OI0000425,O000173,P00085,5,9236.97,46184.85
OI0000426,O000173,P00098,2,4527.84,9055.68
OI0000427,O000173,P00116,2,15959.01,31918.02
OI0000428,O000173,P00083,4,14812.87,59251.48
OI0000429,O000174,P00033,1,3874.45,3874.45
OI0000430,O000174,P00021,1,15831.58,15831.58
OI0000431,O000174,P00100,3,6083.97,18251.91
OI0000432,O000175,P00083,1,14812.87,14812.87
OI0000433,O000175,P00063,4,13216.58,52866.32
OI0000434,O000176,P00100,4,6083.97,24335.88
OI0000435,O000176,P00058,1,2681.24,2681.24
OI0000436,O000176,P00003,4,3596.33,14385.32
OI0000437,O000177,P00109,1,3646.7,3646.7
OI0000438,O000177,P00094,1,13171.07,13171.07
OI0000439,O000177,P00100,4,6083.97,24335.88
OI0000440,O000177,P00104,5,13741.36,68706.8
OI0000441,O000178,P00011,3,3323.46,9970.380000000001
OI0000442,O000178,P00108,2,14347.63,28695.26
OI0000443,O000178,P00059,4,15594.5,62378.0
OI0000444,O000179,P00063,4,13216.58,52866.32
OI0000445,O000179,P00011,2,3323.46,6646.92
OI0000446,O000179,P00114,1,2567.88,2567.88
OI0000447,O000180,P00003,3,3596.33,10788.99
OI0000448,O000180,P00005,1,10898.5,10898.5
OI0000449,O000180,P00044,2,10305.42,20610.84
OI0000450,O000180,P00008,5,387.92,1939.6000000000001
OI0000451,O000181,P00063,1,13216.58,13216.58
OI0000452,O000181,P00084,5,14069.72,70348.59999999999
OI0000453,O000182,P00106,4,14600.94,58403.76
OI0000454,O000182,P00102,5,13433.93,67169.65
OI0000455,O000182,P00013,1,15087.03,15087.03
OI0000456,O000183,P00104,4,13741.36,54965.44
OI0000457,O000183,P00107,5,3734.57,18672.850000000002
OI0000458,O000183,P00095,3,11410.2,34230.600000000006
OI0000459,O000184,P00097,2,721.52,1443.04
OI0000460,O000184,P00054,5,516.23,2581.15
OI0000461,O000185,P00100,4,6083.97,24335.88
OI0000462,O000185,P00021,1,15831.58,15831.58
OI0000463,O000185,P00003,1,3596.33,3596.33
OI0000464,O000185,P00113,5,13810.57,69052.85
OI0000465,O000186,P00031,1,9096.12,9096.12
OI0000466,O000186,P00023,4,3040.09,12160.36
OI0000467,O000186,P00079,1,5251.04,5251.04
OI0000468,O000186,P00089,3,5537.28,16611.84
OI0000469,O000187,P00080,3,8989.55,26968.649999999998
OI0000470,O000188,P00015,2,6246.13,12492.26
OI0000471,O000188,P00102,4,13433.93,53735.72
OI0000472,O000189,P00056,3,8842.33,26526.989999999998
OI0000473,O000189,P00033,4,3874.45,15497.8
OI0000474,O000190,P00066,2,7639.92,15279.84
OI0000475,O000190,P00015,5,6246.13,31230.65
OI0000476,O000190,P00010,4,14694.37,58777.48
OI0000477,O000190,P00115,3,10635.38,31906.14
OI0000478,O000191,P00049,2,11581.53,23163.06
OI0000479,O000191,P00115,5,10635.38,53176.899999999994
OI0000480,O000192,P00093,3,3538.97,10616.91
OI0000481,O000192,P00025,2,8564.03,17128.06
OI0000482,O000192,P00081,5,14690.16,73450.8
OI0000483,O000192,P00046,2,15720.6,31441.2
OI0000484,O000193,P00078,5,3389.32,16946.600000000002
OI0000485,O000193,P00021,5,15831.58,79157.9
OI0000486,O000193,P00102,2,13433.93,26867.86
OI0000487,O000194,P00032,4,2972.8,11891.2
OI0000488,O000194,P00042,5,11714.53,58572.65
OI0000489,O000195,P00062,1,5900.1,5900.1
OI0000490,O000195,P00104,2,13741.36,27482.72
OI0000491,O000195,P00103,1,632.72,632.72
OI0000492,O000195,P00090,4,13515.98,54063.92
OI0000493,O000196,P00062,3,5900.1,17700.300000000003
OI0000494,O000197,P00112,4,7810.47,31241.88
OI0000495,O000197,P00091,3,4946.59,14839.77
OI0000496,O000198,P00038,4,5516.66,22066.64
OI0000497,O000199,P00095,5,11410.2,57051.0
OI0000498,O000199,P00120,3,13556.62,40669.86
OI0000499,O000199,P00008,1,387.92,387.92
OI0000500,O000200,P00018,2,10426.0,20852.0
OI0000501,O000200,P00043,4,3075.89,12303.56
OI0000502,O000201,P00065,3,7681.42,23044.260000000002
OI0000503,O000201,P00088,3,11981.85,35945.55
OI0000504,O000201,P00055,4,5599.57,22398.28
OI0000505,O000202,P00103,1,632.72,632.72
OI0000506,O000202,P00087,4,811.76,3247.04
OI0000507,O000202,P00089,4,5537.28,22149.12
OI0000508,O000203,P00020,1,6822.91,6822.91
OI0000509,O000203,P00112,5,7810.47,39052.35
OI0000510,O000203,P00027,4,12270.99,49083.96
OI0000511,O000203,P00067,4,3120.12,12480.48
OI0000512,O000204,P00107,3,3734.57,11203.710000000001
OI0000513,O000204,P00067,3,3120.12,9360.36
OI0000514,O000205,P00073,3,15455.92,46367.76
OI0000515,O000205,P00017,3,7245.98,21737.94
OI0000516,O000205,P00115,3,10635.38,31906.14
OI0000517,O000206,P00092,3,11714.03,35142.090000000004
OI0000518,O000206,P00069,2,4360.73,8721.46
OI0000519,O000207,P00057,3,11330.17,33990.51
OI0000520,O000207,P00034,5,209.8,1049.0
OI0000521,O000208,P00069,1,4360.73,4360.73
OI0000522,O000208,P00039,4,11770.16,47080.64
OI0000523,O000209,P00097,2,721.52,1443.04
OI0000524,O000209,P00074,4,7723.94,30895.76
OI0000525,O000209,P00086,1,4550.54,4550.54
OI0000526,O000210,P00046,5,15720.6,78603.0
OI0000527,O000210,P00012,5,14499.23,72496.15
OI0000528,O000210,P00042,3,11714.53,35143.590000000004
OI0000529,O000210,P00008,1,387.92,387.92
OI0000530,O000211,P00117,3,6333.74,19001.22
OI0000531,O000212,P00112,4,7810.47,31241.88
OI0000532,O000212,P00072,4,8945.91,35783.64
OI0000533,O000212,P00012,3,14499.23,43497.69
OI0000534,O000212,P00028,4,5804.91,23219.64
OI0000535,O000213,P00009,4,13213.04,52852.16
OI0000536,O000213,P00120,4,13556.62,54226.48
OI0000537,O000213,P00076,3,2930.49,8791.47
OI0000538,O000214,P00006,5,15242.13,76210.65
OI0000539,O000214,P00106,5,14600.94,73004.7
OI0000540,O000214,P00039,2,11770.16,23540.32
OI0000541,O000214,P00107,1,3734.57,3734.57
OI0000542,O000215,P00117,1,6333.74,6333.74
OI0000543,O000215,P00089,3,5537.28,16611.84
OI0000544,O000215,P00083,1,14812.87,14812.87
OI0000545,O000215,P00032,3,2972.8,8918.400000000001
OI0000546,O000216,P00109,3,3646.7,10940.099999999999
OI0000547,O000217,P00047,3,7255.75,21767.25
OI0000548,O000217,P00054,3,516.23,1548.69
OI0000549,O000217,P00082,1,1976.8,1976.8
OI0000550,O000218,P00106,3,14600.94,43802.82
OI0000551,O000218,P00109,3,3646.7,10940.099999999999
OI0000552,O000218,P00088,5,11981.85,59909.25
OI0000553,O000219,P00014,2,13181.63,26363.26
OI0000554,O000219,P00028,2,5804.91,11609.82
OI0000555,O000220,P00054,4,516.23,2064.92
OI0000556,O000221,P00114,3,2567.88,7703.64
OI0000557,O000221,P00077,3,2192.74,6578.219999999999
OI0000558,O000221,P00067,1,3120.12,3120.12
OI0000559,O000221,P00098,2,4527.84,9055.68
OI0000560,O000222,P00003,4,3596.33,14385.32
OI0000561,O000223,P00061,1,983.24,983.24
OI0000562,O000224,P00076,2,2930.49,5860.98
OI0000563,O000224,P00116,3,15959.01,47877.03
OI0000564,O000225,P00105,5,10494.08,52470.4
OI0000565,O000226,P00047,4,7255.75,29023.0
OI0000566,O000226,P00090,1,13515.98,13515.98
OI0000567,O000226,P00076,3,2930.49,8791.47
OI0000568,O000226,P00024,4,661.99,2647.96
OI0000569,O000227,P00064,3,605.62,1816.8600000000001
OI0000570,O000227,P00098,5,4527.84,22639.2
OI0000571,O000228,P00088,2,11981.85,23963.7
OI0000572,O000228,P00108,3,14347.63,43042.89
OI0000573,O000228,P00057,4,11330.17,45320.68
OI0000574,O000229,P00087,5,811.76,4058.8
OI0000575,O000229,P00014,1,13181.63,13181.63
OI0000576,O000229,P00051,4,14130.98,56523.92
OI0000577,O000229,P00057,5,11330.17,56650.85
OI0000578,O000230,P00016,4,3591.51,14366.04
OI0000579,O000230,P00030,5,11313.56,56567.799999999996
OI0000580,O000230,P00108,4,14347.63,57390.52
OI0000581,O000230,P00055,5,5599.57,27997.85
OI0000582,O000231,P00033,4,3874.45,15497.8
OI0000583,O000232,P00087,5,811.76,4058.8
OI0000584,O000232,P00004,2,11435.29,22870.58
OI0000585,O000232,P00023,5,3040.09,15200.45
OI0000586,O000232,P00049,1,11581.53,11581.53
OI0000587,O000233,P00065,5,7681.42,38407.1
OI0000588,O000233,P00034,1,209.8,209.8
OI0000589,O000233,P00070,1,2586.86,2586.86
OI0000590,O000233,P00044,3,10305.42,30916.260000000002
OI0000591,O000234,P00114,4,2567.88,10271.52
OI0000592,O000234,P00091,3,4946.59,14839.77
OI0000593,O000234,P00022,4,5634.74,22538.96
OI0000594,O000235,P00065,4,7681.42,30725.68
OI0000595,O000235,P00008,5,387.92,1939.6000000000001
OI0000596,O000236,P00017,3,7245.98,21737.94
OI0000597,O000237,P00046,1,15720.6,15720.6
OI0000598,O000237,P00053,2,2768.97,5537.94
OI0000599,O000237,P00045,3,5431.46,16294.380000000001
OI0000600,O000238,P00059,4,15594.5,62378.0
OI0000601,O000239,P00042,4,11714.53,46858.12
OI0000602,O000239,P00074,2,7723.94,15447.88
OI0000603,O000239,P00013,5,15087.03,75435.15000000001
OI0000604,O000239,P00104,3,13741.36,41224.08
OI0000605,O000240,P00108,5,14347.63,71738.15
OI0000606,O000241,P00092,5,11714.03,58570.15
OI0000607,O000242,P00084,3,14069.72,42209.159999999996
OI0000608,O000243,P00086,1,4550.54,4550.54
OI0000609,O000243,P00098,5,4527.84,22639.2
OI0000610,O000243,P00071,5,12968.25,64841.25
OI0000611,O000243,P00024,4,661.99,2647.96
OI0000612,O000244,P00067,2,3120.12,6240.24
OI0000613,O000245,P00082,2,1976.8,3953.6
OI0000614,O000246,P00052,1,1801.57,1801.57
OI0000615,O000246,P00031,1,9096.12,9096.12
OI0000616,O000247,P00018,3,10426.0,31278.0
OI0000617,O000247,P00004,2,11435.29,22870.58
OI0000618,O000247,P00034,1,209.8,209.8
OI0000619,O000248,P00116,4,15959.01,63836.04
OI0000620,O000249,P00067,5,3120.12,15600.599999999999
OI0000621,O000250,P00099,3,10238.47,30715.409999999996
OI0000622,O000251,P00057,5,11330.17,56650.85
OI0000623,O000251,P00053,5,2768.97,13844.849999999999
OI0000624,O000251,P00033,1,3874.45,3874.45
OI0000625,O000252,P00106,5,14600.94,73004.7
OI0000626,O000252,P00040,1,2951.4,2951.4
OI0000627,O000252,P00003,2,3596.33,7192.66
OI0000629,O000253,P00057,4,11330.17,45320.68
OI0000630,O000254,P00118,3,5621.04,16863.12
OI0000631,O000254,P00057,4,11330.17,45320.68
OI0000632,O000255,P00106,2,14600.94,29201.88
OI0000633,O000256,P00089,2,5537.28,11074.56
OI0000635,O000256,P00098,2,4527.84,9055.68
OI0000636,O000256,P00007,3,1695.66,5086.9800000000005
OI0000637,O000257,P00102,2,13433.93,26867.86
OI0000638,O000257,P00041,5,6177.47,30887.350000000002
OI0000639,O000257,P00058,3,2681.24,8043.719999999999
OI0000640,O000257,P00062,4,5900.1,23600.4
OI0000641,O000258,P00117,4,6333.74,25334.96
OI0000642,O000258,P00012,2,14499.23,28998.46
OI0000643,O000259,P00002,5,12959.03,64795.15
OI0000644,O000260,P00111,3,9070.02,27210.06
OI0000645,O000260,P00105,4,10494.08,41976.32
OI0000646,O000261,P00054,4,516.23,2064.92
OI0000647,O000261,P00024,1,661.99,661.99
OI0000648,O000262,P00011,3,3323.46,9970.380000000001
OI0000649,O000262,P00002,4,12959.03,51836.12
OI0000650,O000262,P00061,4,983.24,3932.96
OI0000651,O000262,P00018,5,10426.0,52130.0
OI0000652,O000263,P00117,5,6333.74,31668.699999999997
OI0000654,O000263,P00078,5,3389.32,16946.600000000002
OI0000655,O000263,P00086,3,4550.54,13651.619999999999
OI0000656,O000264,P00065,3,7681.42,23044.260000000002
OI0000657,O000264,P00064,2,605.62,1211.24
OI0000658,O000265,P00064,3,605.62,1816.8600000000001
OI0000659,O000265,P00112,4,7810.47,31241.88
OI0000660,O000266,P00098,4,4527.84,18111.36
OI0000661,O000266,P00020,2,6822.91,13645.82
OI0000662,O000266,P00072,2,8945.91,17891.82
OI0000663,O000266,P00110,3,9433.9,28301.699999999997
OI0000664,O000267,P00059,2,15594.5,31189.0
OI0000665,O000267,P00064,1,605.62,605.62
OI0000666,O000267,P00015,3,6246.13,18738.39
OI0000667,O000267,P00109,2,3646.7,7293.4
OI0000668,O000268,P00068,5,7242.25,36211.25
OI0000669,O000269,P00051,3,14130.98,42392.94
OI0000670,O000270,P00059,1,15594.5,15594.5
OI0000671,O000270,P00081,1,14690.16,14690.16
OI0000672,O000270,P00035,4,11526.61,46106.44
OI0000673,O000270,P00077,5,2192.74,10963.699999999999
OI0000674,O000271,P00012,2,14499.23,28998.46
OI0000675,O000271,P00052,4,1801.57,7206.28
OI0000676,O000271,P00033,2,3874.45,7748.9
OI0000677,O000271,P00023,4,3040.09,12160.36
OI0000678,O000272,P00095,5,11410.2,57051.0
OI0000679,O000272,P00104,1,13741.36,13741.36
OI0000680,O000272,P00118,5,5621.04,28105.2
OI0000681,O000272,P00040,4,2951.4,11805.6
OI0000682,O000273,P00081,5,14690.16,73450.8
OI0000683,O000273,P00055,4,5599.57,22398.28
OI0000684,O000273,P00012,2,14499.23,28998.46
OI0000685,O000273,P00006,5,15242.13,76210.65
OI0000686,O000274,P00088,3,11981.85,35945.55
OI0000687,O000274,P00116,5,15959.01,79795.05
OI0000688,O000275,P00053,5,2768.97,13844.849999999999
OI0000689,O000275,P00013,3,15087.03,45261.090000000004
OI0000690,O000275,P00060,1,10636.45,10636.45
OI0000691,O000275,P00085,1,9236.97,9236.97
OI0000692,O000276,P00041,4,6177.47,24709.88
OI0000693,O000276,P00076,4,2930.49,11721.96
OI0000694,O000276,P00093,3,3538.97,10616.91
OI0000695,O000277,P00112,4,7810.47,31241.88
OI0000696,O000277,P00087,1,811.76,811.76
OI0000697,O000277,P00014,1,13181.63,13181.63
OI0000698,O000278,P00039,3,11770.16,35310.479999999996
OI0000699,O000278,P00080,4,8989.55,35958.2
OI0000700,O000278,P00105,1,10494.08,10494.08
OI0000701,O000278,P00079,1,5251.04,5251.04
OI0000702,O000279,P00084,4,14069.72,56278.88
OI0000703,O000279,P00031,5,9096.12,45480.600000000006
OI0000704,O000280,P00063,4,13216.58,52866.32
OI0000705,O000280,P00061,2,983.24,1966.48
OI0000706,O000280,P00003,4,3596.33,14385.32
OI0000707,O000280,P00111,1,9070.02,9070.02
OI0000708,O000281,P00005,4,10898.5,43594.0
OI0000709,O000281,P00063,5,13216.58,66082.9
OI0000710,O000281,P00052,4,1801.57,7206.28
OI0000711,O000282,P00114,5,2567.88,12839.400000000001
OI0000712,O000282,P00061,3,983.24,2949.7200000000003
OI0000713,O000282,P00015,4,6246.13,24984.52
OI0000714,O000282,P00064,3,605.62,1816.8600000000001
OI0000715,O000283,P00118,4,5621.04,22484.16
OI0000716,O000283,P00078,3,3389.32,10167.960000000001
OI0000717,O000283,P00110,4,9433.9,37735.6
OI0000718,O000284,P00089,4,5537.28,22149.12
OI0000719,O000284,P00096,2,2944.05,5888.1
OI0000720,O000284,P00012,4,14499.23,57996.92
OI0000721,O000285,P00046,3,15720.6,47161.8
OI0000722,O000286,P00080,2,8989.55,17979.1
OI0000723,O000287,P00115,5,10635.38,53176.899999999994
OI0000724,O000287,P00020,1,6822.91,6822.91
OI0000725,O000287,P00110,4,9433.9,37735.6
OI0000726,O000288,P00065,1,7681.42,7681.42
OI0000727,O000289,P00098,1,4527.84,4527.84
OI0000728,O000289,P00065,3,7681.42,23044.260000000002
OI0000729,O000289,P00064,2,605.62,1211.24
OI0000730,O000289,P00094,2,13171.07,26342.14
OI0000731,O000290,P00065,3,7681.42,23044.260000000002
OI0000732,O000290,P00022,4,5634.74,22538.96
OI0000733,O000290,P00011,2,3323.46,6646.92
OI0000734,O000291,P00110,3,9433.9,28301.699999999997
OI0000735,O000291,P00067,4,3120.12,12480.48
OI0000736,O000291,P00102,1,13433.93,13433.93
OI0000737,O000291,P00088,5,11981.85,59909.25
OI0000738,O000292,P00085,2,9236.97,18473.94
OI0000739,O000293,P00117,3,6333.74,19001.22
OI0000740,O000293,P00045,5,5431.46,27157.3
OI0000741,O000293,P00002,4,12959.03,51836.12
OI0000742,O000294,P00100,1,6083.97,6083.97
OI0000743,O000294,P00026,3,4115.14,12345.420000000002
OI0000744,O000294,P00113,2,13810.57,27621.14
OI0000745,O000294,P00039,5,11770.16,58850.8
OI0000746,O000295,P00031,3,9096.12,27288.36
OI0000747,O000295,P00107,5,3734.57,18672.850000000002
OI0000748,O000295,P00100,1,6083.97,6083.97
OI0000749,O000296,P00059,3,15594.5,46783.5
OI0000750,O000297,P00045,3,5431.46,16294.380000000001
OI0000751,O000297,P00039,5,11770.16,58850.8
OI0000752,O000298,P00092,4,11714.03,46856.12
OI0000753,O000298,P00055,1,5599.57,5599.57
OI0000754,O000299,P00112,4,7810.47,31241.88
OI0000755,O000299,P00034,4,209.8,839.2
OI0000756,O000299,P00075,4,8132.2,32528.8
OI0000757,O000299,P00064,2,605.62,1211.24
OI0000758,O000300,P00089,2,5537.28,11074.56
OI0000759,O000301,P00016,3,3591.51,10774.53
OI0000760,O000302,P00039,1,11770.16,11770.16
OI0000761,O000302,P00038,2,5516.66,11033.32
OI0000762,O000302,P00063,4,13216.58,52866.32
OI0000763,O000303,P00016,5,3591.51,17957.550000000003
OI0000764,O000304,P00107,2,3734.57,7469.14
OI0000765,O000304,P00093,4,3538.97,14155.88
OI0000766,O000304,P00078,4,3389.32,13557.28
OI0000767,O000304,P00017,3,7245.98,21737.94
OI0000768,O000305,P00086,4,4550.54,18202.16
OI0000769,O000306,P00083,5,14812.87,74064.35
OI0000770,O000307,P00065,5,7681.42,38407.1
OI0000771,O000307,P00115,1,10635.38,10635.38
OI0000772,O000307,P00003,2,3596.33,7192.66
OI0000773,O000307,P00016,5,3591.51,17957.550000000003
OI0000774,O000308,P00004,4,11435.29,45741.16
OI0000775,O000308,P00111,1,9070.02,9070.02
OI0000776,O000308,P00068,5,7242.25,36211.25
OI0000777,O000308,P00041,2,6177.47,12354.94
OI0000778,O000309,P00024,1,661.99,661.99
OI0000779,O000309,P00004,1,11435.29,11435.29
OI0000780,O000309,P00092,4,11714.03,46856.12
OI0000781,O000310,P00064,5,605.62,3028.1
OI0000782,O000310,P00066,1,7639.92,7639.92
OI0000783,O000311,P00035,5,11526.61,57633.05
OI0000784,O000312,P00058,5,2681.24,13406.199999999999
OI0000785,O000312,P00011,2,3323.46,6646.92
OI0000786,O000312,P00109,2,3646.7,7293.4
OI0000787,O000312,P00082,5,1976.8,9884.0
OI0000788,O000313,P00084,1,14069.72,14069.72
OI0000789,O000313,P00022,4,5634.74,22538.96
OI0000790,O000313,P00001,3,7519.88,22559.64
OI0000791,O000314,P00006,5,15242.13,76210.65
OI0000792,O000314,P00021,3,15831.58,47494.74
OI0000793,O000314,P00095,1,11410.2,11410.2
OI0000794,O000315,P00114,3,2567.88,7703.64
OI0000795,O000315,P00088,4,11981.85,47927.4
OI0000796,O000315,P00044,3,10305.42,30916.260000000002
OI0000798,O000317,P00101,1,9471.71,9471.71
OI0000799,O000318,P00108,1,14347.63,14347.63
OI0000800,O000318,P00099,3,10238.47,30715.409999999996
OI0000801,O000319,P00104,2,13741.36,27482.72
OI0000802,O000319,P00092,3,11714.03,35142.090000000004
OI0000803,O000319,P00029,4,9560.81,38243.24
OI0000804,O000320,P00015,5,6246.13,31230.65
OI0000805,O000320,P00112,5,7810.47,39052.35
OI0000806,O000320,P00036,5,2532.85,12664.25
OI0000807,O000320,P00073,5,15455.92,77279.6
OI0000808,O000321,P00025,1,8564.03,8564.03
OI0000809,O000321,P00109,5,3646.7,18233.5
OI0000810,O000321,P00087,5,811.76,4058.8
OI0000811,O000322,P00036,4,2532.85,10131.4
OI0000812,O000322,P00016,5,3591.51,17957.550000000003
OI0000813,O000322,P00088,2,11981.85,23963.7
OI0000814,O000322,P00067,4,3120.12,12480.48
OI0000815,O000323,P00089,1,5537.28,5537.28
OI0000816,O000323,P00055,2,5599.57,11199.14
OI0000817,O000324,P00108,1,14347.63,14347.63
OI0000818,O000324,P00033,3,3874.45,11623.349999999999
OI0000819,O000324,P00032,3,2972.8,8918.400000000001
OI0000820,O000325,P00008,1,387.92,387.92
OI0000821,O000326,P00039,5,11770.16,58850.8
OI0000822,O000327,P00030,5,11313.56,56567.799999999996
OI0000823,O000327,P00111,4,9070.02,36280.08
OI0000824,O000327,P00077,4,2192.74,8770.96
OI0000825,O000327,P00101,5,9471.71,47358.549999999996
OI0000826,O000328,P00077,1,2192.74,2192.74
OI0000827,O000329,P00024,1,661.99,661.99
OI0000828,O000329,P00032,3,2972.8,8918.400000000001
OI0000829,O000329,P00018,5,10426.0,52130.0
OI0000830,O000329,P00103,3,632.72,1898.16
OI0000831,O000330,P00067,5,3120.12,15600.599999999999
OI0000832,O000331,P00026,2,4115.14,8230.28
OI0000833,O000331,P00082,3,1976.8,5930.4
OI0000834,O000332,P00079,3,5251.04,15753.119999999999
OI0000835,O000332,P00039,4,11770.16,47080.64
OI0000836,O000332,P00054,1,516.23,516.23
OI0000837,O000333,P00104,2,13741.36,27482.72
OI0000838,O000333,P00095,1,11410.2,11410.2
OI0000839,O000333,P00049,1,11581.53,11581.53
OI0000840,O000334,P00026,2,4115.14,8230.28
OI0000841,O000334,P00037,3,15375.83,46127.49
OI0000842,O000335,P00003,2,3596.33,7192.66
OI0000843,O000336,P00113,2,13810.57,27621.14
OI0000844,O000336,P00092,2,11714.03,23428.06
OI0000845,O000336,P00009,2,13213.04,26426.08
OI0000846,O000336,P00016,3,3591.51,10774.53
OI0000847,O000337,P00102,2,13433.93,26867.86
OI0000848,O000337,P00020,3,6822.91,20468.73
OI0000849,O000337,P00042,5,11714.53,58572.65
OI0000850,O000338,P00097,3,721.52,2164.56
OI0000851,O000338,P00113,4,13810.57,55242.28
OI0000852,O000338,P00083,3,14812.87,44438.61
OI0000853,O000338,P00066,4,7639.92,30559.68
OI0000854,O000339,P00029,2,9560.81,19121.62
OI0000855,O000339,P00115,2,10635.38,21270.76
OI0000856,O000340,P00018,1,10426.0,10426.0
OI0000857,O000341,P00060,4,10636.45,42545.8
OI0000858,O000341,P00056,4,8842.33,35369.32
OI0000859,O000341,P00053,4,2768.97,11075.88
OI0000860,O000341,P00048,1,11151.18,11151.18
OI0000861,O000342,P00016,1,3591.51,3591.51
OI0000862,O000343,P00096,3,2944.05,8832.150000000001
OI0000863,O000343,P00105,5,10494.08,52470.4
OI0000864,O000343,P00099,5,10238.47,51192.35
OI0000865,O000344,P00052,1,1801.57,1801.57
OI0000866,O000344,P00106,5,14600.94,73004.7
OI0000867,O000344,P00075,2,8132.2,16264.4
OI0000868,O000344,P00097,2,721.52,1443.04
OI0000869,O000345,P00093,1,3538.97,3538.97
OI0000870,O000345,P00105,2,10494.08,20988.16
OI0000871,O000345,P00060,4,10636.45,42545.8
OI0000872,O000345,P00044,4,10305.42,41221.68
OI0000873,O000346,P00044,4,10305.42,41221.68
OI0000874,O000346,P00029,4,9560.81,38243.24
OI0000875,O000346,P00054,5,516.23,2581.15
OI0000876,O000347,P00073,5,15455.92,77279.6
OI0000877,O000347,P00081,5,14690.16,73450.8
OI0000878,O000347,P00103,4,632.72,2530.88
OI0000879,O000348,P00082,2,1976.8,3953.6
OI0000880,O000348,P00115,5,10635.38,53176.899999999994
OI0000881,O000348,P00039,5,11770.16,58850.8
OI0000882,O000348,P00012,2,14499.23,28998.46
OI0000883,O000349,P00059,1,15594.5,15594.5
OI0000884,O000350,P00015,5,6246.13,31230.65
OI0000885,O000350,P00017,1,7245.98,7245.98
OI0000886,O000351,P00076,4,2930.49,11721.96
OI0000887,O000351,P00026,1,4115.14,4115.14
OI0000888,O000351,P00065,4,7681.42,30725.68
OI0000889,O000352,P00095,1,11410.2,11410.2
OI0000890,O000353,P00116,4,15959.01,63836.04
OI0000891,O000353,P00080,2,8989.55,17979.1
OI0000892,O000354,P00113,3,13810.57,41431.71
OI0000893,O000354,P00081,1,14690.16,14690.16
OI0000894,O000354,P00069,2,4360.73,8721.46
OI0000895,O000355,P00053,3,2768.97,8306.91
OI0000896,O000355,P00058,1,2681.24,2681.24
OI0000897,O000355,P00022,1,5634.74,5634.74
OI0000898,O000356,P00033,1,3874.45,3874.45
OI0000899,O000357,P00108,1,14347.63,14347.63
OI0000900,O000357,P00021,2,15831.58,31663.16
OI0000901,O000357,P00022,5,5634.74,28173.699999999997
OI0000902,O000358,P00115,5,10635.38,53176.899999999994
OI0000903,O000359,P00050,3,11773.84,35321.520000000004
OI0000904,O000360,P00026,1,4115.14,4115.14
OI0000905,O000360,P00012,1,14499.23,14499.23
OI0000906,O000361,P00093,1,3538.97,3538.97
OI0000907,O000361,P00022,1,5634.74,5634.74
OI0000908,O000362,P00055,1,5599.57,5599.57
OI0000909,O000362,P00016,2,3591.51,7183.02
OI0000910,O000362,P00030,3,11313.56,33940.68
OI0000911,O000362,P00028,2,5804.91,11609.82
OI0000912,O000363,P00039,1,11770.16,11770.16
OI0000913,O000363,P00099,5,10238.47,51192.35
OI0000914,O000363,P00077,1,2192.74,2192.74
OI0000915,O000363,P00064,4,605.62,2422.48
OI0000916,O000364,P00009,5,13213.04,66065.20000000001
OI0000917,O000364,P00043,5,3075.89,15379.449999999999
OI0000918,O000364,P00003,2,3596.33,7192.66
OI0000919,O000364,P00078,1,3389.32,3389.32
OI0000920,O000365,P00080,1,8989.55,8989.55
OI0000921,O000365,P00011,4,3323.46,13293.84
OI0000922,O000366,P00095,3,11410.2,34230.600000000006
OI0000923,O000366,P00113,1,13810.57,13810.57
OI0000924,O000366,P00043,4,3075.89,12303.56
OI0000925,O000366,P00018,3,10426.0,31278.0
OI0000926,O000367,P00103,2,632.72,1265.44
OI0000927,O000367,P00088,4,11981.85,47927.4
OI0000928,O000368,P00025,1,8564.03,8564.03
OI0000929,O000369,P00031,1,9096.12,9096.12
OI0000930,O000369,P00065,4,7681.42,30725.68
OI0000931,O000370,P00082,4,1976.8,7907.2
OI0000932,O000370,P00026,3,4115.14,12345.420000000002
OI0000933,O000370,P00035,2,11526.61,23053.22
OI0000934,O000370,P00111,4,9070.02,36280.08
OI0000935,O000371,P00098,4,4527.84,18111.36
OI0000936,O000372,P00040,5,2951.4,14757.0
OI0000937,O000372,P00059,1,15594.5,15594.5
OI0000938,O000372,P00037,4,15375.83,61503.32
OI0000940,O000373,P00050,5,11773.84,58869.2
OI0000941,O000373,P00063,1,13216.58,13216.58
OI0000942,O000373,P00040,1,2951.4,2951.4
OI0000943,O000374,P00082,1,1976.8,1976.8
OI0000944,O000374,P00089,4,5537.28,22149.12
OI0000945,O000374,P00048,2,11151.18,22302.36
OI0000946,O000374,P00090,3,13515.98,40547.94
OI0000947,O000375,P00033,5,3874.45,19372.25
OI0000948,O000375,P00032,2,2972.8,5945.6
OI0000949,O000376,P00067,2,3120.12,6240.24
OI0000950,O000377,P00076,1,2930.49,2930.49
OI0000951,O000377,P00040,5,2951.4,14757.0
OI0000952,O000377,P00094,3,13171.07,39513.21
OI0000953,O000377,P00053,3,2768.97,8306.91
OI0000954,O000378,P00013,1,15087.03,15087.03
OI0000955,O000379,P00091,2,4946.59,9893.18
OI0000956,O000379,P00018,5,10426.0,52130.0
OI0000957,O000380,P00034,4,209.8,839.2
OI0000958,O000380,P00116,5,15959.01,79795.05
OI0000959,O000381,P00075,2,8132.2,16264.4
OI0000960,O000382,P00086,5,4550.54,22752.7
OI0000961,O000383,P00078,3,3389.32,10167.960000000001
OI0000962,O000383,P00055,3,5599.57,16798.71
OI0000963,O000383,P00044,2,10305.42,20610.84
OI0000964,O000384,P00059,4,15594.5,62378.0
OI0000965,O000385,P00048,5,11151.18,55755.9
OI0000966,O000385,P00058,4,2681.24,10724.96
OI0000967,O000386,P00104,3,13741.36,41224.08
OI0000968,O000387,P00085,1,9236.97,9236.97
OI0000969,O000387,P00110,3,9433.9,28301.699999999997
OI0000970,O000387,P00090,2,13515.98,27031.96
OI0000971,O000387,P00116,5,15959.01,79795.05
OI0000972,O000388,P00107,4,3734.57,14938.28
OI0000973,O000388,P00087,4,811.76,3247.04
OI0000974,O000388,P00071,4,12968.25,51873.0
OI0000975,O000389,P00014,4,13181.63,52726.52
OI0000976,O000390,P00093,4,3538.97,14155.88
OI0000977,O000390,P00033,1,3874.45,3874.45
OI0000978,O000391,P00120,5,13556.62,67783.1
OI0000979,O000391,P00074,3,7723.94,23171.82
OI0000980,O000392,P00034,3,209.8,629.4000000000001
OI0000981,O000392,P00015,1,6246.13,6246.13
OI0000982,O000393,P00040,1,2951.4,2951.4
OI0000983,O000394,P00014,1,13181.63,13181.63
OI0000984,O000394,P00051,4,14130.98,56523.92
OI0000985,O000395,P00077,3,2192.74,6578.219999999999
OI0000986,O000396,P00064,4,605.62,2422.48
OI0000987,O000396,P00038,3,5516.66,16549.98
OI0000988,O000397,P00105,2,10494.08,20988.16
OI0000989,O000397,P00085,5,9236.97,46184.85
OI0000990,O000397,P00117,4,6333.74,25334.96
OI0000991,O000398,P00090,5,13515.98,67579.9
OI0000992,O000398,P00119,2,14522.12,29044.24
OI0000993,O000398,P00025,5,8564.03,42820.15
OI0000994,O000399,P00115,2,10635.38,21270.76
OI0000995,O000399,P00019,2,1162.47,2324.94
OI0000996,O000399,P00027,1,12270.99,12270.99
OI0000997,O000400,P00046,4,15720.6,62882.4
OI0000998,O000401,P00032,4,2972.8,11891.2
OI0000999,O000401,P00005,5,10898.5,54492.5
OI0001000,O000401,P00016,4,3591.51,14366.04
OI0001001,O000401,P00031,1,9096.12,9096.12
OI0001002,O000402,P00016,4,3591.51,14366.04
OI0001003,O000403,P00102,5,13433.93,67169.65
OI0001004,O000404,P00052,1,1801.57,1801.57
OI0001005,O000404,P00105,5,10494.08,52470.4
OI0001006,O000405,P00085,1,9236.97,9236.97
OI0001007,O000405,P00115,5,10635.38,53176.899999999994
OI0001008,O000406,P00084,1,14069.72,14069.72
OI0001009,O000406,P00021,1,15831.58,15831.58
OI0001010,O000407,P00032,3,2972.8,8918.400000000001
OI0001011,O000408,P00078,2,3389.32,6778.64
OI0001012,O000408,P00069,1,4360.73,4360.73
OI0001013,O000408,P00066,2,7639.92,15279.84
OI0001014,O000409,P00010,4,14694.37,58777.48
OI0001015,O000409,P00071,2,12968.25,25936.5
OI0001016,O000409,P00033,1,3874.45,3874.45
OI0001017,O000409,P00034,4,209.8,839.2
OI0001018,O000410,P00092,5,11714.03,58570.15
OI0001019,O000410,P00048,5,11151.18,55755.9
OI0001020,O000411,P00010,1,14694.37,14694.37
OI0001021,O000411,P00035,5,11526.61,57633.05
OI0001022,O000412,P00036,1,2532.85,2532.85
OI0001023,O000412,P00002,2,12959.03,25918.06
OI0001024,O000413,P00013,5,15087.03,75435.15000000001
OI0001025,O000413,P00068,5,7242.25,36211.25
OI0001026,O000413,P00045,1,5431.46,5431.46
OI0001027,O000413,P00090,2,13515.98,27031.96
OI0001028,O000414,P00062,1,5900.1,5900.1
OI0001029,O000414,P00076,2,2930.49,5860.98
OI0001030,O000414,P00017,2,7245.98,14491.96
OI0001031,O000414,P00034,3,209.8,629.4000000000001
OI0001032,O000415,P00024,4,661.99,2647.96
OI0001033,O000415,P00057,3,11330.17,33990.51
OI0001034,O000415,P00046,5,15720.6,78603.0
OI0001035,O000415,P00103,2,632.72,1265.44
OI0001036,O000416,P00012,5,14499.23,72496.15
OI0001037,O000416,P00022,3,5634.74,16904.22
OI0001038,O000417,P00052,1,1801.57,1801.57
OI0001039,O000418,P00078,4,3389.32,13557.28
OI0001040,O000419,P00066,1,7639.92,7639.92
OI0001041,O000419,P00046,4,15720.6,62882.4
OI0001042,O000420,P00038,3,5516.66,16549.98
OI0001043,O000421,P00120,4,13556.62,54226.48
OI0001044,O000422,P00046,3,15720.6,47161.8
OI0001045,O000422,P00014,2,13181.63,26363.26
OI0001046,O000422,P00001,1,7519.88,7519.88
OI0001047,O000423,P00001,3,7519.88,22559.64
OI0001048,O000423,P00020,4,6822.91,27291.64
OI0001049,O000423,P00099,3,10238.47,30715.409999999996
OI0001050,O000423,P00085,2,9236.97,18473.94
OI0001051,O000424,P00001,2,7519.88,15039.76
OI0001052,O000424,P00046,3,15720.6,47161.8
OI0001053,O000424,P00114,4,2567.88,10271.52
OI0001054,O000424,P00112,3,7810.47,23431.41
OI0001055,O000425,P00071,2,12968.25,25936.5
OI0001056,O000425,P00064,4,605.62,2422.48
OI0001057,O000425,P00103,4,632.72,2530.88
OI0001058,O000425,P00088,1,11981.85,11981.85
OI0001059,O000426,P00055,1,5599.57,5599.57
OI0001060,O000426,P00077,3,2192.74,6578.219999999999
OI0001061,O000426,P00095,1,11410.2,11410.2
OI0001062,O000427,P00086,4,4550.54,18202.16
OI0001063,O000427,P00106,1,14600.94,14600.94
OI0001064,O000428,P00030,2,11313.56,22627.12
OI0001065,O000428,P00016,3,3591.51,10774.53
OI0001066,O000429,P00090,2,13515.98,27031.96
OI0001067,O000429,P00082,4,1976.8,7907.2
OI0001068,O000429,P00030,4,11313.56,45254.24
OI0001070,O000431,P00033,3,3874.45,11623.349999999999
OI0001071,O000431,P00063,1,13216.58,13216.58
OI0001072,O000432,P00031,2,9096.12,18192.24
OI0001073,O000432,P00084,1,14069.72,14069.72
OI0001074,O000432,P00036,2,2532.85,5065.7
OI0001075,O000433,P00119,5,14522.12,72610.6
OI0001076,O000433,P00013,4,15087.03,60348.12
OI0001077,O000433,P00010,2,14694.37,29388.74
OI0001078,O000433,P00070,2,2586.86,5173.72
OI0001079,O000434,P00058,1,2681.24,2681.24
OI0001080,O000434,P00081,1,14690.16,14690.16
OI0001081,O000434,P00092,5,11714.03,58570.15
OI0001082,O000435,P00102,2,13433.93,26867.86
OI0001083,O000436,P00057,5,11330.17,56650.85
OI0001084,O000436,P00097,4,721.52,2886.08
OI0001085,O000437,P00113,5,13810.57,69052.85
OI0001086,O000438,P00029,5,9560.81,47804.049999999996
OI0001087,O000438,P00006,1,15242.13,15242.13
OI0001088,O000439,P00069,1,4360.73,4360.73
OI0001089,O000439,P00015,5,6246.13,31230.65
OI0001090,O000440,P00106,3,14600.94,43802.82
OI0001091,O000441,P00084,5,14069.72,70348.59999999999
OI0001092,O000441,P00033,4,3874.45,15497.8
OI0001093,O000441,P00112,3,7810.47,23431.41
OI0001094,O000441,P00081,4,14690.16,58760.64
OI0001095,O000442,P00024,2,661.99,1323.98
OI0001096,O000442,P00059,4,15594.5,62378.0
OI0001097,O000442,P00105,2,10494.08,20988.16
OI0001098,O000442,P00111,1,9070.02,9070.02
OI0001099,O000443,P00059,4,15594.5,62378.0
OI0001100,O000443,P00117,5,6333.74,31668.699999999997
OI0001101,O000444,P00106,1,14600.94,14600.94
OI0001102,O000445,P00102,1,13433.93,13433.93
OI0001103,O000446,P00098,2,4527.84,9055.68
OI0001104,O000446,P00073,4,15455.92,61823.68
OI0001105,O000446,P00115,1,10635.38,10635.38
OI0001106,O000446,P00057,3,11330.17,33990.51
OI0001107,O000447,P00019,1,1162.47,1162.47
OI0001108,O000447,P00001,4,7519.88,30079.52
OI0001109,O000447,P00117,3,6333.74,19001.22
OI0001110,O000447,P00029,4,9560.81,38243.24
OI0001111,O000448,P00046,3,15720.6,47161.8
OI0001112,O000448,P00010,1,14694.37,14694.37
OI0001113,O000448,P00079,5,5251.04,26255.2
OI0001114,O000449,P00080,3,8989.55,26968.649999999998
OI0001115,O000449,P00105,3,10494.08,31482.239999999998
OI0001116,O000449,P00037,3,15375.83,46127.49
OI0001117,O000450,P00041,4,6177.47,24709.88
OI0001118,O000450,P00019,4,1162.47,4649.88
OI0001119,O000451,P00024,4,661.99,2647.96
OI0001120,O000451,P00099,4,10238.47,40953.88
OI0001121,O000452,P00069,4,4360.73,17442.92
OI0001122,O000452,P00064,4,605.62,2422.48
OI0001123,O000452,P00106,2,14600.94,29201.88
OI0001124,O000452,P00030,2,11313.56,22627.12
OI0001125,O000453,P00047,2,7255.75,14511.5
OI0001126,O000453,P00109,2,3646.7,7293.4
OI0001127,O000453,P00111,5,9070.02,45350.100000000006
OI0001128,O000454,P00090,2,13515.98,27031.96
OI0001129,O000455,P00004,3,11435.29,34305.87
OI0001130,O000455,P00019,2,1162.47,2324.94
OI0001131,O000456,P00061,3,983.24,2949.7200000000003
OI0001132,O000456,P00053,1,2768.97,2768.97
OI0001133,O000456,P00093,2,3538.97,7077.94
OI0001134,O000457,P00088,3,11981.85,35945.55
OI0001135,O000457,P00113,5,13810.57,69052.85
OI0001136,O000457,P00059,2,15594.5,31189.0
OI0001137,O000457,P00071,2,12968.25,25936.5
OI0001138,O000458,P00051,5,14130.98,70654.9
OI0001139,O000458,P00024,1,661.99,661.99
OI0001140,O000459,P00083,3,14812.87,44438.61
OI0001141,O000459,P00055,1,5599.57,5599.57
OI0001142,O000459,P00025,3,8564.03,25692.090000000004
OI0001143,O000460,P00097,3,721.52,2164.56
OI0001145,O000461,P00007,3,1695.66,5086.9800000000005
OI0001146,O000461,P00041,4,6177.47,24709.88
OI0001147,O000461,P00012,3,14499.23,43497.69
OI0001148,O000462,P00004,4,11435.29,45741.16
OI0001149,O000462,P00076,1,2930.49,2930.49
OI0001150,O000463,P00114,2,2567.88,5135.76
OI0001151,O000463,P00028,2,5804.91,11609.82
OI0001152,O000464,P00044,3,10305.42,30916.260000000002
OI0001153,O000464,P00038,4,5516.66,22066.64
OI0001154,O000465,P00020,5,6822.91,34114.55
OI0001155,O000466,P00064,1,605.62,605.62
OI0001156,O000467,P00012,4,14499.23,57996.92
OI0001157,O000467,P00010,4,14694.37,58777.48
OI0001158,O000467,P00023,4,3040.09,12160.36
OI0001159,O000468,P00057,5,11330.17,56650.85
OI0001160,O000468,P00047,3,7255.75,21767.25
OI0001161,O000469,P00095,2,11410.2,22820.4
OI0001162,O000470,P00073,1,15455.92,15455.92
OI0001163,O000470,P00052,4,1801.57,7206.28
OI0001164,O000471,P00094,4,13171.07,52684.28
OI0001165,O000471,P00014,2,13181.63,26363.26
OI0001166,O000472,P00005,2,10898.5,21797.0
OI0001167,O000472,P00070,3,2586.86,7760.58
OI0001168,O000472,P00020,5,6822.91,34114.55
OI0001169,O000472,P00061,1,983.24,983.24
OI0001170,O000473,P00098,4,4527.84,18111.36
OI0001171,O000474,P00039,4,11770.16,47080.64
OI0001172,O000475,P00097,2,721.52,1443.04
OI0001173,O000475,P00039,4,11770.16,47080.64
OI0001174,O000475,P00022,5,5634.74,28173.699999999997
OI0001175,O000476,P00010,5,14694.37,73471.85
OI0001176,O000476,P00093,3,3538.97,10616.91
OI0001177,O000477,P00064,3,605.62,1816.8600000000001
OI0001178,O000477,P00111,4,9070.02,36280.08
OI0001179,O000478,P00005,2,10898.5,21797.0
OI0001180,O000479,P00087,1,811.76,811.76
OI0001181,O000479,P00074,3,7723.94,23171.82
OI0001182,O000480,P00046,4,15720.6,62882.4
OI0001183,O000480,P00107,3,3734.57,11203.710000000001
OI0001184,O000480,P00070,2,2586.86,5173.72
OI0001185,O000481,P00082,1,1976.8,1976.8
OI0001186,O000481,P00037,1,15375.83,15375.83
OI0001187,O000481,P00090,1,13515.98,13515.98
OI0001188,O000481,P00080,4,8989.55,35958.2
OI0001189,O000482,P00086,3,4550.54,13651.619999999999
OI0001191,O000483,P00117,3,6333.74,19001.22
OI0001192,O000483,P00106,5,14600.94,73004.7
OI0001193,O000483,P00083,3,14812.87,44438.61
OI0001194,O000484,P00002,1,12959.03,12959.03
OI0001195,O000485,P00025,1,8564.03,8564.03
OI0001196,O000485,P00079,5,5251.04,26255.2
OI0001197,O000485,P00083,4,14812.87,59251.48
OI0001198,O000485,P00051,2,14130.98,28261.96
OI0001199,O000486,P00108,3,14347.63,43042.89
OI0001200,O000486,P00098,2,4527.84,9055.68
OI0001201,O000486,P00081,2,14690.16,29380.32
OI0001202,O000486,P00118,1,5621.04,5621.04
OI0001203,O000487,P00074,4,7723.94,30895.76
OI0001204,O000488,P00039,5,11770.16,58850.8
OI0001205,O000488,P00025,4,8564.03,34256.12
OI0001206,O000489,P00015,4,6246.13,24984.52
OI0001207,O000490,P00117,4,6333.74,25334.96
OI0001208,O000490,P00108,1,14347.63,14347.63
OI0001209,O000490,P00027,4,12270.99,49083.96
OI0001210,O000491,P00039,2,11770.16,23540.32
OI0001211,O000491,P00002,5,12959.03,64795.15
OI0001212,O000492,P00119,5,14522.12,72610.6
OI0001213,O000492,P00016,1,3591.51,3591.51
OI0001214,O000492,P00025,2,8564.03,17128.06
OI0001215,O000493,P00035,4,11526.61,46106.44
OI0001216,O000493,P00036,1,2532.85,2532.85
OI0001217,O000494,P00119,2,14522.12,29044.24
OI0001218,O000494,P00025,3,8564.03,25692.090000000004
OI0001219,O000494,P00033,1,3874.45,3874.45
OI0001220,O000494,P00023,5,3040.09,15200.45
OI0001221,O000495,P00105,1,10494.08,10494.08
OI0001222,O000495,P00041,4,6177.47,24709.88
OI0001223,O000495,P00080,3,8989.55,26968.649999999998
OI0001224,O000496,P00038,5,5516.66,27583.3
OI0001225,O000496,P00078,1,3389.32,3389.32
OI0001226,O000496,P00106,3,14600.94,43802.82
OI0001227,O000496,P00113,2,13810.57,27621.14
OI0001228,O000497,P00092,3,11714.03,35142.090000000004
OI0001229,O000498,P00014,3,13181.63,39544.89
OI0001230,O000498,P00072,1,8945.91,8945.91
OI0001231,O000499,P00064,1,605.62,605.62
OI0001232,O000499,P00006,2,15242.13,30484.26
OI0001233,O000499,P00036,5,2532.85,12664.25
OI0001234,O000499,P00054,5,516.23,2581.15
OI0001235,O000500,P00005,5,10898.5,54492.5
OI0001236,O000500,P00115,1,10635.38,10635.38
OI0001237,O000500,P00069,1,4360.73,4360.73
OI0001238,O000500,P00118,4,5621.04,22484.16
OI0001239,O000501,P00051,3,14130.98,42392.94
OI0001240,O000502,P00007,1,1695.66,1695.66
OI0001241,O000502,P00106,3,14600.94,43802.82
OI0001242,O000503,P00120,1,13556.62,13556.62
OI0001243,O000504,P00035,2,11526.61,23053.22
OI0001244,O000504,P00090,1,13515.98,13515.98
OI0001245,O000504,P00022,2,5634.74,11269.48
OI0001246,O000504,P00119,4,14522.12,58088.48
OI0001247,O000505,P00099,2,10238.47,20476.94
OI0001248,O000505,P00094,3,13171.07,39513.21
OI0001249,O000505,P00062,3,5900.1,17700.300000000003
OI0001250,O000506,P00008,2,387.92,775.84
OI0001251,O000506,P00028,4,5804.91,23219.64
OI0001252,O000506,P00002,1,12959.03,12959.03
OI0001253,O000506,P00086,5,4550.54,22752.7
OI0001254,O000507,P00029,3,9560.81,28682.43
OI0001255,O000507,P00118,4,5621.04,22484.16
OI0001256,O000508,P00088,5,11981.85,59909.25
OI0001257,O000508,P00040,2,2951.4,5902.8
OI0001258,O000509,P00004,5,11435.29,57176.450000000004
OI0001259,O000509,P00061,3,983.24,2949.7200000000003
OI0001260,O000509,P00085,5,9236.97,46184.85
OI0001261,O000510,P00048,4,11151.18,44604.72
OI0001262,O000510,P00013,4,15087.03,60348.12
OI0001263,O000510,P00007,2,1695.66,3391.32
OI0001264,O000511,P00015,1,6246.13,6246.13
OI0001265,O000511,P00029,1,9560.81,9560.81
OI0001266,O000512,P00051,3,14130.98,42392.94
OI0001267,O000512,P00013,2,15087.03,30174.06
OI0001268,O000512,P00029,3,9560.81,28682.43
OI0001269,O000512,P00094,5,13171.07,65855.35
OI0001270,O000513,P00022,1,5634.74,5634.74
OI0001271,O000513,P00041,3,6177.47,18532.41
OI0001272,O000514,P00077,3,2192.74,6578.219999999999
OI0001273,O000515,P00105,1,10494.08,10494.08
OI0001274,O000516,P00058,3,2681.24,8043.719999999999
OI0001275,O000516,P00063,3,13216.58,39649.74
OI0001276,O000516,P00095,3,11410.2,34230.600000000006
OI0001277,O000517,P00088,1,11981.85,11981.85
OI0001278,O000517,P00067,4,3120.12,12480.48
OI0001279,O000517,P00094,2,13171.07,26342.14
OI0001280,O000518,P00025,4,8564.03,34256.12
OI0001281,O000519,P00034,3,209.8,629.4000000000001
OI0001282,O000519,P00117,4,6333.74,25334.96
OI0001283,O000520,P00107,4,3734.57,14938.28
OI0001284,O000520,P00079,5,5251.04,26255.2
OI0001285,O000520,P00016,3,3591.51,10774.53
OI0001286,O000521,P00039,3,11770.16,35310.479999999996
OI0001287,O000521,P00063,3,13216.58,39649.74
OI0001288,O000522,P00001,1,7519.88,7519.88
OI0001289,O000522,P00056,2,8842.33,17684.66
OI0001290,O000522,P00046,3,15720.6,47161.8
OI0001291,O000523,P00094,4,13171.07,52684.28
OI0001292,O000523,P00026,1,4115.14,4115.14
OI0001293,O000524,P00055,3,5599.57,16798.71
OI0001294,O000524,P00052,5,1801.57,9007.85
OI0001295,O000524,P00116,5,15959.01,79795.05
OI0001296,O000524,P00013,3,15087.03,45261.090000000004
OI0001297,O000525,P00039,5,11770.16,58850.8
OI0001298,O000526,P00089,3,5537.28,16611.84
OI0001299,O000526,P00041,4,6177.47,24709.88
OI0001300,O000526,P00065,4,7681.42,30725.68
OI0001301,O000526,P00120,5,13556.62,67783.1
OI0001302,O000527,P00017,5,7245.98,36229.899999999994
OI0001303,O000527,P00080,1,8989.55,8989.55
OI0001304,O000527,P00070,4,2586.86,10347.44
OI0001305,O000528,P00108,3,14347.63,43042.89
OI0001306,O000528,P00007,1,1695.66,1695.66
OI0001307,O000528,P00011,1,3323.46,3323.46
OI0001308,O000528,P00008,5,387.92,1939.6000000000001
OI0001309,O000529,P00072,4,8945.91,35783.64
OI0001310,O000529,P00095,2,11410.2,22820.4
OI0001311,O000530,P00067,1,3120.12,3120.12
OI0001312,O000531,P00119,1,14522.12,14522.12
OI0001313,O000532,P00110,4,9433.9,37735.6
OI0001314,O000532,P00085,1,9236.97,9236.97
OI0001315,O000532,P00079,2,5251.04,10502.08
OI0001316,O000532,P00016,5,3591.51,17957.550000000003
OI0001317,O000533,P00051,1,14130.98,14130.98
OI0001318,O000533,P00050,4,11773.84,47095.36
OI0001319,O000533,P00090,3,13515.98,40547.94
OI0001320,O000534,P00018,4,10426.0,41704.0
OI0001321,O000534,P00060,2,10636.45,21272.9
OI0001322,O000534,P00113,5,13810.57,69052.85
OI0001323,O000535,P00059,2,15594.5,31189.0
OI0001324,O000535,P00092,3,11714.03,35142.090000000004
OI0001325,O000535,P00110,1,9433.9,9433.9
OI0001326,O000536,P00017,5,7245.98,36229.899999999994
OI0001327,O000536,P00090,3,13515.98,40547.94
OI0001328,O000536,P00042,4,11714.53,46858.12
OI0001329,O000537,P00098,2,4527.84,9055.68
OI0001330,O000537,P00030,2,11313.56,22627.12
OI0001331,O000537,P00099,4,10238.47,40953.88
OI0001332,O000538,P00119,2,14522.12,29044.24
OI0001333,O000539,P00026,4,4115.14,16460.56
OI0001334,O000539,P00033,3,3874.45,11623.349999999999
OI0001335,O000540,P00012,1,14499.23,14499.23
OI0001336,O000540,P00075,1,8132.2,8132.2
OI0001337,O000541,P00025,4,8564.03,34256.12
OI0001338,O000541,P00107,3,3734.57,11203.710000000001
OI0001339,O000541,P00027,5,12270.99,61354.95
OI0001340,O000541,P00074,1,7723.94,7723.94
OI0001341,O000542,P00007,5,1695.66,8478.300000000001
OI0001342,O000542,P00077,2,2192.74,4385.48
OI0001343,O000543,P00110,5,9433.9,47169.5
OI0001344,O000543,P00067,4,3120.12,12480.48
OI0001345,O000544,P00044,4,10305.42,41221.68
OI0001346,O000545,P00119,1,14522.12,14522.12
OI0001347,O000545,P00097,1,721.52,721.52
OI0001348,O000545,P00085,5,9236.97,46184.85
OI0001349,O000546,P00114,5,2567.88,12839.400000000001
OI0001350,O000547,P00084,4,14069.72,56278.88
OI0001351,O000547,P00045,2,5431.46,10862.92
OI0001352,O000548,P00050,4,11773.84,47095.36
OI0001353,O000549,P00046,4,15720.6,62882.4
OI0001354,O000549,P00025,2,8564.03,17128.06
OI0001355,O000549,P00044,5,10305.42,51527.1
OI0001356,O000550,P00105,1,10494.08,10494.08
OI0001357,O000550,P00008,4,387.92,1551.68
OI0001358,O000551,P00062,1,5900.1,5900.1
OI0001359,O000551,P00085,5,9236.97,46184.85
OI0001360,O000551,P00016,3,3591.51,10774.53
OI0001361,O000551,P00010,2,14694.37,29388.74
OI0001362,O000552,P00090,1,13515.98,13515.98
OI0001363,O000552,P00070,4,2586.86,10347.44
OI0001364,O000552,P00065,5,7681.42,38407.1
OI0001365,O000553,P00095,1,11410.2,11410.2
OI0001366,O000553,P00071,2,12968.25,25936.5
OI0001367,O000553,P00027,2,12270.99,24541.98
OI0001368,O000554,P00036,3,2532.85,7598.549999999999
OI0001369,O000554,P00076,1,2930.49,2930.49
OI0001370,O000554,P00050,5,11773.84,58869.2
OI0001371,O000555,P00069,1,4360.73,4360.73
OI0001372,O000555,P00007,3,1695.66,5086.9800000000005
OI0001373,O000555,P00085,5,9236.97,46184.85
OI0001374,O000555,P00040,3,2951.4,8854.2
OI0001375,O000556,P00101,1,9471.71,9471.71
OI0001376,O000556,P00094,5,13171.07,65855.35
OI0001377,O000556,P00119,3,14522.12,43566.36
OI0001378,O000556,P00095,5,11410.2,57051.0
OI0001379,O000557,P00017,1,7245.98,7245.98
OI0001380,O000557,P00117,3,6333.74,19001.22
OI0001381,O000558,P00085,5,9236.97,46184.85
OI0001382,O000558,P00033,3,3874.45,11623.349999999999
OI0001383,O000558,P00101,3,9471.71,28415.129999999997
OI0001384,O000559,P00062,5,5900.1,29500.5
OI0001385,O000559,P00082,1,1976.8,1976.8
OI0001386,O000559,P00109,1,3646.7,3646.7
OI0001387,O000560,P00034,2,209.8,419.6
OI0001388,O000560,P00112,2,7810.47,15620.94
OI0001389,O000560,P00064,5,605.62,3028.1
OI0001390,O000561,P00075,2,8132.2,16264.4
OI0001391,O000561,P00041,3,6177.47,18532.41
OI0001392,O000561,P00006,1,15242.13,15242.13
OI0001393,O000561,P00071,3,12968.25,38904.75
OI0001394,O000562,P00027,5,12270.99,61354.95
OI0001395,O000562,P00042,4,11714.53,46858.12
OI0001396,O000563,P00043,3,3075.89,9227.67
OI0001397,O000563,P00053,3,2768.97,8306.91
OI0001398,O000563,P00115,2,10635.38,21270.76
OI0001399,O000564,P00066,5,7639.92,38199.6
OI0001400,O000564,P00092,3,11714.03,35142.090000000004
OI0001401,O000564,P00100,4,6083.97,24335.88
OI0001402,O000565,P00073,5,15455.92,77279.6
OI0001403,O000565,P00065,4,7681.42,30725.68
OI0001404,O000566,P00025,3,8564.03,25692.090000000004
OI0001405,O000566,P00108,3,14347.63,43042.89
OI0001406,O000566,P00074,3,7723.94,23171.82
OI0001407,O000567,P00072,3,8945.91,26837.73
OI0001408,O000567,P00065,5,7681.42,38407.1
OI0001409,O000567,P00010,4,14694.37,58777.48
OI0001410,O000568,P00102,3,13433.93,40301.79
OI0001411,O000568,P00037,4,15375.83,61503.32
OI0001412,O000568,P00044,2,10305.42,20610.84
OI0001413,O000569,P00034,4,209.8,839.2
OI0001414,O000569,P00098,2,4527.84,9055.68
OI0001415,O000569,P00071,4,12968.25,51873.0
OI0001416,O000569,P00092,2,11714.03,23428.06
OI0001417,O000570,P00017,5,7245.98,36229.899999999994
OI0001418,O000570,P00052,3,1801.57,5404.71
OI0001419,O000570,P00090,3,13515.98,40547.94
OI0001420,O000571,P00117,4,6333.74,25334.96
OI0001421,O000571,P00053,4,2768.97,11075.88
OI0001422,O000571,P00081,2,14690.16,29380.32
OI0001423,O000571,P00058,5,2681.24,13406.199999999999
OI0001424,O000572,P00087,4,811.76,3247.04
OI0001425,O000572,P00084,2,14069.72,28139.44
OI0001426,O000572,P00059,5,15594.5,77972.5
OI0001427,O000573,P00037,2,15375.83,30751.66
OI0001428,O000573,P00042,1,11714.53,11714.53
OI0001429,O000573,P00050,2,11773.84,23547.68
OI0001430,O000573,P00041,3,6177.47,18532.41
OI0001431,O000574,P00114,3,2567.88,7703.64
OI0001432,O000574,P00022,3,5634.74,16904.22
OI0001433,O000575,P00004,1,11435.29,11435.29
OI0001434,O000575,P00077,5,2192.74,10963.699999999999
OI0001435,O000576,P00074,4,7723.94,30895.76
OI0001436,O000576,P00055,4,5599.57,22398.28
OI0001437,O000576,P00094,1,13171.07,13171.07
OI0001438,O000577,P00046,1,15720.6,15720.6
OI0001439,O000578,P00081,1,14690.16,14690.16
OI0001440,O000578,P00095,3,11410.2,34230.600000000006
OI0001441,O000578,P00066,1,7639.92,7639.92
OI0001442,O000578,P00087,5,811.76,4058.8
OI0001443,O000579,P00032,2,2972.8,5945.6
OI0001444,O000580,P00082,1,1976.8,1976.8
OI0001446,O000581,P00079,5,5251.04,26255.2
OI0001447,O000581,P00049,3,11581.53,34744.590000000004
OI0001448,O000581,P00081,2,14690.16,29380.32
OI0001449,O000582,P00038,3,5516.66,16549.98
OI0001450,O000582,P00013,4,15087.03,60348.12
OI0001451,O000582,P00029,4,9560.81,38243.24
OI0001452,O000582,P00015,4,6246.13,24984.52
OI0001453,O000583,P00077,1,2192.74,2192.74
OI0001454,O000583,P00053,5,2768.97,13844.849999999999
OI0001455,O000583,P00088,4,11981.85,47927.4
OI0001456,O000583,P00031,3,9096.12,27288.36
OI0001457,O000584,P00117,4,6333.74,25334.96
OI0001458,O000584,P00007,3,1695.66,5086.9800000000005
OI0001459,O000584,P00035,1,11526.61,11526.61
OI0001460,O000585,P00079,5,5251.04,26255.2
OI0001461,O000586,P00117,5,6333.74,31668.699999999997
OI0001462,O000586,P00046,1,15720.6,15720.6
OI0001463,O000586,P00099,3,10238.47,30715.409999999996
OI0001464,O000587,P00117,3,6333.74,19001.22
OI0001465,O000587,P00048,5,11151.18,55755.9
OI0001466,O000588,P00006,1,15242.13,15242.13
OI0001467,O000588,P00021,2,15831.58,31663.16
OI0001468,O000588,P00037,1,15375.83,15375.83
OI0001469,O000588,P00039,4,11770.16,47080.64
OI0001470,O000589,P00003,5,3596.33,17981.65
OI0001471,O000589,P00002,2,12959.03,25918.06
OI0001472,O000589,P00096,5,2944.05,14720.25
OI0001473,O000589,P00107,2,3734.57,7469.14
OI0001474,O000590,P00084,4,14069.72,56278.88
OI0001475,O000590,P00074,1,7723.94,7723.94
OI0001476,O000590,P00061,4,983.24,3932.96
OI0001477,O000591,P00098,1,4527.84,4527.84
OI0001478,O000591,P00070,5,2586.86,12934.300000000001
OI0001479,O000591,P00092,4,11714.03,46856.12
OI0001480,O000592,P00013,5,15087.03,75435.15000000001
OI0001481,O000593,P00067,2,3120.12,6240.24
OI0001482,O000593,P00093,4,3538.97,14155.88
OI0001483,O000593,P00108,3,14347.63,43042.89
OI0001484,O000593,P00073,2,15455.92,30911.84
OI0001485,O000594,P00041,4,6177.47,24709.88
OI0001486,O000594,P00084,5,14069.72,70348.59999999999
OI0001487,O000594,P00031,1,9096.12,9096.12
OI0001488,O000594,P00042,4,11714.53,46858.12
OI0001489,O000595,P00026,1,4115.14,4115.14
OI0001490,O000595,P00057,4,11330.17,45320.68
OI0001491,O000596,P00052,4,1801.57,7206.28
OI0001492,O000596,P00002,3,12959.03,38877.090000000004
OI0001493,O000596,P00038,5,5516.66,27583.3
OI0001494,O000596,P00016,5,3591.51,17957.550000000003
OI0001495,O000597,P00061,3,983.24,2949.7200000000003
OI0001496,O000597,P00060,2,10636.45,21272.9
OI0001498,O000598,P00026,1,4115.14,4115.14
OI0001499,O000598,P00089,3,5537.28,16611.84
OI0001500,O000599,P00045,1,5431.46,5431.46
OI0001501,O000599,P00081,3,14690.16,44070.479999999996
OI0001502,O000600,P00010,2,14694.37,29388.74
OI0001503,O000600,P00076,2,2930.49,5860.98
OI0001504,O000601,P00043,5,3075.89,15379.449999999999
OI0001505,O000601,P00074,5,7723.94,38619.7
OI0001506,O000601,P00099,4,10238.47,40953.88
OI0001507,O000601,P00110,1,9433.9,9433.9
OI0001508,O000602,P00010,2,14694.37,29388.74
OI0001509,O000602,P00115,4,10635.38,42541.52
OI0001510,O000602,P00007,4,1695.66,6782.64
OI0001511,O000603,P00040,3,2951.4,8854.2
OI0001512,O000603,P00108,5,14347.63,71738.15
OI0001513,O000603,P00067,2,3120.12,6240.24
OI0001514,O000604,P00089,1,5537.28,5537.28
OI0001515,O000604,P00101,4,9471.71,37886.84
OI0001516,O000604,P00033,2,3874.45,7748.9
OI0001517,O000604,P00088,3,11981.85,35945.55
OI0001518,O000605,P00049,2,11581.53,23163.06
OI0001519,O000605,P00048,1,11151.18,11151.18
OI0001520,O000606,P00117,3,6333.74,19001.22
OI0001521,O000607,P00036,5,2532.85,12664.25
OI0001522,O000607,P00081,4,14690.16,58760.64
OI0001523,O000607,P00008,4,387.92,1551.68
OI0001524,O000608,P00091,2,4946.59,9893.18
OI0001525,O000608,P00095,2,11410.2,22820.4
OI0001526,O000609,P00084,1,14069.72,14069.72
OI0001527,O000609,P00079,3,5251.04,15753.119999999999
OI0001528,O000610,P00009,2,13213.04,26426.08
OI0001529,O000611,P00078,5,3389.32,16946.600000000002
OI0001530,O000611,P00026,1,4115.14,4115.14
OI0001531,O000611,P00089,5,5537.28,27686.399999999998
OI0001532,O000612,P00015,1,6246.13,6246.13
OI0001533,O000613,P00082,4,1976.8,7907.2
OI0001534,O000613,P00048,2,11151.18,22302.36
OI0001535,O000614,P00023,5,3040.09,15200.45
OI0001536,O000614,P00036,2,2532.85,5065.7
OI0001537,O000614,P00018,3,10426.0,31278.0
OI0001538,O000615,P00045,5,5431.46,27157.3
OI0001539,O000615,P00099,2,10238.47,20476.94
OI0001540,O000615,P00083,5,14812.87,74064.35
OI0001541,O000616,P00012,2,14499.23,28998.46
OI0001542,O000616,P00066,4,7639.92,30559.68
OI0001543,O000616,P00099,1,10238.47,10238.47
OI0001544,O000617,P00073,5,15455.92,77279.6
OI0001545,O000617,P00049,3,11581.53,34744.590000000004
OI0001546,O000617,P00085,3,9236.97,27710.909999999996
OI0001547,O000618,P00040,5,2951.4,14757.0
OI0001548,O000618,P00021,1,15831.58,15831.58
OI0001549,O000618,P00060,5,10636.45,53182.25
OI0001550,O000619,P00077,4,2192.74,8770.96
OI0001551,O000619,P00044,2,10305.42,20610.84
OI0001552,O000619,P00062,5,5900.1,29500.5
OI0001553,O000620,P00073,2,15455.92,30911.84
OI0001554,O000620,P00097,3,721.52,2164.56
OI0001555,O000621,P00001,2,7519.88,15039.76
OI0001556,O000621,P00085,1,9236.97,9236.97
OI0001557,O000621,P00019,2,1162.47,2324.94
OI0001558,O000621,P00026,2,4115.14,8230.28
OI0001559,O000622,P00090,4,13515.98,54063.92
OI0001560,O000622,P00028,2,5804.91,11609.82
OI0001561,O000622,P00117,1,6333.74,6333.74
OI0001562,O000622,P00061,3,983.24,2949.7200000000003
OI0001563,O000623,P00077,3,2192.74,6578.219999999999
OI0001564,O000623,P00051,5,14130.98,70654.9
OI0001565,O000623,P00069,5,4360.73,21803.649999999998
OI0001566,O000623,P00010,2,14694.37,29388.74
OI0001567,O000624,P00064,1,605.62,605.62
OI0001568,O000624,P00025,4,8564.03,34256.12
OI0001569,O000625,P00005,2,10898.5,21797.0
OI0001570,O000625,P00034,5,209.8,1049.0
OI0001571,O000625,P00054,4,516.23,2064.92
OI0001572,O000625,P00023,3,3040.09,9120.27
OI0001573,O000626,P00074,4,7723.94,30895.76
OI0001574,O000626,P00065,1,7681.42,7681.42
OI0001575,O000627,P00078,4,3389.32,13557.28
OI0001576,O000628,P00101,2,9471.71,18943.42
OI0001577,O000629,P00026,5,4115.14,20575.7
OI0001578,O000629,P00066,4,7639.92,30559.68
OI0001579,O000629,P00105,4,10494.08,41976.32
OI0001580,O000630,P00087,1,811.76,811.76
OI0001581,O000630,P00038,2,5516.66,11033.32
OI0001582,O000630,P00099,4,10238.47,40953.88
OI0001583,O000631,P00032,1,2972.8,2972.8
OI0001584,O000631,P00023,2,3040.09,6080.18
OI0001585,O000631,P00011,4,3323.46,13293.84
OI0001586,O000631,P00069,3,4360.73,13082.189999999999
OI0001587,O000632,P00006,1,15242.13,15242.13
OI0001588,O000632,P00010,1,14694.37,14694.37
OI0001589,O000632,P00042,1,11714.53,11714.53
OI0001590,O000632,P00048,3,11151.18,33453.54
OI0001591,O000633,P00015,3,6246.13,18738.39
OI0001592,O000633,P00102,5,13433.93,67169.65
OI0001593,O000633,P00025,2,8564.03,17128.06
OI0001594,O000633,P00074,1,7723.94,7723.94
OI0001595,O000634,P00078,4,3389.32,13557.28
OI0001596,O000635,P00085,4,9236.97,36947.88
OI0001597,O000635,P00017,3,7245.98,21737.94
OI0001598,O000635,P00036,2,2532.85,5065.7
OI0001599,O000635,P00035,3,11526.61,34579.83
OI0001600,O000636,P00070,5,2586.86,12934.300000000001
OI0001601,O000636,P00050,3,11773.84,35321.520000000004
OI0001602,O000636,P00061,4,983.24,3932.96
OI0001603,O000637,P00081,4,14690.16,58760.64
OI0001604,O000638,P00058,1,2681.24,2681.24
OI0001605,O000638,P00087,5,811.76,4058.8
OI0001606,O000638,P00060,3,10636.45,31909.350000000002
OI0001607,O000639,P00049,1,11581.53,11581.53
OI0001608,O000639,P00078,2,3389.32,6778.64
OI0001609,O000640,P00046,5,15720.6,78603.0
OI0001610,O000640,P00097,3,721.52,2164.56
OI0001611,O000640,P00028,3,5804.91,17414.73
OI0001612,O000640,P00054,5,516.23,2581.15
OI0001613,O000641,P00052,1,1801.57,1801.57
OI0001614,O000641,P00037,3,15375.83,46127.49
OI0001615,O000642,P00080,2,8989.55,17979.1
OI0001616,O000643,P00022,4,5634.74,22538.96
OI0001617,O000643,P00073,3,15455.92,46367.76
OI0001618,O000644,P00023,2,3040.09,6080.18
OI0001619,O000644,P00061,3,983.24,2949.7200000000003
OI0001620,O000645,P00102,4,13433.93,53735.72
OI0001621,O000645,P00023,1,3040.09,3040.09
OI0001622,O000646,P00111,1,9070.02,9070.02
OI0001623,O000646,P00067,3,3120.12,9360.36
OI0001624,O000646,P00061,5,983.24,4916.2
OI0001625,O000646,P00050,5,11773.84,58869.2
OI0001626,O000647,P00047,4,7255.75,29023.0
OI0001627,O000648,P00098,1,4527.84,4527.84
OI0001628,O000648,P00106,3,14600.94,43802.82
OI0001629,O000648,P00075,3,8132.2,24396.6
OI0001630,O000649,P00097,3,721.52,2164.56
OI0001631,O000649,P00032,3,2972.8,8918.400000000001
OI0001632,O000649,P00034,3,209.8,629.4000000000001
OI0001633,O000649,P00044,5,10305.42,51527.1
OI0001634,O000650,P00040,5,2951.4,14757.0
OI0001635,O000650,P00092,4,11714.03,46856.12
OI0001636,O000650,P00021,3,15831.58,47494.74
OI0001637,O000651,P00109,2,3646.7,7293.4
OI0001638,O000652,P00045,2,5431.46,10862.92
OI0001639,O000652,P00083,5,14812.87,74064.35
OI0001640,O000653,P00002,2,12959.03,25918.06
OI0001641,O000653,P00086,2,4550.54,9101.08
OI0001642,O000653,P00009,5,13213.04,66065.20000000001
OI0001643,O000653,P00044,1,10305.42,10305.42
OI0001644,O000654,P00095,3,11410.2,34230.600000000006
OI0001645,O000654,P00026,4,4115.14,16460.56
OI0001646,O000655,P00058,5,2681.24,13406.199999999999
OI0001647,O000656,P00023,5,3040.09,15200.45
OI0001648,O000656,P00006,2,15242.13,30484.26
OI0001649,O000656,P00078,1,3389.32,3389.32
OI0001650,O000656,P00035,2,11526.61,23053.22
OI0001651,O000657,P00060,1,10636.45,10636.45
OI0001652,O000657,P00013,1,15087.03,15087.03
OI0001653,O000657,P00069,1,4360.73,4360.73
OI0001654,O000657,P00113,4,13810.57,55242.28
OI0001655,O000658,P00093,4,3538.97,14155.88
OI0001656,O000659,P00077,2,2192.74,4385.48
OI0001657,O000659,P00035,4,11526.61,46106.44
OI0001658,O000659,P00064,3,605.62,1816.8600000000001
OI0001659,O000659,P00081,5,14690.16,73450.8
OI0001660,O000660,P00063,3,13216.58,39649.74
OI0001661,O000660,P00001,5,7519.88,37599.4
OI0001662,O000661,P00044,2,10305.42,20610.84
OI0001663,O000661,P00082,1,1976.8,1976.8
OI0001664,O000661,P00088,2,11981.85,23963.7
OI0001665,O000661,P00069,3,4360.73,13082.189999999999
OI0001666,O000662,P00042,2,11714.53,23429.06
OI0001667,O000662,P00021,2,15831.58,31663.16
OI0001668,O000663,P00100,3,6083.97,18251.91
OI0001669,O000663,P00093,3,3538.97,10616.91
OI0001670,O000663,P00035,3,11526.61,34579.83
OI0001671,O000663,P00030,3,11313.56,33940.68
OI0001672,O000664,P00053,3,2768.97,8306.91
OI0001673,O000665,P00085,3,9236.97,27710.909999999996
OI0001674,O000665,P00092,3,11714.03,35142.090000000004
OI0001675,O000666,P00110,2,9433.9,18867.8
OI0001676,O000666,P00036,4,2532.85,10131.4
OI0001677,O000666,P00014,5,13181.63,65908.15
OI0001678,O000666,P00010,1,14694.37,14694.37
OI0001679,O000667,P00008,3,387.92,1163.76
OI0001680,O000667,P00013,4,15087.03,60348.12
OI0001681,O000667,P00082,1,1976.8,1976.8
OI0001682,O000667,P00044,1,10305.42,10305.42
OI0001683,O000668,P00072,4,8945.91,35783.64
OI0001684,O000668,P00012,5,14499.23,72496.15
OI0001685,O000669,P00112,3,7810.47,23431.41
OI0001686,O000670,P00047,3,7255.75,21767.25
OI0001687,O000670,P00043,1,3075.89,3075.89
OI0001688,O000670,P00026,4,4115.14,16460.56
OI0001689,O000670,P00087,4,811.76,3247.04
OI0001690,O000671,P00102,3,13433.93,40301.79
OI0001691,O000671,P00069,1,4360.73,4360.73
OI0001692,O000671,P00063,5,13216.58,66082.9
OI0001693,O000672,P00074,4,7723.94,30895.76
OI0001694,O000673,P00084,1,14069.72,14069.72
OI0001695,O000673,P00043,5,3075.89,15379.449999999999
OI0001696,O000674,P00001,4,7519.88,30079.52
OI0001697,O000674,P00080,2,8989.55,17979.1
OI0001698,O000674,P00107,2,3734.57,7469.14
OI0001699,O000675,P00115,5,10635.38,53176.899999999994
OI0001700,O000675,P00113,2,13810.57,27621.14
OI0001701,O000675,P00092,2,11714.03,23428.06
OI0001702,O000676,P00119,2,14522.12,29044.24
OI0001703,O000676,P00030,2,11313.56,22627.12
OI0001704,O000676,P00085,3,9236.97,27710.909999999996
OI0001705,O000677,P00016,4,3591.51,14366.04
OI0001706,O000677,P00107,2,3734.57,7469.14
OI0001707,O000677,P00049,4,11581.53,46326.12
OI0001708,O000677,P00004,2,11435.29,22870.58
OI0001709,O000678,P00097,1,721.52,721.52
OI0001710,O000678,P00027,5,12270.99,61354.95
OI0001712,O000679,P00066,4,7639.92,30559.68
OI0001713,O000679,P00015,1,6246.13,6246.13
OI0001714,O000679,P00059,3,15594.5,46783.5
OI0001715,O000680,P00113,3,13810.57,41431.71
OI0001716,O000680,P00061,2,983.24,1966.48
OI0001717,O000680,P00003,1,3596.33,3596.33
OI0001718,O000680,P00036,2,2532.85,5065.7
OI0001719,O000681,P00106,2,14600.94,29201.88
OI0001720,O000681,P00021,2,15831.58,31663.16
OI0001721,O000681,P00054,2,516.23,1032.46
OI0001722,O000681,P00023,1,3040.09,3040.09
OI0001723,O000682,P00101,1,9471.71,9471.71
OI0001724,O000683,P00021,1,15831.58,15831.58
OI0001725,O000683,P00013,2,15087.03,30174.06
OI0001726,O000684,P00040,4,2951.4,11805.6
OI0001727,O000685,P00062,4,5900.1,23600.4
OI0001728,O000686,P00085,1,9236.97,9236.97
OI0001729,O000686,P00011,3,3323.46,9970.380000000001
OI0001730,O000687,P00086,3,4550.54,13651.619999999999
OI0001731,O000687,P00076,2,2930.49,5860.98
OI0001732,O000687,P00067,3,3120.12,9360.36
OI0001733,O000687,P00074,5,7723.94,38619.7
OI0001734,O000688,P00019,1,1162.47,1162.47
OI0001735,O000689,P00081,5,14690.16,73450.8
OI0001736,O000689,P00112,2,7810.47,15620.94
OI0001737,O000690,P00044,3,10305.42,30916.260000000002
OI0001738,O000690,P00115,4,10635.38,42541.52
OI0001739,O000690,P00024,4,661.99,2647.96
OI0001740,O000691,P00013,4,15087.03,60348.12
OI0001741,O000691,P00030,1,11313.56,11313.56
OI0001742,O000692,P00051,5,14130.98,70654.9
OI0001743,O000692,P00105,2,10494.08,20988.16
OI0001744,O000693,P00089,2,5537.28,11074.56
OI0001745,O000693,P00068,1,7242.25,7242.25
OI0001746,O000694,P00070,4,2586.86,10347.44
OI0001747,O000694,P00079,3,5251.04,15753.119999999999
OI0001749,O000695,P00042,3,11714.53,35143.590000000004
OI0001750,O000695,P00018,3,10426.0,31278.0
OI0001751,O000695,P00093,5,3538.97,17694.85
OI0001752,O000696,P00098,2,4527.84,9055.68
OI0001753,O000696,P00104,2,13741.36,27482.72
OI0001754,O000697,P00036,4,2532.85,10131.4
OI0001755,O000697,P00018,5,10426.0,52130.0
OI0001756,O000698,P00002,5,12959.03,64795.15
OI0001757,O000698,P00082,1,1976.8,1976.8
OI0001758,O000698,P00016,5,3591.51,17957.550000000003
OI0001759,O000699,P00020,3,6822.91,20468.73
OI0001760,O000699,P00010,1,14694.37,14694.37
OI0001761,O000699,P00113,3,13810.57,41431.71
OI0001762,O000699,P00097,4,721.52,2886.08
OI0001763,O000700,P00031,4,9096.12,36384.48
OI0001764,O000700,P00112,4,7810.47,31241.88
OI0001765,O000700,P00109,1,3646.7,3646.7
OI0001766,O000701,P00002,1,12959.03,12959.03
OI0001767,O000702,P00072,4,8945.91,35783.64
OI0001768,O000702,P00078,4,3389.32,13557.28
OI0001769,O000702,P00108,1,14347.63,14347.63
OI0001770,O000702,P00073,1,15455.92,15455.92
OI0001771,O000703,P00092,4,11714.03,46856.12
OI0001772,O000703,P00096,5,2944.05,14720.25
OI0001773,O000703,P00006,1,15242.13,15242.13
OI0001774,O000703,P00045,4,5431.46,21725.84
OI0001775,O000704,P00013,4,15087.03,60348.12
OI0001776,O000704,P00038,4,5516.66,22066.64
OI0001777,O000704,P00118,3,5621.04,16863.12
OI0001778,O000705,P00059,3,15594.5,46783.5
OI0001779,O000705,P00090,2,13515.98,27031.96
OI0001780,O000705,P00082,5,1976.8,9884.0
OI0001781,O000706,P00041,3,6177.47,18532.41
OI0001782,O000706,P00107,1,3734.57,3734.57
OI0001783,O000707,P00045,3,5431.46,16294.380000000001
OI0001784,O000707,P00044,2,10305.42,20610.84
OI0001785,O000707,P00104,1,13741.36,13741.36
OI0001786,O000707,P00057,3,11330.17,33990.51
OI0001787,O000708,P00026,1,4115.14,4115.14
OI0001788,O000709,P00051,4,14130.98,56523.92
OI0001789,O000709,P00018,3,10426.0,31278.0
OI0001790,O000709,P00118,1,5621.04,5621.04
OI0001791,O000710,P00064,2,605.62,1211.24
OI0001792,O000711,P00110,5,9433.9,47169.5
OI0001793,O000712,P00081,4,14690.16,58760.64
OI0001794,O000712,P00074,3,7723.94,23171.82
OI0001795,O000712,P00114,3,2567.88,7703.64
OI0001796,O000712,P00116,3,15959.01,47877.03
OI0001797,O000713,P00102,5,13433.93,67169.65
OI0001798,O000713,P00069,5,4360.73,21803.649999999998
OI0001799,O000714,P00092,5,11714.03,58570.15
OI0001800,O000714,P00090,2,13515.98,27031.96
OI0001801,O000714,P00083,5,14812.87,74064.35
OI0001802,O000715,P00072,3,8945.91,26837.73
OI0001803,O000715,P00084,2,14069.72,28139.44
OI0001804,O000715,P00008,3,387.92,1163.76
OI0001805,O000715,P00115,3,10635.38,31906.14
OI0001806,O000716,P00085,3,9236.97,27710.909999999996
OI0001807,O000716,P00058,3,2681.24,8043.719999999999
OI0001808,O000717,P00111,1,9070.02,9070.02
OI0001809,O000717,P00001,3,7519.88,22559.64
OI0001810,O000717,P00079,1,5251.04,5251.04
OI0001811,O000718,P00107,1,3734.57,3734.57
OI0001812,O000718,P00024,4,661.99,2647.96
OI0001813,O000719,P00090,3,13515.98,40547.94
OI0001814,O000719,P00061,3,983.24,2949.7200000000003
OI0001815,O000719,P00018,4,10426.0,41704.0
OI0001816,O000719,P00109,4,3646.7,14586.8
OI0001817,O000720,P00044,4,10305.42,41221.68
OI0001818,O000721,P00013,5,15087.03,75435.15000000001
OI0001819,O000721,P00022,3,5634.74,16904.22
OI0001820,O000721,P00001,1,7519.88,7519.88
OI0001821,O000722,P00082,4,1976.8,7907.2
OI0001822,O000722,P00080,2,8989.55,17979.1
OI0001823,O000723,P00065,4,7681.42,30725.68
OI0001824,O000723,P00020,1,6822.91,6822.91
OI0001825,O000724,P00116,4,15959.01,63836.04
OI0001826,O000724,P00013,2,15087.03,30174.06
OI0001827,O000725,P00044,2,10305.42,20610.84
OI0001828,O000726,P00109,5,3646.7,18233.5
OI0001829,O000727,P00037,2,15375.83,30751.66
OI0001830,O000727,P00042,2,11714.53,23429.06
OI0001831,O000728,P00079,3,5251.04,15753.119999999999
OI0001832,O000728,P00050,1,11773.84,11773.84
OI0001833,O000728,P00040,1,2951.4,2951.4
OI0001834,O000728,P00064,1,605.62,605.62
OI0001835,O000729,P00069,1,4360.73,4360.73
OI0001836,O000730,P00066,1,7639.92,7639.92
OI0001837,O000730,P00048,1,11151.18,11151.18
OI0001838,O000731,P00074,5,7723.94,38619.7
OI0001839,O000731,P00082,4,1976.8,7907.2
OI0001840,O000732,P00023,2,3040.09,6080.18
OI0001841,O000732,P00050,4,11773.84,47095.36
OI0001842,O000732,P00106,2,14600.94,29201.88
OI0001843,O000733,P00027,3,12270.99,36812.97
OI0001844,O000733,P00113,1,13810.57,13810.57
OI0001845,O000733,P00084,4,14069.72,56278.88
OI0001846,O000734,P00017,1,7245.98,7245.98
OI0001847,O000734,P00085,1,9236.97,9236.97
OI0001848,O000734,P00089,4,5537.28,22149.12
OI0001849,O000734,P00029,5,9560.81,47804.049999999996
OI0001850,O000735,P00051,2,14130.98,28261.96
OI0001851,O000736,P00062,1,5900.1,5900.1
OI0001852,O000736,P00014,2,13181.63,26363.26
OI0001853,O000736,P00015,1,6246.13,6246.13
OI0001854,O000736,P00030,5,11313.56,56567.799999999996
OI0001855,O000737,P00073,1,15455.92,15455.92
OI0001856,O000738,P00038,1,5516.66,5516.66
OI0001857,O000738,P00065,2,7681.42,15362.84
OI0001858,O000739,P00072,5,8945.91,44729.55
OI0001859,O000739,P00021,1,15831.58,15831.58
OI0001860,O000739,P00019,1,1162.47,1162.47
OI0001862,O000740,P00014,1,13181.63,13181.63
OI0001863,O000741,P00073,5,15455.92,77279.6
OI0001864,O000742,P00088,5,11981.85,59909.25
OI0001865,O000742,P00063,4,13216.58,52866.32
OI0001866,O000743,P00082,4,1976.8,7907.2
OI0001867,O000743,P00094,2,13171.07,26342.14
OI0001868,O000743,P00023,1,3040.09,3040.09
OI0001869,O000744,P00017,2,7245.98,14491.96
OI0001870,O000744,P00108,4,14347.63,57390.52
OI0001871,O000744,P00081,4,14690.16,58760.64
OI0001872,O000744,P00046,4,15720.6,62882.4
OI0001873,O000745,P00092,5,11714.03,58570.15
OI0001874,O000745,P00025,5,8564.03,42820.15
OI0001875,O000746,P00070,4,2586.86,10347.44
OI0001876,O000747,P00085,5,9236.97,46184.85
OI0001877,O000747,P00050,4,11773.84,47095.36
OI0001878,O000748,P00074,2,7723.94,15447.88
OI0001879,O000748,P00101,4,9471.71,37886.84
OI0001880,O000748,P00103,2,632.72,1265.44
OI0001881,O000748,P00026,4,4115.14,16460.56
OI0001882,O000749,P00003,1,3596.33,3596.33
OI0001883,O000750,P00040,1,2951.4,2951.4
OI0001884,O000750,P00108,3,14347.63,43042.89
OI0001885,O000751,P00116,2,15959.01,31918.02
OI0001886,O000751,P00113,1,13810.57,13810.57
OI0001887,O000752,P00015,2,6246.13,12492.26
OI0001888,O000752,P00085,1,9236.97,9236.97
OI0001889,O000753,P00120,5,13556.62,67783.1
OI0001890,O000753,P00057,1,11330.17,11330.17
OI0001891,O000753,P00075,5,8132.2,40661.0
OI0001892,O000754,P00118,2,5621.04,11242.08
OI0001893,O000754,P00020,3,6822.91,20468.73
OI0001894,O000754,P00015,1,6246.13,6246.13
OI0001895,O000754,P00120,4,13556.62,54226.48
OI0001896,O000755,P00063,3,13216.58,39649.74
OI0001897,O000756,P00096,4,2944.05,11776.2
OI0001898,O000756,P00098,3,4527.84,13583.52
OI0001899,O000756,P00085,2,9236.97,18473.94
OI0001900,O000757,P00049,3,11581.53,34744.590000000004
OI0001901,O000757,P00050,3,11773.84,35321.520000000004
OI0001902,O000757,P00005,5,10898.5,54492.5
OI0001903,O000757,P00089,4,5537.28,22149.12
OI0001904,O000758,P00117,4,6333.74,25334.96
OI0001905,O000759,P00104,2,13741.36,27482.72
OI0001907,O000761,P00081,1,14690.16,14690.16
OI0001908,O000761,P00112,1,7810.47,7810.47
OI0001909,O000761,P00043,2,3075.89,6151.78
OI0001910,O000761,P00101,1,9471.71,9471.71
OI0001911,O000762,P00050,3,11773.84,35321.520000000004
OI0001912,O000763,P00057,2,11330.17,22660.34
OI0001913,O000764,P00090,1,13515.98,13515.98
OI0001914,O000765,P00028,3,5804.91,17414.73
OI0001916,O000765,P00033,3,3874.45,11623.349999999999
OI0001917,O000766,P00080,4,8989.55,35958.2
OI0001918,O000767,P00090,1,13515.98,13515.98
OI0001919,O000767,P00088,3,11981.85,35945.55
OI0001920,O000767,P00078,4,3389.32,13557.28
OI0001921,O000768,P00089,3,5537.28,16611.84
OI0001922,O000769,P00054,3,516.23,1548.69
OI0001923,O000769,P00004,2,11435.29,22870.58
OI0001924,O000769,P00112,1,7810.47,7810.47
OI0001925,O000769,P00018,2,10426.0,20852.0
OI0001926,O000770,P00044,4,10305.42,41221.68
OI0001927,O000770,P00026,3,4115.14,12345.420000000002
OI0001928,O000770,P00003,5,3596.33,17981.65
OI0001929,O000771,P00046,1,15720.6,15720.6
OI0001930,O000772,P00040,2,2951.4,5902.8
OI0001931,O000773,P00104,2,13741.36,27482.72
OI0001932,O000773,P00089,4,5537.28,22149.12
OI0001933,O000773,P00111,4,9070.02,36280.08
OI0001934,O000774,P00101,5,9471.71,47358.549999999996
OI0001935,O000774,P00036,2,2532.85,5065.7
OI0001936,O000774,P00072,3,8945.91,26837.73
OI0001937,O000774,P00044,5,10305.42,51527.1
OI0001938,O000775,P00114,1,2567.88,2567.88
OI0001939,O000775,P00003,2,3596.33,7192.66
OI0001940,O000775,P00041,1,6177.47,6177.47
OI0001941,O000775,P00066,4,7639.92,30559.68
OI0001942,O000776,P00109,4,3646.7,14586.8
OI0001943,O000776,P00100,1,6083.97,6083.97
OI0001944,O000776,P00008,5,387.92,1939.6000000000001
OI0001945,O000777,P00119,5,14522.12,72610.6
OI0001946,O000777,P00077,1,2192.74,2192.74
OI0001947,O000778,P00039,3,11770.16,35310.479999999996
OI0001948,O000779,P00058,4,2681.24,10724.96
OI0001949,O000779,P00081,5,14690.16,73450.8
OI0001950,O000780,P00042,1,11714.53,11714.53
OI0001951,O000780,P00003,3,3596.33,10788.99
OI0001952,O000781,P00081,4,14690.16,58760.64
OI0001953,O000782,P00114,5,2567.88,12839.400000000001
OI0001954,O000783,P00092,1,11714.03,11714.03
OI0001955,O000783,P00031,3,9096.12,27288.36
OI0001956,O000784,P00089,1,5537.28,5537.28
OI0001957,O000784,P00020,4,6822.91,27291.64
OI0001958,O000784,P00071,3,12968.25,38904.75
OI0001959,O000784,P00106,1,14600.94,14600.94
OI0001960,O000785,P00098,2,4527.84,9055.68
OI0001961,O000785,P00030,2,11313.56,22627.12
OI0001962,O000786,P00071,5,12968.25,64841.25
OI0001963,O000786,P00009,2,13213.04,26426.08
OI0001964,O000786,P00006,1,15242.13,15242.13
OI0001965,O000786,P00026,1,4115.14,4115.14
OI0001966,O000787,P00066,2,7639.92,15279.84
OI0001967,O000787,P00050,3,11773.84,35321.520000000004
OI0001968,O000787,P00021,3,15831.58,47494.74
OI0001969,O000788,P00050,1,11773.84,11773.84
OI0001970,O000789,P00047,2,7255.75,14511.5
OI0001971,O000789,P00060,3,10636.45,31909.350000000002
OI0001972,O000789,P00007,1,1695.66,1695.66
OI0001973,O000790,P00093,5,3538.97,17694.85
OI0001974,O000790,P00042,4,11714.53,46858.12
OI0001975,O000790,P00059,5,15594.5,77972.5
OI0001976,O000790,P00051,2,14130.98,28261.96
OI0001977,O000791,P00057,5,11330.17,56650.85
OI0001978,O000791,P00049,1,11581.53,11581.53
OI0001979,O000791,P00094,2,13171.07,26342.14
OI0001980,O000792,P00039,2,11770.16,23540.32
OI0001981,O000793,P00023,2,3040.09,6080.18
OI0001982,O000793,P00002,5,12959.03,64795.15
OI0001983,O000793,P00015,3,6246.13,18738.39
OI0001984,O000793,P00012,5,14499.23,72496.15
OI0001985,O000794,P00004,4,11435.29,45741.16
OI0001986,O000794,P00005,1,10898.5,10898.5
OI0001987,O000794,P00064,1,605.62,605.62
OI0001988,O000794,P00056,3,8842.33,26526.989999999998
OI0001989,O000795,P00031,4,9096.12,36384.48
OI0001990,O000795,P00089,1,5537.28,5537.28
OI0001991,O000796,P00077,3,2192.74,6578.219999999999
OI0001992,O000797,P00095,4,11410.2,45640.8
OI0001993,O000797,P00082,4,1976.8,7907.2
OI0001994,O000797,P00045,3,5431.46,16294.380000000001
OI0001995,O000798,P00114,3,2567.88,7703.64
OI0001996,O000798,P00018,4,10426.0,41704.0
OI0001997,O000798,P00043,2,3075.89,6151.78
OI0001998,O000799,P00109,5,3646.7,18233.5
OI0001999,O000799,P00103,2,632.72,1265.44
OI0002000,O000800,P00067,1,3120.12,3120.12
OI0002001,O000801,P00094,3,13171.07,39513.21
OI0002002,O000801,P00108,4,14347.63,57390.52
OI0002003,O000801,P00103,4,632.72,2530.88
OI0002004,O000802,P00107,2,3734.57,7469.14
OI0002005,O000802,P00089,5,5537.28,27686.399999999998
OI0002006,O000803,P00070,1,2586.86,2586.86
OI0002007,O000803,P00082,2,1976.8,3953.6
OI0002008,O000804,P00009,3,13213.04,39639.12
OI0002009,O000805,P00039,5,11770.16,58850.8
OI0002010,O000805,P00055,4,5599.57,22398.28
OI0002011,O000806,P00111,5,9070.02,45350.100000000006
OI0002012,O000806,P00103,4,632.72,2530.88
OI0002013,O000806,P00050,5,11773.84,58869.2
OI0002014,O000806,P00097,4,721.52,2886.08
OI0002015,O000807,P00093,1,3538.97,3538.97
OI0002016,O000807,P00107,3,3734.57,11203.710000000001
OI0002017,O000808,P00013,5,15087.03,75435.15000000001
OI0002018,O000808,P00002,1,12959.03,12959.03
OI0002019,O000808,P00088,4,11981.85,47927.4
OI0002020,O000808,P00017,2,7245.98,14491.96
OI0002021,O000809,P00033,5,3874.45,19372.25
OI0002022,O000810,P00006,5,15242.13,76210.65
OI0002023,O000810,P00038,1,5516.66,5516.66
OI0002024,O000811,P00029,5,9560.81,47804.049999999996
OI0002025,O000811,P00044,2,10305.42,20610.84
OI0002026,O000812,P00064,4,605.62,2422.48
OI0002027,O000812,P00047,5,7255.75,36278.75
OI0002028,O000812,P00102,3,13433.93,40301.79
OI0002029,O000812,P00090,1,13515.98,13515.98
OI0002030,O000813,P00061,2,983.24,1966.48
OI0002031,O000813,P00052,2,1801.57,3603.14
OI0002032,O000813,P00065,2,7681.42,15362.84
OI0002033,O000814,P00009,5,13213.04,66065.20000000001
OI0002034,O000814,P00102,5,13433.93,67169.65
OI0002035,O000814,P00085,2,9236.97,18473.94
OI0002036,O000814,P00024,2,661.99,1323.98
OI0002037,O000815,P00068,3,7242.25,21726.75
OI0002038,O000816,P00085,4,9236.97,36947.88
OI0002039,O000816,P00061,1,983.24,983.24
OI0002040,O000817,P00111,1,9070.02,9070.02
OI0002041,O000817,P00098,1,4527.84,4527.84
OI0002042,O000818,P00106,4,14600.94,58403.76
OI0002043,O000818,P00034,4,209.8,839.2
OI0002044,O000819,P00051,2,14130.98,28261.96
OI0002045,O000819,P00058,2,2681.24,5362.48
OI0002046,O000819,P00078,5,3389.32,16946.600000000002
OI0002047,O000820,P00099,1,10238.47,10238.47
OI0002048,O000820,P00010,5,14694.37,73471.85
OI0002049,O000820,P00056,2,8842.33,17684.66
OI0002050,O000820,P00077,1,2192.74,2192.74
OI0002051,O000821,P00118,4,5621.04,22484.16
OI0002052,O000821,P00040,4,2951.4,11805.6
OI0002053,O000821,P00110,5,9433.9,47169.5
OI0002054,O000822,P00044,1,10305.42,10305.42
OI0002055,O000822,P00069,3,4360.73,13082.189999999999
OI0002056,O000822,P00067,3,3120.12,9360.36
OI0002057,O000822,P00079,2,5251.04,10502.08
OI0002058,O000823,P00106,5,14600.94,73004.7
OI0002059,O000823,P00043,3,3075.89,9227.67
OI0002060,O000824,P00103,3,632.72,1898.16
OI0002061,O000824,P00099,3,10238.47,30715.409999999996
OI0002062,O000825,P00082,5,1976.8,9884.0
OI0002063,O000825,P00032,3,2972.8,8918.400000000001
OI0002064,O000825,P00027,4,12270.99,49083.96
OI0002065,O000826,P00033,1,3874.45,3874.45
OI0002066,O000827,P00119,5,14522.12,72610.6
OI0002067,O000827,P00064,3,605.62,1816.8600000000001
OI0002068,O000827,P00059,4,15594.5,62378.0
OI0002069,O000828,P00016,1,3591.51,3591.51
OI0002070,O000828,P00018,1,10426.0,10426.0
OI0002071,O000828,P00024,1,661.99,661.99
OI0002072,O000829,P00006,5,15242.13,76210.65
OI0002073,O000829,P00115,1,10635.38,10635.38
OI0002074,O000830,P00119,2,14522.12,29044.24
OI0002075,O000830,P00071,5,12968.25,64841.25
OI0002076,O000830,P00046,2,15720.6,31441.2
OI0002077,O000831,P00104,1,13741.36,13741.36
OI0002078,O000831,P00063,4,13216.58,52866.32
OI0002079,O000831,P00016,4,3591.51,14366.04
OI0002080,O000832,P00056,5,8842.33,44211.65
OI0002081,O000832,P00075,4,8132.2,32528.8
OI0002082,O000832,P00111,1,9070.02,9070.02
OI0002083,O000833,P00003,2,3596.33,7192.66
OI0002084,O000833,P00070,4,2586.86,10347.44
OI0002085,O000833,P00098,5,4527.84,22639.2
OI0002086,O000833,P00035,1,11526.61,11526.61
OI0002087,O000834,P00022,2,5634.74,11269.48
OI0002088,O000834,P00101,4,9471.71,37886.84
OI0002089,O000834,P00052,3,1801.57,5404.71
OI0002090,O000834,P00027,4,12270.99,49083.96
OI0002091,O000835,P00092,5,11714.03,58570.15
OI0002092,O000835,P00103,4,632.72,2530.88
OI0002093,O000835,P00003,4,3596.33,14385.32
OI0002094,O000835,P00050,4,11773.84,47095.36
OI0002095,O000836,P00029,5,9560.81,47804.049999999996
OI0002096,O000836,P00110,5,9433.9,47169.5
OI0002097,O000837,P00012,5,14499.23,72496.15
OI0002098,O000837,P00079,1,5251.04,5251.04
OI0002099,O000838,P00030,3,11313.56,33940.68
OI0002100,O000838,P00053,1,2768.97,2768.97
OI0002101,O000839,P00055,1,5599.57,5599.57
OI0002102,O000839,P00115,2,10635.38,21270.76
OI0002103,O000839,P00022,1,5634.74,5634.74
OI0002104,O000839,P00031,1,9096.12,9096.12
OI0002105,O000840,P00069,2,4360.73,8721.46
OI0002106,O000840,P00120,1,13556.62,13556.62
OI0002107,O000841,P00051,2,14130.98,28261.96
OI0002108,O000842,P00074,4,7723.94,30895.76
OI0002109,O000842,P00101,2,9471.71,18943.42
OI0002110,O000842,P00036,2,2532.85,5065.7
OI0002111,O000843,P00087,5,811.76,4058.8
OI0002112,O000843,P00097,5,721.52,3607.6
OI0002113,O000843,P00051,5,14130.98,70654.9
OI0002114,O000843,P00071,5,12968.25,64841.25
OI0002115,O000844,P00104,2,13741.36,27482.72
OI0002116,O000844,P00005,3,10898.5,32695.5
OI0002117,O000845,P00097,2,721.52,1443.04
OI0002118,O000845,P00003,2,3596.33,7192.66
OI0002119,O000846,P00033,4,3874.45,15497.8
OI0002120,O000846,P00063,2,13216.58,26433.16
OI0002121,O000846,P00052,4,1801.57,7206.28
OI0002122,O000846,P00060,2,10636.45,21272.9
OI0002123,O000847,P00010,5,14694.37,73471.85
OI0002124,O000847,P00077,1,2192.74,2192.74
OI0002125,O000847,P00038,4,5516.66,22066.64
OI0002126,O000847,P00046,3,15720.6,47161.8
OI0002127,O000848,P00081,3,14690.16,44070.479999999996
OI0002128,O000848,P00067,4,3120.12,12480.48
OI0002129,O000849,P00114,4,2567.88,10271.52
OI0002130,O000850,P00120,4,13556.62,54226.48
OI0002131,O000850,P00106,4,14600.94,58403.76
OI0002132,O000851,P00079,4,5251.04,21004.16
OI0002133,O000852,P00054,2,516.23,1032.46
OI0002134,O000852,P00103,5,632.72,3163.6000000000004
OI0002135,O000853,P00029,4,9560.81,38243.24
OI0002136,O000854,P00079,4,5251.04,21004.16
OI0002137,O000854,P00094,3,13171.07,39513.21
OI0002138,O000854,P00048,5,11151.18,55755.9
OI0002139,O000855,P00104,2,13741.36,27482.72
OI0002140,O000855,P00077,1,2192.74,2192.74
OI0002141,O000855,P00100,3,6083.97,18251.91
OI0002142,O000856,P00103,1,632.72,632.72
OI0002143,O000856,P00111,5,9070.02,45350.100000000006
OI0002144,O000856,P00033,2,3874.45,7748.9
OI0002145,O000857,P00054,1,516.23,516.23
OI0002146,O000857,P00073,5,15455.92,77279.6
OI0002147,O000857,P00043,1,3075.89,3075.89
OI0002148,O000857,P00039,1,11770.16,11770.16
OI0002149,O000858,P00113,5,13810.57,69052.85
OI0002150,O000858,P00063,4,13216.58,52866.32
OI0002151,O000858,P00119,3,14522.12,43566.36
OI0002152,O000858,P00051,2,14130.98,28261.96
OI0002153,O000859,P00020,5,6822.91,34114.55
OI0002154,O000860,P00005,3,10898.5,32695.5
OI0002155,O000860,P00018,3,10426.0,31278.0
OI0002156,O000861,P00013,1,15087.03,15087.03
OI0002158,O000861,P00075,2,8132.2,16264.4
OI0002159,O000862,P00018,5,10426.0,52130.0
OI0002160,O000862,P00009,2,13213.04,26426.08
OI0002161,O000862,P00060,5,10636.45,53182.25
OI0002162,O000863,P00089,4,5537.28,22149.12
OI0002163,O000863,P00061,5,983.24,4916.2
OI0002164,O000864,P00031,2,9096.12,18192.24
OI0002165,O000864,P00060,1,10636.45,10636.45
OI0002166,O000865,P00093,3,3538.97,10616.91
OI0002167,O000865,P00010,3,14694.37,44083.11
OI0002168,O000866,P00120,4,13556.62,54226.48
OI0002169,O000866,P00091,3,4946.59,14839.77
OI0002170,O000866,P00027,2,12270.99,24541.98
OI0002171,O000867,P00101,4,9471.71,37886.84
OI0002172,O000867,P00091,3,4946.59,14839.77
OI0002173,O000867,P00111,4,9070.02,36280.08
OI0002174,O000867,P00042,5,11714.53,58572.65
OI0002175,O000868,P00019,2,1162.47,2324.94
OI0002176,O000868,P00006,5,15242.13,76210.65
OI0002177,O000868,P00114,3,2567.88,7703.64
OI0002179,O000869,P00079,4,5251.04,21004.16
OI0002180,O000869,P00048,5,11151.18,55755.9
OI0002181,O000870,P00068,5,7242.25,36211.25
OI0002182,O000870,P00051,5,14130.98,70654.9
OI0002183,O000870,P00114,2,2567.88,5135.76
OI0002184,O000871,P00006,4,15242.13,60968.52
OI0002185,O000871,P00037,1,15375.83,15375.83
OI0002186,O000871,P00043,4,3075.89,12303.56
OI0002187,O000871,P00003,5,3596.33,17981.65
OI0002188,O000872,P00051,5,14130.98,70654.9
OI0002189,O000872,P00034,2,209.8,419.6
OI0002190,O000872,P00001,4,7519.88,30079.52
OI0002191,O000873,P00003,3,3596.33,10788.99
OI0002192,O000873,P00065,1,7681.42,7681.42
OI0002193,O000873,P00112,5,7810.47,39052.35
OI0002194,O000873,P00094,5,13171.07,65855.35
OI0002195,O000874,P00088,4,11981.85,47927.4
OI0002196,O000875,P00085,3,9236.97,27710.909999999996
OI0002197,O000875,P00038,4,5516.66,22066.64
OI0002198,O000876,P00010,2,14694.37,29388.74
OI0002199,O000877,P00098,4,4527.84,18111.36
OI0002200,O000878,P00046,1,15720.6,15720.6
OI0002201,O000879,P00009,2,13213.04,26426.08
OI0002202,O000880,P00004,4,11435.29,45741.16
OI0002203,O000880,P00044,4,10305.42,41221.68
OI0002204,O000880,P00110,5,9433.9,47169.5
OI0002205,O000881,P00096,2,2944.05,5888.1
OI0002206,O000882,P00005,4,10898.5,43594.0
OI0002207,O000883,P00041,4,6177.47,24709.88
OI0002208,O000884,P00016,1,3591.51,3591.51
OI0002209,O000884,P00080,3,8989.55,26968.649999999998
OI0002210,O000884,P00104,5,13741.36,68706.8
OI0002211,O000885,P00090,4,13515.98,54063.92
OI0002212,O000885,P00034,3,209.8,629.4000000000001
OI0002213,O000886,P00037,3,15375.83,46127.49
OI0002214,O000887,P00099,1,10238.47,10238.47
OI0002215,O000887,P00043,2,3075.89,6151.78
OI0002216,O000887,P00041,1,6177.47,6177.47
OI0002217,O000888,P00117,3,6333.74,19001.22
OI0002218,O000888,P00071,4,12968.25,51873.0
OI0002219,O000888,P00085,1,9236.97,9236.97
OI0002220,O000889,P00014,4,13181.63,52726.52
OI0002221,O000890,P00043,2,3075.89,6151.78
OI0002222,O000891,P00053,5,2768.97,13844.849999999999
OI0002223,O000891,P00001,5,7519.88,37599.4
OI0002224,O000892,P00106,3,14600.94,43802.82
OI0002225,O000892,P00068,4,7242.25,28969.0
OI0002226,O000893,P00083,1,14812.87,14812.87
OI0002227,O000893,P00078,4,3389.32,13557.28
OI0002228,O000893,P00064,3,605.62,1816.8600000000001
OI0002229,O000894,P00030,2,11313.56,22627.12
OI0002230,O000895,P00074,1,7723.94,7723.94
OI0002231,O000896,P00112,3,7810.47,23431.41
OI0002232,O000897,P00027,3,12270.99,36812.97
OI0002233,O000897,P00050,2,11773.84,23547.68
OI0002234,O000898,P00096,4,2944.05,11776.2
OI0002235,O000899,P00055,1,5599.57,5599.57
OI0002236,O000899,P00099,5,10238.47,51192.35
OI0002237,O000900,P00035,4,11526.61,46106.44
OI0002238,O000900,P00021,1,15831.58,15831.58
OI0002239,O000900,P00062,4,5900.1,23600.4
OI0002240,O000900,P00029,5,9560.81,47804.049999999996
OI0002241,O000901,P00096,1,2944.05,2944.05
OI0002242,O000901,P00052,1,1801.57,1801.57
OI0002243,O000901,P00003,3,3596.33,10788.99
OI0002245,O000902,P00064,1,605.62,605.62
OI0002246,O000903,P00093,3,3538.97,10616.91
OI0002247,O000903,P00098,3,4527.84,13583.52
OI0002248,O000903,P00055,4,5599.57,22398.28
OI0002249,O000904,P00042,3,11714.53,35143.590000000004
OI0002250,O000904,P00006,2,15242.13,30484.26
OI0002251,O000905,P00030,1,11313.56,11313.56
OI0002252,O000905,P00053,4,2768.97,11075.88
OI0002253,O000906,P00095,2,11410.2,22820.4
OI0002254,O000906,P00028,1,5804.91,5804.91
OI0002255,O000907,P00044,2,10305.42,20610.84
OI0002256,O000908,P00070,1,2586.86,2586.86
OI0002257,O000908,P00022,4,5634.74,22538.96
OI0002258,O000908,P00085,2,9236.97,18473.94
OI0002259,O000909,P00090,4,13515.98,54063.92
OI0002260,O000909,P00045,2,5431.46,10862.92
OI0002261,O000909,P00120,1,13556.62,13556.62
OI0002262,O000909,P00046,5,15720.6,78603.0
OI0002263,O000910,P00094,2,13171.07,26342.14
OI0002264,O000911,P00016,2,3591.51,7183.02
OI0002265,O000912,P00049,1,11581.53,11581.53
OI0002266,O000912,P00001,4,7519.88,30079.52
OI0002267,O000912,P00022,2,5634.74,11269.48
OI0002268,O000912,P00048,2,11151.18,22302.36
OI0002269,O000913,P00114,5,2567.88,12839.400000000001
OI0002270,O000913,P00058,5,2681.24,13406.199999999999
OI0002271,O000913,P00021,4,15831.58,63326.32
OI0002272,O000914,P00049,4,11581.53,46326.12
OI0002273,O000914,P00099,5,10238.47,51192.35
OI0002274,O000914,P00069,2,4360.73,8721.46
OI0002275,O000915,P00007,2,1695.66,3391.32
OI0002276,O000915,P00067,2,3120.12,6240.24
OI0002277,O000916,P00031,5,9096.12,45480.600000000006
OI0002278,O000917,P00106,1,14600.94,14600.94
OI0002279,O000917,P00023,2,3040.09,6080.18
OI0002280,O000918,P00055,5,5599.57,27997.85
OI0002281,O000919,P00004,1,11435.29,11435.29
OI0002282,O000919,P00005,1,10898.5,10898.5
OI0002283,O000919,P00098,1,4527.84,4527.84
OI0002284,O000920,P00104,5,13741.36,68706.8
OI0002285,O000920,P00013,1,15087.03,15087.03
OI0002286,O000920,P00057,5,11330.17,56650.85
OI0002287,O000920,P00101,2,9471.71,18943.42
OI0002288,O000921,P00021,2,15831.58,31663.16
OI0002289,O000921,P00011,5,3323.46,16617.3
OI0002290,O000921,P00070,3,2586.86,7760.58
OI0002291,O000922,P00041,4,6177.47,24709.88
OI0002292,O000923,P00085,3,9236.97,27710.909999999996
OI0002293,O000924,P00052,5,1801.57,9007.85
OI0002294,O000924,P00049,4,11581.53,46326.12
OI0002295,O000925,P00101,4,9471.71,37886.84
OI0002296,O000925,P00074,5,7723.94,38619.7
OI0002297,O000926,P00080,5,8989.55,44947.75
OI0002298,O000926,P00046,5,15720.6,78603.0
OI0002299,O000926,P00101,1,9471.71,9471.71
OI0002300,O000926,P00003,1,3596.33,3596.33
OI0002301,O000927,P00034,3,209.8,629.4000000000001
OI0002302,O000928,P00092,1,11714.03,11714.03
OI0002303,O000928,P00098,2,4527.84,9055.68
OI0002304,O000928,P00025,1,8564.03,8564.03
OI0002305,O000928,P00068,4,7242.25,28969.0
OI0002306,O000929,P00003,4,3596.33,14385.32
OI0002307,O000929,P00032,2,2972.8,5945.6
OI0002308,O000930,P00011,1,3323.46,3323.46
OI0002309,O000930,P00060,3,10636.45,31909.350000000002
OI0002310,O000930,P00112,4,7810.47,31241.88
OI0002311,O000931,P00093,3,3538.97,10616.91
OI0002312,O000931,P00087,2,811.76,1623.52
OI0002313,O000932,P00099,2,10238.47,20476.94
OI0002314,O000933,P00060,1,10636.45,10636.45
OI0002315,O000933,P00079,3,5251.04,15753.119999999999
OI0002316,O000934,P00098,3,4527.84,13583.52
OI0002317,O000934,P00106,5,14600.94,73004.7
OI0002318,O000935,P00013,5,15087.03,75435.15000000001
OI0002319,O000936,P00076,2,2930.49,5860.98
OI0002320,O000936,P00012,2,14499.23,28998.46
OI0002321,O000937,P00011,5,3323.46,16617.3
OI0002322,O000938,P00100,5,6083.97,30419.850000000002
OI0002323,O000938,P00071,1,12968.25,12968.25
OI0002324,O000938,P00093,2,3538.97,7077.94
OI0002325,O000938,P00111,1,9070.02,9070.02
OI0002326,O000939,P00089,3,5537.28,16611.84
OI0002327,O000939,P00049,4,11581.53,46326.12
OI0002328,O000940,P00051,5,14130.98,70654.9
OI0002329,O000940,P00048,2,11151.18,22302.36
OI0002330,O000941,P00070,3,2586.86,7760.58
OI0002331,O000942,P00028,5,5804.91,29024.55
OI0002332,O000942,P00078,1,3389.32,3389.32
OI0002333,O000943,P00096,1,2944.05,2944.05
OI0002334,O000943,P00006,3,15242.13,45726.39
OI0002335,O000943,P00107,4,3734.57,14938.28
OI0002336,O000943,P00047,1,7255.75,7255.75
OI0002337,O000944,P00067,2,3120.12,6240.24
OI0002338,O000945,P00020,3,6822.91,20468.73
OI0002339,O000945,P00088,2,11981.85,23963.7
OI0002340,O000945,P00059,2,15594.5,31189.0
OI0002341,O000945,P00010,3,14694.37,44083.11
OI0002342,O000946,P00055,2,5599.57,11199.14
OI0002343,O000946,P00098,5,4527.84,22639.2
OI0002344,O000946,P00072,3,8945.91,26837.73
OI0002345,O000946,P00083,1,14812.87,14812.87
OI0002346,O000947,P00062,5,5900.1,29500.5
OI0002347,O000947,P00111,5,9070.02,45350.100000000006
OI0002348,O000948,P00058,5,2681.24,13406.199999999999
OI0002349,O000948,P00089,5,5537.28,27686.399999999998
OI0002350,O000948,P00003,5,3596.33,17981.65
OI0002351,O000949,P00052,5,1801.57,9007.85
OI0002352,O000949,P00097,5,721.52,3607.6
OI0002353,O000950,P00107,5,3734.57,18672.850000000002
OI0002354,O000950,P00071,4,12968.25,51873.0
OI0002355,O000950,P00083,5,14812.87,74064.35
OI0002356,O000951,P00038,1,5516.66,5516.66
OI0002357,O000952,P00024,2,661.99,1323.98
OI0002358,O000953,P00072,4,8945.91,35783.64
OI0002359,O000954,P00096,3,2944.05,8832.150000000001
OI0002360,O000954,P00028,2,5804.91,11609.82
OI0002361,O000955,P00085,5,9236.97,46184.85
OI0002362,O000955,P00115,3,10635.38,31906.14
OI0002363,O000956,P00004,2,11435.29,22870.58
OI0002364,O000956,P00071,3,12968.25,38904.75
OI0002365,O000956,P00103,2,632.72,1265.44
OI0002366,O000957,P00002,4,12959.03,51836.12
OI0002367,O000957,P00072,1,8945.91,8945.91
OI0002368,O000958,P00119,3,14522.12,43566.36
OI0002369,O000958,P00097,3,721.52,2164.56
OI0002370,O000958,P00016,2,3591.51,7183.02
OI0002372,O000959,P00097,5,721.52,3607.6
OI0002373,O000960,P00086,2,4550.54,9101.08
OI0002374,O000961,P00011,5,3323.46,16617.3
OI0002375,O000961,P00038,3,5516.66,16549.98
OI0002376,O000961,P00081,4,14690.16,58760.64
OI0002377,O000962,P00081,3,14690.16,44070.479999999996
OI0002378,O000962,P00019,3,1162.47,3487.41
OI0002379,O000962,P00007,4,1695.66,6782.64
OI0002380,O000962,P00094,5,13171.07,65855.35
OI0002381,O000963,P00086,3,4550.54,13651.619999999999
OI0002382,O000963,P00017,1,7245.98,7245.98
OI0002383,O000963,P00077,4,2192.74,8770.96
OI0002384,O000963,P00018,4,10426.0,41704.0
OI0002385,O000964,P00009,2,13213.04,26426.08
OI0002386,O000964,P00025,1,8564.03,8564.03
OI0002387,O000964,P00026,3,4115.14,12345.420000000002
OI0002388,O000965,P00070,1,2586.86,2586.86
OI0002389,O000965,P00119,2,14522.12,29044.24
OI0002390,O000965,P00011,1,3323.46,3323.46
OI0002391,O000965,P00060,1,10636.45,10636.45
OI0002392,O000966,P00017,5,7245.98,36229.899999999994
OI0002393,O000966,P00060,3,10636.45,31909.350000000002
OI0002394,O000966,P00064,2,605.62,1211.24
OI0002395,O000967,P00111,3,9070.02,27210.06
OI0002396,O000967,P00075,4,8132.2,32528.8
OI0002397,O000968,P00107,4,3734.57,14938.28
OI0002398,O000968,P00014,2,13181.63,26363.26
OI0002399,O000968,P00051,4,14130.98,56523.92
OI0002400,O000969,P00115,2,10635.38,21270.76
OI0002401,O000969,P00106,2,14600.94,29201.88
OI0002402,O000969,P00076,4,2930.49,11721.96
OI0002403,O000969,P00069,5,4360.73,21803.649999999998
OI0002404,O000970,P00113,5,13810.57,69052.85
OI0002405,O000970,P00015,3,6246.13,18738.39
OI0002406,O000971,P00052,4,1801.57,7206.28
OI0002407,O000971,P00088,1,11981.85,11981.85
OI0002408,O000971,P00119,4,14522.12,58088.48
OI0002409,O000971,P00016,4,3591.51,14366.04
OI0002410,O000972,P00024,3,661.99,1985.97
OI0002411,O000972,P00029,2,9560.81,19121.62
OI0002412,O000973,P00120,4,13556.62,54226.48
OI0002413,O000973,P00014,1,13181.63,13181.63
OI0002414,O000973,P00088,2,11981.85,23963.7
OI0002415,O000973,P00034,5,209.8,1049.0
OI0002416,O000974,P00031,5,9096.12,45480.600000000006
OI0002417,O000974,P00056,5,8842.33,44211.65
OI0002418,O000974,P00080,2,8989.55,17979.1
OI0002419,O000975,P00093,3,3538.97,10616.91
OI0002420,O000975,P00077,3,2192.74,6578.219999999999
OI0002421,O000975,P00092,3,11714.03,35142.090000000004
OI0002422,O000975,P00089,3,5537.28,16611.84
OI0002423,O000976,P00104,4,13741.36,54965.44
OI0002424,O000976,P00097,2,721.52,1443.04
OI0002425,O000976,P00117,5,6333.74,31668.699999999997
OI0002426,O000976,P00005,4,10898.5,43594.0
OI0002427,O000977,P00049,5,11581.53,57907.65
OI0002428,O000977,P00100,4,6083.97,24335.88
OI0002429,O000977,P00010,5,14694.37,73471.85
OI0002430,O000978,P00108,2,14347.63,28695.26
OI0002431,O000978,P00107,5,3734.57,18672.850000000002
OI0002432,O000979,P00088,2,11981.85,23963.7
OI0002433,O000979,P00081,3,14690.16,44070.479999999996
OI0002434,O000980,P00087,1,811.76,811.76
OI0002435,O000981,P00120,4,13556.62,54226.48
OI0002436,O000981,P00068,4,7242.25,28969.0
OI0002437,O000982,P00088,5,11981.85,59909.25
OI0002438,O000982,P00069,4,4360.73,17442.92
OI0002439,O000983,P00034,3,209.8,629.4000000000001
OI0002440,O000983,P00011,3,3323.46,9970.380000000001
OI0002441,O000984,P00112,2,7810.47,15620.94
OI0002442,O000984,P00089,5,5537.28,27686.399999999998
OI0002443,O000985,P00072,4,8945.91,35783.64
OI0002444,O000986,P00097,3,721.52,2164.56
OI0002446,O000986,P00099,3,10238.47,30715.409999999996
OI0002447,O000987,P00077,2,2192.74,4385.48
OI0002448,O000987,P00062,3,5900.1,17700.300000000003
OI0002449,O000987,P00022,3,5634.74,16904.22
OI0002450,O000987,P00007,1,1695.66,1695.66
OI0002451,O000988,P00042,3,11714.53,35143.590000000004
OI0002452,O000989,P00031,4,9096.12,36384.48
OI0002453,O000990,P00037,1,15375.83,15375.83
OI0002454,O000991,P00072,2,8945.91,17891.82
OI0002455,O000991,P00008,1,387.92,387.92
OI0002456,O000991,P00078,2,3389.32,6778.64
OI0002457,O000991,P00094,5,13171.07,65855.35
OI0002458,O000992,P00054,5,516.23,2581.15
OI0002459,O000992,P00008,4,387.92,1551.68
OI0002460,O000992,P00042,3,11714.53,35143.590000000004
OI0002461,O000992,P00111,2,9070.02,18140.04
OI0002462,O000993,P00094,3,13171.07,39513.21
OI0002463,O000993,P00076,3,2930.49,8791.47
OI0002464,O000993,P00055,5,5599.57,27997.85
OI0002465,O000994,P00043,1,3075.89,3075.89
OI0002466,O000994,P00004,1,11435.29,11435.29
OI0002467,O000994,P00018,3,10426.0,31278.0
OI0002468,O000994,P00120,2,13556.62,27113.24
OI0002469,O000995,P00103,3,632.72,1898.16
OI0002470,O000996,P00072,1,8945.91,8945.91
OI0002471,O000996,P00095,3,11410.2,34230.600000000006
OI0002472,O000996,P00024,5,661.99,3309.95
OI0002473,O000996,P00088,4,11981.85,47927.4
OI0002474,O000997,P00093,2,3538.97,7077.94
OI0002475,O000997,P00038,2,5516.66,11033.32
OI0002476,O000997,P00083,5,14812.87,74064.35
OI0002477,O000997,P00053,2,2768.97,5537.94
OI0002478,O000998,P00095,2,11410.2,22820.4
OI0002479,O000999,P00008,4,387.92,1551.68
OI0002480,O001000,P00045,4,5431.46,21725.84
OI0002481,O001000,P00004,1,11435.29,11435.29
OI0002482,O001000,P00069,2,4360.73,8721.46
OI0002483,O001000,P00022,3,5634.74,16904.22
OI0002484,O001001,P00042,2,11714.53,23429.06
OI0002485,O001002,P00007,4,1695.66,6782.64
OI0002486,O001002,P00071,4,12968.25,51873.0
OI0002487,O001002,P00112,4,7810.47,31241.88
OI0002488,O001002,P00024,2,661.99,1323.98
OI0002489,O001003,P00020,5,6822.91,34114.55
OI0002490,O001003,P00074,2,7723.94,15447.88
OI0002491,O001004,P00031,2,9096.12,18192.24
OI0002492,O001004,P00071,3,12968.25,38904.75
OI0002493,O001004,P00019,2,1162.47,2324.94
OI0002494,O001005,P00095,2,11410.2,22820.4
OI0002495,O001005,P00096,4,2944.05,11776.2
OI0002496,O001005,P00113,1,13810.57,13810.57
OI0002497,O001005,P00064,3,605.62,1816.8600000000001
OI0002498,O001006,P00001,4,7519.88,30079.52
OI0002499,O001006,P00024,1,661.99,661.99
OI0002500,O001006,P00074,5,7723.94,38619.7
OI0002501,O001006,P00023,5,3040.09,15200.45
OI0002502,O001007,P00017,1,7245.98,7245.98
OI0002503,O001007,P00020,1,6822.91,6822.91
OI0002504,O001008,P00078,4,3389.32,13557.28
OI0002505,O001008,P00104,5,13741.36,68706.8
OI0002506,O001008,P00088,4,11981.85,47927.4
OI0002507,O001008,P00114,2,2567.88,5135.76
OI0002508,O001009,P00119,1,14522.12,14522.12
OI0002509,O001009,P00008,3,387.92,1163.76
OI0002510,O001009,P00103,2,632.72,1265.44
OI0002511,O001009,P00108,1,14347.63,14347.63
OI0002512,O001010,P00003,2,3596.33,7192.66
OI0002513,O001011,P00008,2,387.92,775.84
OI0002514,O001011,P00079,5,5251.04,26255.2
OI0002515,O001012,P00051,2,14130.98,28261.96
OI0002516,O001012,P00007,1,1695.66,1695.66
OI0002517,O001013,P00015,1,6246.13,6246.13
OI0002518,O001014,P00058,2,2681.24,5362.48
OI0002519,O001015,P00056,3,8842.33,26526.989999999998
OI0002520,O001015,P00049,1,11581.53,11581.53
OI0002521,O001016,P00003,4,3596.33,14385.32
OI0002522,O001016,P00102,2,13433.93,26867.86
OI0002523,O001016,P00072,1,8945.91,8945.91
OI0002524,O001017,P00090,3,13515.98,40547.94
OI0002525,O001017,P00109,3,3646.7,10940.099999999999
OI0002526,O001018,P00017,5,7245.98,36229.899999999994
OI0002527,O001018,P00100,1,6083.97,6083.97
OI0002528,O001018,P00089,2,5537.28,11074.56
OI0002529,O001019,P00070,3,2586.86,7760.58
OI0002530,O001019,P00047,2,7255.75,14511.5
OI0002531,O001019,P00050,1,11773.84,11773.84
OI0002532,O001020,P00055,1,5599.57,5599.57
OI0002533,O001021,P00057,1,11330.17,11330.17
OI0002534,O001022,P00044,3,10305.42,30916.260000000002
OI0002535,O001023,P00016,1,3591.51,3591.51
OI0002536,O001024,P00055,3,5599.57,16798.71
OI0002537,O001024,P00115,3,10635.38,31906.14
OI0002538,O001024,P00101,3,9471.71,28415.129999999997
OI0002539,O001025,P00060,1,10636.45,10636.45
OI0002540,O001025,P00056,1,8842.33,8842.33
OI0002541,O001025,P00001,5,7519.88,37599.4
OI0002542,O001026,P00063,2,13216.58,26433.16
OI0002543,O001027,P00076,1,2930.49,2930.49
OI0002544,O001027,P00004,1,11435.29,11435.29
OI0002545,O001028,P00011,3,3323.46,9970.380000000001
OI0002546,O001028,P00007,5,1695.66,8478.300000000001
OI0002547,O001028,P00105,4,10494.08,41976.32
OI0002548,O001029,P00058,4,2681.24,10724.96
OI0002549,O001029,P00055,4,5599.57,22398.28
OI0002550,O001029,P00091,1,4946.59,4946.59
OI0002551,O001030,P00056,3,8842.33,26526.989999999998
OI0002552,O001030,P00106,5,14600.94,73004.7
OI0002553,O001030,P00020,2,6822.91,13645.82
OI0002554,O001030,P00011,4,3323.46,13293.84
OI0002555,O001031,P00102,1,13433.93,13433.93
OI0002556,O001032,P00096,3,2944.05,8832.150000000001
OI0002557,O001033,P00074,2,7723.94,15447.88
OI0002558,O001033,P00001,1,7519.88,7519.88
OI0002559,O001033,P00041,2,6177.47,12354.94
OI0002560,O001034,P00119,5,14522.12,72610.6
OI0002561,O001034,P00117,4,6333.74,25334.96
OI0002562,O001034,P00051,1,14130.98,14130.98
OI0002563,O001034,P00101,5,9471.71,47358.549999999996
OI0002564,O001035,P00013,3,15087.03,45261.090000000004
OI0002565,O001035,P00020,4,6822.91,27291.64
OI0002566,O001035,P00028,3,5804.91,17414.73
OI0002567,O001035,P00063,2,13216.58,26433.16
OI0002568,O001036,P00079,4,5251.04,21004.16
OI0002569,O001037,P00004,4,11435.29,45741.16
OI0002570,O001037,P00028,4,5804.91,23219.64
OI0002571,O001038,P00081,3,14690.16,44070.479999999996
OI0002572,O001039,P00116,1,15959.01,15959.01
OI0002573,O001039,P00019,1,1162.47,1162.47
OI0002574,O001039,P00115,5,10635.38,53176.899999999994
OI0002575,O001039,P00015,5,6246.13,31230.65
OI0002576,O001040,P00115,2,10635.38,21270.76
OI0002577,O001040,P00034,1,209.8,209.8
OI0002578,O001040,P00039,3,11770.16,35310.479999999996
OI0002579,O001040,P00069,2,4360.73,8721.46
OI0002580,O001041,P00070,4,2586.86,10347.44
OI0002581,O001041,P00006,1,15242.13,15242.13
OI0002582,O001041,P00054,2,516.23,1032.46
OI0002583,O001042,P00087,2,811.76,1623.52
OI0002584,O001042,P00105,4,10494.08,41976.32
OI0002585,O001042,P00076,5,2930.49,14652.449999999999
OI0002586,O001042,P00035,4,11526.61,46106.44
OI0002587,O001043,P00092,3,11714.03,35142.090000000004
OI0002588,O001043,P00016,1,3591.51,3591.51
OI0002589,O001044,P00063,5,13216.58,66082.9
OI0002590,O001044,P00037,3,15375.83,46127.49
OI0002591,O001045,P00114,5,2567.88,12839.400000000001
OI0002592,O001046,P00093,5,3538.97,17694.85
OI0002593,O001046,P00034,3,209.8,629.4000000000001
OI0002594,O001047,P00120,5,13556.62,67783.1
OI0002595,O001047,P00046,4,15720.6,62882.4
OI0002596,O001048,P00069,5,4360.73,21803.649999999998
OI0002597,O001048,P00090,4,13515.98,54063.92
OI0002598,O001048,P00065,3,7681.42,23044.260000000002
OI0002599,O001048,P00030,2,11313.56,22627.12
OI0002600,O001049,P00039,1,11770.16,11770.16
OI0002601,O001050,P00106,2,14600.94,29201.88
OI0002602,O001050,P00112,1,7810.47,7810.47
OI0002603,O001051,P00072,4,8945.91,35783.64
OI0002604,O001051,P00066,1,7639.92,7639.92
OI0002605,O001051,P00013,3,15087.03,45261.090000000004
OI0002606,O001052,P00041,2,6177.47,12354.94
OI0002607,O001052,P00084,3,14069.72,42209.159999999996
OI0002608,O001052,P00005,5,10898.5,54492.5
OI0002609,O001052,P00112,1,7810.47,7810.47
OI0002610,O001053,P00070,5,2586.86,12934.300000000001
OI0002611,O001054,P00035,1,11526.61,11526.61
OI0002612,O001054,P00053,3,2768.97,8306.91
OI0002613,O001054,P00067,4,3120.12,12480.48
OI0002614,O001054,P00109,3,3646.7,10940.099999999999
OI0002615,O001055,P00040,5,2951.4,14757.0
OI0002616,O001055,P00120,1,13556.62,13556.62
OI0002617,O001055,P00065,5,7681.42,38407.1
OI0002618,O001055,P00049,3,11581.53,34744.590000000004
OI0002619,O001056,P00047,4,7255.75,29023.0
OI0002620,O001056,P00032,1,2972.8,2972.8
OI0002621,O001056,P00090,1,13515.98,13515.98
OI0002622,O001056,P00119,4,14522.12,58088.48
OI0002623,O001057,P00032,2,2972.8,5945.6
OI0002624,O001057,P00053,5,2768.97,13844.849999999999
OI0002625,O001057,P00091,3,4946.59,14839.77
OI0002626,O001058,P00104,5,13741.36,68706.8
OI0002627,O001058,P00018,3,10426.0,31278.0
OI0002628,O001058,P00039,3,11770.16,35310.479999999996
OI0002629,O001059,P00064,4,605.62,2422.48
OI0002630,O001059,P00053,1,2768.97,2768.97
OI0002631,O001059,P00007,3,1695.66,5086.9800000000005
OI0002632,O001059,P00042,3,11714.53,35143.590000000004
OI0002633,O001060,P00099,2,10238.47,20476.94
OI0002634,O001060,P00041,5,6177.47,30887.350000000002
OI0002635,O001060,P00029,2,9560.81,19121.62
OI0002636,O001061,P00099,3,10238.47,30715.409999999996
OI0002637,O001061,P00054,1,516.23,516.23
OI0002638,O001062,P00021,2,15831.58,31663.16
OI0002639,O001062,P00110,2,9433.9,18867.8
OI0002640,O001062,P00024,4,661.99,2647.96
OI0002641,O001062,P00016,4,3591.51,14366.04
OI0002642,O001063,P00050,1,11773.84,11773.84
OI0002643,O001064,P00069,4,4360.73,17442.92
OI0002644,O001064,P00103,1,632.72,632.72
OI0002645,O001064,P00067,5,3120.12,15600.599999999999
OI0002646,O001065,P00026,1,4115.14,4115.14
OI0002647,O001065,P00112,5,7810.47,39052.35
OI0002648,O001066,P00102,4,13433.93,53735.72
OI0002649,O001066,P00034,1,209.8,209.8
OI0002650,O001066,P00110,1,9433.9,9433.9
OI0002651,O001066,P00022,3,5634.74,16904.22
OI0002652,O001067,P00111,4,9070.02,36280.08
OI0002653,O001067,P00097,2,721.52,1443.04
OI0002654,O001067,P00069,3,4360.73,13082.189999999999
OI0002655,O001067,P00007,2,1695.66,3391.32
OI0002656,O001068,P00103,1,632.72,632.72
OI0002657,O001068,P00097,4,721.52,2886.08
OI0002658,O001068,P00035,3,11526.61,34579.83
OI0002659,O001069,P00015,2,6246.13,12492.26
OI0002660,O001070,P00058,4,2681.24,10724.96
OI0002661,O001071,P00025,5,8564.03,42820.15
OI0002662,O001072,P00084,5,14069.72,70348.59999999999
OI0002663,O001073,P00005,5,10898.5,54492.5
OI0002664,O001073,P00050,2,11773.84,23547.68
OI0002665,O001074,P00002,1,12959.03,12959.03
OI0002666,O001074,P00005,4,10898.5,43594.0
OI0002667,O001074,P00110,5,9433.9,47169.5
OI0002668,O001075,P00034,5,209.8,1049.0
OI0002669,O001075,P00055,5,5599.57,27997.85
OI0002670,O001075,P00007,1,1695.66,1695.66
OI0002671,O001076,P00031,1,9096.12,9096.12
OI0002672,O001076,P00083,4,14812.87,59251.48
OI0002673,O001076,P00077,5,2192.74,10963.699999999999
OI0002674,O001077,P00114,5,2567.88,12839.400000000001
OI0002675,O001077,P00098,3,4527.84,13583.52
OI0002676,O001078,P00033,2,3874.45,7748.9
OI0002677,O001078,P00049,1,11581.53,11581.53
OI0002678,O001079,P00076,2,2930.49,5860.98
OI0002679,O001079,P00058,2,2681.24,5362.48
OI0002680,O001080,P00113,2,13810.57,27621.14
OI0002681,O001080,P00073,5,15455.92,77279.6
OI0002682,O001081,P00002,2,12959.03,25918.06
OI0002683,O001082,P00117,1,6333.74,6333.74
OI0002684,O001083,P00016,3,3591.51,10774.53
OI0002685,O001083,P00002,4,12959.03,51836.12
OI0002686,O001083,P00071,3,12968.25,38904.75
OI0002687,O001083,P00011,2,3323.46,6646.92
OI0002688,O001084,P00101,4,9471.71,37886.84
OI0002689,O001085,P00111,1,9070.02,9070.02
OI0002690,O001085,P00076,2,2930.49,5860.98
OI0002691,O001085,P00041,1,6177.47,6177.47
OI0002692,O001085,P00107,4,3734.57,14938.28
OI0002693,O001086,P00043,1,3075.89,3075.89
OI0002694,O001087,P00002,4,12959.03,51836.12
OI0002695,O001088,P00104,4,13741.36,54965.44
OI0002696,O001089,P00099,1,10238.47,10238.47
OI0002697,O001089,P00080,1,8989.55,8989.55
OI0002698,O001089,P00061,5,983.24,4916.2
OI0002699,O001090,P00069,4,4360.73,17442.92
OI0002700,O001090,P00093,5,3538.97,17694.85
OI0002701,O001090,P00073,1,15455.92,15455.92
OI0002702,O001090,P00080,5,8989.55,44947.75
OI0002703,O001091,P00047,1,7255.75,7255.75
OI0002704,O001092,P00003,2,3596.33,7192.66
OI0002705,O001092,P00089,1,5537.28,5537.28
OI0002706,O001092,P00077,3,2192.74,6578.219999999999
OI0002707,O001092,P00031,5,9096.12,45480.600000000006
OI0002708,O001093,P00010,4,14694.37,58777.48
OI0002709,O001093,P00101,5,9471.71,47358.549999999996
OI0002710,O001094,P00078,1,3389.32,3389.32
OI0002711,O001094,P00024,5,661.99,3309.95
OI0002712,O001094,P00101,1,9471.71,9471.71
OI0002713,O001094,P00010,5,14694.37,73471.85
OI0002714,O001095,P00066,4,7639.92,30559.68
OI0002715,O001095,P00076,3,2930.49,8791.47
OI0002716,O001095,P00010,3,14694.37,44083.11
OI0002717,O001096,P00041,4,6177.47,24709.88
OI0002718,O001097,P00064,5,605.62,3028.1
OI0002719,O001097,P00107,1,3734.57,3734.57
OI0002720,O001097,P00001,4,7519.88,30079.52
OI0002721,O001098,P00109,2,3646.7,7293.4
OI0002722,O001098,P00111,5,9070.02,45350.100000000006
OI0002724,O001099,P00092,1,11714.03,11714.03
OI0002725,O001099,P00058,4,2681.24,10724.96
OI0002726,O001099,P00031,5,9096.12,45480.600000000006
OI0002727,O001100,P00012,1,14499.23,14499.23
OI0002728,O001101,P00105,1,10494.08,10494.08
OI0002729,O001102,P00026,1,4115.14,4115.14
OI0002730,O001102,P00006,4,15242.13,60968.52
OI0002731,O001103,P00072,3,8945.91,26837.73
OI0002732,O001103,P00092,2,11714.03,23428.06
OI0002733,O001103,P00042,5,11714.53,58572.65
OI0002734,O001104,P00017,3,7245.98,21737.94
OI0002735,O001104,P00077,1,2192.74,2192.74
OI0002736,O001104,P00033,1,3874.45,3874.45
OI0002737,O001105,P00028,1,5804.91,5804.91
OI0002738,O001106,P00009,3,13213.04,39639.12
OI0002739,O001106,P00060,3,10636.45,31909.350000000002
OI0002740,O001107,P00111,1,9070.02,9070.02
OI0002741,O001107,P00035,4,11526.61,46106.44
OI0002742,O001107,P00070,5,2586.86,12934.300000000001
OI0002743,O001107,P00056,3,8842.33,26526.989999999998
OI0002744,O001108,P00118,3,5621.04,16863.12
OI0002745,O001108,P00103,2,632.72,1265.44
OI0002746,O001108,P00117,3,6333.74,19001.22
OI0002747,O001108,P00081,4,14690.16,58760.64
OI0002748,O001109,P00051,5,14130.98,70654.9
OI0002749,O001109,P00021,1,15831.58,15831.58
OI0002750,O001109,P00027,5,12270.99,61354.95
OI0002751,O001110,P00094,5,13171.07,65855.35
OI0002752,O001110,P00004,2,11435.29,22870.58
OI0002753,O001110,P00086,1,4550.54,4550.54
OI0002754,O001111,P00019,3,1162.47,3487.41
OI0002755,O001112,P00082,4,1976.8,7907.2
OI0002756,O001112,P00004,3,11435.29,34305.87
OI0002757,O001113,P00057,3,11330.17,33990.51
OI0002758,O001113,P00116,5,15959.01,79795.05
OI0002759,O001114,P00011,3,3323.46,9970.380000000001
OI0002760,O001115,P00005,1,10898.5,10898.5
OI0002761,O001115,P00057,4,11330.17,45320.68
OI0002762,O001115,P00037,4,15375.83,61503.32
OI0002763,O001116,P00117,2,6333.74,12667.48
OI0002764,O001117,P00099,2,10238.47,20476.94
OI0002765,O001117,P00093,5,3538.97,17694.85
OI0002766,O001117,P00002,3,12959.03,38877.090000000004
OI0002767,O001118,P00009,3,13213.04,39639.12
OI0002768,O001118,P00010,1,14694.37,14694.37
OI0002769,O001118,P00070,3,2586.86,7760.58
OI0002770,O001119,P00019,4,1162.47,4649.88
OI0002771,O001119,P00006,1,15242.13,15242.13
OI0002772,O001119,P00047,4,7255.75,29023.0
OI0002773,O001120,P00010,5,14694.37,73471.85
OI0002774,O001121,P00062,3,5900.1,17700.300000000003
OI0002775,O001121,P00065,2,7681.42,15362.84
OI0002776,O001122,P00111,1,9070.02,9070.02
OI0002777,O001122,P00029,4,9560.81,38243.24
OI0002778,O001122,P00003,2,3596.33,7192.66
OI0002779,O001123,P00041,4,6177.47,24709.88
OI0002780,O001123,P00033,1,3874.45,3874.45
OI0002781,O001123,P00017,3,7245.98,21737.94
OI0002782,O001123,P00116,1,15959.01,15959.01
OI0002783,O001124,P00110,1,9433.9,9433.9
OI0002784,O001124,P00013,1,15087.03,15087.03
OI0002785,O001124,P00009,4,13213.04,52852.16
OI0002786,O001125,P00066,2,7639.92,15279.84
OI0002787,O001125,P00033,1,3874.45,3874.45
OI0002788,O001125,P00032,4,2972.8,11891.2
OI0002789,O001125,P00002,2,12959.03,25918.06
OI0002790,O001126,P00042,2,11714.53,23429.06
OI0002791,O001126,P00110,5,9433.9,47169.5
OI0002792,O001126,P00073,4,15455.92,61823.68
OI0002793,O001126,P00111,4,9070.02,36280.08
OI0002794,O001127,P00067,3,3120.12,9360.36
OI0002795,O001127,P00024,4,661.99,2647.96
OI0002796,O001127,P00010,5,14694.37,73471.85
OI0002798,O001128,P00097,2,721.52,1443.04
OI0002799,O001129,P00067,5,3120.12,15600.599999999999
OI0002800,O001130,P00069,3,4360.73,13082.189999999999
OI0002801,O001130,P00048,1,11151.18,11151.18
OI0002802,O001131,P00091,1,4946.59,4946.59
OI0002803,O001132,P00071,4,12968.25,51873.0
OI0002804,O001133,P00111,1,9070.02,9070.02
OI0002805,O001133,P00007,2,1695.66,3391.32
OI0002806,O001133,P00085,4,9236.97,36947.88
OI0002807,O001134,P00081,2,14690.16,29380.32
OI0002808,O001134,P00119,2,14522.12,29044.24
OI0002809,O001135,P00009,4,13213.04,52852.16
OI0002810,O001136,P00017,1,7245.98,7245.98
OI0002811,O001137,P00046,1,15720.6,15720.6
OI0002812,O001137,P00109,2,3646.7,7293.4
OI0002813,O001137,P00120,2,13556.62,27113.24
OI0002814,O001137,P00017,4,7245.98,28983.92
OI0002815,O001138,P00120,4,13556.62,54226.48
OI0002816,O001138,P00107,3,3734.57,11203.710000000001
OI0002817,O001139,P00054,1,516.23,516.23
OI0002818,O001140,P00101,1,9471.71,9471.71
OI0002819,O001141,P00020,1,6822.91,6822.91
OI0002820,O001141,P00073,2,15455.92,30911.84
OI0002821,O001142,P00108,1,14347.63,14347.63
OI0002822,O001142,P00117,4,6333.74,25334.96
OI0002823,O001142,P00051,1,14130.98,14130.98
OI0002824,O001142,P00059,4,15594.5,62378.0
OI0002825,O001143,P00057,4,11330.17,45320.68
OI0002826,O001144,P00039,5,11770.16,58850.8
OI0002827,O001145,P00113,3,13810.57,41431.71
OI0002828,O001145,P00107,3,3734.57,11203.710000000001
OI0002829,O001145,P00016,4,3591.51,14366.04
OI0002830,O001145,P00012,3,14499.23,43497.69
OI0002831,O001146,P00095,5,11410.2,57051.0
OI0002832,O001147,P00034,3,209.8,629.4000000000001
OI0002833,O001147,P00029,2,9560.81,19121.62
OI0002834,O001147,P00026,3,4115.14,12345.420000000002
OI0002835,O001147,P00072,2,8945.91,17891.82
OI0002836,O001148,P00104,2,13741.36,27482.72
OI0002837,O001149,P00118,3,5621.04,16863.12
OI0002838,O001149,P00089,4,5537.28,22149.12
OI0002839,O001149,P00073,3,15455.92,46367.76
OI0002840,O001149,P00087,3,811.76,2435.2799999999997
OI0002841,O001150,P00104,3,13741.36,41224.08
OI0002842,O001150,P00009,2,13213.04,26426.08
OI0002843,O001150,P00056,3,8842.33,26526.989999999998
OI0002844,O001150,P00027,1,12270.99,12270.99
OI0002845,O001151,P00077,3,2192.74,6578.219999999999
OI0002846,O001151,P00019,4,1162.47,4649.88
OI0002847,O001151,P00042,4,11714.53,46858.12
OI0002848,O001151,P00101,2,9471.71,18943.42
OI0002849,O001152,P00016,1,3591.51,3591.51
OI0002850,O001152,P00120,3,13556.62,40669.86
OI0002851,O001152,P00105,5,10494.08,52470.4
OI0002852,O001152,P00037,2,15375.83,30751.66
OI0002853,O001153,P00058,5,2681.24,13406.199999999999
OI0002854,O001154,P00004,5,11435.29,57176.450000000004
OI0002855,O001155,P00011,3,3323.46,9970.380000000001
OI0002856,O001156,P00056,5,8842.33,44211.65
OI0002857,O001156,P00114,3,2567.88,7703.64
OI0002858,O001157,P00112,1,7810.47,7810.47
OI0002859,O001157,P00083,4,14812.87,59251.48
OI0002860,O001158,P00074,4,7723.94,30895.76
OI0002861,O001158,P00056,4,8842.33,35369.32
OI0002862,O001159,P00120,3,13556.62,40669.86
OI0002863,O001159,P00069,5,4360.73,21803.649999999998
OI0002864,O001159,P00009,1,13213.04,13213.04
OI0002865,O001159,P00004,2,11435.29,22870.58
OI0002866,O001160,P00016,1,3591.51,3591.51
OI0002867,O001160,P00055,2,5599.57,11199.14
OI0002868,O001161,P00117,2,6333.74,12667.48
OI0002869,O001161,P00005,4,10898.5,43594.0
OI0002870,O001162,P00074,4,7723.94,30895.76
OI0002871,O001162,P00093,3,3538.97,10616.91
OI0002872,O001163,P00117,2,6333.74,12667.48
OI0002873,O001163,P00031,4,9096.12,36384.48
OI0002874,O001164,P00101,2,9471.71,18943.42
OI0002875,O001164,P00046,4,15720.6,62882.4
OI0002876,O001165,P00066,2,7639.92,15279.84
OI0002877,O001166,P00049,1,11581.53,11581.53
OI0002878,O001166,P00005,1,10898.5,10898.5
OI0002879,O001167,P00115,5,10635.38,53176.899999999994
OI0002880,O001167,P00072,2,8945.91,17891.82
OI0002881,O001168,P00100,2,6083.97,12167.94
OI0002882,O001168,P00052,3,1801.57,5404.71
OI0002883,O001168,P00062,2,5900.1,11800.2
OI0002884,O001169,P00097,5,721.52,3607.6
OI0002885,O001170,P00023,3,3040.09,9120.27
OI0002886,O001170,P00094,4,13171.07,52684.28
OI0002887,O001171,P00111,1,9070.02,9070.02
OI0002888,O001171,P00103,3,632.72,1898.16
OI0002889,O001171,P00032,4,2972.8,11891.2
OI0002891,O001172,P00084,5,14069.72,70348.59999999999
OI0002892,O001173,P00085,3,9236.97,27710.909999999996
OI0002893,O001173,P00008,2,387.92,775.84
OI0002894,O001173,P00066,4,7639.92,30559.68
OI0002895,O001173,P00101,4,9471.71,37886.84
OI0002896,O001174,P00103,2,632.72,1265.44
OI0002897,O001175,P00010,3,14694.37,44083.11
OI0002898,O001175,P00073,3,15455.92,46367.76
OI0002899,O001175,P00099,1,10238.47,10238.47
OI0002900,O001176,P00008,1,387.92,387.92
OI0002901,O001176,P00062,1,5900.1,5900.1
OI0002902,O001177,P00013,1,15087.03,15087.03
OI0002903,O001177,P00018,1,10426.0,10426.0
OI0002904,O001177,P00094,5,13171.07,65855.35
OI0002905,O001177,P00085,4,9236.97,36947.88
OI0002906,O001178,P00028,4,5804.91,23219.64
OI0002907,O001178,P00010,2,14694.37,29388.74
OI0002908,O001178,P00022,5,5634.74,28173.699999999997
OI0002909,O001178,P00055,2,5599.57,11199.14
OI0002910,O001179,P00084,2,14069.72,28139.44
OI0002911,O001179,P00070,2,2586.86,5173.72
OI0002912,O001179,P00054,5,516.23,2581.15
OI0002913,O001179,P00046,3,15720.6,47161.8
OI0002914,O001180,P00024,2,661.99,1323.98
OI0002915,O001180,P00030,1,11313.56,11313.56
OI0002916,O001180,P00016,3,3591.51,10774.53
OI0002917,O001181,P00073,3,15455.92,46367.76
OI0002919,O001181,P00059,4,15594.5,62378.0
OI0002920,O001182,P00074,4,7723.94,30895.76
OI0002921,O001182,P00058,1,2681.24,2681.24
OI0002922,O001182,P00076,2,2930.49,5860.98
OI0002923,O001183,P00041,4,6177.47,24709.88
OI0002924,O001183,P00090,5,13515.98,67579.9
OI0002925,O001183,P00029,3,9560.81,28682.43
OI0002926,O001184,P00029,3,9560.81,28682.43
OI0002927,O001184,P00042,1,11714.53,11714.53
OI0002928,O001184,P00027,3,12270.99,36812.97
OI0002929,O001184,P00007,5,1695.66,8478.300000000001
OI0002930,O001185,P00118,5,5621.04,28105.2
OI0002931,O001185,P00068,3,7242.25,21726.75
OI0002932,O001185,P00080,3,8989.55,26968.649999999998
OI0002933,O001186,P00112,3,7810.47,23431.41
OI0002934,O001186,P00116,3,15959.01,47877.03
OI0002935,O001186,P00119,1,14522.12,14522.12
OI0002936,O001187,P00107,3,3734.57,11203.710000000001
OI0002937,O001187,P00091,4,4946.59,19786.36
OI0002938,O001188,P00007,3,1695.66,5086.9800000000005
OI0002939,O001188,P00076,2,2930.49,5860.98
OI0002940,O001189,P00013,1,15087.03,15087.03
OI0002941,O001189,P00032,5,2972.8,14864.0
OI0002942,O001189,P00021,1,15831.58,15831.58
OI0002943,O001190,P00081,4,14690.16,58760.64
OI0002944,O001190,P00091,4,4946.59,19786.36
OI0002945,O001190,P00101,2,9471.71,18943.42
OI0002946,O001191,P00109,1,3646.7,3646.7
OI0002947,O001191,P00039,5,11770.16,58850.8
OI0002948,O001191,P00049,1,11581.53,11581.53
OI0002949,O001191,P00119,2,14522.12,29044.24
OI0002950,O001192,P00111,5,9070.02,45350.100000000006
OI0002951,O001192,P00046,3,15720.6,47161.8
OI0002952,O001192,P00068,4,7242.25,28969.0
OI0002953,O001192,P00091,5,4946.59,24732.95
OI0002954,O001193,P00025,3,8564.03,25692.090000000004
OI0002955,O001193,P00034,2,209.8,419.6
OI0002956,O001193,P00090,2,13515.98,27031.96
OI0002957,O001194,P00025,4,8564.03,34256.12
OI0002958,O001194,P00107,2,3734.57,7469.14
OI0002959,O001195,P00039,2,11770.16,23540.32
OI0002960,O001196,P00005,5,10898.5,54492.5
OI0002961,O001197,P00114,1,2567.88,2567.88
OI0002962,O001197,P00104,4,13741.36,54965.44
OI0002963,O001198,P00008,5,387.92,1939.6000000000001
OI0002964,O001198,P00020,3,6822.91,20468.73
OI0002965,O001198,P00030,2,11313.56,22627.12
OI0002966,O001199,P00026,5,4115.14,20575.7
OI0002967,O001199,P00018,5,10426.0,52130.0
OI0002968,O001200,P00028,2,5804.91,11609.82
OI0002969,O001201,P00009,4,13213.04,52852.16
OI0002970,O001201,P00094,3,13171.07,39513.21
OI0002971,O001201,P00089,1,5537.28,5537.28
OI0002972,O001201,P00016,4,3591.51,14366.04
OI0002973,O001202,P00023,3,3040.09,9120.27
OI0002974,O001203,P00105,2,10494.08,20988.16
OI0002975,O001203,P00063,3,13216.58,39649.74
OI0002976,O001203,P00022,2,5634.74,11269.48
OI0002977,O001204,P00012,4,14499.23,57996.92
OI0002978,O001205,P00118,5,5621.04,28105.2
OI0002979,O001205,P00107,1,3734.57,3734.57
OI0002980,O001205,P00034,4,209.8,839.2
OI0002981,O001205,P00085,4,9236.97,36947.88
OI0002982,O001206,P00050,3,11773.84,35321.520000000004
OI0002983,O001207,P00044,1,10305.42,10305.42
OI0002984,O001207,P00065,3,7681.42,23044.260000000002
OI0002985,O001208,P00032,2,2972.8,5945.6
OI0002986,O001208,P00063,4,13216.58,52866.32
OI0002987,O001209,P00068,4,7242.25,28969.0
OI0002988,O001210,P00059,1,15594.5,15594.5
OI0002989,O001211,P00076,5,2930.49,14652.449999999999
OI0002990,O001212,P00023,4,3040.09,12160.36
OI0002991,O001212,P00019,3,1162.47,3487.41
OI0002992,O001213,P00020,4,6822.91,27291.64
OI0002993,O001213,P00019,3,1162.47,3487.41
OI0002994,O001213,P00015,3,6246.13,18738.39
OI0002995,O001214,P00089,5,5537.28,27686.399999999998
OI0002996,O001215,P00066,3,7639.92,22919.760000000002
OI0002997,O001215,P00077,4,2192.74,8770.96
OI0002998,O001215,P00075,2,8132.2,16264.4
OI0002999,O001215,P00119,3,14522.12,43566.36
OI0003000,O001216,P00025,4,8564.03,34256.12
OI0003001,O001216,P00101,5,9471.71,47358.549999999996
OI0003002,O001216,P00088,2,11981.85,23963.7
OI0003003,O001217,P00054,2,516.23,1032.46
OI0003004,O001217,P00030,4,11313.56,45254.24
OI0003005,O001217,P00035,2,11526.61,23053.22
OI0003006,O001218,P00070,5,2586.86,12934.300000000001
OI0003007,O001218,P00011,3,3323.46,9970.380000000001
OI0003008,O001218,P00019,2,1162.47,2324.94
OI0003009,O001219,P00076,3,2930.49,8791.47
OI0003010,O001219,P00041,5,6177.47,30887.350000000002
OI0003011,O001220,P00086,1,4550.54,4550.54
OI0003012,O001220,P00098,1,4527.84,4527.84
OI0003013,O001220,P00024,3,661.99,1985.97
OI0003014,O001221,P00006,3,15242.13,45726.39
OI0003015,O001222,P00109,1,3646.7,3646.7
OI0003016,O001222,P00020,2,6822.91,13645.82
OI0003017,O001223,P00070,4,2586.86,10347.44
OI0003018,O001223,P00054,1,516.23,516.23
OI0003019,O001223,P00069,5,4360.73,21803.649999999998
OI0003020,O001223,P00064,3,605.62,1816.8600000000001
OI0003021,O001224,P00006,4,15242.13,60968.52
OI0003022,O001225,P00082,4,1976.8,7907.2
OI0003023,O001225,P00052,1,1801.57,1801.57
OI0003024,O001225,P00037,2,15375.83,30751.66
OI0003025,O001225,P00112,2,7810.47,15620.94
OI0003026,O001226,P00089,3,5537.28,16611.84
OI0003027,O001226,P00009,3,13213.04,39639.12
OI0003028,O001226,P00006,1,15242.13,15242.13
OI0003029,O001227,P00020,5,6822.91,34114.55
OI0003030,O001227,P00106,5,14600.94,73004.7
OI0003031,O001227,P00098,5,4527.84,22639.2
OI0003032,O001227,P00053,2,2768.97,5537.94
OI0003033,O001228,P00055,2,5599.57,11199.14
OI0003035,O001228,P00003,2,3596.33,7192.66
OI0003036,O001228,P00095,5,11410.2,57051.0
OI0003037,O001229,P00104,2,13741.36,27482.72
OI0003038,O001229,P00023,2,3040.09,6080.18
OI0003039,O001229,P00035,1,11526.61,11526.61
OI0003040,O001230,P00008,4,387.92,1551.68
OI0003041,O001231,P00110,2,9433.9,18867.8
OI0003042,O001231,P00030,2,11313.56,22627.12
OI0003043,O001232,P00053,5,2768.97,13844.849999999999
OI0003044,O001232,P00116,1,15959.01,15959.01
OI0003045,O001232,P00096,5,2944.05,14720.25
OI0003046,O001232,P00011,4,3323.46,13293.84
OI0003047,O001233,P00020,5,6822.91,34114.55
OI0003048,O001233,P00085,2,9236.97,18473.94
OI0003049,O001234,P00045,2,5431.46,10862.92
OI0003050,O001234,P00115,5,10635.38,53176.899999999994
OI0003051,O001235,P00064,1,605.62,605.62
OI0003052,O001235,P00050,3,11773.84,35321.520000000004
OI0003054,O001235,P00084,5,14069.72,70348.59999999999
OI0003055,O001236,P00015,1,6246.13,6246.13
OI0003056,O001236,P00059,5,15594.5,77972.5
OI0003057,O001236,P00118,5,5621.04,28105.2
OI0003058,O001236,P00065,5,7681.42,38407.1
OI0003059,O001237,P00090,4,13515.98,54063.92
OI0003060,O001237,P00051,4,14130.98,56523.92
OI0003061,O001238,P00018,3,10426.0,31278.0
OI0003062,O001239,P00078,4,3389.32,13557.28
OI0003063,O001239,P00035,1,11526.61,11526.61
OI0003064,O001240,P00019,4,1162.47,4649.88
OI0003065,O001240,P00098,3,4527.84,13583.52
OI0003066,O001240,P00080,4,8989.55,35958.2
OI0003067,O001240,P00053,4,2768.97,11075.88
OI0003068,O001241,P00088,5,11981.85,59909.25
OI0003069,O001241,P00080,3,8989.55,26968.649999999998
OI0003070,O001241,P00109,5,3646.7,18233.5
OI0003071,O001242,P00108,3,14347.63,43042.89
OI0003072,O001242,P00059,5,15594.5,77972.5
OI0003073,O001242,P00067,5,3120.12,15600.599999999999
OI0003074,O001243,P00085,5,9236.97,46184.85
OI0003075,O001243,P00082,1,1976.8,1976.8
OI0003076,O001244,P00051,4,14130.98,56523.92
OI0003078,O001245,P00014,5,13181.63,65908.15
OI0003079,O001245,P00099,2,10238.47,20476.94
OI0003080,O001246,P00034,1,209.8,209.8
OI0003081,O001246,P00107,4,3734.57,14938.28
OI0003082,O001246,P00110,2,9433.9,18867.8
OI0003083,O001246,P00096,4,2944.05,11776.2
OI0003084,O001247,P00098,5,4527.84,22639.2
OI0003085,O001247,P00087,5,811.76,4058.8
OI0003086,O001247,P00052,2,1801.57,3603.14
OI0003087,O001247,P00014,3,13181.63,39544.89
OI0003088,O001248,P00056,1,8842.33,8842.33
OI0003089,O001248,P00058,4,2681.24,10724.96
OI0003090,O001248,P00073,1,15455.92,15455.92
OI0003091,O001249,P00055,1,5599.57,5599.57
OI0003092,O001249,P00048,3,11151.18,33453.54
OI0003093,O001250,P00055,4,5599.57,22398.28
OI0003094,O001250,P00072,3,8945.91,26837.73
OI0003095,O001250,P00116,1,15959.01,15959.01
OI0003096,O001251,P00018,2,10426.0,20852.0
OI0003097,O001251,P00041,2,6177.47,12354.94
OI0003098,O001251,P00120,1,13556.62,13556.62
OI0003099,O001251,P00055,2,5599.57,11199.14
OI0003100,O001252,P00039,3,11770.16,35310.479999999996
OI0003101,O001252,P00070,2,2586.86,5173.72
OI0003102,O001252,P00037,3,15375.83,46127.49
OI0003103,O001252,P00088,2,11981.85,23963.7
OI0003104,O001253,P00043,2,3075.89,6151.78
OI0003105,O001253,P00094,5,13171.07,65855.35
OI0003106,O001253,P00045,2,5431.46,10862.92
OI0003107,O001254,P00082,4,1976.8,7907.2
OI0003108,O001254,P00060,3,10636.45,31909.350000000002
OI0003109,O001255,P00024,3,661.99,1985.97
OI0003110,O001255,P00075,3,8132.2,24396.6
OI0003111,O001256,P00048,1,11151.18,11151.18
OI0003112,O001256,P00079,1,5251.04,5251.04
OI0003113,O001256,P00011,1,3323.46,3323.46
OI0003114,O001256,P00058,5,2681.24,13406.199999999999
OI0003115,O001257,P00099,4,10238.47,40953.88
OI0003116,O001257,P00019,3,1162.47,3487.41
OI0003117,O001257,P00039,4,11770.16,47080.64
OI0003118,O001258,P00030,5,11313.56,56567.799999999996
OI0003119,O001258,P00063,2,13216.58,26433.16
OI0003120,O001258,P00066,2,7639.92,15279.84
OI0003121,O001259,P00055,1,5599.57,5599.57
OI0003122,O001259,P00120,5,13556.62,67783.1
OI0003123,O001260,P00024,3,661.99,1985.97
OI0003124,O001260,P00041,4,6177.47,24709.88
OI0003125,O001260,P00088,4,11981.85,47927.4
OI0003126,O001260,P00009,2,13213.04,26426.08
OI0003127,O001261,P00013,5,15087.03,75435.15000000001
OI0003128,O001262,P00057,2,11330.17,22660.34
OI0003129,O001262,P00096,4,2944.05,11776.2
OI0003130,O001262,P00049,1,11581.53,11581.53
OI0003131,O001262,P00120,2,13556.62,27113.24
OI0003132,O001263,P00034,5,209.8,1049.0
OI0003133,O001263,P00116,5,15959.01,79795.05
OI0003134,O001263,P00044,1,10305.42,10305.42
OI0003135,O001263,P00007,5,1695.66,8478.300000000001
OI0003136,O001264,P00021,1,15831.58,15831.58
OI0003137,O001264,P00013,4,15087.03,60348.12
OI0003138,O001264,P00091,3,4946.59,14839.77
OI0003139,O001265,P00080,5,8989.55,44947.75
OI0003140,O001265,P00097,5,721.52,3607.6
OI0003141,O001265,P00116,2,15959.01,31918.02
OI0003142,O001266,P00108,5,14347.63,71738.15
OI0003143,O001267,P00105,2,10494.08,20988.16
OI0003144,O001268,P00097,3,721.52,2164.56
OI0003145,O001268,P00075,3,8132.2,24396.6
OI0003146,O001268,P00068,1,7242.25,7242.25
OI0003147,O001269,P00093,1,3538.97,3538.97
OI0003148,O001269,P00028,5,5804.91,29024.55
OI0003149,O001270,P00107,3,3734.57,11203.710000000001
OI0003150,O001270,P00069,1,4360.73,4360.73
OI0003151,O001270,P00011,5,3323.46,16617.3
OI0003152,O001270,P00036,5,2532.85,12664.25
OI0003153,O001271,P00119,2,14522.12,29044.24
OI0003154,O001271,P00055,3,5599.57,16798.71
OI0003155,O001271,P00075,3,8132.2,24396.6
OI0003156,O001271,P00027,5,12270.99,61354.95
OI0003157,O001272,P00003,2,3596.33,7192.66
OI0003158,O001272,P00096,1,2944.05,2944.05
OI0003159,O001272,P00016,5,3591.51,17957.550000000003
OI0003160,O001272,P00074,5,7723.94,38619.7
OI0003161,O001273,P00093,1,3538.97,3538.97
OI0003162,O001273,P00055,5,5599.57,27997.85
OI0003163,O001274,P00028,2,5804.91,11609.82
OI0003164,O001274,P00092,3,11714.03,35142.090000000004
OI0003165,O001274,P00060,5,10636.45,53182.25
OI0003166,O001275,P00073,2,15455.92,30911.84
OI0003167,O001275,P00032,1,2972.8,2972.8
OI0003168,O001275,P00027,3,12270.99,36812.97
OI0003169,O001275,P00046,4,15720.6,62882.4
OI0003170,O001276,P00075,5,8132.2,40661.0
OI0003171,O001276,P00063,3,13216.58,39649.74
OI0003172,O001277,P00108,2,14347.63,28695.26
OI0003173,O001277,P00066,2,7639.92,15279.84
OI0003174,O001278,P00118,2,5621.04,11242.08
OI0003175,O001278,P00032,4,2972.8,11891.2
OI0003176,O001278,P00038,3,5516.66,16549.98
OI0003177,O001279,P00042,3,11714.53,35143.590000000004
OI0003178,O001279,P00082,3,1976.8,5930.4
OI0003179,O001279,P00115,3,10635.38,31906.14
OI0003180,O001279,P00027,3,12270.99,36812.97
OI0003181,O001280,P00054,5,516.23,2581.15
OI0003182,O001280,P00027,3,12270.99,36812.97
OI0003183,O001280,P00055,3,5599.57,16798.71
OI0003184,O001280,P00018,5,10426.0,52130.0
OI0003185,O001281,P00054,4,516.23,2064.92
OI0003186,O001282,P00065,3,7681.42,23044.260000000002
OI0003187,O001282,P00069,5,4360.73,21803.649999999998
OI0003188,O001283,P00069,4,4360.73,17442.92
OI0003189,O001283,P00096,4,2944.05,11776.2
OI0003190,O001283,P00115,3,10635.38,31906.14
OI0003191,O001284,P00101,1,9471.71,9471.71
OI0003192,O001285,P00065,4,7681.42,30725.68
OI0003193,O001286,P00052,4,1801.57,7206.28
OI0003194,O001286,P00037,3,15375.83,46127.49
OI0003195,O001287,P00025,4,8564.03,34256.12
OI0003196,O001287,P00066,2,7639.92,15279.84
OI0003197,O001287,P00106,4,14600.94,58403.76
OI0003198,O001288,P00093,3,3538.97,10616.91
OI0003199,O001289,P00013,2,15087.03,30174.06
OI0003200,O001289,P00073,2,15455.92,30911.84
OI0003201,O001289,P00028,1,5804.91,5804.91
OI0003202,O001290,P00019,3,1162.47,3487.41
OI0003203,O001290,P00097,4,721.52,2886.08
OI0003204,O001291,P00111,4,9070.02,36280.08
OI0003205,O001291,P00120,2,13556.62,27113.24
OI0003206,O001291,P00074,4,7723.94,30895.76
OI0003207,O001292,P00023,1,3040.09,3040.09
OI0003208,O001292,P00054,5,516.23,2581.15
OI0003209,O001293,P00020,5,6822.91,34114.55
OI0003210,O001294,P00005,5,10898.5,54492.5
OI0003211,O001295,P00002,3,12959.03,38877.090000000004
OI0003212,O001296,P00043,5,3075.89,15379.449999999999
OI0003213,O001296,P00103,1,632.72,632.72
OI0003214,O001297,P00084,4,14069.72,56278.88
OI0003215,O001298,P00114,4,2567.88,10271.52
OI0003216,O001298,P00010,1,14694.37,14694.37
OI0003217,O001298,P00084,3,14069.72,42209.159999999996
OI0003218,O001298,P00050,3,11773.84,35321.520000000004
OI0003219,O001299,P00059,3,15594.5,46783.5
OI0003220,O001300,P00110,2,9433.9,18867.8
OI0003221,O001300,P00101,2,9471.71,18943.42
OI0003222,O001300,P00120,4,13556.62,54226.48
OI0003223,O001301,P00019,1,1162.47,1162.47
OI0003224,O001302,P00027,2,12270.99,24541.98
OI0003225,O001303,P00053,5,2768.97,13844.849999999999
OI0003226,O001303,P00011,5,3323.46,16617.3
OI0003227,O001303,P00084,2,14069.72,28139.44
OI0003228,O001303,P00060,3,10636.45,31909.350000000002
OI0003229,O001304,P00041,5,6177.47,30887.350000000002
OI0003230,O001305,P00033,5,3874.45,19372.25
OI0003231,O001305,P00062,2,5900.1,11800.2
OI0003232,O001305,P00072,4,8945.91,35783.64
OI0003233,O001305,P00055,1,5599.57,5599.57
OI0003234,O001306,P00073,1,15455.92,15455.92
OI0003235,O001307,P00006,5,15242.13,76210.65
OI0003236,O001307,P00007,5,1695.66,8478.300000000001
OI0003237,O001307,P00052,2,1801.57,3603.14
OI0003238,O001308,P00036,3,2532.85,7598.549999999999
OI0003239,O001308,P00070,3,2586.86,7760.58
OI0003240,O001309,P00041,2,6177.47,12354.94
OI0003241,O001309,P00036,1,2532.85,2532.85
OI0003242,O001309,P00056,2,8842.33,17684.66
OI0003243,O001309,P00024,4,661.99,2647.96
OI0003244,O001310,P00008,1,387.92,387.92
OI0003246,O001312,P00075,1,8132.2,8132.2
OI0003247,O001313,P00120,5,13556.62,67783.1
OI0003248,O001313,P00059,5,15594.5,77972.5
OI0003249,O001314,P00110,5,9433.9,47169.5
OI0003250,O001315,P00032,1,2972.8,2972.8
OI0003251,O001315,P00056,2,8842.33,17684.66
OI0003252,O001316,P00089,5,5537.28,27686.399999999998
OI0003253,O001316,P00034,5,209.8,1049.0
OI0003254,O001316,P00043,3,3075.89,9227.67
OI0003255,O001317,P00042,2,11714.53,23429.06
OI0003256,O001317,P00098,4,4527.84,18111.36
OI0003257,O001318,P00111,4,9070.02,36280.08
OI0003258,O001318,P00052,1,1801.57,1801.57
OI0003259,O001318,P00056,5,8842.33,44211.65
OI0003260,O001319,P00118,2,5621.04,11242.08
OI0003261,O001319,P00018,5,10426.0,52130.0
OI0003262,O001320,P00064,3,605.62,1816.8600000000001
OI0003263,O001321,P00120,3,13556.62,40669.86
OI0003265,O001322,P00071,3,12968.25,38904.75
OI0003266,O001322,P00090,1,13515.98,13515.98
OI0003267,O001323,P00086,4,4550.54,18202.16
OI0003268,O001323,P00111,1,9070.02,9070.02
OI0003269,O001323,P00115,5,10635.38,53176.899999999994
OI0003270,O001324,P00059,1,15594.5,15594.5
OI0003271,O001324,P00012,2,14499.23,28998.46
OI0003272,O001325,P00069,1,4360.73,4360.73
OI0003273,O001325,P00092,4,11714.03,46856.12
OI0003274,O001325,P00048,3,11151.18,33453.54
OI0003275,O001326,P00054,3,516.23,1548.69
OI0003276,O001326,P00029,1,9560.81,9560.81
OI0003277,O001326,P00110,1,9433.9,9433.9
OI0003278,O001326,P00082,1,1976.8,1976.8
OI0003279,O001327,P00072,4,8945.91,35783.64
OI0003280,O001327,P00054,5,516.23,2581.15
OI0003281,O001327,P00011,3,3323.46,9970.380000000001
OI0003282,O001328,P00051,1,14130.98,14130.98
OI0003283,O001328,P00058,4,2681.24,10724.96
OI0003284,O001329,P00114,4,2567.88,10271.52
OI0003285,O001329,P00053,3,2768.97,8306.91
OI0003286,O001329,P00110,3,9433.9,28301.699999999997
OI0003287,O001329,P00070,1,2586.86,2586.86
OI0003288,O001330,P00104,5,13741.36,68706.8
OI0003289,O001331,P00007,4,1695.66,6782.64
OI0003290,O001331,P00040,4,2951.4,11805.6
OI0003291,O001331,P00093,1,3538.97,3538.97
OI0003292,O001332,P00021,5,15831.58,79157.9
OI0003293,O001332,P00046,1,15720.6,15720.6
OI0003294,O001332,P00033,3,3874.45,11623.349999999999
OI0003295,O001333,P00100,1,6083.97,6083.97
OI0003296,O001333,P00026,4,4115.14,16460.56
OI0003297,O001333,P00070,4,2586.86,10347.44
OI0003298,O001333,P00071,2,12968.25,25936.5
OI0003299,O001334,P00093,5,3538.97,17694.85
OI0003300,O001334,P00009,5,13213.04,66065.20000000001
OI0003301,O001335,P00105,1,10494.08,10494.08
OI0003302,O001336,P00085,3,9236.97,27710.909999999996
OI0003303,O001336,P00096,2,2944.05,5888.1
OI0003304,O001337,P00001,2,7519.88,15039.76
OI0003305,O001337,P00106,5,14600.94,73004.7
OI0003306,O001337,P00031,1,9096.12,9096.12
OI0003307,O001337,P00064,1,605.62,605.62
OI0003308,O001338,P00011,1,3323.46,3323.46
OI0003309,O001339,P00096,4,2944.05,11776.2
OI0003310,O001339,P00013,5,15087.03,75435.15000000001
OI0003311,O001339,P00076,1,2930.49,2930.49
OI0003312,O001339,P00106,4,14600.94,58403.76
OI0003313,O001340,P00109,5,3646.7,18233.5
OI0003314,O001340,P00082,3,1976.8,5930.4
OI0003315,O001340,P00060,1,10636.45,10636.45
OI0003316,O001341,P00072,4,8945.91,35783.64
OI0003317,O001341,P00068,1,7242.25,7242.25
OI0003318,O001342,P00014,5,13181.63,65908.15
OI0003319,O001342,P00055,5,5599.57,27997.85
OI0003320,O001342,P00004,2,11435.29,22870.58
OI0003321,O001342,P00071,2,12968.25,25936.5
OI0003322,O001343,P00063,2,13216.58,26433.16
OI0003323,O001343,P00044,4,10305.42,41221.68
OI0003324,O001344,P00060,1,10636.45,10636.45
OI0003325,O001344,P00111,3,9070.02,27210.06
OI0003326,O001344,P00065,3,7681.42,23044.260000000002
OI0003327,O001345,P00106,4,14600.94,58403.76
OI0003328,O001345,P00016,4,3591.51,14366.04
OI0003329,O001346,P00050,4,11773.84,47095.36
OI0003330,O001347,P00095,1,11410.2,11410.2
OI0003331,O001348,P00028,2,5804.91,11609.82
OI0003332,O001349,P00080,5,8989.55,44947.75
OI0003333,O001350,P00039,1,11770.16,11770.16
OI0003334,O001351,P00049,4,11581.53,46326.12
OI0003335,O001352,P00030,1,11313.56,11313.56
OI0003336,O001352,P00040,3,2951.4,8854.2
OI0003337,O001352,P00071,1,12968.25,12968.25
OI0003338,O001353,P00110,2,9433.9,18867.8
OI0003339,O001353,P00016,3,3591.51,10774.53
OI0003340,O001353,P00041,1,6177.47,6177.47
OI0003341,O001353,P00061,1,983.24,983.24
OI0003342,O001354,P00065,3,7681.42,23044.260000000002
OI0003343,O001354,P00013,1,15087.03,15087.03
OI0003344,O001354,P00044,5,10305.42,51527.1
OI0003345,O001354,P00047,2,7255.75,14511.5
OI0003346,O001355,P00099,3,10238.47,30715.409999999996
OI0003347,O001355,P00060,1,10636.45,10636.45
OI0003348,O001355,P00019,2,1162.47,2324.94
OI0003349,O001355,P00005,5,10898.5,54492.5
OI0003350,O001356,P00028,1,5804.91,5804.91
OI0003351,O001357,P00106,3,14600.94,43802.82
OI0003352,O001357,P00010,3,14694.37,44083.11
OI0003353,O001357,P00108,2,14347.63,28695.26
OI0003354,O001358,P00019,5,1162.47,5812.35
OI0003355,O001358,P00115,3,10635.38,31906.14
OI0003356,O001358,P00058,4,2681.24,10724.96
OI0003357,O001358,P00024,3,661.99,1985.97
OI0003358,O001359,P00094,4,13171.07,52684.28
OI0003359,O001359,P00071,2,12968.25,25936.5
OI0003360,O001360,P00115,3,10635.38,31906.14
OI0003361,O001360,P00086,5,4550.54,22752.7
OI0003362,O001360,P00089,5,5537.28,27686.399999999998
OI0003363,O001360,P00004,2,11435.29,22870.58
OI0003364,O001361,P00061,5,983.24,4916.2
OI0003365,O001361,P00026,1,4115.14,4115.14
OI0003366,O001362,P00053,4,2768.97,11075.88
OI0003367,O001362,P00058,4,2681.24,10724.96
OI0003368,O001362,P00008,3,387.92,1163.76
OI0003369,O001363,P00019,4,1162.47,4649.88
OI0003370,O001363,P00109,4,3646.7,14586.8
OI0003371,O001363,P00024,2,661.99,1323.98
OI0003372,O001364,P00107,4,3734.57,14938.28
OI0003373,O001365,P00100,3,6083.97,18251.91
OI0003374,O001366,P00005,2,10898.5,21797.0
OI0003375,O001366,P00048,4,11151.18,44604.72
OI0003376,O001367,P00096,5,2944.05,14720.25
OI0003377,O001367,P00053,1,2768.97,2768.97
OI0003378,O001368,P00112,1,7810.47,7810.47
OI0003379,O001369,P00114,1,2567.88,2567.88
OI0003380,O001369,P00100,3,6083.97,18251.91
OI0003381,O001369,P00006,2,15242.13,30484.26
OI0003382,O001369,P00044,4,10305.42,41221.68
OI0003383,O001370,P00073,4,15455.92,61823.68
OI0003384,O001370,P00036,2,2532.85,5065.7
OI0003385,O001371,P00113,5,13810.57,69052.85
OI0003386,O001371,P00045,5,5431.46,27157.3
OI0003387,O001372,P00024,2,661.99,1323.98
OI0003388,O001372,P00070,1,2586.86,2586.86
OI0003389,O001372,P00111,2,9070.02,18140.04
OI0003390,O001372,P00012,1,14499.23,14499.23
OI0003391,O001373,P00058,2,2681.24,5362.48
OI0003392,O001373,P00051,2,14130.98,28261.96
OI0003393,O001373,P00083,3,14812.87,44438.61
OI0003394,O001373,P00043,2,3075.89,6151.78
OI0003395,O001374,P00039,4,11770.16,47080.64
OI0003396,O001374,P00105,4,10494.08,41976.32
OI0003397,O001374,P00001,1,7519.88,7519.88
OI0003398,O001374,P00054,5,516.23,2581.15
OI0003399,O001375,P00099,3,10238.47,30715.409999999996
OI0003400,O001375,P00010,3,14694.37,44083.11
OI0003401,O001376,P00116,3,15959.01,47877.03
OI0003402,O001376,P00021,2,15831.58,31663.16
OI0003403,O001377,P00015,5,6246.13,31230.65
OI0003404,O001378,P00075,5,8132.2,40661.0
OI0003405,O001378,P00065,2,7681.42,15362.84
OI0003406,O001378,P00105,2,10494.08,20988.16
OI0003407,O001378,P00071,2,12968.25,25936.5
OI0003408,O001379,P00016,3,3591.51,10774.53
OI0003409,O001379,P00017,1,7245.98,7245.98
OI0003410,O001380,P00008,2,387.92,775.84
OI0003411,O001380,P00016,4,3591.51,14366.04
OI0003412,O001381,P00050,2,11773.84,23547.68
OI0003413,O001382,P00076,2,2930.49,5860.98
OI0003414,O001383,P00017,4,7245.98,28983.92
OI0003415,O001383,P00055,5,5599.57,27997.85
OI0003416,O001383,P00110,4,9433.9,37735.6
OI0003417,O001383,P00036,1,2532.85,2532.85
OI0003418,O001384,P00104,1,13741.36,13741.36
OI0003419,O001384,P00099,2,10238.47,20476.94
OI0003420,O001384,P00030,5,11313.56,56567.799999999996
OI0003421,O001384,P00004,3,11435.29,34305.87
OI0003423,O001385,P00043,1,3075.89,3075.89
OI0003424,O001386,P00063,2,13216.58,26433.16
OI0003425,O001386,P00118,5,5621.04,28105.2
OI0003426,O001386,P00076,3,2930.49,8791.47
OI0003427,O001386,P00060,3,10636.45,31909.350000000002
OI0003428,O001387,P00090,1,13515.98,13515.98
OI0003429,O001387,P00120,1,13556.62,13556.62
OI0003430,O001387,P00070,5,2586.86,12934.300000000001
OI0003431,O001388,P00097,5,721.52,3607.6
OI0003432,O001388,P00022,5,5634.74,28173.699999999997
OI0003433,O001389,P00036,3,2532.85,7598.549999999999
OI0003434,O001389,P00008,3,387.92,1163.76
OI0003435,O001389,P00114,5,2567.88,12839.400000000001
OI0003436,O001389,P00067,5,3120.12,15600.599999999999
OI0003437,O001390,P00095,5,11410.2,57051.0
OI0003438,O001391,P00095,5,11410.2,57051.0
OI0003439,O001391,P00048,5,11151.18,55755.9
OI0003440,O001391,P00011,2,3323.46,6646.92
OI0003441,O001392,P00022,4,5634.74,22538.96
OI0003442,O001392,P00097,4,721.52,2886.08
OI0003443,O001392,P00114,3,2567.88,7703.64
OI0003444,O001392,P00039,1,11770.16,11770.16
OI0003445,O001393,P00051,4,14130.98,56523.92
OI0003446,O001393,P00022,4,5634.74,22538.96
OI0003447,O001393,P00107,3,3734.57,11203.710000000001
OI0003448,O001393,P00089,3,5537.28,16611.84
OI0003449,O001394,P00092,2,11714.03,23428.06
OI0003450,O001395,P00069,2,4360.73,8721.46
OI0003451,O001395,P00080,3,8989.55,26968.649999999998
OI0003452,O001396,P00054,1,516.23,516.23
OI0003453,O001397,P00107,4,3734.57,14938.28
OI0003454,O001397,P00108,4,14347.63,57390.52
OI0003455,O001397,P00008,5,387.92,1939.6000000000001
OI0003456,O001397,P00061,3,983.24,2949.7200000000003
OI0003457,O001398,P00085,1,9236.97,9236.97
OI0003458,O001398,P00019,2,1162.47,2324.94
OI0003459,O001398,P00110,1,9433.9,9433.9
OI0003460,O001398,P00029,5,9560.81,47804.049999999996
OI0003461,O001399,P00116,1,15959.01,15959.01
OI0003462,O001399,P00105,2,10494.08,20988.16
OI0003463,O001399,P00037,4,15375.83,61503.32
OI0003464,O001400,P00102,5,13433.93,67169.65
OI0003465,O001400,P00033,5,3874.45,19372.25
OI0003466,O001401,P00003,4,3596.33,14385.32
OI0003467,O001401,P00012,5,14499.23,72496.15
OI0003468,O001401,P00107,3,3734.57,11203.710000000001
OI0003469,O001401,P00109,1,3646.7,3646.7
OI0003470,O001402,P00022,4,5634.74,22538.96
OI0003471,O001402,P00029,2,9560.81,19121.62
OI0003472,O001402,P00035,4,11526.61,46106.44
OI0003473,O001402,P00045,4,5431.46,21725.84
OI0003474,O001403,P00096,2,2944.05,5888.1
OI0003475,O001403,P00029,5,9560.81,47804.049999999996
OI0003476,O001403,P00049,4,11581.53,46326.12
OI0003477,O001404,P00030,3,11313.56,33940.68
OI0003478,O001404,P00065,3,7681.42,23044.260000000002
OI0003479,O001404,P00112,3,7810.47,23431.41
OI0003480,O001405,P00075,2,8132.2,16264.4
OI0003481,O001406,P00095,4,11410.2,45640.8
OI0003482,O001406,P00013,5,15087.03,75435.15000000001
OI0003483,O001406,P00038,2,5516.66,11033.32
OI0003484,O001406,P00029,4,9560.81,38243.24
OI0003485,O001407,P00113,4,13810.57,55242.28
OI0003486,O001407,P00054,2,516.23,1032.46
OI0003487,O001407,P00033,4,3874.45,15497.8
OI0003488,O001408,P00008,2,387.92,775.84
OI0003489,O001409,P00006,5,15242.13,76210.65
OI0003490,O001409,P00090,3,13515.98,40547.94
OI0003491,O001409,P00059,3,15594.5,46783.5
OI0003492,O001410,P00057,4,11330.17,45320.68
OI0003493,O001410,P00035,2,11526.61,23053.22
OI0003494,O001411,P00071,2,12968.25,25936.5
OI0003495,O001412,P00100,1,6083.97,6083.97
OI0003496,O001412,P00011,4,3323.46,13293.84
OI0003497,O001412,P00079,5,5251.04,26255.2
OI0003498,O001413,P00074,2,7723.94,15447.88
OI0003499,O001413,P00054,2,516.23,1032.46
OI0003500,O001414,P00103,1,632.72,632.72
OI0003501,O001414,P00082,3,1976.8,5930.4
OI0003502,O001414,P00042,2,11714.53,23429.06
OI0003503,O001415,P00070,4,2586.86,10347.44
OI0003504,O001416,P00074,1,7723.94,7723.94
OI0003505,O001416,P00120,5,13556.62,67783.1
OI0003506,O001417,P00063,5,13216.58,66082.9
OI0003507,O001417,P00016,3,3591.51,10774.53
OI0003508,O001418,P00079,4,5251.04,21004.16
OI0003509,O001418,P00034,2,209.8,419.6
OI0003510,O001418,P00022,5,5634.74,28173.699999999997
OI0003511,O001419,P00015,3,6246.13,18738.39
OI0003513,O001420,P00069,3,4360.73,13082.189999999999
OI0003514,O001420,P00057,5,11330.17,56650.85
OI0003515,O001421,P00085,1,9236.97,9236.97
OI0003516,O001421,P00101,1,9471.71,9471.71
OI0003517,O001421,P00032,5,2972.8,14864.0
OI0003518,O001422,P00044,5,10305.42,51527.1
OI0003519,O001423,P00116,5,15959.01,79795.05
OI0003520,O001423,P00109,1,3646.7,3646.7
OI0003521,O001424,P00006,1,15242.13,15242.13
OI0003522,O001424,P00058,5,2681.24,13406.199999999999
OI0003523,O001424,P00113,1,13810.57,13810.57
OI0003524,O001425,P00084,3,14069.72,42209.159999999996
OI0003525,O001425,P00112,5,7810.47,39052.35
OI0003526,O001426,P00083,3,14812.87,44438.61
OI0003527,O001426,P00060,4,10636.45,42545.8
OI0003528,O001427,P00103,4,632.72,2530.88
OI0003529,O001427,P00061,1,983.24,983.24
OI0003530,O001428,P00119,2,14522.12,29044.24
OI0003531,O001428,P00054,3,516.23,1548.69
OI0003532,O001429,P00116,1,15959.01,15959.01
OI0003533,O001429,P00001,3,7519.88,22559.64
OI0003534,O001429,P00011,2,3323.46,6646.92
OI0003535,O001429,P00023,3,3040.09,9120.27
OI0003537,O001430,P00047,5,7255.75,36278.75
OI0003538,O001431,P00032,5,2972.8,14864.0
OI0003539,O001432,P00049,2,11581.53,23163.06
OI0003540,O001432,P00041,3,6177.47,18532.41
OI0003541,O001433,P00100,1,6083.97,6083.97
OI0003542,O001433,P00036,4,2532.85,10131.4
OI0003543,O001433,P00087,3,811.76,2435.2799999999997
OI0003544,O001434,P00064,3,605.62,1816.8600000000001
OI0003545,O001434,P00032,4,2972.8,11891.2
OI0003546,O001434,P00067,2,3120.12,6240.24
OI0003547,O001434,P00048,2,11151.18,22302.36
OI0003548,O001435,P00017,3,7245.98,21737.94
OI0003549,O001436,P00078,4,3389.32,13557.28
OI0003550,O001436,P00068,4,7242.25,28969.0
OI0003551,O001437,P00025,3,8564.03,25692.090000000004
OI0003552,O001437,P00115,5,10635.38,53176.899999999994
OI0003553,O001438,P00097,4,721.52,2886.08
OI0003554,O001438,P00071,4,12968.25,51873.0
OI0003555,O001438,P00095,4,11410.2,45640.8
OI0003556,O001439,P00033,2,3874.45,7748.9
OI0003557,O001439,P00068,3,7242.25,21726.75
OI0003558,O001440,P00098,1,4527.84,4527.84
OI0003559,O001440,P00077,2,2192.74,4385.48
OI0003560,O001441,P00102,3,13433.93,40301.79
OI0003561,O001442,P00028,3,5804.91,17414.73
OI0003562,O001443,P00083,4,14812.87,59251.48
OI0003563,O001443,P00042,2,11714.53,23429.06
OI0003564,O001443,P00107,1,3734.57,3734.57
OI0003565,O001443,P00086,2,4550.54,9101.08
OI0003566,O001444,P00055,5,5599.57,27997.85
OI0003567,O001444,P00078,5,3389.32,16946.600000000002
OI0003568,O001444,P00103,4,632.72,2530.88
OI0003569,O001444,P00014,5,13181.63,65908.15
OI0003570,O001445,P00011,4,3323.46,13293.84
OI0003571,O001446,P00074,3,7723.94,23171.82
OI0003572,O001446,P00043,1,3075.89,3075.89
OI0003573,O001446,P00062,3,5900.1,17700.300000000003
OI0003574,O001446,P00020,1,6822.91,6822.91
OI0003575,O001447,P00013,4,15087.03,60348.12
OI0003576,O001447,P00002,2,12959.03,25918.06
OI0003577,O001447,P00007,3,1695.66,5086.9800000000005
OI0003578,O001447,P00064,4,605.62,2422.48
OI0003579,O001448,P00076,2,2930.49,5860.98
OI0003580,O001449,P00104,3,13741.36,41224.08
OI0003581,O001449,P00038,4,5516.66,22066.64
OI0003582,O001450,P00009,1,13213.04,13213.04
OI0003583,O001450,P00119,4,14522.12,58088.48
OI0003584,O001450,P00114,1,2567.88,2567.88
OI0003585,O001451,P00012,2,14499.23,28998.46
OI0003586,O001451,P00062,2,5900.1,11800.2
OI0003587,O001451,P00089,5,5537.28,27686.399999999998
OI0003588,O001452,P00072,3,8945.91,26837.73
OI0003589,O001453,P00034,5,209.8,1049.0
OI0003590,O001453,P00035,3,11526.61,34579.83
OI0003591,O001453,P00092,1,11714.03,11714.03
OI0003592,O001453,P00103,1,632.72,632.72
OI0003593,O001454,P00115,5,10635.38,53176.899999999994
OI0003594,O001454,P00040,1,2951.4,2951.4
OI0003595,O001454,P00016,2,3591.51,7183.02
OI0003596,O001455,P00088,2,11981.85,23963.7
OI0003597,O001456,P00088,1,11981.85,11981.85
OI0003598,O001456,P00036,5,2532.85,12664.25
OI0003599,O001456,P00081,2,14690.16,29380.32
OI0003600,O001456,P00089,2,5537.28,11074.56
OI0003601,O001457,P00093,3,3538.97,10616.91
OI0003602,O001457,P00031,2,9096.12,18192.24
OI0003603,O001458,P00098,4,4527.84,18111.36
OI0003604,O001459,P00077,5,2192.74,10963.699999999999
OI0003605,O001460,P00011,2,3323.46,6646.92
OI0003606,O001460,P00012,2,14499.23,28998.46
OI0003607,O001461,P00021,2,15831.58,31663.16
OI0003608,O001461,P00103,1,632.72,632.72
OI0003609,O001461,P00052,4,1801.57,7206.28
OI0003610,O001462,P00087,3,811.76,2435.2799999999997
OI0003611,O001462,P00001,3,7519.88,22559.64
OI0003612,O001462,P00061,1,983.24,983.24
OI0003613,O001462,P00062,2,5900.1,11800.2
OI0003614,O001463,P00094,3,13171.07,39513.21
OI0003615,O001463,P00032,4,2972.8,11891.2
OI0003616,O001463,P00074,4,7723.94,30895.76
OI0003617,O001464,P00030,4,11313.56,45254.24
OI0003618,O001464,P00002,5,12959.03,64795.15
OI0003619,O001464,P00018,2,10426.0,20852.0
OI0003620,O001465,P00007,1,1695.66,1695.66
OI0003621,O001465,P00043,1,3075.89,3075.89
OI0003622,O001465,P00119,2,14522.12,29044.24
OI0003623,O001465,P00105,1,10494.08,10494.08
OI0003624,O001466,P00108,5,14347.63,71738.15
OI0003625,O001466,P00002,1,12959.03,12959.03
OI0003626,O001466,P00080,5,8989.55,44947.75
OI0003627,O001467,P00019,3,1162.47,3487.41
OI0003628,O001468,P00097,5,721.52,3607.6
OI0003629,O001468,P00048,1,11151.18,11151.18
OI0003630,O001468,P00073,2,15455.92,30911.84
OI0003631,O001468,P00060,1,10636.45,10636.45
OI0003632,O001469,P00045,3,5431.46,16294.380000000001
OI0003633,O001469,P00118,3,5621.04,16863.12
OI0003634,O001469,P00105,5,10494.08,52470.4
OI0003635,O001469,P00064,1,605.62,605.62
OI0003636,O001470,P00016,5,3591.51,17957.550000000003
OI0003637,O001471,P00114,3,2567.88,7703.64
OI0003638,O001471,P00108,4,14347.63,57390.52
OI0003639,O001471,P00109,2,3646.7,7293.4
OI0003640,O001472,P00007,4,1695.66,6782.64
OI0003641,O001472,P00041,4,6177.47,24709.88
OI0003642,O001472,P00090,4,13515.98,54063.92
OI0003643,O001472,P00053,3,2768.97,8306.91
OI0003644,O001473,P00003,1,3596.33,3596.33
OI0003645,O001473,P00017,3,7245.98,21737.94
OI0003646,O001473,P00026,3,4115.14,12345.420000000002
OI0003647,O001473,P00046,1,15720.6,15720.6
OI0003648,O001474,P00045,5,5431.46,27157.3
OI0003649,O001475,P00032,3,2972.8,8918.400000000001
OI0003650,O001475,P00076,5,2930.49,14652.449999999999
OI0003651,O001476,P00089,5,5537.28,27686.399999999998
OI0003652,O001476,P00118,4,5621.04,22484.16
OI0003653,O001476,P00060,1,10636.45,10636.45
OI0003654,O001477,P00075,4,8132.2,32528.8
OI0003655,O001477,P00028,5,5804.91,29024.55
OI0003656,O001477,P00055,3,5599.57,16798.71
OI0003657,O001477,P00043,4,3075.89,12303.56
OI0003658,O001478,P00099,2,10238.47,20476.94
OI0003659,O001479,P00070,3,2586.86,7760.58
OI0003660,O001480,P00025,2,8564.03,17128.06
OI0003661,O001480,P00109,5,3646.7,18233.5
OI0003662,O001481,P00038,5,5516.66,27583.3
OI0003663,O001481,P00034,3,209.8,629.4000000000001
OI0003664,O001481,P00006,2,15242.13,30484.26
OI0003665,O001481,P00024,4,661.99,2647.96
OI0003666,O001482,P00029,5,9560.81,47804.049999999996
OI0003667,O001482,P00093,2,3538.97,7077.94
OI0003668,O001483,P00055,5,5599.57,27997.85
OI0003669,O001484,P00114,1,2567.88,2567.88
OI0003670,O001484,P00078,4,3389.32,13557.28
OI0003671,O001485,P00115,1,10635.38,10635.38
OI0003672,O001485,P00050,4,11773.84,47095.36
OI0003673,O001486,P00092,4,11714.03,46856.12
OI0003674,O001487,P00117,4,6333.74,25334.96
OI0003675,O001487,P00017,4,7245.98,28983.92
OI0003676,O001488,P00004,1,11435.29,11435.29
OI0003677,O001488,P00119,3,14522.12,43566.36
OI0003678,O001488,P00103,4,632.72,2530.88
OI0003679,O001488,P00057,3,11330.17,33990.51
OI0003680,O001489,P00082,4,1976.8,7907.2
OI0003681,O001490,P00061,5,983.24,4916.2
OI0003682,O001490,P00101,4,9471.71,37886.84
OI0003683,O001490,P00098,3,4527.84,13583.52
OI0003684,O001490,P00047,1,7255.75,7255.75
OI0003685,O001491,P00025,3,8564.03,25692.090000000004
OI0003686,O001491,P00104,4,13741.36,54965.44
OI0003687,O001491,P00066,3,7639.92,22919.760000000002
OI0003688,O001491,P00085,1,9236.97,9236.97
OI0003689,O001492,P00076,5,2930.49,14652.449999999999
OI0003690,O001492,P00090,5,13515.98,67579.9
OI0003691,O001493,P00105,3,10494.08,31482.239999999998
OI0003692,O001493,P00041,2,6177.47,12354.94
OI0003693,O001493,P00002,4,12959.03,51836.12
OI0003694,O001494,P00115,2,10635.38,21270.76
OI0003695,O001494,P00049,5,11581.53,57907.65
OI0003696,O001494,P00013,5,15087.03,75435.15000000001
OI0003697,O001495,P00001,1,7519.88,7519.88
OI0003698,O001496,P00039,2,11770.16,23540.32
OI0003699,O001496,P00023,4,3040.09,12160.36
OI0003700,O001496,P00106,4,14600.94,58403.76
OI0003701,O001496,P00114,5,2567.88,12839.400000000001
OI0003702,O001497,P00008,3,387.92,1163.76
OI0003703,O001497,P00043,5,3075.89,15379.449999999999
OI0003704,O001497,P00085,1,9236.97,9236.97
OI0003705,O001497,P00070,2,2586.86,5173.72
OI0003706,O001498,P00051,3,14130.98,42392.94
OI0003707,O001498,P00004,4,11435.29,45741.16
OI0003708,O001498,P00097,5,721.52,3607.6
OI0003709,O001499,P00026,1,4115.14,4115.14
OI0003710,O001499,P00051,5,14130.98,70654.9
OI0003711,O001500,P00094,5,13171.07,65855.35
OI0003712,O001500,P00058,3,2681.24,8043.719999999999
OI0003713,O001500,P00088,5,11981.85,59909.25
OI0003714,O001501,P00033,4,3874.45,15497.8
OI0003715,O001501,P00061,1,983.24,983.24
OI0003716,O001502,P00088,1,11981.85,11981.85
OI0003717,O001502,P00008,3,387.92,1163.76
OI0003718,O001502,P00046,1,15720.6,15720.6
OI0003719,O001503,P00120,2,13556.62,27113.24
OI0003720,O001503,P00038,4,5516.66,22066.64
OI0003721,O001503,P00001,4,7519.88,30079.52
OI0003722,O001503,P00019,2,1162.47,2324.94
OI0003723,O001504,P00104,2,13741.36,27482.72
OI0003724,O001504,P00120,5,13556.62,67783.1
OI0003725,O001504,P00035,1,11526.61,11526.61
OI0003726,O001505,P00096,3,2944.05,8832.150000000001
OI0003727,O001505,P00009,1,13213.04,13213.04
OI0003728,O001505,P00028,4,5804.91,23219.64
OI0003729,O001506,P00108,3,14347.63,43042.89
OI0003730,O001506,P00035,5,11526.61,57633.05
OI0003731,O001507,P00060,2,10636.45,21272.9
OI0003732,O001508,P00082,1,1976.8,1976.8
OI0003733,O001508,P00029,5,9560.81,47804.049999999996
OI0003734,O001508,P00074,5,7723.94,38619.7
OI0003736,O001509,P00046,5,15720.6,78603.0
OI0003737,O001510,P00020,1,6822.91,6822.91
OI0003738,O001510,P00006,4,15242.13,60968.52
OI0003739,O001510,P00030,4,11313.56,45254.24
OI0003740,O001511,P00066,4,7639.92,30559.68
OI0003741,O001512,P00108,3,14347.63,43042.89
OI0003742,O001512,P00078,5,3389.32,16946.600000000002
OI0003743,O001513,P00083,2,14812.87,29625.74
OI0003744,O001513,P00099,4,10238.47,40953.88
OI0003745,O001514,P00108,5,14347.63,71738.15
OI0003746,O001514,P00062,4,5900.1,23600.4
OI0003747,O001514,P00038,1,5516.66,5516.66
OI0003748,O001514,P00119,2,14522.12,29044.24
OI0003749,O001515,P00060,5,10636.45,53182.25
OI0003750,O001516,P00054,5,516.23,2581.15
OI0003751,O001516,P00080,4,8989.55,35958.2
OI0003752,O001516,P00071,2,12968.25,25936.5
OI0003753,O001517,P00061,5,983.24,4916.2
OI0003754,O001517,P00087,4,811.76,3247.04
OI0003755,O001518,P00091,4,4946.59,19786.36
OI0003756,O001518,P00034,3,209.8,629.4000000000001
OI0003757,O001518,P00010,5,14694.37,73471.85
OI0003758,O001519,P00046,5,15720.6,78603.0
OI0003759,O001520,P00022,2,5634.74,11269.48
OI0003760,O001520,P00052,5,1801.57,9007.85
OI0003761,O001520,P00106,4,14600.94,58403.76
OI0003762,O001520,P00071,1,12968.25,12968.25
OI0003763,O001521,P00081,3,14690.16,44070.479999999996
OI0003764,O001522,P00109,1,3646.7,3646.7
OI0003765,O001522,P00084,2,14069.72,28139.44
OI0003766,O001522,P00101,1,9471.71,9471.71
OI0003768,O001523,P00029,2,9560.81,19121.62
OI0003769,O001523,P00062,2,5900.1,11800.2
OI0003770,O001524,P00118,3,5621.04,16863.12
OI0003771,O001524,P00006,4,15242.13,60968.52
OI0003772,O001524,P00032,5,2972.8,14864.0
OI0003773,O001524,P00092,5,11714.03,58570.15
OI0003774,O001525,P00099,2,10238.47,20476.94
OI0003775,O001526,P00057,1,11330.17,11330.17
OI0003776,O001526,P00087,1,811.76,811.76
OI0003777,O001526,P00116,5,15959.01,79795.05
OI0003778,O001527,P00066,1,7639.92,7639.92
OI0003779,O001527,P00069,3,4360.73,13082.189999999999
OI0003780,O001527,P00027,4,12270.99,49083.96
OI0003781,O001528,P00052,4,1801.57,7206.28
OI0003782,O001528,P00069,4,4360.73,17442.92
OI0003783,O001529,P00080,2,8989.55,17979.1
OI0003784,O001529,P00058,3,2681.24,8043.719999999999
OI0003785,O001529,P00069,3,4360.73,13082.189999999999
OI0003786,O001529,P00007,5,1695.66,8478.300000000001
OI0003787,O001530,P00093,1,3538.97,3538.97
OI0003788,O001530,P00110,2,9433.9,18867.8
OI0003789,O001530,P00055,5,5599.57,27997.85
OI0003790,O001530,P00039,2,11770.16,23540.32
OI0003791,O001531,P00047,2,7255.75,14511.5
OI0003792,O001531,P00058,2,2681.24,5362.48
OI0003793,O001531,P00091,2,4946.59,9893.18
OI0003794,O001531,P00118,4,5621.04,22484.16
OI0003795,O001532,P00072,3,8945.91,26837.73
OI0003796,O001532,P00048,2,11151.18,22302.36
OI0003797,O001532,P00118,3,5621.04,16863.12
OI0003798,O001533,P00103,2,632.72,1265.44
OI0003799,O001533,P00050,4,11773.84,47095.36
OI0003800,O001533,P00004,3,11435.29,34305.87
OI0003801,O001533,P00060,1,10636.45,10636.45
OI0003802,O001534,P00055,1,5599.57,5599.57
OI0003803,O001535,P00073,3,15455.92,46367.76
OI0003804,O001535,P00071,1,12968.25,12968.25
OI0003805,O001535,P00010,3,14694.37,44083.11
OI0003806,O001535,P00083,4,14812.87,59251.48
OI0003807,O001536,P00004,5,11435.29,57176.450000000004
OI0003808,O001536,P00095,2,11410.2,22820.4
OI0003809,O001536,P00017,3,7245.98,21737.94
OI0003810,O001537,P00120,5,13556.62,67783.1
OI0003811,O001537,P00096,5,2944.05,14720.25
OI0003812,O001537,P00004,2,11435.29,22870.58
OI0003813,O001538,P00001,2,7519.88,15039.76
OI0003814,O001539,P00018,2,10426.0,20852.0
OI0003815,O001539,P00088,5,11981.85,59909.25
OI0003816,O001540,P00013,4,15087.03,60348.12
OI0003817,O001541,P00016,5,3591.51,17957.550000000003
OI0003818,O001541,P00036,2,2532.85,5065.7
OI0003819,O001541,P00038,3,5516.66,16549.98
OI0003820,O001541,P00004,3,11435.29,34305.87
OI0003821,O001542,P00015,5,6246.13,31230.65
OI0003822,O001543,P00095,4,11410.2,45640.8
OI0003823,O001543,P00116,3,15959.01,47877.03
OI0003824,O001543,P00083,2,14812.87,29625.74
OI0003825,O001544,P00004,2,11435.29,22870.58
OI0003826,O001545,P00107,3,3734.57,11203.710000000001
OI0003827,O001545,P00120,3,13556.62,40669.86
OI0003828,O001546,P00074,3,7723.94,23171.82
OI0003829,O001546,P00001,2,7519.88,15039.76
OI0003830,O001547,P00038,2,5516.66,11033.32
OI0003831,O001547,P00075,1,8132.2,8132.2
OI0003832,O001547,P00107,5,3734.57,18672.850000000002
OI0003833,O001547,P00026,5,4115.14,20575.7
OI0003834,O001548,P00002,3,12959.03,38877.090000000004
OI0003835,O001548,P00075,4,8132.2,32528.8
OI0003836,O001548,P00042,4,11714.53,46858.12
OI0003837,O001549,P00013,5,15087.03,75435.15000000001
OI0003838,O001550,P00033,2,3874.45,7748.9
OI0003839,O001551,P00071,4,12968.25,51873.0
OI0003840,O001552,P00108,5,14347.63,71738.15
OI0003841,O001552,P00007,1,1695.66,1695.66
OI0003842,O001552,P00053,4,2768.97,11075.88
OI0003843,O001552,P00083,2,14812.87,29625.74
OI0003844,O001553,P00024,2,661.99,1323.98
OI0003845,O001554,P00087,3,811.76,2435.2799999999997
OI0003846,O001555,P00005,3,10898.5,32695.5
OI0003847,O001555,P00014,5,13181.63,65908.15
OI0003848,O001555,P00041,1,6177.47,6177.47
OI0003849,O001555,P00010,4,14694.37,58777.48
OI0003850,O001556,P00005,5,10898.5,54492.5
OI0003851,O001556,P00041,2,6177.47,12354.94
OI0003852,O001556,P00030,4,11313.56,45254.24
OI0003853,O001557,P00069,2,4360.73,8721.46
OI0003854,O001557,P00040,2,2951.4,5902.8
OI0003855,O001557,P00027,2,12270.99,24541.98
OI0003856,O001558,P00087,2,811.76,1623.52
OI0003857,O001558,P00037,5,15375.83,76879.15
OI0003858,O001558,P00043,3,3075.89,9227.67
OI0003859,O001558,P00017,4,7245.98,28983.92
OI0003860,O001559,P00094,5,13171.07,65855.35
OI0003861,O001560,P00023,2,3040.09,6080.18
OI0003862,O001560,P00080,1,8989.55,8989.55
OI0003863,O001560,P00061,2,983.24,1966.48
OI0003864,O001561,P00101,5,9471.71,47358.549999999996
OI0003865,O001561,P00032,4,2972.8,11891.2
OI0003866,O001561,P00112,1,7810.47,7810.47
OI0003867,O001562,P00100,4,6083.97,24335.88
OI0003868,O001562,P00035,3,11526.61,34579.83
OI0003869,O001562,P00119,3,14522.12,43566.36
OI0003870,O001562,P00098,5,4527.84,22639.2
OI0003871,O001563,P00096,3,2944.05,8832.150000000001
OI0003872,O001563,P00032,4,2972.8,11891.2
OI0003873,O001563,P00020,5,6822.91,34114.55
OI0003874,O001564,P00026,2,4115.14,8230.28
OI0003875,O001564,P00096,2,2944.05,5888.1
OI0003876,O001564,P00081,3,14690.16,44070.479999999996
OI0003877,O001564,P00071,3,12968.25,38904.75
OI0003878,O001565,P00094,5,13171.07,65855.35
OI0003879,O001565,P00069,2,4360.73,8721.46
OI0003880,O001565,P00019,5,1162.47,5812.35
OI0003881,O001565,P00038,1,5516.66,5516.66
OI0003882,O001566,P00089,1,5537.28,5537.28
OI0003883,O001566,P00060,1,10636.45,10636.45
OI0003884,O001567,P00013,3,15087.03,45261.090000000004
OI0003885,O001568,P00094,1,13171.07,13171.07
OI0003886,O001568,P00036,1,2532.85,2532.85
OI0003887,O001568,P00074,4,7723.94,30895.76
OI0003888,O001568,P00027,5,12270.99,61354.95
OI0003889,O001569,P00096,2,2944.05,5888.1
OI0003890,O001569,P00075,3,8132.2,24396.6
OI0003891,O001570,P00002,5,12959.03,64795.15
OI0003892,O001570,P00028,1,5804.91,5804.91
OI0003893,O001570,P00051,1,14130.98,14130.98
OI0003894,O001571,P00087,5,811.76,4058.8
OI0003895,O001571,P00004,3,11435.29,34305.87
OI0003896,O001571,P00053,1,2768.97,2768.97
OI0003897,O001571,P00088,4,11981.85,47927.4
OI0003898,O001572,P00073,3,15455.92,46367.76
OI0003899,O001572,P00078,1,3389.32,3389.32
OI0003900,O001573,P00061,4,983.24,3932.96
OI0003901,O001573,P00118,2,5621.04,11242.08
OI0003902,O001574,P00012,1,14499.23,14499.23
OI0003903,O001574,P00094,4,13171.07,52684.28
OI0003904,O001574,P00008,1,387.92,387.92
OI0003905,O001575,P00099,1,10238.47,10238.47
OI0003906,O001576,P00119,5,14522.12,72610.6
OI0003907,O001576,P00016,1,3591.51,3591.51
OI0003908,O001576,P00052,5,1801.57,9007.85
OI0003909,O001576,P00118,3,5621.04,16863.12
OI0003910,O001577,P00114,2,2567.88,5135.76
OI0003911,O001577,P00020,1,6822.91,6822.91
OI0003912,O001577,P00008,4,387.92,1551.68
OI0003913,O001578,P00027,5,12270.99,61354.95
OI0003914,O001579,P00102,4,13433.93,53735.72
OI0003915,O001580,P00116,1,15959.01,15959.01
OI0003916,O001580,P00060,5,10636.45,53182.25
OI0003917,O001580,P00086,1,4550.54,4550.54
OI0003918,O001581,P00120,5,13556.62,67783.1
OI0003919,O001581,P00090,4,13515.98,54063.92
OI0003920,O001581,P00010,5,14694.37,73471.85
OI0003921,O001581,P00099,4,10238.47,40953.88
OI0003922,O001582,P00005,4,10898.5,43594.0
OI0003923,O001583,P00022,2,5634.74,11269.48
OI0003924,O001583,P00032,3,2972.8,8918.400000000001
OI0003925,O001583,P00083,1,14812.87,14812.87
OI0003926,O001584,P00050,4,11773.84,47095.36
OI0003927,O001584,P00009,3,13213.04,39639.12
OI0003928,O001585,P00037,1,15375.83,15375.83
OI0003929,O001585,P00063,4,13216.58,52866.32
OI0003930,O001585,P00093,5,3538.97,17694.85
OI0003931,O001586,P00078,5,3389.32,16946.600000000002
OI0003932,O001586,P00037,1,15375.83,15375.83
OI0003933,O001586,P00065,1,7681.42,7681.42
OI0003934,O001586,P00073,3,15455.92,46367.76
OI0003935,O001587,P00114,2,2567.88,5135.76
OI0003936,O001587,P00019,1,1162.47,1162.47
OI0003937,O001587,P00110,4,9433.9,37735.6
OI0003938,O001588,P00011,3,3323.46,9970.380000000001
OI0003939,O001589,P00111,5,9070.02,45350.100000000006
OI0003940,O001589,P00024,1,661.99,661.99
OI0003941,O001589,P00034,1,209.8,209.8
OI0003942,O001589,P00006,4,15242.13,60968.52
OI0003943,O001590,P00001,4,7519.88,30079.52
OI0003944,O001590,P00061,5,983.24,4916.2
OI0003945,O001591,P00023,2,3040.09,6080.18
OI0003946,O001591,P00072,5,8945.91,44729.55
OI0003947,O001592,P00005,1,10898.5,10898.5
OI0003948,O001592,P00001,5,7519.88,37599.4
OI0003949,O001592,P00035,5,11526.61,57633.05
OI0003950,O001593,P00025,4,8564.03,34256.12
OI0003951,O001593,P00041,2,6177.47,12354.94
OI0003952,O001593,P00100,5,6083.97,30419.850000000002
OI0003953,O001594,P00063,5,13216.58,66082.9
OI0003954,O001594,P00072,5,8945.91,44729.55
OI0003955,O001594,P00006,2,15242.13,30484.26
OI0003956,O001595,P00032,5,2972.8,14864.0
OI0003957,O001595,P00039,2,11770.16,23540.32
OI0003958,O001595,P00010,5,14694.37,73471.85
OI0003959,O001596,P00071,2,12968.25,25936.5
OI0003960,O001596,P00005,5,10898.5,54492.5
OI0003961,O001597,P00087,2,811.76,1623.52
OI0003962,O001598,P00033,2,3874.45,7748.9
OI0003963,O001598,P00120,4,13556.62,54226.48
OI0003964,O001598,P00118,1,5621.04,5621.04
OI0003965,O001598,P00116,3,15959.01,47877.03
OI0003966,O001599,P00024,1,661.99,661.99
OI0003967,O001599,P00074,5,7723.94,38619.7
OI0003968,O001599,P00115,5,10635.38,53176.899999999994
OI0003969,O001600,P00002,1,12959.03,12959.03
OI0003970,O001600,P00049,4,11581.53,46326.12
OI0003971,O001600,P00009,2,13213.04,26426.08
OI0003972,O001600,P00094,3,13171.07,39513.21
OI0003973,O001601,P00085,5,9236.97,46184.85
OI0003974,O001601,P00072,1,8945.91,8945.91
OI0003975,O001601,P00009,2,13213.04,26426.08
OI0003976,O001601,P00039,5,11770.16,58850.8
OI0003977,O001602,P00059,4,15594.5,62378.0
OI0003978,O001602,P00100,2,6083.97,12167.94
OI0003979,O001602,P00108,1,14347.63,14347.63
OI0003980,O001603,P00099,1,10238.47,10238.47
OI0003981,O001604,P00077,3,2192.74,6578.219999999999
OI0003982,O001604,P00014,3,13181.63,39544.89
OI0003983,O001604,P00042,5,11714.53,58572.65
OI0003984,O001604,P00069,4,4360.73,17442.92
OI0003985,O001605,P00058,2,2681.24,5362.48
OI0003986,O001605,P00008,2,387.92,775.84
OI0003987,O001605,P00031,3,9096.12,27288.36
OI0003988,O001606,P00068,2,7242.25,14484.5
OI0003989,O001606,P00050,1,11773.84,11773.84
OI0003990,O001607,P00021,2,15831.58,31663.16
OI0003991,O001607,P00013,2,15087.03,30174.06
OI0003992,O001607,P00063,1,13216.58,13216.58
OI0003993,O001607,P00038,5,5516.66,27583.3
OI0003994,O001608,P00061,1,983.24,983.24
OI0003995,O001608,P00110,2,9433.9,18867.8
OI0003996,O001609,P00065,3,7681.42,23044.260000000002
OI0003998,O001610,P00074,2,7723.94,15447.88
OI0004000,O001612,P00024,3,661.99,1985.97
OI0004001,O001612,P00108,3,14347.63,43042.89
OI0004002,O001613,P00030,3,11313.56,33940.68
OI0004003,O001613,P00001,3,7519.88,22559.64
OI0004004,O001614,P00060,1,10636.45,10636.45
OI0004005,O001614,P00118,4,5621.04,22484.16
OI0004006,O001614,P00101,3,9471.71,28415.129999999997
OI0004007,O001614,P00069,4,4360.73,17442.92
OI0004008,O001615,P00118,1,5621.04,5621.04
OI0004009,O001616,P00083,1,14812.87,14812.87
OI0004010,O001616,P00115,5,10635.38,53176.899999999994
OI0004011,O001616,P00098,1,4527.84,4527.84
OI0004012,O001616,P00054,3,516.23,1548.69
OI0004013,O001617,P00087,1,811.76,811.76
OI0004014,O001618,P00081,2,14690.16,29380.32
OI0004015,O001618,P00055,2,5599.57,11199.14
OI0004016,O001618,P00027,1,12270.99,12270.99
OI0004017,O001618,P00043,5,3075.89,15379.449999999999
OI0004018,O001619,P00117,1,6333.74,6333.74
OI0004019,O001619,P00064,2,605.62,1211.24
OI0004020,O001620,P00107,2,3734.57,7469.14
OI0004021,O001620,P00044,5,10305.42,51527.1
OI0004022,O001620,P00099,2,10238.47,20476.94
OI0004023,O001620,P00117,1,6333.74,6333.74
OI0004024,O001621,P00017,5,7245.98,36229.899999999994
OI0004025,O001621,P00062,1,5900.1,5900.1
OI0004026,O001622,P00006,1,15242.13,15242.13
OI0004027,O001622,P00013,1,15087.03,15087.03
OI0004028,O001623,P00009,4,13213.04,52852.16
OI0004029,O001623,P00104,3,13741.36,41224.08
OI0004030,O001623,P00019,3,1162.47,3487.41
OI0004031,O001624,P00034,3,209.8,629.4000000000001
OI0004032,O001624,P00068,2,7242.25,14484.5
OI0004033,O001624,P00057,5,11330.17,56650.85
OI0004034,O001624,P00066,3,7639.92,22919.760000000002
OI0004035,O001625,P00042,3,11714.53,35143.590000000004
OI0004036,O001625,P00050,2,11773.84,23547.68
OI0004037,O001625,P00069,1,4360.73,4360.73
OI0004038,O001625,P00119,2,14522.12,29044.24
OI0004039,O001626,P00090,4,13515.98,54063.92
OI0004040,O001626,P00003,2,3596.33,7192.66
OI0004041,O001626,P00079,3,5251.04,15753.119999999999
OI0004042,O001627,P00116,2,15959.01,31918.02
OI0004043,O001627,P00001,3,7519.88,22559.64
OI0004044,O001627,P00024,4,661.99,2647.96
OI0004045,O001628,P00110,1,9433.9,9433.9
OI0004046,O001628,P00113,3,13810.57,41431.71
OI0004047,O001628,P00018,1,10426.0,10426.0
OI0004048,O001628,P00048,2,11151.18,22302.36
OI0004049,O001629,P00100,2,6083.97,12167.94
OI0004050,O001629,P00032,2,2972.8,5945.6
OI0004051,O001630,P00002,2,12959.03,25918.06
OI0004052,O001630,P00051,5,14130.98,70654.9
OI0004053,O001630,P00026,1,4115.14,4115.14
OI0004054,O001630,P00053,2,2768.97,5537.94
OI0004055,O001631,P00065,2,7681.42,15362.84
OI0004056,O001631,P00118,3,5621.04,16863.12
OI0004057,O001631,P00035,5,11526.61,57633.05
OI0004058,O001632,P00003,5,3596.33,17981.65
OI0004059,O001632,P00102,4,13433.93,53735.72
OI0004060,O001632,P00066,1,7639.92,7639.92
OI0004062,O001633,P00004,3,11435.29,34305.87
OI0004063,O001633,P00072,3,8945.91,26837.73
OI0004064,O001634,P00117,5,6333.74,31668.699999999997
OI0004065,O001635,P00038,4,5516.66,22066.64
OI0004066,O001635,P00051,5,14130.98,70654.9
OI0004067,O001635,P00015,1,6246.13,6246.13
OI0004068,O001636,P00008,3,387.92,1163.76
OI0004069,O001637,P00107,2,3734.57,7469.14
OI0004070,O001637,P00043,1,3075.89,3075.89
OI0004071,O001638,P00080,1,8989.55,8989.55
OI0004072,O001639,P00071,5,12968.25,64841.25
OI0004073,O001639,P00034,4,209.8,839.2
OI0004074,O001639,P00005,1,10898.5,10898.5
OI0004075,O001639,P00012,5,14499.23,72496.15
OI0004076,O001640,P00055,1,5599.57,5599.57
OI0004077,O001640,P00103,4,632.72,2530.88
OI0004078,O001640,P00067,4,3120.12,12480.48
OI0004079,O001640,P00015,5,6246.13,31230.65
OI0004080,O001641,P00111,5,9070.02,45350.100000000006
OI0004081,O001641,P00004,2,11435.29,22870.58
OI0004082,O001641,P00043,5,3075.89,15379.449999999999
OI0004083,O001642,P00032,5,2972.8,14864.0
OI0004084,O001642,P00075,5,8132.2,40661.0
OI0004085,O001643,P00088,3,11981.85,35945.55
OI0004086,O001644,P00020,5,6822.91,34114.55
OI0004087,O001645,P00033,1,3874.45,3874.45
OI0004088,O001645,P00041,1,6177.47,6177.47
OI0004089,O001646,P00105,5,10494.08,52470.4
OI0004090,O001646,P00025,4,8564.03,34256.12
OI0004091,O001646,P00118,1,5621.04,5621.04
OI0004092,O001646,P00001,2,7519.88,15039.76
OI0004093,O001647,P00018,4,10426.0,41704.0
OI0004094,O001647,P00041,4,6177.47,24709.88
OI0004095,O001647,P00017,5,7245.98,36229.899999999994
OI0004096,O001648,P00019,3,1162.47,3487.41
OI0004097,O001648,P00025,1,8564.03,8564.03
OI0004098,O001648,P00038,4,5516.66,22066.64
OI0004099,O001649,P00014,5,13181.63,65908.15
OI0004100,O001649,P00049,4,11581.53,46326.12
OI0004101,O001649,P00047,4,7255.75,29023.0
OI0004102,O001649,P00091,1,4946.59,4946.59
OI0004103,O001650,P00003,5,3596.33,17981.65
OI0004104,O001651,P00026,5,4115.14,20575.7
OI0004105,O001651,P00100,2,6083.97,12167.94
OI0004106,O001651,P00059,1,15594.5,15594.5
OI0004107,O001652,P00062,4,5900.1,23600.4
OI0004108,O001652,P00086,1,4550.54,4550.54
OI0004109,O001652,P00032,5,2972.8,14864.0
OI0004110,O001653,P00054,1,516.23,516.23
OI0004111,O001653,P00002,2,12959.03,25918.06
OI0004112,O001654,P00029,3,9560.81,28682.43
OI0004113,O001654,P00041,2,6177.47,12354.94
OI0004114,O001655,P00073,4,15455.92,61823.68
OI0004115,O001655,P00012,5,14499.23,72496.15
OI0004116,O001655,P00105,4,10494.08,41976.32
OI0004117,O001655,P00033,2,3874.45,7748.9
OI0004118,O001656,P00055,5,5599.57,27997.85
OI0004119,O001656,P00047,4,7255.75,29023.0
OI0004120,O001656,P00019,3,1162.47,3487.41
OI0004121,O001656,P00100,5,6083.97,30419.850000000002
OI0004122,O001657,P00086,4,4550.54,18202.16
OI0004123,O001657,P00007,3,1695.66,5086.9800000000005
OI0004124,O001657,P00012,1,14499.23,14499.23
OI0004125,O001657,P00039,3,11770.16,35310.479999999996
OI0004126,O001658,P00031,4,9096.12,36384.48
OI0004127,O001658,P00041,2,6177.47,12354.94
OI0004128,O001659,P00068,5,7242.25,36211.25
OI0004129,O001660,P00023,5,3040.09,15200.45
OI0004130,O001661,P00080,1,8989.55,8989.55
OI0004131,O001661,P00088,2,11981.85,23963.7
OI0004132,O001662,P00051,1,14130.98,14130.98
OI0004133,O001662,P00022,1,5634.74,5634.74
OI0004134,O001662,P00069,2,4360.73,8721.46
OI0004135,O001662,P00118,4,5621.04,22484.16
OI0004136,O001663,P00112,3,7810.47,23431.41
OI0004138,O001664,P00100,5,6083.97,30419.850000000002
OI0004139,O001665,P00096,3,2944.05,8832.150000000001
OI0004140,O001666,P00052,4,1801.57,7206.28
OI0004141,O001667,P00053,2,2768.97,5537.94
OI0004142,O001667,P00119,5,14522.12,72610.6
OI0004143,O001668,P00059,4,15594.5,62378.0
OI0004144,O001668,P00119,2,14522.12,29044.24
OI0004145,O001669,P00058,4,2681.24,10724.96
OI0004146,O001669,P00083,4,14812.87,59251.48
OI0004147,O001670,P00060,3,10636.45,31909.350000000002
OI0004148,O001671,P00020,4,6822.91,27291.64
OI0004149,O001671,P00056,1,8842.33,8842.33
OI0004150,O001671,P00042,2,11714.53,23429.06
OI0004151,O001671,P00078,3,3389.32,10167.960000000001
OI0004152,O001672,P00099,4,10238.47,40953.88
OI0004153,O001673,P00076,3,2930.49,8791.47
OI0004154,O001673,P00111,3,9070.02,27210.06
OI0004155,O001674,P00006,3,15242.13,45726.39
OI0004156,O001674,P00008,1,387.92,387.92
OI0004157,O001674,P00112,2,7810.47,15620.94
OI0004158,O001674,P00084,5,14069.72,70348.59999999999
OI0004159,O001675,P00081,2,14690.16,29380.32
OI0004160,O001676,P00082,5,1976.8,9884.0
OI0004161,O001676,P00002,1,12959.03,12959.03
OI0004162,O001676,P00009,2,13213.04,26426.08
OI0004163,O001677,P00053,2,2768.97,5537.94
OI0004164,O001677,P00078,5,3389.32,16946.600000000002
OI0004165,O001678,P00101,4,9471.71,37886.84
OI0004166,O001678,P00023,4,3040.09,12160.36
OI0004167,O001678,P00116,5,15959.01,79795.05
OI0004168,O001679,P00104,3,13741.36,41224.08
OI0004169,O001680,P00033,5,3874.45,19372.25
OI0004170,O001680,P00007,2,1695.66,3391.32
OI0004171,O001680,P00093,3,3538.97,10616.91
OI0004172,O001680,P00049,3,11581.53,34744.590000000004
OI0004173,O001681,P00046,2,15720.6,31441.2
OI0004174,O001681,P00119,3,14522.12,43566.36
OI0004175,O001681,P00112,3,7810.47,23431.41
OI0004176,O001681,P00066,2,7639.92,15279.84
OI0004177,O001682,P00056,3,8842.33,26526.989999999998
OI0004178,O001682,P00051,2,14130.98,28261.96
OI0004179,O001683,P00032,4,2972.8,11891.2
OI0004180,O001683,P00021,5,15831.58,79157.9
OI0004181,O001683,P00099,3,10238.47,30715.409999999996
OI0004182,O001684,P00041,3,6177.47,18532.41
OI0004183,O001684,P00103,1,632.72,632.72
OI0004184,O001684,P00008,5,387.92,1939.6000000000001
OI0004185,O001685,P00073,4,15455.92,61823.68
OI0004186,O001685,P00006,4,15242.13,60968.52
OI0004187,O001686,P00009,4,13213.04,52852.16
OI0004188,O001687,P00003,5,3596.33,17981.65
OI0004189,O001687,P00085,2,9236.97,18473.94
OI0004190,O001687,P00024,1,661.99,661.99
OI0004191,O001688,P00080,3,8989.55,26968.649999999998
OI0004192,O001688,P00110,1,9433.9,9433.9
OI0004193,O001688,P00107,2,3734.57,7469.14
OI0004194,O001688,P00098,5,4527.84,22639.2
OI0004195,O001689,P00020,4,6822.91,27291.64
OI0004196,O001689,P00071,3,12968.25,38904.75
OI0004197,O001689,P00056,1,8842.33,8842.33
OI0004198,O001690,P00045,1,5431.46,5431.46
OI0004199,O001690,P00038,4,5516.66,22066.64
OI0004200,O001690,P00044,5,10305.42,51527.1
OI0004201,O001691,P00045,3,5431.46,16294.380000000001
OI0004202,O001691,P00107,2,3734.57,7469.14
OI0004203,O001691,P00046,1,15720.6,15720.6
OI0004204,O001692,P00059,3,15594.5,46783.5
OI0004205,O001692,P00026,2,4115.14,8230.28
OI0004206,O001692,P00032,3,2972.8,8918.400000000001
OI0004207,O001692,P00057,3,11330.17,33990.51
OI0004208,O001693,P00066,4,7639.92,30559.68
OI0004209,O001694,P00031,2,9096.12,18192.24
OI0004210,O001694,P00003,5,3596.33,17981.65
OI0004211,O001694,P00102,1,13433.93,13433.93
OI0004212,O001694,P00109,4,3646.7,14586.8
OI0004213,O001695,P00118,4,5621.04,22484.16
OI0004214,O001695,P00087,1,811.76,811.76
OI0004215,O001696,P00040,5,2951.4,14757.0
OI0004216,O001697,P00039,2,11770.16,23540.32
OI0004217,O001697,P00047,2,7255.75,14511.5
OI0004218,O001697,P00006,3,15242.13,45726.39
OI0004219,O001697,P00110,3,9433.9,28301.699999999997
OI0004220,O001698,P00092,3,11714.03,35142.090000000004
OI0004221,O001699,P00083,2,14812.87,29625.74
OI0004222,O001699,P00039,5,11770.16,58850.8
OI0004223,O001700,P00062,1,5900.1,5900.1
OI0004224,O001700,P00016,4,3591.51,14366.04
OI0004225,O001700,P00087,5,811.76,4058.8
OI0004226,O001700,P00083,4,14812.87,59251.48
OI0004227,O001701,P00066,4,7639.92,30559.68
OI0004228,O001701,P00015,5,6246.13,31230.65
OI0004229,O001702,P00013,5,15087.03,75435.15000000001
OI0004230,O001702,P00076,5,2930.49,14652.449999999999
OI0004231,O001703,P00046,2,15720.6,31441.2
OI0004232,O001704,P00109,5,3646.7,18233.5
OI0004233,O001704,P00077,1,2192.74,2192.74
OI0004234,O001704,P00095,2,11410.2,22820.4
OI0004235,O001705,P00017,4,7245.98,28983.92
OI0004236,O001706,P00082,1,1976.8,1976.8
OI0004237,O001706,P00045,3,5431.46,16294.380000000001
OI0004238,O001706,P00113,4,13810.57,55242.28
OI0004239,O001707,P00035,4,11526.61,46106.44
OI0004240,O001707,P00053,3,2768.97,8306.91
OI0004241,O001708,P00006,1,15242.13,15242.13
OI0004242,O001709,P00049,5,11581.53,57907.65
OI0004244,O001709,P00013,2,15087.03,30174.06
OI0004245,O001710,P00067,4,3120.12,12480.48
OI0004246,O001710,P00016,1,3591.51,3591.51
OI0004247,O001710,P00093,5,3538.97,17694.85
OI0004248,O001710,P00100,1,6083.97,6083.97
OI0004249,O001711,P00083,4,14812.87,59251.48
OI0004250,O001711,P00063,1,13216.58,13216.58
OI0004251,O001711,P00055,2,5599.57,11199.14
OI0004252,O001712,P00035,3,11526.61,34579.83
OI0004253,O001712,P00072,1,8945.91,8945.91
OI0004254,O001713,P00098,1,4527.84,4527.84
OI0004255,O001714,P00054,2,516.23,1032.46
OI0004256,O001714,P00078,3,3389.32,10167.960000000001
OI0004257,O001714,P00061,1,983.24,983.24
OI0004258,O001715,P00089,5,5537.28,27686.399999999998
OI0004259,O001716,P00018,4,10426.0,41704.0
OI0004260,O001717,P00027,5,12270.99,61354.95
OI0004261,O001717,P00059,5,15594.5,77972.5
OI0004262,O001717,P00013,3,15087.03,45261.090000000004
OI0004263,O001717,P00026,1,4115.14,4115.14
OI0004264,O001718,P00039,3,11770.16,35310.479999999996
OI0004265,O001719,P00010,4,14694.37,58777.48
OI0004266,O001720,P00024,2,661.99,1323.98
OI0004267,O001720,P00038,4,5516.66,22066.64
OI0004268,O001720,P00066,4,7639.92,30559.68
OI0004269,O001721,P00049,4,11581.53,46326.12
OI0004270,O001721,P00069,4,4360.73,17442.92
OI0004271,O001721,P00073,2,15455.92,30911.84
OI0004272,O001722,P00088,2,11981.85,23963.7
OI0004273,O001722,P00078,2,3389.32,6778.64
OI0004274,O001722,P00118,1,5621.04,5621.04
OI0004275,O001722,P00083,5,14812.87,74064.35
OI0004276,O001723,P00120,5,13556.62,67783.1
OI0004277,O001723,P00008,1,387.92,387.92
OI0004278,O001723,P00050,3,11773.84,35321.520000000004
OI0004279,O001723,P00043,2,3075.89,6151.78
OI0004280,O001724,P00062,2,5900.1,11800.2
OI0004281,O001724,P00016,5,3591.51,17957.550000000003
OI0004282,O001724,P00067,5,3120.12,15600.599999999999
OI0004283,O001725,P00068,5,7242.25,36211.25
OI0004284,O001725,P00079,5,5251.04,26255.2
OI0004285,O001725,P00094,3,13171.07,39513.21
OI0004286,O001725,P00102,4,13433.93,53735.72
OI0004287,O001726,P00102,5,13433.93,67169.65
OI0004288,O001726,P00043,5,3075.89,15379.449999999999
OI0004289,O001726,P00054,1,516.23,516.23
OI0004290,O001726,P00046,1,15720.6,15720.6
OI0004291,O001727,P00053,1,2768.97,2768.97
OI0004292,O001727,P00111,2,9070.02,18140.04
OI0004293,O001727,P00032,2,2972.8,5945.6
OI0004294,O001728,P00014,5,13181.63,65908.15
OI0004295,O001728,P00054,4,516.23,2064.92
OI0004296,O001728,P00077,5,2192.74,10963.699999999999
OI0004297,O001728,P00040,5,2951.4,14757.0
OI0004298,O001729,P00090,1,13515.98,13515.98
OI0004299,O001729,P00007,1,1695.66,1695.66
OI0004300,O001730,P00015,2,6246.13,12492.26
OI0004301,O001730,P00050,2,11773.84,23547.68
OI0004302,O001731,P00097,1,721.52,721.52
OI0004303,O001732,P00065,4,7681.42,30725.68
OI0004304,O001732,P00029,2,9560.81,19121.62
OI0004305,O001732,P00044,5,10305.42,51527.1
OI0004306,O001733,P00078,2,3389.32,6778.64
OI0004307,O001733,P00081,3,14690.16,44070.479999999996
OI0004308,O001734,P00072,3,8945.91,26837.73
OI0004309,O001734,P00113,4,13810.57,55242.28
OI0004310,O001734,P00009,1,13213.04,13213.04
OI0004311,O001735,P00046,2,15720.6,31441.2
OI0004312,O001735,P00034,5,209.8,1049.0
OI0004313,O001735,P00013,2,15087.03,30174.06
OI0004314,O001736,P00100,5,6083.97,30419.850000000002
OI0004315,O001736,P00080,3,8989.55,26968.649999999998
OI0004316,O001736,P00006,5,15242.13,76210.65
OI0004317,O001737,P00059,4,15594.5,62378.0
OI0004318,O001738,P00009,2,13213.04,26426.08
OI0004319,O001739,P00062,2,5900.1,11800.2
OI0004320,O001740,P00013,5,15087.03,75435.15000000001
OI0004321,O001740,P00089,2,5537.28,11074.56
OI0004322,O001740,P00079,1,5251.04,5251.04
OI0004323,O001741,P00084,3,14069.72,42209.159999999996
OI0004324,O001742,P00021,3,15831.58,47494.74
OI0004325,O001743,P00016,5,3591.51,17957.550000000003
OI0004326,O001744,P00025,5,8564.03,42820.15
OI0004327,O001744,P00080,2,8989.55,17979.1
OI0004328,O001744,P00070,3,2586.86,7760.58
OI0004329,O001745,P00066,2,7639.92,15279.84
OI0004330,O001746,P00079,5,5251.04,26255.2
OI0004331,O001746,P00035,2,11526.61,23053.22
OI0004332,O001746,P00024,2,661.99,1323.98
OI0004333,O001747,P00073,2,15455.92,30911.84
OI0004334,O001747,P00045,4,5431.46,21725.84
OI0004335,O001748,P00107,5,3734.57,18672.850000000002
OI0004336,O001749,P00066,2,7639.92,15279.84
OI0004337,O001749,P00096,2,2944.05,5888.1
OI0004338,O001750,P00048,4,11151.18,44604.72
OI0004339,O001750,P00014,5,13181.63,65908.15
OI0004340,O001750,P00095,1,11410.2,11410.2
OI0004341,O001750,P00068,3,7242.25,21726.75
OI0004342,O001751,P00058,3,2681.24,8043.719999999999
OI0004343,O001752,P00078,4,3389.32,13557.28
OI0004344,O001752,P00035,1,11526.61,11526.61
OI0004345,O001752,P00113,4,13810.57,55242.28
OI0004346,O001753,P00052,4,1801.57,7206.28
OI0004347,O001753,P00043,5,3075.89,15379.449999999999
OI0004348,O001753,P00006,1,15242.13,15242.13
OI0004349,O001753,P00034,5,209.8,1049.0
OI0004350,O001754,P00095,4,11410.2,45640.8
OI0004351,O001754,P00094,5,13171.07,65855.35
OI0004352,O001754,P00079,4,5251.04,21004.16
OI0004353,O001755,P00112,4,7810.47,31241.88
OI0004354,O001756,P00102,4,13433.93,53735.72
OI0004355,O001756,P00092,4,11714.03,46856.12
OI0004356,O001756,P00120,3,13556.62,40669.86
OI0004357,O001757,P00063,5,13216.58,66082.9
OI0004358,O001757,P00085,2,9236.97,18473.94
OI0004359,O001757,P00038,2,5516.66,11033.32
OI0004360,O001757,P00034,3,209.8,629.4000000000001
OI0004361,O001758,P00083,3,14812.87,44438.61
OI0004362,O001759,P00106,3,14600.94,43802.82
OI0004363,O001759,P00092,5,11714.03,58570.15
OI0004364,O001760,P00109,2,3646.7,7293.4
OI0004365,O001761,P00097,3,721.52,2164.56
OI0004366,O001761,P00049,1,11581.53,11581.53
OI0004367,O001762,P00086,4,4550.54,18202.16
OI0004368,O001763,P00099,1,10238.47,10238.47
OI0004369,O001764,P00001,3,7519.88,22559.64
OI0004370,O001764,P00098,5,4527.84,22639.2
OI0004371,O001765,P00050,4,11773.84,47095.36
OI0004372,O001765,P00042,2,11714.53,23429.06
OI0004373,O001766,P00096,2,2944.05,5888.1
OI0004374,O001766,P00095,1,11410.2,11410.2
OI0004375,O001766,P00092,2,11714.03,23428.06
OI0004376,O001766,P00032,3,2972.8,8918.400000000001
OI0004377,O001767,P00108,4,14347.63,57390.52
OI0004378,O001767,P00016,3,3591.51,10774.53
OI0004379,O001768,P00057,1,11330.17,11330.17
OI0004380,O001768,P00069,5,4360.73,21803.649999999998
OI0004381,O001768,P00041,5,6177.47,30887.350000000002
OI0004382,O001768,P00090,4,13515.98,54063.92
OI0004383,O001769,P00018,2,10426.0,20852.0
OI0004384,O001769,P00076,4,2930.49,11721.96
OI0004385,O001769,P00046,1,15720.6,15720.6
OI0004386,O001770,P00003,4,3596.33,14385.32
OI0004387,O001770,P00111,3,9070.02,27210.06
OI0004388,O001771,P00099,2,10238.47,20476.94
OI0004389,O001771,P00027,5,12270.99,61354.95
OI0004390,O001771,P00084,1,14069.72,14069.72
OI0004391,O001771,P00100,1,6083.97,6083.97
OI0004392,O001772,P00093,2,3538.97,7077.94
OI0004393,O001772,P00034,3,209.8,629.4000000000001
OI0004394,O001772,P00044,4,10305.42,41221.68
OI0004395,O001773,P00005,1,10898.5,10898.5
OI0004396,O001773,P00081,1,14690.16,14690.16
OI0004397,O001773,P00088,1,11981.85,11981.85
OI0004398,O001773,P00118,5,5621.04,28105.2
OI0004399,O001774,P00106,1,14600.94,14600.94
OI0004400,O001774,P00054,5,516.23,2581.15
OI0004401,O001774,P00010,5,14694.37,73471.85
OI0004402,O001775,P00101,4,9471.71,37886.84
OI0004403,O001775,P00119,3,14522.12,43566.36
OI0004404,O001775,P00036,4,2532.85,10131.4
OI0004405,O001775,P00052,5,1801.57,9007.85
OI0004406,O001776,P00071,5,12968.25,64841.25
OI0004407,O001776,P00114,3,2567.88,7703.64
OI0004408,O001776,P00019,3,1162.47,3487.41
OI0004409,O001776,P00091,5,4946.59,24732.95
OI0004410,O001777,P00001,2,7519.88,15039.76
OI0004411,O001777,P00094,2,13171.07,26342.14
OI0004412,O001778,P00023,3,3040.09,9120.27
OI0004413,O001778,P00118,1,5621.04,5621.04
OI0004414,O001778,P00020,1,6822.91,6822.91
OI0004415,O001778,P00009,4,13213.04,52852.16
OI0004416,O001779,P00033,4,3874.45,15497.8
OI0004417,O001780,P00025,3,8564.03,25692.090000000004
OI0004418,O001781,P00101,4,9471.71,37886.84
OI0004419,O001781,P00065,3,7681.42,23044.260000000002
OI0004420,O001782,P00027,1,12270.99,12270.99
OI0004421,O001783,P00116,3,15959.01,47877.03
OI0004422,O001783,P00054,1,516.23,516.23
OI0004423,O001783,P00099,5,10238.47,51192.35
OI0004424,O001784,P00044,5,10305.42,51527.1
OI0004425,O001784,P00113,5,13810.57,69052.85
OI0004426,O001784,P00080,1,8989.55,8989.55
OI0004427,O001785,P00098,2,4527.84,9055.68
OI0004428,O001785,P00080,1,8989.55,8989.55
OI0004429,O001785,P00023,3,3040.09,9120.27
OI0004430,O001786,P00026,5,4115.14,20575.7
OI0004431,O001787,P00014,5,13181.63,65908.15
OI0004432,O001787,P00089,5,5537.28,27686.399999999998
OI0004433,O001788,P00116,1,15959.01,15959.01
OI0004434,O001788,P00025,4,8564.03,34256.12
OI0004435,O001788,P00038,2,5516.66,11033.32
OI0004436,O001788,P00012,3,14499.23,43497.69
OI0004437,O001789,P00002,5,12959.03,64795.15
OI0004438,O001789,P00058,1,2681.24,2681.24
OI0004439,O001789,P00057,5,11330.17,56650.85
OI0004440,O001790,P00095,2,11410.2,22820.4
OI0004441,O001790,P00108,3,14347.63,43042.89
OI0004442,O001790,P00091,3,4946.59,14839.77
OI0004443,O001790,P00056,5,8842.33,44211.65
OI0004444,O001791,P00044,4,10305.42,41221.68
OI0004445,O001791,P00020,1,6822.91,6822.91
OI0004446,O001791,P00008,1,387.92,387.92
OI0004447,O001792,P00115,5,10635.38,53176.899999999994
OI0004448,O001793,P00069,5,4360.73,21803.649999999998
OI0004449,O001793,P00019,2,1162.47,2324.94
OI0004450,O001793,P00054,4,516.23,2064.92
OI0004451,O001793,P00106,4,14600.94,58403.76
OI0004452,O001794,P00064,1,605.62,605.62
OI0004453,O001794,P00074,1,7723.94,7723.94
OI0004454,O001794,P00103,2,632.72,1265.44
OI0004455,O001795,P00091,2,4946.59,9893.18
OI0004456,O001796,P00095,2,11410.2,22820.4
OI0004457,O001796,P00017,1,7245.98,7245.98
OI0004458,O001796,P00033,3,3874.45,11623.349999999999
OI0004459,O001796,P00104,3,13741.36,41224.08
OI0004460,O001797,P00117,5,6333.74,31668.699999999997
OI0004461,O001797,P00081,4,14690.16,58760.64
OI0004462,O001798,P00114,4,2567.88,10271.52
OI0004463,O001798,P00062,4,5900.1,23600.4
OI0004464,O001798,P00034,5,209.8,1049.0
OI0004465,O001799,P00027,4,12270.99,49083.96
OI0004466,O001799,P00005,3,10898.5,32695.5
OI0004467,O001799,P00013,2,15087.03,30174.06
OI0004468,O001800,P00010,4,14694.37,58777.48
OI0004469,O001800,P00027,1,12270.99,12270.99
OI0004470,O001801,P00072,1,8945.91,8945.91
OI0004471,O001801,P00049,4,11581.53,46326.12
OI0004472,O001802,P00066,2,7639.92,15279.84
OI0004473,O001802,P00003,3,3596.33,10788.99
OI0004474,O001803,P00076,1,2930.49,2930.49
OI0004475,O001804,P00076,1,2930.49,2930.49
OI0004476,O001804,P00046,4,15720.6,62882.4
OI0004477,O001805,P00111,5,9070.02,45350.100000000006
OI0004478,O001805,P00066,5,7639.92,38199.6
OI0004479,O001805,P00098,4,4527.84,18111.36
OI0004480,O001806,P00092,1,11714.03,11714.03
OI0004481,O001806,P00069,1,4360.73,4360.73
OI0004482,O001807,P00055,3,5599.57,16798.71
OI0004483,O001807,P00069,4,4360.73,17442.92
OI0004484,O001807,P00094,4,13171.07,52684.28
OI0004485,O001808,P00094,3,13171.07,39513.21
OI0004486,O001808,P00036,4,2532.85,10131.4
OI0004487,O001808,P00074,1,7723.94,7723.94
OI0004488,O001809,P00077,5,2192.74,10963.699999999999
OI0004489,O001809,P00081,4,14690.16,58760.64
OI0004490,O001809,P00021,4,15831.58,63326.32
OI0004491,O001810,P00055,3,5599.57,16798.71
OI0004492,O001810,P00057,1,11330.17,11330.17
OI0004493,O001811,P00010,4,14694.37,58777.48
OI0004494,O001811,P00099,1,10238.47,10238.47
OI0004495,O001811,P00046,4,15720.6,62882.4
OI0004496,O001812,P00095,2,11410.2,22820.4
OI0004497,O001812,P00065,1,7681.42,7681.42
OI0004498,O001812,P00105,2,10494.08,20988.16
OI0004499,O001813,P00017,3,7245.98,21737.94
OI0004500,O001813,P00068,2,7242.25,14484.5
OI0004501,O001814,P00056,1,8842.33,8842.33
OI0004502,O001814,P00084,5,14069.72,70348.59999999999
OI0004504,O001815,P00048,5,11151.18,55755.9
OI0004505,O001815,P00102,4,13433.93,53735.72
OI0004506,O001816,P00115,1,10635.38,10635.38
OI0004507,O001816,P00051,4,14130.98,56523.92
OI0004508,O001817,P00051,3,14130.98,42392.94
OI0004509,O001817,P00119,1,14522.12,14522.12
OI0004510,O001818,P00095,2,11410.2,22820.4
OI0004511,O001818,P00081,3,14690.16,44070.479999999996
OI0004512,O001818,P00119,2,14522.12,29044.24
OI0004513,O001818,P00088,3,11981.85,35945.55
OI0004514,O001819,P00087,4,811.76,3247.04
OI0004515,O001820,P00034,4,209.8,839.2
OI0004516,O001820,P00028,5,5804.91,29024.55
OI0004518,O001820,P00048,5,11151.18,55755.9
OI0004519,O001821,P00078,5,3389.32,16946.600000000002
OI0004520,O001822,P00039,3,11770.16,35310.479999999996
OI0004521,O001822,P00013,2,15087.03,30174.06
OI0004522,O001822,P00102,1,13433.93,13433.93
OI0004523,O001823,P00067,3,3120.12,9360.36
OI0004524,O001823,P00100,4,6083.97,24335.88
OI0004525,O001824,P00042,5,11714.53,58572.65
OI0004526,O001824,P00039,2,11770.16,23540.32
OI0004527,O001824,P00093,3,3538.97,10616.91
OI0004528,O001825,P00019,1,1162.47,1162.47
OI0004529,O001825,P00093,3,3538.97,10616.91
OI0004530,O001826,P00027,4,12270.99,49083.96
OI0004531,O001826,P00047,1,7255.75,7255.75
OI0004532,O001826,P00076,1,2930.49,2930.49
OI0004533,O001827,P00031,3,9096.12,27288.36
OI0004534,O001827,P00085,4,9236.97,36947.88
OI0004535,O001827,P00010,3,14694.37,44083.11
OI0004536,O001828,P00040,3,2951.4,8854.2
OI0004537,O001828,P00013,3,15087.03,45261.090000000004
OI0004538,O001828,P00051,5,14130.98,70654.9
OI0004539,O001828,P00069,2,4360.73,8721.46
OI0004540,O001829,P00063,3,13216.58,39649.74
OI0004541,O001829,P00096,3,2944.05,8832.150000000001
OI0004542,O001829,P00077,1,2192.74,2192.74
OI0004543,O001830,P00100,2,6083.97,12167.94
OI0004544,O001831,P00014,5,13181.63,65908.15
OI0004545,O001831,P00033,4,3874.45,15497.8
OI0004546,O001831,P00052,1,1801.57,1801.57
OI0004547,O001831,P00104,4,13741.36,54965.44
OI0004548,O001832,P00067,2,3120.12,6240.24
OI0004549,O001833,P00078,4,3389.32,13557.28
OI0004550,O001833,P00106,1,14600.94,14600.94
OI0004551,O001834,P00059,3,15594.5,46783.5
OI0004552,O001834,P00074,4,7723.94,30895.76
OI0004553,O001834,P00102,5,13433.93,67169.65
OI0004554,O001834,P00083,5,14812.87,74064.35
OI0004555,O001835,P00086,5,4550.54,22752.7
OI0004556,O001835,P00071,4,12968.25,51873.0
OI0004557,O001836,P00006,2,15242.13,30484.26
OI0004558,O001836,P00063,5,13216.58,66082.9
OI0004559,O001836,P00008,1,387.92,387.92
OI0004560,O001836,P00059,2,15594.5,31189.0
OI0004561,O001837,P00078,4,3389.32,13557.28
OI0004562,O001838,P00041,5,6177.47,30887.350000000002
OI0004563,O001838,P00062,1,5900.1,5900.1
OI0004564,O001839,P00086,1,4550.54,4550.54
OI0004565,O001840,P00050,1,11773.84,11773.84
OI0004566,O001840,P00106,3,14600.94,43802.82
OI0004567,O001841,P00091,1,4946.59,4946.59
OI0004568,O001841,P00100,5,6083.97,30419.850000000002
OI0004569,O001841,P00103,5,632.72,3163.6000000000004
OI0004570,O001842,P00102,2,13433.93,26867.86
OI0004571,O001842,P00103,2,632.72,1265.44
OI0004572,O001843,P00108,5,14347.63,71738.15
OI0004573,O001843,P00043,4,3075.89,12303.56
OI0004574,O001844,P00090,3,13515.98,40547.94
OI0004575,O001844,P00028,3,5804.91,17414.73
OI0004576,O001844,P00024,1,661.99,661.99
OI0004577,O001845,P00118,1,5621.04,5621.04
OI0004578,O001845,P00058,2,2681.24,5362.48
OI0004579,O001845,P00025,5,8564.03,42820.15
OI0004580,O001845,P00066,5,7639.92,38199.6
OI0004581,O001846,P00100,3,6083.97,18251.91
OI0004582,O001846,P00013,1,15087.03,15087.03
OI0004583,O001846,P00069,2,4360.73,8721.46
OI0004584,O001847,P00008,1,387.92,387.92
OI0004585,O001847,P00116,2,15959.01,31918.02
OI0004586,O001847,P00013,4,15087.03,60348.12
OI0004587,O001848,P00060,1,10636.45,10636.45
OI0004588,O001848,P00117,1,6333.74,6333.74
OI0004589,O001848,P00062,4,5900.1,23600.4
OI0004590,O001849,P00089,4,5537.28,22149.12
OI0004591,O001849,P00108,1,14347.63,14347.63
OI0004592,O001849,P00009,1,13213.04,13213.04
OI0004593,O001849,P00082,5,1976.8,9884.0
OI0004594,O001850,P00114,2,2567.88,5135.76
OI0004595,O001850,P00106,3,14600.94,43802.82
OI0004596,O001851,P00005,2,10898.5,21797.0
OI0004597,O001851,P00042,1,11714.53,11714.53
OI0004598,O001851,P00092,3,11714.03,35142.090000000004
OI0004599,O001851,P00116,5,15959.01,79795.05
OI0004600,O001852,P00091,5,4946.59,24732.95
OI0004601,O001853,P00025,4,8564.03,34256.12
OI0004602,O001854,P00119,5,14522.12,72610.6
OI0004603,O001854,P00032,4,2972.8,11891.2
OI0004604,O001854,P00009,3,13213.04,39639.12
OI0004605,O001855,P00071,5,12968.25,64841.25
OI0004606,O001856,P00026,3,4115.14,12345.420000000002
OI0004607,O001856,P00099,5,10238.47,51192.35
OI0004608,O001857,P00109,3,3646.7,10940.099999999999
OI0004609,O001857,P00011,3,3323.46,9970.380000000001
OI0004610,O001857,P00062,2,5900.1,11800.2
OI0004611,O001858,P00007,1,1695.66,1695.66
OI0004612,O001858,P00117,5,6333.74,31668.699999999997
OI0004613,O001858,P00104,1,13741.36,13741.36
OI0004614,O001859,P00104,5,13741.36,68706.8
OI0004615,O001859,P00098,4,4527.84,18111.36
OI0004616,O001859,P00111,1,9070.02,9070.02
OI0004617,O001860,P00117,3,6333.74,19001.22
OI0004618,O001860,P00008,3,387.92,1163.76
OI0004620,O001860,P00074,1,7723.94,7723.94
OI0004621,O001861,P00058,5,2681.24,13406.199999999999
OI0004622,O001861,P00050,5,11773.84,58869.2
OI0004623,O001862,P00002,4,12959.03,51836.12
OI0004624,O001863,P00087,2,811.76,1623.52
OI0004625,O001863,P00082,4,1976.8,7907.2
OI0004626,O001863,P00086,1,4550.54,4550.54
OI0004627,O001863,P00108,2,14347.63,28695.26
OI0004628,O001864,P00112,1,7810.47,7810.47
OI0004629,O001864,P00044,3,10305.42,30916.260000000002
OI0004630,O001864,P00015,1,6246.13,6246.13
OI0004631,O001865,P00050,3,11773.84,35321.520000000004
OI0004632,O001865,P00003,2,3596.33,7192.66
OI0004633,O001865,P00110,4,9433.9,37735.6
OI0004634,O001866,P00014,1,13181.63,13181.63
OI0004635,O001867,P00054,2,516.23,1032.46
OI0004636,O001867,P00044,4,10305.42,41221.68
OI0004637,O001867,P00060,4,10636.45,42545.8
OI0004638,O001868,P00078,5,3389.32,16946.600000000002
OI0004639,O001869,P00108,4,14347.63,57390.52
OI0004640,O001870,P00120,5,13556.62,67783.1
OI0004641,O001870,P00053,5,2768.97,13844.849999999999
OI0004642,O001871,P00073,4,15455.92,61823.68
OI0004643,O001871,P00115,2,10635.38,21270.76
OI0004644,O001872,P00057,2,11330.17,22660.34
OI0004645,O001873,P00037,2,15375.83,30751.66
OI0004646,O001873,P00026,2,4115.14,8230.28
OI0004647,O001874,P00105,4,10494.08,41976.32
OI0004648,O001874,P00091,3,4946.59,14839.77
OI0004649,O001874,P00114,1,2567.88,2567.88
OI0004650,O001874,P00004,3,11435.29,34305.87
OI0004651,O001875,P00018,5,10426.0,52130.0
OI0004652,O001876,P00037,3,15375.83,46127.49
OI0004653,O001876,P00069,1,4360.73,4360.73
OI0004654,O001876,P00062,5,5900.1,29500.5
OI0004655,O001877,P00042,2,11714.53,23429.06
OI0004656,O001878,P00071,5,12968.25,64841.25
OI0004657,O001878,P00068,2,7242.25,14484.5
OI0004658,O001878,P00082,5,1976.8,9884.0
OI0004659,O001878,P00058,2,2681.24,5362.48
OI0004660,O001879,P00054,5,516.23,2581.15
OI0004661,O001879,P00119,5,14522.12,72610.6
OI0004662,O001879,P00027,5,12270.99,61354.95
OI0004663,O001879,P00076,4,2930.49,11721.96
OI0004664,O001880,P00103,3,632.72,1898.16
OI0004665,O001880,P00021,4,15831.58,63326.32
OI0004666,O001880,P00104,1,13741.36,13741.36
OI0004668,O001881,P00072,1,8945.91,8945.91
OI0004669,O001882,P00088,1,11981.85,11981.85
OI0004670,O001882,P00011,2,3323.46,6646.92
OI0004671,O001882,P00020,1,6822.91,6822.91
OI0004672,O001883,P00080,1,8989.55,8989.55
OI0004673,O001883,P00018,3,10426.0,31278.0
OI0004674,O001883,P00085,2,9236.97,18473.94
OI0004675,O001883,P00111,3,9070.02,27210.06
OI0004676,O001884,P00033,1,3874.45,3874.45
OI0004677,O001884,P00036,4,2532.85,10131.4
OI0004678,O001884,P00022,5,5634.74,28173.699999999997
OI0004679,O001884,P00106,3,14600.94,43802.82
OI0004680,O001885,P00019,5,1162.47,5812.35
OI0004681,O001885,P00116,5,15959.01,79795.05
OI0004682,O001885,P00031,1,9096.12,9096.12
OI0004683,O001885,P00089,1,5537.28,5537.28
OI0004684,O001886,P00035,5,11526.61,57633.05
OI0004685,O001887,P00064,2,605.62,1211.24
OI0004686,O001887,P00078,2,3389.32,6778.64
OI0004687,O001887,P00109,5,3646.7,18233.5
OI0004688,O001887,P00062,1,5900.1,5900.1
OI0004689,O001888,P00073,1,15455.92,15455.92
OI0004690,O001888,P00058,5,2681.24,13406.199999999999
OI0004691,O001889,P00118,1,5621.04,5621.04
OI0004692,O001889,P00042,2,11714.53,23429.06
OI0004693,O001889,P00104,4,13741.36,54965.44
OI0004694,O001890,P00039,3,11770.16,35310.479999999996
OI0004695,O001890,P00090,3,13515.98,40547.94
OI0004696,O001890,P00110,4,9433.9,37735.6
OI0004697,O001890,P00015,5,6246.13,31230.65
OI0004698,O001891,P00023,3,3040.09,9120.27
OI0004699,O001892,P00039,3,11770.16,35310.479999999996
OI0004700,O001892,P00025,3,8564.03,25692.090000000004
OI0004701,O001892,P00082,5,1976.8,9884.0
OI0004702,O001893,P00116,3,15959.01,47877.03
OI0004703,O001893,P00052,5,1801.57,9007.85
OI0004704,O001893,P00097,1,721.52,721.52
OI0004705,O001894,P00017,5,7245.98,36229.899999999994
OI0004706,O001894,P00038,1,5516.66,5516.66
OI0004707,O001894,P00061,1,983.24,983.24
OI0004708,O001895,P00037,2,15375.83,30751.66
OI0004709,O001895,P00113,2,13810.57,27621.14
OI0004710,O001896,P00092,3,11714.03,35142.090000000004
OI0004711,O001897,P00097,4,721.52,2886.08
OI0004712,O001898,P00054,1,516.23,516.23
OI0004713,O001898,P00074,1,7723.94,7723.94
OI0004714,O001898,P00101,2,9471.71,18943.42
OI0004715,O001899,P00021,2,15831.58,31663.16
OI0004716,O001899,P00074,3,7723.94,23171.82
OI0004717,O001899,P00069,4,4360.73,17442.92
OI0004718,O001900,P00056,2,8842.33,17684.66
OI0004719,O001900,P00099,4,10238.47,40953.88
OI0004720,O001901,P00078,1,3389.32,3389.32
OI0004721,O001901,P00073,1,15455.92,15455.92
OI0004722,O001902,P00019,4,1162.47,4649.88
OI0004723,O001902,P00058,3,2681.24,8043.719999999999
OI0004724,O001902,P00065,1,7681.42,7681.42
OI0004725,O001903,P00077,1,2192.74,2192.74
OI0004726,O001903,P00019,4,1162.47,4649.88
OI0004727,O001903,P00093,3,3538.97,10616.91
OI0004728,O001903,P00091,2,4946.59,9893.18
OI0004729,O001904,P00102,3,13433.93,40301.79
OI0004730,O001904,P00089,4,5537.28,22149.12
OI0004731,O001905,P00115,2,10635.38,21270.76
OI0004732,O001906,P00055,1,5599.57,5599.57
OI0004733,O001906,P00040,2,2951.4,5902.8
OI0004734,O001907,P00021,3,15831.58,47494.74
OI0004735,O001907,P00008,1,387.92,387.92
OI0004736,O001907,P00031,2,9096.12,18192.24
OI0004737,O001907,P00030,2,11313.56,22627.12
OI0004738,O001908,P00103,5,632.72,3163.6000000000004
OI0004739,O001909,P00011,5,3323.46,16617.3
OI0004740,O001910,P00063,5,13216.58,66082.9
OI0004741,O001911,P00094,3,13171.07,39513.21
OI0004742,O001911,P00089,3,5537.28,16611.84
OI0004743,O001912,P00046,4,15720.6,62882.4
OI0004744,O001912,P00064,2,605.62,1211.24
OI0004745,O001912,P00016,5,3591.51,17957.550000000003
OI0004746,O001913,P00016,1,3591.51,3591.51
OI0004747,O001913,P00096,5,2944.05,14720.25
OI0004748,O001913,P00053,4,2768.97,11075.88
OI0004750,O001914,P00078,4,3389.32,13557.28
OI0004751,O001914,P00072,3,8945.91,26837.73
OI0004752,O001914,P00085,4,9236.97,36947.88
OI0004753,O001915,P00004,1,11435.29,11435.29
OI0004754,O001915,P00117,5,6333.74,31668.699999999997
OI0004755,O001915,P00120,1,13556.62,13556.62
OI0004756,O001915,P00065,3,7681.42,23044.260000000002
OI0004757,O001916,P00069,5,4360.73,21803.649999999998
OI0004758,O001917,P00053,5,2768.97,13844.849999999999
OI0004759,O001918,P00045,1,5431.46,5431.46
OI0004760,O001919,P00068,1,7242.25,7242.25
OI0004761,O001919,P00005,2,10898.5,21797.0
OI0004762,O001920,P00059,3,15594.5,46783.5
OI0004763,O001920,P00027,1,12270.99,12270.99
OI0004764,O001921,P00014,3,13181.63,39544.89
OI0004765,O001921,P00083,5,14812.87,74064.35
OI0004766,O001921,P00033,4,3874.45,15497.8
OI0004767,O001922,P00058,5,2681.24,13406.199999999999
OI0004768,O001922,P00048,4,11151.18,44604.72
OI0004769,O001922,P00009,1,13213.04,13213.04
OI0004770,O001922,P00112,3,7810.47,23431.41
OI0004771,O001923,P00119,1,14522.12,14522.12
OI0004772,O001923,P00097,4,721.52,2886.08
OI0004773,O001924,P00055,2,5599.57,11199.14
OI0004774,O001924,P00043,4,3075.89,12303.56
OI0004775,O001924,P00098,4,4527.84,18111.36
OI0004776,O001925,P00014,4,13181.63,52726.52
OI0004777,O001925,P00076,3,2930.49,8791.47
OI0004778,O001925,P00101,2,9471.71,18943.42
OI0004779,O001925,P00021,1,15831.58,15831.58
OI0004780,O001926,P00085,1,9236.97,9236.97
OI0004781,O001927,P00073,4,15455.92,61823.68
OI0004782,O001927,P00109,4,3646.7,14586.8
OI0004783,O001928,P00032,1,2972.8,2972.8
OI0004784,O001928,P00068,5,7242.25,36211.25
OI0004785,O001928,P00029,2,9560.81,19121.62
OI0004786,O001929,P00014,5,13181.63,65908.15
OI0004787,O001929,P00057,4,11330.17,45320.68
OI0004788,O001929,P00073,3,15455.92,46367.76
OI0004789,O001930,P00021,4,15831.58,63326.32
OI0004790,O001930,P00019,4,1162.47,4649.88
OI0004791,O001930,P00044,2,10305.42,20610.84
OI0004792,O001930,P00020,1,6822.91,6822.91
OI0004793,O001931,P00085,3,9236.97,27710.909999999996
OI0004794,O001932,P00099,5,10238.47,51192.35
OI0004795,O001932,P00111,1,9070.02,9070.02
OI0004796,O001933,P00109,2,3646.7,7293.4
OI0004797,O001934,P00075,5,8132.2,40661.0
OI0004798,O001935,P00039,2,11770.16,23540.32
OI0004799,O001935,P00020,3,6822.91,20468.73
OI0004800,O001935,P00002,2,12959.03,25918.06
OI0004801,O001936,P00039,3,11770.16,35310.479999999996
OI0004802,O001937,P00118,3,5621.04,16863.12
OI0004803,O001938,P00112,5,7810.47,39052.35
OI0004804,O001939,P00094,4,13171.07,52684.28
OI0004805,O001939,P00041,5,6177.47,30887.350000000002
OI0004806,O001940,P00029,3,9560.81,28682.43
OI0004807,O001941,P00090,2,13515.98,27031.96
OI0004808,O001942,P00040,5,2951.4,14757.0
OI0004809,O001942,P00058,1,2681.24,2681.24
OI0004810,O001942,P00005,3,10898.5,32695.5
OI0004811,O001943,P00003,2,3596.33,7192.66
OI0004812,O001944,P00077,4,2192.74,8770.96
OI0004813,O001944,P00035,1,11526.61,11526.61
OI0004814,O001944,P00102,4,13433.93,53735.72
OI0004815,O001944,P00007,5,1695.66,8478.300000000001
OI0004816,O001945,P00078,2,3389.32,6778.64
OI0004817,O001945,P00014,5,13181.63,65908.15
OI0004818,O001946,P00098,2,4527.84,9055.68
OI0004819,O001946,P00104,5,13741.36,68706.8
OI0004820,O001946,P00058,4,2681.24,10724.96
OI0004821,O001946,P00045,4,5431.46,21725.84
OI0004822,O001947,P00083,1,14812.87,14812.87
OI0004823,O001947,P00043,2,3075.89,6151.78
OI0004824,O001947,P00038,4,5516.66,22066.64
OI0004825,O001947,P00053,1,2768.97,2768.97
OI0004826,O001948,P00066,1,7639.92,7639.92
OI0004827,O001948,P00033,2,3874.45,7748.9
OI0004828,O001948,P00067,1,3120.12,3120.12
OI0004829,O001949,P00084,3,14069.72,42209.159999999996
OI0004830,O001949,P00062,3,5900.1,17700.300000000003
OI0004831,O001950,P00107,5,3734.57,18672.850000000002
OI0004832,O001950,P00007,1,1695.66,1695.66
OI0004833,O001950,P00005,3,10898.5,32695.5
OI0004834,O001950,P00036,3,2532.85,7598.549999999999
OI0004835,O001951,P00090,2,13515.98,27031.96
OI0004836,O001951,P00119,1,14522.12,14522.12
OI0004837,O001951,P00044,1,10305.42,10305.42
OI0004838,O001951,P00048,2,11151.18,22302.36
OI0004839,O001952,P00045,1,5431.46,5431.46
OI0004840,O001952,P00028,5,5804.91,29024.55
OI0004841,O001952,P00093,4,3538.97,14155.88
OI0004842,O001952,P00050,4,11773.84,47095.36
OI0004843,O001953,P00102,5,13433.93,67169.65
OI0004844,O001953,P00096,5,2944.05,14720.25
OI0004845,O001954,P00071,3,12968.25,38904.75
OI0004846,O001954,P00059,2,15594.5,31189.0
OI0004847,O001954,P00085,2,9236.97,18473.94
OI0004848,O001954,P00012,4,14499.23,57996.92
OI0004849,O001955,P00112,4,7810.47,31241.88
OI0004850,O001955,P00030,1,11313.56,11313.56
OI0004851,O001955,P00106,1,14600.94,14600.94
OI0004852,O001955,P00041,3,6177.47,18532.41
OI0004853,O001956,P00039,5,11770.16,58850.8
OI0004854,O001956,P00052,5,1801.57,9007.85
OI0004855,O001956,P00027,1,12270.99,12270.99
OI0004856,O001956,P00105,3,10494.08,31482.239999999998
OI0004857,O001957,P00093,5,3538.97,17694.85
OI0004858,O001958,P00050,1,11773.84,11773.84
OI0004859,O001958,P00007,1,1695.66,1695.66
OI0004860,O001959,P00054,1,516.23,516.23
OI0004861,O001960,P00018,1,10426.0,10426.0
OI0004862,O001961,P00086,5,4550.54,22752.7
OI0004863,O001961,P00049,5,11581.53,57907.65
OI0004864,O001961,P00107,4,3734.57,14938.28
OI0004865,O001962,P00064,4,605.62,2422.48
OI0004866,O001963,P00093,5,3538.97,17694.85
OI0004867,O001963,P00054,1,516.23,516.23
OI0004868,O001963,P00009,5,13213.04,66065.20000000001
OI0004869,O001964,P00016,1,3591.51,3591.51
OI0004870,O001964,P00062,2,5900.1,11800.2
OI0004871,O001964,P00050,2,11773.84,23547.68
OI0004872,O001965,P00053,4,2768.97,11075.88
OI0004873,O001966,P00092,5,11714.03,58570.15
OI0004874,O001967,P00114,4,2567.88,10271.52
OI0004875,O001967,P00082,1,1976.8,1976.8
OI0004876,O001968,P00120,3,13556.62,40669.86
OI0004877,O001968,P00024,5,661.99,3309.95
OI0004878,O001969,P00099,4,10238.47,40953.88
OI0004879,O001969,P00091,1,4946.59,4946.59
OI0004880,O001969,P00094,2,13171.07,26342.14
OI0004881,O001969,P00070,4,2586.86,10347.44
OI0004882,O001970,P00011,3,3323.46,9970.380000000001
OI0004883,O001970,P00108,1,14347.63,14347.63
OI0004884,O001970,P00043,4,3075.89,12303.56
OI0004885,O001970,P00041,2,6177.47,12354.94
OI0004886,O001971,P00089,2,5537.28,11074.56
OI0004887,O001972,P00051,2,14130.98,28261.96
OI0004888,O001972,P00093,5,3538.97,17694.85
OI0004889,O001972,P00003,5,3596.33,17981.65
OI0004890,O001972,P00028,2,5804.91,11609.82
OI0004891,O001973,P00118,5,5621.04,28105.2
OI0004892,O001973,P00102,4,13433.93,53735.72
OI0004893,O001973,P00074,3,7723.94,23171.82
OI0004894,O001973,P00026,1,4115.14,4115.14
OI0004895,O001974,P00087,4,811.76,3247.04
OI0004896,O001974,P00028,5,5804.91,29024.55
OI0004897,O001974,P00051,3,14130.98,42392.94
OI0004898,O001974,P00119,4,14522.12,58088.48
OI0004899,O001975,P00102,1,13433.93,13433.93
OI0004900,O001976,P00074,3,7723.94,23171.82
OI0004901,O001976,P00022,5,5634.74,28173.699999999997
OI0004902,O001977,P00022,4,5634.74,22538.96
OI0004903,O001978,P00079,4,5251.04,21004.16
OI0004904,O001979,P00063,4,13216.58,52866.32
OI0004905,O001979,P00079,2,5251.04,10502.08
OI0004906,O001980,P00003,3,3596.33,10788.99
OI0004907,O001981,P00055,2,5599.57,11199.14
OI0004908,O001981,P00113,1,13810.57,13810.57
OI0004909,O001982,P00020,5,6822.91,34114.55
OI0004910,O001983,P00043,1,3075.89,3075.89
OI0004911,O001983,P00104,5,13741.36,68706.8
OI0004912,O001983,P00027,5,12270.99,61354.95
OI0004913,O001983,P00074,5,7723.94,38619.7
OI0004914,O001984,P00079,4,5251.04,21004.16
OI0004916,O001984,P00108,2,14347.63,28695.26
OI0004917,O001984,P00072,3,8945.91,26837.73
OI0004918,O001985,P00004,5,11435.29,57176.450000000004
OI0004919,O001986,P00063,4,13216.58,52866.32
OI0004920,O001987,P00001,1,7519.88,7519.88
OI0004921,O001987,P00041,4,6177.47,24709.88
OI0004922,O001987,P00105,4,10494.08,41976.32
OI0004923,O001988,P00090,2,13515.98,27031.96
OI0004924,O001988,P00021,5,15831.58,79157.9
OI0004925,O001989,P00082,3,1976.8,5930.4
OI0004926,O001989,P00039,3,11770.16,35310.479999999996
OI0004927,O001989,P00031,4,9096.12,36384.48
OI0004928,O001989,P00045,3,5431.46,16294.380000000001
OI0004929,O001990,P00100,3,6083.97,18251.91
OI0004930,O001990,P00021,4,15831.58,63326.32
OI0004931,O001990,P00105,4,10494.08,41976.32
OI0004932,O001991,P00036,2,2532.85,5065.7
OI0004933,O001991,P00069,3,4360.73,13082.189999999999
OI0004934,O001991,P00076,5,2930.49,14652.449999999999
OI0004936,O001992,P00103,3,632.72,1898.16
OI0004937,O001993,P00085,5,9236.97,46184.85
OI0004938,O001993,P00094,1,13171.07,13171.07
OI0004939,O001993,P00047,3,7255.75,21767.25
OI0004940,O001994,P00101,5,9471.71,47358.549999999996
OI0004941,O001994,P00058,2,2681.24,5362.48
OI0004943,O001996,P00113,3,13810.57,41431.71
OI0004944,O001997,P00008,2,387.92,775.84
OI0004945,O001997,P00001,4,7519.88,30079.52
OI0004946,O001997,P00118,1,5621.04,5621.04
OI0004947,O001997,P00066,5,7639.92,38199.6
OI0004948,O001998,P00095,1,11410.2,11410.2
OI0004949,O001999,P00082,3,1976.8,5930.4
OI0004950,O002000,P00113,5,13810.57,69052.85
OI0004951,O002000,P00107,5,3734.57,18672.850000000002
OI0004952,O002000,P00019,5,1162.47,5812.35
OI0004954,O002001,P00090,1,13515.98,13515.98
OI0004955,O002001,P00032,4,2972.8,11891.2
OI0004956,O002001,P00007,5,1695.66,8478.300000000001
OI0004957,O002002,P00036,1,2532.85,2532.85
OI0004958,O002002,P00015,5,6246.13,31230.65
OI0004959,O002002,P00109,2,3646.7,7293.4
OI0004960,O002003,P00107,4,3734.57,14938.28
OI0004961,O002003,P00046,3,15720.6,47161.8
OI0004962,O002003,P00073,5,15455.92,77279.6
OI0004963,O002003,P00014,5,13181.63,65908.15
OI0004964,O002004,P00104,5,13741.36,68706.8
OI0004965,O002004,P00078,3,3389.32,10167.960000000001
OI0004966,O002004,P00091,3,4946.59,14839.77
OI0004967,O002004,P00101,2,9471.71,18943.42
OI0004968,O002005,P00106,1,14600.94,14600.94
OI0004969,O002005,P00028,2,5804.91,11609.82
OI0004970,O002005,P00040,4,2951.4,11805.6
OI0004971,O002006,P00083,1,14812.87,14812.87
OI0004972,O002007,P00031,2,9096.12,18192.24
OI0004973,O002008,P00094,2,13171.07,26342.14
OI0004974,O002009,P00104,5,13741.36,68706.8
OI0004975,O002009,P00016,3,3591.51,10774.53
OI0004976,O002009,P00037,1,15375.83,15375.83
OI0004977,O002010,P00075,2,8132.2,16264.4
OI0004978,O002011,P00005,4,10898.5,43594.0
OI0004979,O002011,P00006,3,15242.13,45726.39
OI0004980,O002012,P00103,2,632.72,1265.44
OI0004981,O002012,P00051,5,14130.98,70654.9
OI0004982,O002012,P00015,5,6246.13,31230.65
OI0004983,O002012,P00099,2,10238.47,20476.94
OI0004984,O002013,P00022,2,5634.74,11269.48
OI0004985,O002013,P00112,5,7810.47,39052.35
OI0004986,O002014,P00054,3,516.23,1548.69
OI0004987,O002014,P00072,1,8945.91,8945.91
OI0004988,O002014,P00089,3,5537.28,16611.84
OI0004990,O002015,P00043,4,3075.89,12303.56
OI0004991,O002016,P00074,5,7723.94,38619.7
OI0004992,O002016,P00093,4,3538.97,14155.88
OI0004993,O002017,P00114,2,2567.88,5135.76
OI0004994,O002017,P00119,2,14522.12,29044.24
OI0004995,O002017,P00073,5,15455.92,77279.6
OI0004996,O002017,P00003,3,3596.33,10788.99
OI0004997,O002018,P00044,1,10305.42,10305.42
OI0004998,O002019,P00059,4,15594.5,62378.0
OI0004999,O002020,P00097,2,721.52,1443.04
OI0005000,O002020,P00088,1,11981.85,11981.85
OI0005001,O002021,P00004,1,11435.29,11435.29
OI0005002,O002021,P00062,4,5900.1,23600.4
OI0005003,O002022,P00057,4,11330.17,45320.68
OI0005004,O002022,P00096,3,2944.05,8832.150000000001
OI0005005,O002022,P00036,5,2532.85,12664.25
OI0005006,O002022,P00024,5,661.99,3309.95
OI0005007,O002023,P00011,2,3323.46,6646.92
OI0005008,O002024,P00047,2,7255.75,14511.5
OI0005009,O002024,P00065,3,7681.42,23044.260000000002
OI0005010,O002024,P00075,1,8132.2,8132.2
OI0005011,O002024,P00042,4,11714.53,46858.12
OI0005012,O002025,P00020,3,6822.91,20468.73
OI0005013,O002025,P00089,4,5537.28,22149.12
OI0005014,O002025,P00081,5,14690.16,73450.8
OI0005015,O002025,P00033,3,3874.45,11623.349999999999
OI0005016,O002026,P00041,1,6177.47,6177.47
OI0005017,O002026,P00062,1,5900.1,5900.1
OI0005018,O002026,P00060,5,10636.45,53182.25
OI0005019,O002026,P00059,5,15594.5,77972.5
OI0005020,O002027,P00066,2,7639.92,15279.84
OI0005021,O002027,P00102,1,13433.93,13433.93
OI0005022,O002028,P00111,1,9070.02,9070.02
OI0005023,O002028,P00064,4,605.62,2422.48
OI0005024,O002029,P00049,5,11581.53,57907.65
OI0005025,O002029,P00040,1,2951.4,2951.4
OI0005026,O002029,P00061,5,983.24,4916.2
OI0005027,O002029,P00112,1,7810.47,7810.47
OI0005028,O002030,P00011,1,3323.46,3323.46
OI0005029,O002030,P00108,5,14347.63,71738.15
OI0005030,O002030,P00052,5,1801.57,9007.85
OI0005031,O002031,P00063,3,13216.58,39649.74
OI0005032,O002031,P00112,4,7810.47,31241.88
OI0005033,O002031,P00115,1,10635.38,10635.38
OI0005034,O002031,P00014,1,13181.63,13181.63
OI0005035,O002032,P00094,4,13171.07,52684.28
OI0005036,O002032,P00057,2,11330.17,22660.34
OI0005037,O002032,P00077,3,2192.74,6578.219999999999
OI0005038,O002033,P00105,1,10494.08,10494.08
OI0005039,O002034,P00073,2,15455.92,30911.84
OI0005040,O002034,P00061,5,983.24,4916.2
OI0005041,O002034,P00021,1,15831.58,15831.58
OI0005042,O002035,P00035,3,11526.61,34579.83
OI0005043,O002035,P00083,5,14812.87,74064.35
OI0005044,O002035,P00059,5,15594.5,77972.5
OI0005045,O002035,P00087,4,811.76,3247.04
OI0005046,O002036,P00086,1,4550.54,4550.54
OI0005047,O002036,P00084,4,14069.72,56278.88
OI0005048,O002036,P00022,3,5634.74,16904.22
OI0005049,O002037,P00012,2,14499.23,28998.46
OI0005050,O002037,P00116,5,15959.01,79795.05
OI0005051,O002037,P00115,4,10635.38,42541.52
OI0005052,O002038,P00096,4,2944.05,11776.2
OI0005053,O002039,P00103,3,632.72,1898.16
OI0005054,O002040,P00028,3,5804.91,17414.73
OI0005055,O002041,P00027,2,12270.99,24541.98
OI0005056,O002041,P00024,4,661.99,2647.96
OI0005057,O002041,P00034,1,209.8,209.8
OI0005058,O002041,P00048,1,11151.18,11151.18
OI0005059,O002042,P00053,5,2768.97,13844.849999999999
OI0005060,O002042,P00087,3,811.76,2435.2799999999997
OI0005061,O002042,P00055,2,5599.57,11199.14
OI0005062,O002043,P00105,4,10494.08,41976.32
OI0005063,O002044,P00114,2,2567.88,5135.76
OI0005064,O002045,P00002,3,12959.03,38877.090000000004
OI0005065,O002045,P00043,2,3075.89,6151.78
OI0005066,O002046,P00009,3,13213.04,39639.12
OI0005067,O002046,P00110,3,9433.9,28301.699999999997
OI0005068,O002047,P00014,3,13181.63,39544.89
OI0005069,O002047,P00062,2,5900.1,11800.2
OI0005070,O002047,P00093,4,3538.97,14155.88
OI0005071,O002047,P00071,2,12968.25,25936.5
OI0005072,O002048,P00080,5,8989.55,44947.75
OI0005073,O002048,P00118,5,5621.04,28105.2
OI0005074,O002048,P00065,4,7681.42,30725.68
OI0005075,O002048,P00067,3,3120.12,9360.36
OI0005076,O002049,P00093,5,3538.97,17694.85
OI0005077,O002049,P00120,2,13556.62,27113.24
OI0005078,O002050,P00090,5,13515.98,67579.9
OI0005079,O002051,P00062,4,5900.1,23600.4
OI0005080,O002051,P00078,3,3389.32,10167.960000000001
OI0005081,O002051,P00032,1,2972.8,2972.8
OI0005082,O002052,P00104,4,13741.36,54965.44
OI0005083,O002053,P00017,2,7245.98,14491.96
OI0005084,O002054,P00104,4,13741.36,54965.44
OI0005085,O002054,P00114,4,2567.88,10271.52
OI0005086,O002055,P00103,1,632.72,632.72
OI0005087,O002056,P00070,4,2586.86,10347.44
OI0005088,O002056,P00098,3,4527.84,13583.52
OI0005089,O002056,P00103,3,632.72,1898.16
OI0005090,O002056,P00007,5,1695.66,8478.300000000001
OI0005091,O002057,P00022,5,5634.74,28173.699999999997
OI0005092,O002058,P00075,3,8132.2,24396.6
OI0005093,O002058,P00006,5,15242.13,76210.65
OI0005094,O002058,P00117,5,6333.74,31668.699999999997
OI0005095,O002058,P00119,5,14522.12,72610.6
OI0005096,O002059,P00020,1,6822.91,6822.91
OI0005097,O002059,P00006,2,15242.13,30484.26
OI0005098,O002059,P00032,5,2972.8,14864.0
OI0005099,O002060,P00112,4,7810.47,31241.88
OI0005100,O002060,P00056,3,8842.33,26526.989999999998
OI0005101,O002061,P00024,5,661.99,3309.95
OI0005102,O002061,P00061,4,983.24,3932.96
OI0005103,O002061,P00019,2,1162.47,2324.94
OI0005104,O002062,P00053,2,2768.97,5537.94
OI0005105,O002063,P00115,2,10635.38,21270.76
OI0005106,O002063,P00055,2,5599.57,11199.14
OI0005107,O002063,P00023,4,3040.09,12160.36
OI0005108,O002064,P00028,4,5804.91,23219.64
OI0005109,O002064,P00008,2,387.92,775.84
OI0005110,O002064,P00017,3,7245.98,21737.94
OI0005111,O002064,P00100,4,6083.97,24335.88
OI0005112,O002065,P00117,5,6333.74,31668.699999999997
OI0005113,O002065,P00053,2,2768.97,5537.94
OI0005114,O002065,P00067,4,3120.12,12480.48
OI0005115,O002066,P00047,5,7255.75,36278.75
OI0005116,O002067,P00039,3,11770.16,35310.479999999996
OI0005117,O002068,P00089,2,5537.28,11074.56
OI0005118,O002069,P00115,5,10635.38,53176.899999999994
OI0005119,O002069,P00021,3,15831.58,47494.74
OI0005120,O002069,P00031,5,9096.12,45480.600000000006
OI0005121,O002069,P00087,3,811.76,2435.2799999999997
OI0005122,O002070,P00092,2,11714.03,23428.06
OI0005123,O002070,P00007,2,1695.66,3391.32
OI0005124,O002071,P00012,2,14499.23,28998.46
OI0005125,O002071,P00111,2,9070.02,18140.04
OI0005126,O002071,P00098,5,4527.84,22639.2
OI0005127,O002071,P00049,3,11581.53,34744.590000000004
OI0005128,O002072,P00059,2,15594.5,31189.0
OI0005129,O002072,P00036,4,2532.85,10131.4
OI0005130,O002073,P00119,5,14522.12,72610.6
OI0005131,O002073,P00049,5,11581.53,57907.65
OI0005132,O002073,P00047,5,7255.75,36278.75
OI0005133,O002074,P00004,3,11435.29,34305.87
OI0005134,O002074,P00115,2,10635.38,21270.76
OI0005135,O002074,P00044,4,10305.42,41221.68
OI0005136,O002075,P00115,2,10635.38,21270.76
OI0005137,O002075,P00010,2,14694.37,29388.74
OI0005138,O002075,P00072,2,8945.91,17891.82
OI0005139,O002076,P00100,1,6083.97,6083.97
OI0005140,O002076,P00098,3,4527.84,13583.52
OI0005141,O002077,P00041,2,6177.47,12354.94
OI0005142,O002077,P00020,2,6822.91,13645.82
OI0005143,O002077,P00008,4,387.92,1551.68
OI0005144,O002078,P00039,2,11770.16,23540.32
OI0005145,O002078,P00008,3,387.92,1163.76
OI0005146,O002079,P00002,2,12959.03,25918.06
OI0005147,O002079,P00095,4,11410.2,45640.8
OI0005148,O002079,P00090,1,13515.98,13515.98
OI0005149,O002080,P00092,2,11714.03,23428.06
OI0005150,O002080,P00107,5,3734.57,18672.850000000002
OI0005151,O002080,P00085,5,9236.97,46184.85
OI0005152,O002081,P00116,3,15959.01,47877.03
OI0005153,O002081,P00020,1,6822.91,6822.91
OI0005154,O002082,P00034,5,209.8,1049.0
OI0005155,O002082,P00103,4,632.72,2530.88
OI0005156,O002083,P00024,4,661.99,2647.96
OI0005157,O002084,P00114,2,2567.88,5135.76
OI0005158,O002085,P00072,5,8945.91,44729.55
OI0005159,O002086,P00106,5,14600.94,73004.7
OI0005160,O002087,P00013,2,15087.03,30174.06
OI0005161,O002087,P00057,4,11330.17,45320.68
OI0005162,O002088,P00117,4,6333.74,25334.96
OI0005163,O002089,P00038,1,5516.66,5516.66
OI0005164,O002089,P00005,2,10898.5,21797.0
OI0005165,O002089,P00042,1,11714.53,11714.53
OI0005166,O002089,P00105,2,10494.08,20988.16
OI0005167,O002090,P00099,4,10238.47,40953.88
OI0005168,O002090,P00051,2,14130.98,28261.96
OI0005169,O002090,P00045,4,5431.46,21725.84
OI0005170,O002090,P00008,1,387.92,387.92
OI0005171,O002091,P00012,1,14499.23,14499.23
OI0005172,O002092,P00008,4,387.92,1551.68
OI0005173,O002092,P00055,1,5599.57,5599.57
OI0005174,O002093,P00111,2,9070.02,18140.04
OI0005175,O002093,P00092,2,11714.03,23428.06
OI0005176,O002094,P00101,1,9471.71,9471.71
OI0005177,O002095,P00024,3,661.99,1985.97
OI0005178,O002095,P00028,1,5804.91,5804.91
OI0005179,O002096,P00080,2,8989.55,17979.1
OI0005180,O002096,P00113,3,13810.57,41431.71
OI0005181,O002097,P00117,2,6333.74,12667.48
OI0005182,O002097,P00070,5,2586.86,12934.300000000001
OI0005183,O002097,P00108,3,14347.63,43042.89
OI0005184,O002098,P00118,5,5621.04,28105.2
OI0005185,O002098,P00040,2,2951.4,5902.8
OI0005186,O002099,P00019,5,1162.47,5812.35
OI0005187,O002099,P00031,3,9096.12,27288.36
OI0005188,O002100,P00067,4,3120.12,12480.48
OI0005189,O002100,P00056,3,8842.33,26526.989999999998
OI0005190,O002100,P00095,2,11410.2,22820.4
OI0005191,O002101,P00062,3,5900.1,17700.300000000003
OI0005193,O002101,P00005,1,10898.5,10898.5
OI0005194,O002101,P00016,3,3591.51,10774.53
OI0005195,O002102,P00090,1,13515.98,13515.98
OI0005196,O002102,P00049,5,11581.53,57907.65
OI0005197,O002103,P00010,2,14694.37,29388.74
OI0005198,O002103,P00012,1,14499.23,14499.23
OI0005199,O002103,P00067,3,3120.12,9360.36
OI0005200,O002103,P00078,3,3389.32,10167.960000000001
OI0005201,O002104,P00119,2,14522.12,29044.24
OI0005202,O002104,P00109,1,3646.7,3646.7
OI0005203,O002104,P00100,1,6083.97,6083.97
OI0005204,O002105,P00087,4,811.76,3247.04
OI0005205,O002105,P00053,2,2768.97,5537.94
OI0005206,O002105,P00101,1,9471.71,9471.71
OI0005207,O002106,P00067,5,3120.12,15600.599999999999
OI0005208,O002106,P00049,3,11581.53,34744.590000000004
OI0005209,O002107,P00096,4,2944.05,11776.2
OI0005210,O002107,P00112,2,7810.47,15620.94
OI0005211,O002107,P00103,1,632.72,632.72
OI0005212,O002107,P00027,3,12270.99,36812.97
OI0005213,O002108,P00053,3,2768.97,8306.91
OI0005214,O002109,P00031,3,9096.12,27288.36
OI0005215,O002110,P00002,4,12959.03,51836.12
OI0005216,O002111,P00077,3,2192.74,6578.219999999999
OI0005217,O002111,P00046,4,15720.6,62882.4
OI0005218,O002112,P00108,4,14347.63,57390.52
OI0005219,O002112,P00090,3,13515.98,40547.94
OI0005220,O002112,P00046,1,15720.6,15720.6
OI0005221,O002112,P00109,1,3646.7,3646.7
OI0005222,O002113,P00090,5,13515.98,67579.9
OI0005223,O002113,P00097,3,721.52,2164.56
OI0005224,O002113,P00041,4,6177.47,24709.88
OI0005225,O002114,P00088,1,11981.85,11981.85
OI0005226,O002115,P00082,4,1976.8,7907.2
OI0005227,O002115,P00084,1,14069.72,14069.72
OI0005228,O002115,P00044,2,10305.42,20610.84
OI0005229,O002116,P00041,3,6177.47,18532.41
OI0005230,O002116,P00092,5,11714.03,58570.15
OI0005231,O002117,P00074,2,7723.94,15447.88
OI0005232,O002117,P00072,2,8945.91,17891.82
OI0005233,O002117,P00016,3,3591.51,10774.53
OI0005234,O002117,P00085,4,9236.97,36947.88
OI0005235,O002118,P00005,5,10898.5,54492.5
OI0005236,O002118,P00087,1,811.76,811.76
OI0005237,O002118,P00114,5,2567.88,12839.400000000001
OI0005238,O002118,P00067,4,3120.12,12480.48
OI0005239,O002119,P00008,5,387.92,1939.6000000000001
OI0005240,O002119,P00098,3,4527.84,13583.52
OI0005241,O002120,P00091,4,4946.59,19786.36
OI0005242,O002120,P00024,4,661.99,2647.96
OI0005243,O002120,P00031,5,9096.12,45480.600000000006
OI0005244,O002121,P00081,2,14690.16,29380.32
OI0005245,O002122,P00071,2,12968.25,25936.5
OI0005246,O002123,P00019,5,1162.47,5812.35
OI0005247,O002124,P00040,5,2951.4,14757.0
OI0005248,O002124,P00052,1,1801.57,1801.57
OI0005249,O002124,P00098,1,4527.84,4527.84
OI0005250,O002124,P00106,2,14600.94,29201.88
OI0005251,O002125,P00058,1,2681.24,2681.24
OI0005252,O002126,P00097,2,721.52,1443.04
OI0005253,O002126,P00104,1,13741.36,13741.36
OI0005254,O002126,P00075,5,8132.2,40661.0
OI0005255,O002126,P00029,5,9560.81,47804.049999999996
OI0005256,O002127,P00079,3,5251.04,15753.119999999999
OI0005257,O002127,P00053,4,2768.97,11075.88
OI0005258,O002128,P00087,5,811.76,4058.8
OI0005259,O002128,P00036,5,2532.85,12664.25
OI0005260,O002128,P00012,5,14499.23,72496.15
OI0005261,O002129,P00025,3,8564.03,25692.090000000004
OI0005262,O002130,P00079,2,5251.04,10502.08
OI0005263,O002130,P00029,4,9560.81,38243.24
OI0005264,O002130,P00008,3,387.92,1163.76
OI0005265,O002130,P00028,3,5804.91,17414.73
OI0005266,O002131,P00097,1,721.52,721.52
OI0005267,O002131,P00100,2,6083.97,12167.94
OI0005268,O002131,P00105,4,10494.08,41976.32
OI0005269,O002131,P00034,2,209.8,419.6
OI0005270,O002132,P00062,5,5900.1,29500.5
OI0005271,O002132,P00098,1,4527.84,4527.84
OI0005272,O002133,P00018,4,10426.0,41704.0
OI0005273,O002133,P00064,3,605.62,1816.8600000000001
OI0005274,O002134,P00060,2,10636.45,21272.9
OI0005275,O002134,P00018,2,10426.0,20852.0
OI0005277,O002135,P00061,5,983.24,4916.2
OI0005278,O002136,P00030,2,11313.56,22627.12
OI0005279,O002136,P00114,5,2567.88,12839.400000000001
OI0005280,O002137,P00115,1,10635.38,10635.38
OI0005281,O002137,P00071,2,12968.25,25936.5
OI0005282,O002137,P00081,5,14690.16,73450.8
OI0005283,O002137,P00119,3,14522.12,43566.36
OI0005284,O002138,P00038,3,5516.66,16549.98
OI0005285,O002138,P00048,2,11151.18,22302.36
OI0005286,O002138,P00109,4,3646.7,14586.8
OI0005287,O002138,P00091,5,4946.59,24732.95
OI0005288,O002139,P00026,5,4115.14,20575.7
OI0005289,O002139,P00083,5,14812.87,74064.35
OI0005290,O002139,P00078,2,3389.32,6778.64
OI0005291,O002139,P00055,5,5599.57,27997.85
OI0005292,O002140,P00087,1,811.76,811.76
OI0005293,O002140,P00028,1,5804.91,5804.91
OI0005294,O002141,P00100,1,6083.97,6083.97
OI0005295,O002141,P00011,1,3323.46,3323.46
OI0005296,O002141,P00088,4,11981.85,47927.4
OI0005297,O002142,P00029,4,9560.81,38243.24
OI0005298,O002142,P00039,3,11770.16,35310.479999999996
OI0005299,O002142,P00064,5,605.62,3028.1
OI0005300,O002142,P00054,4,516.23,2064.92
OI0005301,O002143,P00040,4,2951.4,11805.6
OI0005302,O002143,P00019,2,1162.47,2324.94
OI0005303,O002144,P00027,4,12270.99,49083.96
OI0005304,O002144,P00074,5,7723.94,38619.7
OI0005305,O002144,P00087,3,811.76,2435.2799999999997
OI0005306,O002145,P00100,2,6083.97,12167.94
OI0005307,O002145,P00085,1,9236.97,9236.97
OI0005308,O002145,P00084,2,14069.72,28139.44
OI0005309,O002145,P00048,2,11151.18,22302.36
OI0005310,O002146,P00029,3,9560.81,28682.43
OI0005311,O002146,P00088,4,11981.85,47927.4
OI0005312,O002146,P00096,2,2944.05,5888.1
OI0005313,O002146,P00022,2,5634.74,11269.48
OI0005314,O002147,P00001,1,7519.88,7519.88
OI0005315,O002147,P00103,1,632.72,632.72
OI0005316,O002147,P00013,5,15087.03,75435.15000000001
OI0005317,O002147,P00075,1,8132.2,8132.2
OI0005318,O002148,P00086,5,4550.54,22752.7
OI0005319,O002148,P00061,3,983.24,2949.7200000000003
OI0005320,O002149,P00064,4,605.62,2422.48
OI0005321,O002149,P00013,3,15087.03,45261.090000000004
OI0005322,O002150,P00056,3,8842.33,26526.989999999998
OI0005323,O002150,P00074,2,7723.94,15447.88
OI0005324,O002150,P00107,2,3734.57,7469.14
OI0005325,O002150,P00039,5,11770.16,58850.8
OI0005326,O002151,P00085,3,9236.97,27710.909999999996
OI0005327,O002152,P00095,1,11410.2,11410.2
OI0005328,O002152,P00058,5,2681.24,13406.199999999999
OI0005329,O002152,P00057,4,11330.17,45320.68
OI0005330,O002153,P00051,2,14130.98,28261.96
OI0005331,O002154,P00036,2,2532.85,5065.7
OI0005332,O002154,P00051,2,14130.98,28261.96
OI0005333,O002154,P00103,2,632.72,1265.44
OI0005334,O002154,P00078,5,3389.32,16946.600000000002
OI0005335,O002155,P00005,4,10898.5,43594.0
OI0005336,O002155,P00106,5,14600.94,73004.7
OI0005337,O002155,P00031,2,9096.12,18192.24
OI0005338,O002155,P00065,3,7681.42,23044.260000000002
OI0005339,O002156,P00028,4,5804.91,23219.64
OI0005340,O002157,P00055,1,5599.57,5599.57
OI0005341,O002158,P00090,4,13515.98,54063.92
OI0005342,O002158,P00041,1,6177.47,6177.47
OI0005343,O002158,P00045,1,5431.46,5431.46
OI0005344,O002158,P00071,3,12968.25,38904.75
OI0005345,O002159,P00092,1,11714.03,11714.03
OI0005346,O002159,P00085,5,9236.97,46184.85
OI0005347,O002159,P00052,1,1801.57,1801.57
OI0005348,O002159,P00001,1,7519.88,7519.88
OI0005349,O002160,P00104,4,13741.36,54965.44
OI0005350,O002160,P00046,5,15720.6,78603.0
OI0005351,O002160,P00110,3,9433.9,28301.699999999997
OI0005352,O002161,P00081,1,14690.16,14690.16
OI0005353,O002161,P00101,3,9471.71,28415.129999999997
OI0005354,O002161,P00093,1,3538.97,3538.97
OI0005355,O002161,P00048,5,11151.18,55755.9
OI0005356,O002162,P00069,1,4360.73,4360.73
OI0005357,O002163,P00003,1,3596.33,3596.33
OI0005358,O002163,P00063,1,13216.58,13216.58
OI0005359,O002163,P00118,5,5621.04,28105.2
OI0005360,O002164,P00006,2,15242.13,30484.26
OI0005361,O002164,P00086,1,4550.54,4550.54
OI0005362,O002164,P00007,4,1695.66,6782.64
OI0005363,O002165,P00052,2,1801.57,3603.14
OI0005364,O002165,P00014,2,13181.63,26363.26
OI0005365,O002165,P00009,2,13213.04,26426.08
OI0005366,O002165,P00089,4,5537.28,22149.12
OI0005367,O002166,P00007,5,1695.66,8478.300000000001
OI0005368,O002166,P00107,1,3734.57,3734.57
OI0005369,O002166,P00083,2,14812.87,29625.74
OI0005370,O002166,P00009,2,13213.04,26426.08
OI0005371,O002167,P00075,1,8132.2,8132.2
OI0005372,O002167,P00093,2,3538.97,7077.94
OI0005373,O002167,P00118,3,5621.04,16863.12
OI0005374,O002167,P00018,3,10426.0,31278.0
OI0005375,O002168,P00082,4,1976.8,7907.2
OI0005376,O002168,P00014,1,13181.63,13181.63
OI0005377,O002168,P00074,3,7723.94,23171.82
OI0005378,O002168,P00098,2,4527.84,9055.68
OI0005379,O002169,P00089,5,5537.28,27686.399999999998
OI0005380,O002170,P00089,5,5537.28,27686.399999999998
OI0005381,O002171,P00035,5,11526.61,57633.05
OI0005382,O002171,P00055,3,5599.57,16798.71
OI0005383,O002172,P00107,1,3734.57,3734.57
OI0005384,O002172,P00117,2,6333.74,12667.48
OI0005385,O002172,P00065,4,7681.42,30725.68
OI0005386,O002173,P00074,4,7723.94,30895.76
OI0005387,O002173,P00084,5,14069.72,70348.59999999999
OI0005388,O002173,P00006,1,15242.13,15242.13
OI0005389,O002174,P00120,4,13556.62,54226.48
OI0005390,O002174,P00111,2,9070.02,18140.04
OI0005391,O002174,P00084,5,14069.72,70348.59999999999
OI0005392,O002174,P00057,4,11330.17,45320.68
OI0005393,O002175,P00110,5,9433.9,47169.5
OI0005394,O002175,P00037,4,15375.83,61503.32
OI0005395,O002175,P00064,3,605.62,1816.8600000000001
OI0005396,O002175,P00018,4,10426.0,41704.0
OI0005397,O002176,P00017,4,7245.98,28983.92
OI0005398,O002176,P00078,4,3389.32,13557.28
OI0005399,O002176,P00104,5,13741.36,68706.8
OI0005400,O002176,P00058,1,2681.24,2681.24
OI0005401,O002177,P00113,4,13810.57,55242.28
OI0005402,O002177,P00071,1,12968.25,12968.25
OI0005403,O002177,P00077,3,2192.74,6578.219999999999
OI0005404,O002177,P00118,4,5621.04,22484.16
OI0005405,O002178,P00017,2,7245.98,14491.96
OI0005406,O002178,P00027,3,12270.99,36812.97
OI0005407,O002178,P00012,2,14499.23,28998.46
OI0005408,O002178,P00092,3,11714.03,35142.090000000004
OI0005409,O002179,P00077,1,2192.74,2192.74
OI0005410,O002179,P00050,1,11773.84,11773.84
OI0005411,O002179,P00113,1,13810.57,13810.57
OI0005412,O002180,P00025,1,8564.03,8564.03
OI0005413,O002181,P00032,2,2972.8,5945.6
OI0005415,O002182,P00117,1,6333.74,6333.74
OI0005416,O002182,P00090,1,13515.98,13515.98
OI0005417,O002182,P00083,5,14812.87,74064.35
OI0005418,O002183,P00113,5,13810.57,69052.85
OI0005419,O002183,P00107,3,3734.57,11203.710000000001
OI0005420,O002183,P00062,2,5900.1,11800.2
OI0005421,O002183,P00076,1,2930.49,2930.49
OI0005422,O002184,P00065,1,7681.42,7681.42
OI0005423,O002185,P00060,5,10636.45,53182.25
OI0005424,O002185,P00067,4,3120.12,12480.48
OI0005425,O002185,P00099,3,10238.47,30715.409999999996
OI0005426,O002186,P00065,2,7681.42,15362.84
OI0005427,O002186,P00067,4,3120.12,12480.48
OI0005428,O002186,P00069,2,4360.73,8721.46
OI0005429,O002187,P00068,2,7242.25,14484.5
OI0005430,O002187,P00087,3,811.76,2435.2799999999997
OI0005431,O002187,P00072,2,8945.91,17891.82
OI0005432,O002187,P00097,3,721.52,2164.56
OI0005433,O002188,P00051,4,14130.98,56523.92
OI0005434,O002188,P00061,5,983.24,4916.2
OI0005435,O002188,P00056,5,8842.33,44211.65
OI0005436,O002188,P00049,3,11581.53,34744.590000000004
OI0005437,O002189,P00081,4,14690.16,58760.64
OI0005438,O002190,P00048,2,11151.18,22302.36
OI0005439,O002191,P00033,3,3874.45,11623.349999999999
OI0005440,O002192,P00019,5,1162.47,5812.35
OI0005441,O002192,P00076,3,2930.49,8791.47
OI0005442,O002192,P00101,4,9471.71,37886.84
OI0005443,O002193,P00088,3,11981.85,35945.55
OI0005444,O002194,P00004,1,11435.29,11435.29
OI0005445,O002195,P00105,4,10494.08,41976.32
OI0005446,O002195,P00071,5,12968.25,64841.25
OI0005447,O002195,P00092,1,11714.03,11714.03
OI0005448,O002196,P00015,5,6246.13,31230.65
OI0005449,O002196,P00047,4,7255.75,29023.0
OI0005450,O002197,P00075,2,8132.2,16264.4
OI0005451,O002197,P00112,2,7810.47,15620.94
OI0005452,O002197,P00006,2,15242.13,30484.26
OI0005453,O002198,P00038,4,5516.66,22066.64
OI0005454,O002199,P00040,4,2951.4,11805.6
OI0005455,O002199,P00059,4,15594.5,62378.0
OI0005456,O002199,P00061,4,983.24,3932.96
OI0005457,O002199,P00093,3,3538.97,10616.91
OI0005458,O002200,P00016,2,3591.51,7183.02
OI0005459,O002200,P00111,5,9070.02,45350.100000000006
OI0005460,O002201,P00098,4,4527.84,18111.36
OI0005461,O002201,P00057,2,11330.17,22660.34
OI0005462,O002201,P00018,2,10426.0,20852.0
OI0005463,O002202,P00116,4,15959.01,63836.04
OI0005464,O002203,P00084,2,14069.72,28139.44
OI0005465,O002203,P00118,5,5621.04,28105.2
OI0005466,O002203,P00034,3,209.8,629.4000000000001
OI0005467,O002204,P00034,1,209.8,209.8
OI0005468,O002204,P00024,4,661.99,2647.96
OI0005469,O002205,P00102,3,13433.93,40301.79
OI0005470,O002205,P00049,5,11581.53,57907.65
OI0005471,O002206,P00074,2,7723.94,15447.88
OI0005472,O002206,P00120,2,13556.62,27113.24
OI0005473,O002206,P00034,2,209.8,419.6
OI0005474,O002207,P00023,4,3040.09,12160.36
OI0005475,O002207,P00063,4,13216.58,52866.32
OI0005476,O002207,P00052,5,1801.57,9007.85
OI0005477,O002207,P00060,5,10636.45,53182.25
OI0005478,O002208,P00100,5,6083.97,30419.850000000002
OI0005479,O002208,P00105,5,10494.08,52470.4
OI0005480,O002209,P00087,4,811.76,3247.04
OI0005481,O002210,P00043,3,3075.89,9227.67
OI0005482,O002211,P00080,3,8989.55,26968.649999999998
OI0005483,O002211,P00021,5,15831.58,79157.9
OI0005484,O002211,P00098,1,4527.84,4527.84
OI0005485,O002211,P00010,5,14694.37,73471.85
OI0005486,O002212,P00040,5,2951.4,14757.0
OI0005487,O002213,P00049,4,11581.53,46326.12
OI0005488,O002214,P00016,2,3591.51,7183.02
OI0005489,O002214,P00006,4,15242.13,60968.52
OI0005490,O002214,P00103,2,632.72,1265.44
OI0005491,O002214,P00024,5,661.99,3309.95
OI0005492,O002215,P00014,3,13181.63,39544.89
OI0005493,O002215,P00086,4,4550.54,18202.16
OI0005494,O002215,P00109,2,3646.7,7293.4
OI0005495,O002215,P00097,4,721.52,2886.08
OI0005496,O002216,P00081,2,14690.16,29380.32
OI0005498,O002217,P00097,5,721.52,3607.6
OI0005499,O002217,P00009,5,13213.04,66065.20000000001
OI0005500,O002217,P00005,3,10898.5,32695.5
OI0005501,O002217,P00119,4,14522.12,58088.48
OI0005502,O002218,P00007,2,1695.66,3391.32
OI0005503,O002218,P00022,4,5634.74,22538.96
OI0005504,O002218,P00049,3,11581.53,34744.590000000004
OI0005505,O002218,P00026,3,4115.14,12345.420000000002
OI0005506,O002219,P00057,3,11330.17,33990.51
OI0005507,O002219,P00096,2,2944.05,5888.1
OI0005508,O002219,P00011,4,3323.46,13293.84
OI0005509,O002220,P00022,5,5634.74,28173.699999999997
OI0005510,O002220,P00077,5,2192.74,10963.699999999999
OI0005511,O002220,P00083,3,14812.87,44438.61
OI0005512,O002220,P00001,5,7519.88,37599.4
OI0005513,O002221,P00099,4,10238.47,40953.88
OI0005514,O002222,P00119,2,14522.12,29044.24
OI0005515,O002222,P00052,5,1801.57,9007.85
OI0005516,O002222,P00075,4,8132.2,32528.8
OI0005517,O002223,P00027,3,12270.99,36812.97
OI0005518,O002223,P00008,1,387.92,387.92
OI0005519,O002223,P00103,4,632.72,2530.88
OI0005520,O002223,P00113,3,13810.57,41431.71
OI0005521,O002224,P00047,5,7255.75,36278.75
OI0005522,O002224,P00067,5,3120.12,15600.599999999999
OI0005523,O002224,P00030,2,11313.56,22627.12
OI0005524,O002224,P00112,4,7810.47,31241.88
OI0005525,O002225,P00032,2,2972.8,5945.6
OI0005526,O002226,P00034,2,209.8,419.6
OI0005527,O002226,P00015,5,6246.13,31230.65
OI0005528,O002226,P00043,1,3075.89,3075.89
OI0005529,O002226,P00077,1,2192.74,2192.74
OI0005530,O002227,P00088,5,11981.85,59909.25
OI0005531,O002228,P00026,1,4115.14,4115.14
OI0005532,O002228,P00067,3,3120.12,9360.36
OI0005533,O002228,P00031,3,9096.12,27288.36
OI0005534,O002228,P00111,3,9070.02,27210.06
OI0005535,O002229,P00086,2,4550.54,9101.08
OI0005536,O002229,P00097,2,721.52,1443.04
OI0005537,O002229,P00099,1,10238.47,10238.47
OI0005538,O002230,P00021,5,15831.58,79157.9
OI0005539,O002231,P00025,4,8564.03,34256.12
OI0005540,O002231,P00063,5,13216.58,66082.9
OI0005541,O002232,P00002,5,12959.03,64795.15
OI0005542,O002232,P00043,1,3075.89,3075.89
OI0005543,O002232,P00118,1,5621.04,5621.04
OI0005544,O002232,P00089,4,5537.28,22149.12
OI0005545,O002233,P00005,5,10898.5,54492.5
OI0005546,O002233,P00059,3,15594.5,46783.5
OI0005547,O002233,P00068,3,7242.25,21726.75
OI0005548,O002233,P00027,2,12270.99,24541.98
OI0005549,O002234,P00056,3,8842.33,26526.989999999998
OI0005550,O002234,P00120,1,13556.62,13556.62
OI0005551,O002235,P00071,2,12968.25,25936.5
OI0005552,O002235,P00112,4,7810.47,31241.88
OI0005553,O002235,P00105,3,10494.08,31482.239999999998
OI0005554,O002235,P00065,1,7681.42,7681.42
OI0005555,O002236,P00114,5,2567.88,12839.400000000001
OI0005556,O002236,P00006,3,15242.13,45726.39
OI0005557,O002236,P00071,5,12968.25,64841.25
OI0005558,O002237,P00056,3,8842.33,26526.989999999998
OI0005559,O002237,P00001,5,7519.88,37599.4
OI0005560,O002237,P00109,1,3646.7,3646.7
OI0005561,O002238,P00078,5,3389.32,16946.600000000002
OI0005562,O002238,P00077,2,2192.74,4385.48
OI0005563,O002239,P00032,1,2972.8,2972.8
OI0005564,O002240,P00103,2,632.72,1265.44
OI0005566,O002241,P00012,3,14499.23,43497.69
OI0005567,O002241,P00072,1,8945.91,8945.91
OI0005568,O002242,P00104,1,13741.36,13741.36
OI0005569,O002242,P00117,1,6333.74,6333.74
OI0005570,O002243,P00068,4,7242.25,28969.0
OI0005571,O002243,P00037,5,15375.83,76879.15
OI0005572,O002243,P00091,4,4946.59,19786.36
OI0005573,O002244,P00048,1,11151.18,11151.18
OI0005574,O002245,P00076,1,2930.49,2930.49
OI0005575,O002245,P00046,2,15720.6,31441.2
OI0005576,O002246,P00044,3,10305.42,30916.260000000002
OI0005577,O002247,P00109,5,3646.7,18233.5
OI0005578,O002247,P00039,1,11770.16,11770.16
OI0005579,O002247,P00034,3,209.8,629.4000000000001
OI0005580,O002248,P00095,5,11410.2,57051.0
OI0005581,O002248,P00004,3,11435.29,34305.87
OI0005582,O002248,P00066,3,7639.92,22919.760000000002
OI0005583,O002249,P00077,2,2192.74,4385.48
OI0005584,O002249,P00090,3,13515.98,40547.94
OI0005585,O002249,P00103,1,632.72,632.72
OI0005586,O002250,P00081,3,14690.16,44070.479999999996
OI0005587,O002250,P00064,2,605.62,1211.24
OI0005588,O002250,P00120,1,13556.62,13556.62
OI0005589,O002250,P00035,5,11526.61,57633.05
OI0005590,O002251,P00112,3,7810.47,23431.41
OI0005591,O002251,P00043,3,3075.89,9227.67
OI0005592,O002251,P00115,3,10635.38,31906.14
OI0005593,O002252,P00056,4,8842.33,35369.32
OI0005594,O002253,P00047,3,7255.75,21767.25
OI0005595,O002253,P00076,2,2930.49,5860.98
OI0005596,O002253,P00029,4,9560.81,38243.24
OI0005597,O002254,P00051,1,14130.98,14130.98
OI0005598,O002254,P00047,3,7255.75,21767.25
OI0005599,O002254,P00026,2,4115.14,8230.28
OI0005600,O002254,P00104,4,13741.36,54965.44
OI0005601,O002255,P00046,3,15720.6,47161.8
OI0005602,O002255,P00080,2,8989.55,17979.1
OI0005603,O002255,P00044,4,10305.42,41221.68
OI0005604,O002256,P00054,5,516.23,2581.15
OI0005605,O002256,P00066,1,7639.92,7639.92
OI0005606,O002256,P00007,5,1695.66,8478.300000000001
OI0005607,O002256,P00072,5,8945.91,44729.55
OI0005608,O002257,P00117,4,6333.74,25334.96
OI0005609,O002257,P00043,2,3075.89,6151.78
OI0005610,O002257,P00088,5,11981.85,59909.25
OI0005611,O002258,P00112,4,7810.47,31241.88
OI0005612,O002258,P00009,5,13213.04,66065.20000000001
OI0005613,O002259,P00102,2,13433.93,26867.86
OI0005614,O002259,P00098,1,4527.84,4527.84
OI0005615,O002259,P00071,2,12968.25,25936.5
OI0005616,O002260,P00088,2,11981.85,23963.7
OI0005617,O002260,P00087,5,811.76,4058.8
OI0005618,O002261,P00067,5,3120.12,15600.599999999999
OI0005619,O002261,P00022,2,5634.74,11269.48
OI0005620,O002261,P00084,3,14069.72,42209.159999999996
OI0005621,O002261,P00009,4,13213.04,52852.16
OI0005622,O002262,P00095,5,11410.2,57051.0
OI0005623,O002262,P00002,5,12959.03,64795.15
OI0005624,O002263,P00094,4,13171.07,52684.28
OI0005625,O002263,P00105,1,10494.08,10494.08
OI0005626,O002264,P00053,3,2768.97,8306.91
OI0005627,O002264,P00031,5,9096.12,45480.600000000006
OI0005628,O002264,P00057,3,11330.17,33990.51
OI0005629,O002264,P00077,5,2192.74,10963.699999999999
OI0005630,O002265,P00102,5,13433.93,67169.65
OI0005631,O002265,P00073,2,15455.92,30911.84
OI0005632,O002266,P00020,4,6822.91,27291.64
OI0005633,O002267,P00050,5,11773.84,58869.2
OI0005634,O002267,P00054,1,516.23,516.23
OI0005635,O002267,P00086,5,4550.54,22752.7
OI0005636,O002267,P00104,2,13741.36,27482.72
OI0005637,O002268,P00018,2,10426.0,20852.0
OI0005638,O002268,P00024,2,661.99,1323.98
OI0005639,O002268,P00116,5,15959.01,79795.05
OI0005640,O002268,P00007,1,1695.66,1695.66
OI0005641,O002269,P00091,3,4946.59,14839.77
OI0005642,O002269,P00114,2,2567.88,5135.76
OI0005643,O002269,P00067,3,3120.12,9360.36
OI0005644,O002270,P00085,3,9236.97,27710.909999999996
OI0005645,O002270,P00052,4,1801.57,7206.28
OI0005646,O002270,P00084,5,14069.72,70348.59999999999
OI0005647,O002270,P00105,1,10494.08,10494.08
OI0005648,O002271,P00084,3,14069.72,42209.159999999996
OI0005649,O002271,P00055,3,5599.57,16798.71
OI0005650,O002271,P00034,4,209.8,839.2
OI0005651,O002271,P00082,2,1976.8,3953.6
OI0005652,O002272,P00023,3,3040.09,9120.27
OI0005653,O002272,P00006,5,15242.13,76210.65
OI0005654,O002272,P00008,3,387.92,1163.76
OI0005655,O002273,P00074,5,7723.94,38619.7
OI0005656,O002274,P00007,3,1695.66,5086.9800000000005
OI0005657,O002274,P00070,2,2586.86,5173.72
OI0005658,O002274,P00012,5,14499.23,72496.15
OI0005659,O002275,P00100,3,6083.97,18251.91
OI0005660,O002276,P00006,2,15242.13,30484.26
OI0005661,O002276,P00005,5,10898.5,54492.5
OI0005662,O002276,P00047,4,7255.75,29023.0
OI0005663,O002276,P00020,3,6822.91,20468.73
OI0005664,O002277,P00079,1,5251.04,5251.04
OI0005665,O002277,P00080,3,8989.55,26968.649999999998
OI0005666,O002277,P00055,5,5599.57,27997.85
OI0005667,O002278,P00055,1,5599.57,5599.57
OI0005668,O002279,P00037,2,15375.83,30751.66
OI0005669,O002279,P00044,1,10305.42,10305.42
OI0005670,O002279,P00103,4,632.72,2530.88
OI0005671,O002279,P00120,2,13556.62,27113.24
OI0005672,O002280,P00023,4,3040.09,12160.36
OI0005673,O002281,P00116,4,15959.01,63836.04
OI0005674,O002282,P00054,2,516.23,1032.46
OI0005675,O002282,P00059,2,15594.5,31189.0
OI0005677,O002283,P00063,4,13216.58,52866.32
OI0005678,O002283,P00006,1,15242.13,15242.13
OI0005679,O002283,P00055,1,5599.57,5599.57
OI0005680,O002284,P00031,2,9096.12,18192.24
OI0005681,O002284,P00047,2,7255.75,14511.5
OI0005682,O002285,P00094,3,13171.07,39513.21
OI0005683,O002285,P00075,4,8132.2,32528.8
OI0005684,O002285,P00090,1,13515.98,13515.98
OI0005685,O002286,P00019,3,1162.47,3487.41
OI0005686,O002287,P00019,1,1162.47,1162.47
OI0005687,O002288,P00013,2,15087.03,30174.06
OI0005688,O002288,P00007,4,1695.66,6782.64
OI0005689,O002288,P00078,2,3389.32,6778.64
OI0005690,O002289,P00090,4,13515.98,54063.92
OI0005692,O002289,P00025,5,8564.03,42820.15
OI0005693,O002290,P00082,2,1976.8,3953.6
OI0005694,O002291,P00071,2,12968.25,25936.5
OI0005695,O002291,P00116,5,15959.01,79795.05
OI0005696,O002292,P00068,5,7242.25,36211.25
OI0005697,O002292,P00014,1,13181.63,13181.63
OI0005698,O002292,P00059,1,15594.5,15594.5
OI0005699,O002292,P00049,2,11581.53,23163.06
OI0005700,O002293,P00088,3,11981.85,35945.55
OI0005701,O002294,P00063,5,13216.58,66082.9
OI0005702,O002295,P00050,3,11773.84,35321.520000000004
OI0005703,O002296,P00074,3,7723.94,23171.82
OI0005704,O002296,P00026,4,4115.14,16460.56
OI0005705,O002296,P00120,4,13556.62,54226.48
OI0005706,O002297,P00055,2,5599.57,11199.14
OI0005707,O002297,P00019,5,1162.47,5812.35
OI0005708,O002297,P00084,2,14069.72,28139.44
OI0005709,O002298,P00066,1,7639.92,7639.92
OI0005710,O002298,P00111,5,9070.02,45350.100000000006
OI0005711,O002298,P00003,2,3596.33,7192.66
OI0005712,O002298,P00095,1,11410.2,11410.2
OI0005713,O002299,P00007,4,1695.66,6782.64
OI0005714,O002299,P00112,2,7810.47,15620.94
OI0005715,O002299,P00026,3,4115.14,12345.420000000002
OI0005716,O002299,P00018,5,10426.0,52130.0
OI0005717,O002300,P00018,2,10426.0,20852.0
OI0005718,O002300,P00090,1,13515.98,13515.98
OI0005719,O002300,P00050,3,11773.84,35321.520000000004
OI0005720,O002300,P00065,5,7681.42,38407.1
OI0005721,O002301,P00050,5,11773.84,58869.2
OI0005722,O002301,P00090,5,13515.98,67579.9
OI0005723,O002301,P00103,2,632.72,1265.44
OI0005724,O002302,P00103,5,632.72,3163.6000000000004
OI0005725,O002302,P00037,1,15375.83,15375.83
OI0005726,O002302,P00094,3,13171.07,39513.21
OI0005727,O002302,P00068,4,7242.25,28969.0
OI0005728,O002303,P00063,4,13216.58,52866.32
OI0005729,O002304,P00084,2,14069.72,28139.44
OI0005730,O002304,P00071,3,12968.25,38904.75
OI0005731,O002304,P00040,5,2951.4,14757.0
OI0005732,O002305,P00090,4,13515.98,54063.92
OI0005733,O002306,P00015,4,6246.13,24984.52
OI0005734,O002306,P00074,5,7723.94,38619.7
OI0005735,O002306,P00012,3,14499.23,43497.69
OI0005736,O002306,P00073,1,15455.92,15455.92
OI0005737,O002307,P00066,4,7639.92,30559.68
OI0005738,O002307,P00103,2,632.72,1265.44
OI0005739,O002308,P00062,1,5900.1,5900.1
OI0005740,O002308,P00065,2,7681.42,15362.84
OI0005741,O002308,P00016,5,3591.51,17957.550000000003
OI0005742,O002309,P00075,1,8132.2,8132.2
OI0005743,O002309,P00029,4,9560.81,38243.24
OI0005744,O002310,P00041,3,6177.47,18532.41
OI0005745,O002311,P00027,2,12270.99,24541.98
OI0005746,O002311,P00010,2,14694.37,29388.74
OI0005747,O002311,P00118,3,5621.04,16863.12
OI0005748,O002312,P00005,2,10898.5,21797.0
OI0005749,O002312,P00110,4,9433.9,37735.6
OI0005750,O002312,P00076,5,2930.49,14652.449999999999
OI0005751,O002313,P00024,2,661.99,1323.98
OI0005752,O002313,P00113,1,13810.57,13810.57
OI0005753,O002313,P00079,4,5251.04,21004.16
OI0005754,O002313,P00033,4,3874.45,15497.8
OI0005755,O002314,P00035,1,11526.61,11526.61
OI0005756,O002314,P00103,1,632.72,632.72
OI0005757,O002314,P00014,2,13181.63,26363.26
OI0005758,O002315,P00014,5,13181.63,65908.15
OI0005759,O002316,P00020,5,6822.91,34114.55
OI0005760,O002316,P00098,4,4527.84,18111.36
OI0005761,O002317,P00092,2,11714.03,23428.06
OI0005762,O002317,P00064,3,605.62,1816.8600000000001
OI0005763,O002317,P00005,1,10898.5,10898.5
OI0005764,O002318,P00054,2,516.23,1032.46
OI0005765,O002318,P00021,2,15831.58,31663.16
OI0005766,O002318,P00001,3,7519.88,22559.64
OI0005767,O002319,P00001,1,7519.88,7519.88
OI0005768,O002319,P00063,2,13216.58,26433.16
OI0005769,O002319,P00108,2,14347.63,28695.26
OI0005770,O002320,P00093,1,3538.97,3538.97
OI0005771,O002321,P00014,3,13181.63,39544.89
OI0005772,O002321,P00051,3,14130.98,42392.94
OI0005773,O002321,P00025,1,8564.03,8564.03
OI0005774,O002322,P00116,5,15959.01,79795.05
OI0005775,O002323,P00028,2,5804.91,11609.82
OI0005776,O002323,P00087,3,811.76,2435.2799999999997
OI0005777,O002324,P00090,5,13515.98,67579.9
OI0005778,O002324,P00098,5,4527.84,22639.2
OI0005779,O002324,P00113,3,13810.57,41431.71
OI0005780,O002324,P00041,5,6177.47,30887.350000000002
OI0005781,O002325,P00022,5,5634.74,28173.699999999997
OI0005782,O002325,P00011,1,3323.46,3323.46
OI0005783,O002326,P00038,1,5516.66,5516.66
OI0005784,O002327,P00116,5,15959.01,79795.05
OI0005785,O002327,P00074,2,7723.94,15447.88
OI0005787,O002327,P00025,1,8564.03,8564.03
OI0005788,O002328,P00090,5,13515.98,67579.9
OI0005789,O002328,P00040,5,2951.4,14757.0
OI0005790,O002328,P00056,4,8842.33,35369.32
OI0005791,O002329,P00024,2,661.99,1323.98
OI0005792,O002329,P00103,4,632.72,2530.88
OI0005793,O002329,P00077,3,2192.74,6578.219999999999
OI0005794,O002329,P00016,1,3591.51,3591.51
OI0005795,O002330,P00093,5,3538.97,17694.85
OI0005796,O002330,P00015,1,6246.13,6246.13
OI0005797,O002331,P00052,5,1801.57,9007.85
OI0005798,O002331,P00107,2,3734.57,7469.14
OI0005799,O002331,P00113,5,13810.57,69052.85
OI0005800,O002332,P00051,1,14130.98,14130.98
OI0005801,O002332,P00023,2,3040.09,6080.18
OI0005802,O002332,P00062,2,5900.1,11800.2
OI0005803,O002333,P00105,4,10494.08,41976.32
OI0005804,O002334,P00082,4,1976.8,7907.2
OI0005805,O002334,P00091,4,4946.59,19786.36
OI0005806,O002334,P00117,5,6333.74,31668.699999999997
OI0005807,O002334,P00116,4,15959.01,63836.04
OI0005808,O002335,P00003,2,3596.33,7192.66
OI0005809,O002336,P00037,4,15375.83,61503.32
OI0005810,O002336,P00103,2,632.72,1265.44
OI0005811,O002337,P00097,2,721.52,1443.04
OI0005812,O002337,P00093,3,3538.97,10616.91
OI0005813,O002337,P00091,2,4946.59,9893.18
OI0005814,O002337,P00092,1,11714.03,11714.03
OI0005815,O002338,P00086,2,4550.54,9101.08
OI0005816,O002338,P00081,4,14690.16,58760.64
OI0005817,O002339,P00046,4,15720.6,62882.4
OI0005818,O002339,P00116,2,15959.01,31918.02
OI0005819,O002340,P00087,2,811.76,1623.52
OI0005820,O002340,P00011,3,3323.46,9970.380000000001
OI0005821,O002341,P00064,4,605.62,2422.48
OI0005822,O002342,P00085,5,9236.97,46184.85
OI0005823,O002342,P00074,4,7723.94,30895.76
OI0005824,O002342,P00079,3,5251.04,15753.119999999999
OI0005825,O002343,P00117,1,6333.74,6333.74
OI0005826,O002343,P00075,3,8132.2,24396.6
OI0005827,O002343,P00046,3,15720.6,47161.8
OI0005828,O002344,P00091,3,4946.59,14839.77
OI0005829,O002344,P00005,3,10898.5,32695.5
OI0005830,O002345,P00064,2,605.62,1211.24
OI0005831,O002345,P00040,4,2951.4,11805.6
OI0005832,O002345,P00044,3,10305.42,30916.260000000002
OI0005833,O002345,P00014,1,13181.63,13181.63
OI0005834,O002346,P00019,3,1162.47,3487.41
OI0005835,O002346,P00031,4,9096.12,36384.48
OI0005836,O002347,P00028,5,5804.91,29024.55
OI0005837,O002347,P00082,5,1976.8,9884.0
OI0005838,O002348,P00087,3,811.76,2435.2799999999997
OI0005839,O002348,P00057,1,11330.17,11330.17
OI0005840,O002348,P00095,2,11410.2,22820.4
OI0005841,O002349,P00010,3,14694.37,44083.11
OI0005842,O002349,P00012,2,14499.23,28998.46
OI0005843,O002350,P00101,3,9471.71,28415.129999999997
OI0005844,O002350,P00075,1,8132.2,8132.2
OI0005845,O002350,P00114,5,2567.88,12839.400000000001
OI0005846,O002351,P00017,1,7245.98,7245.98
OI0005847,O002352,P00067,4,3120.12,12480.48
OI0005848,O002352,P00034,5,209.8,1049.0
OI0005849,O002353,P00073,4,15455.92,61823.68
OI0005850,O002353,P00078,1,3389.32,3389.32
OI0005851,O002353,P00074,2,7723.94,15447.88
OI0005852,O002354,P00040,1,2951.4,2951.4
OI0005853,O002354,P00017,1,7245.98,7245.98
OI0005854,O002354,P00014,1,13181.63,13181.63
OI0005855,O002355,P00016,3,3591.51,10774.53
OI0005856,O002355,P00031,4,9096.12,36384.48
OI0005857,O002356,P00055,4,5599.57,22398.28
OI0005858,O002356,P00097,1,721.52,721.52
OI0005859,O002356,P00111,1,9070.02,9070.02
OI0005860,O002357,P00063,4,13216.58,52866.32
OI0005861,O002357,P00055,1,5599.57,5599.57
OI0005862,O002357,P00061,4,983.24,3932.96
OI0005863,O002357,P00095,1,11410.2,11410.2
OI0005864,O002358,P00079,2,5251.04,10502.08
OI0005865,O002358,P00059,5,15594.5,77972.5
OI0005866,O002359,P00095,5,11410.2,57051.0
OI0005867,O002359,P00065,1,7681.42,7681.42
OI0005868,O002359,P00053,4,2768.97,11075.88
OI0005869,O002360,P00100,1,6083.97,6083.97
OI0005870,O002360,P00040,1,2951.4,2951.4
OI0005871,O002360,P00094,4,13171.07,52684.28
OI0005872,O002360,P00087,5,811.76,4058.8
OI0005873,O002361,P00093,3,3538.97,10616.91
OI0005874,O002361,P00018,5,10426.0,52130.0
OI0005875,O002361,P00005,2,10898.5,21797.0
OI0005876,O002361,P00047,4,7255.75,29023.0
OI0005878,O002362,P00054,1,516.23,516.23
OI0005879,O002362,P00115,1,10635.38,10635.38
OI0005880,O002363,P00093,2,3538.97,7077.94
OI0005881,O002363,P00044,3,10305.42,30916.260000000002
OI0005882,O002363,P00097,1,721.52,721.52
OI0005883,O002364,P00083,2,14812.87,29625.74
OI0005884,O002364,P00092,1,11714.03,11714.03
OI0005885,O002365,P00099,5,10238.47,51192.35
OI0005886,O002366,P00086,1,4550.54,4550.54
OI0005887,O002366,P00063,3,13216.58,39649.74
OI0005888,O002366,P00069,1,4360.73,4360.73
OI0005889,O002367,P00056,3,8842.33,26526.989999999998
OI0005890,O002367,P00017,4,7245.98,28983.92
OI0005891,O002368,P00100,2,6083.97,12167.94
OI0005892,O002368,P00002,1,12959.03,12959.03
OI0005893,O002368,P00030,3,11313.56,33940.68
OI0005894,O002368,P00032,1,2972.8,2972.8
OI0005895,O002369,P00085,1,9236.97,9236.97
OI0005896,O002369,P00115,1,10635.38,10635.38
OI0005897,O002369,P00033,2,3874.45,7748.9
OI0005898,O002369,P00077,1,2192.74,2192.74
OI0005899,O002370,P00034,5,209.8,1049.0
OI0005900,O002370,P00052,4,1801.57,7206.28
OI0005901,O002371,P00099,2,10238.47,20476.94
OI0005902,O002371,P00037,3,15375.83,46127.49
OI0005903,O002371,P00032,4,2972.8,11891.2
OI0005904,O002371,P00018,1,10426.0,10426.0
OI0005905,O002372,P00031,4,9096.12,36384.48
OI0005906,O002372,P00116,2,15959.01,31918.02
OI0005907,O002372,P00098,4,4527.84,18111.36
OI0005908,O002373,P00041,2,6177.47,12354.94
OI0005909,O002373,P00012,1,14499.23,14499.23
OI0005910,O002374,P00082,2,1976.8,3953.6
OI0005911,O002375,P00007,1,1695.66,1695.66
OI0005912,O002375,P00101,2,9471.71,18943.42
OI0005913,O002376,P00084,3,14069.72,42209.159999999996
OI0005914,O002376,P00032,5,2972.8,14864.0
OI0005915,O002376,P00096,2,2944.05,5888.1
OI0005916,O002376,P00097,4,721.52,2886.08
OI0005917,O002377,P00053,1,2768.97,2768.97
OI0005918,O002377,P00102,3,13433.93,40301.79
OI0005919,O002378,P00008,3,387.92,1163.76
OI0005920,O002378,P00069,5,4360.73,21803.649999999998
OI0005921,O002378,P00014,3,13181.63,39544.89
OI0005922,O002379,P00106,5,14600.94,73004.7
OI0005923,O002379,P00045,2,5431.46,10862.92
OI0005924,O002380,P00004,4,11435.29,45741.16
OI0005925,O002380,P00119,4,14522.12,58088.48
OI0005926,O002380,P00104,5,13741.36,68706.8
OI0005927,O002381,P00117,2,6333.74,12667.48
OI0005928,O002381,P00017,4,7245.98,28983.92
OI0005929,O002381,P00046,4,15720.6,62882.4
OI0005930,O002382,P00037,1,15375.83,15375.83
OI0005931,O002382,P00104,5,13741.36,68706.8
OI0005932,O002382,P00007,2,1695.66,3391.32
OI0005933,O002382,P00056,5,8842.33,44211.65
OI0005934,O002383,P00101,5,9471.71,47358.549999999996
OI0005935,O002383,P00114,3,2567.88,7703.64
OI0005936,O002384,P00060,2,10636.45,21272.9
OI0005937,O002385,P00019,3,1162.47,3487.41
OI0005938,O002385,P00108,4,14347.63,57390.52
OI0005939,O002386,P00026,4,4115.14,16460.56
OI0005940,O002386,P00016,2,3591.51,7183.02
OI0005941,O002386,P00088,1,11981.85,11981.85
OI0005942,O002387,P00035,5,11526.61,57633.05
OI0005943,O002387,P00020,2,6822.91,13645.82
OI0005944,O002387,P00059,2,15594.5,31189.0
OI0005945,O002388,P00078,3,3389.32,10167.960000000001
OI0005946,O002388,P00090,3,13515.98,40547.94
OI0005947,O002388,P00096,5,2944.05,14720.25
OI0005948,O002389,P00057,1,11330.17,11330.17
OI0005949,O002389,P00094,2,13171.07,26342.14
OI0005950,O002390,P00051,2,14130.98,28261.96
OI0005951,O002390,P00111,1,9070.02,9070.02
OI0005952,O002391,P00044,1,10305.42,10305.42
OI0005953,O002391,P00085,4,9236.97,36947.88
OI0005954,O002391,P00047,1,7255.75,7255.75
OI0005955,O002391,P00013,1,15087.03,15087.03
OI0005956,O002392,P00087,5,811.76,4058.8
OI0005957,O002392,P00082,5,1976.8,9884.0
OI0005958,O002392,P00044,2,10305.42,20610.84
OI0005959,O002393,P00117,2,6333.74,12667.48
OI0005960,O002393,P00097,4,721.52,2886.08
OI0005961,O002394,P00016,2,3591.51,7183.02
OI0005962,O002394,P00006,4,15242.13,60968.52
OI0005963,O002394,P00002,2,12959.03,25918.06
OI0005964,O002395,P00102,2,13433.93,26867.86
OI0005965,O002395,P00119,1,14522.12,14522.12
OI0005966,O002395,P00107,3,3734.57,11203.710000000001
OI0005967,O002395,P00044,1,10305.42,10305.42
OI0005968,O002396,P00004,5,11435.29,57176.450000000004
OI0005969,O002396,P00086,1,4550.54,4550.54
OI0005970,O002397,P00079,2,5251.04,10502.08
OI0005971,O002397,P00061,3,983.24,2949.7200000000003
OI0005972,O002398,P00086,1,4550.54,4550.54
OI0005973,O002398,P00117,4,6333.74,25334.96
OI0005975,O002398,P00078,1,3389.32,3389.32
OI0005976,O002399,P00067,5,3120.12,15600.599999999999
OI0005977,O002400,P00073,1,15455.92,15455.92
OI0005978,O002400,P00053,2,2768.97,5537.94
OI0005979,O002400,P00099,3,10238.47,30715.409999999996
OI0005980,O002401,P00102,2,13433.93,26867.86
OI0005981,O002401,P00080,5,8989.55,44947.75
OI0005982,O002401,P00004,1,11435.29,11435.29
OI0005983,O002401,P00026,1,4115.14,4115.14
OI0005984,O002402,P00007,4,1695.66,6782.64
OI0005985,O002403,P00001,5,7519.88,37599.4
OI0005986,O002403,P00076,3,2930.49,8791.47
OI0005987,O002403,P00044,3,10305.42,30916.260000000002
OI0005988,O002404,P00065,3,7681.42,23044.260000000002
OI0005989,O002404,P00055,1,5599.57,5599.57
OI0005990,O002405,P00098,1,4527.84,4527.84
OI0005991,O002405,P00085,3,9236.97,27710.909999999996
OI0005992,O002405,P00042,2,11714.53,23429.06
OI0005993,O002406,P00014,4,13181.63,52726.52
OI0005994,O002406,P00055,1,5599.57,5599.57
OI0005995,O002406,P00101,5,9471.71,47358.549999999996
OI0005996,O002407,P00035,1,11526.61,11526.61
OI0005997,O002407,P00080,4,8989.55,35958.2
OI0005998,O002407,P00010,2,14694.37,29388.74
OI0005999,O002407,P00097,3,721.52,2164.56
OI0006000,O002408,P00028,1,5804.91,5804.91
OI0006001,O002408,P00059,2,15594.5,31189.0
OI0006002,O002408,P00061,2,983.24,1966.48
OI0006003,O002409,P00032,5,2972.8,14864.0
OI0006005,O002409,P00057,1,11330.17,11330.17
OI0006006,O002410,P00056,5,8842.33,44211.65
OI0006007,O002410,P00116,1,15959.01,15959.01
OI0006008,O002411,P00019,3,1162.47,3487.41
OI0006009,O002412,P00071,3,12968.25,38904.75
OI0006010,O002413,P00044,4,10305.42,41221.68
OI0006011,O002413,P00100,1,6083.97,6083.97
OI0006012,O002414,P00053,5,2768.97,13844.849999999999
OI0006013,O002414,P00084,2,14069.72,28139.44
OI0006014,O002415,P00017,5,7245.98,36229.899999999994
OI0006015,O002415,P00076,5,2930.49,14652.449999999999
OI0006016,O002416,P00095,4,11410.2,45640.8
OI0006017,O002417,P00032,4,2972.8,11891.2
OI0006018,O002417,P00112,1,7810.47,7810.47
OI0006019,O002418,P00026,4,4115.14,16460.56
OI0006020,O002418,P00050,4,11773.84,47095.36
OI0006021,O002418,P00072,4,8945.91,35783.64
OI0006022,O002419,P00048,4,11151.18,44604.72
OI0006023,O002419,P00107,5,3734.57,18672.850000000002
OI0006024,O002419,P00065,5,7681.42,38407.1
OI0006025,O002420,P00081,3,14690.16,44070.479999999996
OI0006026,O002420,P00009,5,13213.04,66065.20000000001
OI0006027,O002421,P00011,2,3323.46,6646.92
OI0006028,O002421,P00082,2,1976.8,3953.6
OI0006029,O002422,P00002,4,12959.03,51836.12
OI0006030,O002423,P00054,4,516.23,2064.92
OI0006031,O002423,P00059,3,15594.5,46783.5
OI0006032,O002423,P00119,4,14522.12,58088.48
OI0006033,O002424,P00115,1,10635.38,10635.38
OI0006034,O002425,P00120,4,13556.62,54226.48
OI0006035,O002425,P00048,3,11151.18,33453.54
OI0006036,O002425,P00105,4,10494.08,41976.32
OI0006037,O002425,P00061,3,983.24,2949.7200000000003
OI0006038,O002426,P00043,2,3075.89,6151.78
OI0006039,O002426,P00113,3,13810.57,41431.71
OI0006040,O002426,P00042,5,11714.53,58572.65
OI0006041,O002427,P00019,3,1162.47,3487.41
OI0006042,O002427,P00060,1,10636.45,10636.45
OI0006043,O002427,P00047,5,7255.75,36278.75
OI0006044,O002427,P00039,1,11770.16,11770.16
OI0006045,O002428,P00083,4,14812.87,59251.48
OI0006046,O002428,P00068,3,7242.25,21726.75
OI0006047,O002429,P00032,2,2972.8,5945.6
OI0006048,O002430,P00031,1,9096.12,9096.12
OI0006049,O002430,P00106,1,14600.94,14600.94
OI0006050,O002431,P00041,3,6177.47,18532.41
OI0006051,O002431,P00048,5,11151.18,55755.9
OI0006052,O002431,P00018,3,10426.0,31278.0
OI0006053,O002431,P00090,2,13515.98,27031.96
OI0006054,O002432,P00074,5,7723.94,38619.7
OI0006055,O002432,P00113,1,13810.57,13810.57
OI0006056,O002432,P00070,3,2586.86,7760.58
OI0006057,O002432,P00026,4,4115.14,16460.56
OI0006058,O002433,P00091,5,4946.59,24732.95
OI0006059,O002433,P00114,3,2567.88,7703.64
OI0006060,O002433,P00096,5,2944.05,14720.25
OI0006061,O002434,P00100,4,6083.97,24335.88
OI0006062,O002435,P00103,5,632.72,3163.6000000000004
OI0006063,O002435,P00114,4,2567.88,10271.52
OI0006064,O002435,P00088,3,11981.85,35945.55
OI0006065,O002435,P00120,4,13556.62,54226.48
OI0006066,O002436,P00012,1,14499.23,14499.23
OI0006067,O002437,P00108,2,14347.63,28695.26
OI0006068,O002437,P00002,4,12959.03,51836.12
OI0006069,O002438,P00022,3,5634.74,16904.22
OI0006070,O002438,P00106,2,14600.94,29201.88
OI0006071,O002438,P00040,1,2951.4,2951.4
OI0006072,O002438,P00105,4,10494.08,41976.32
OI0006073,O002439,P00067,2,3120.12,6240.24
OI0006074,O002440,P00036,1,2532.85,2532.85
OI0006075,O002441,P00087,3,811.76,2435.2799999999997
OI0006076,O002442,P00002,5,12959.03,64795.15
OI0006077,O002442,P00098,2,4527.84,9055.68
OI0006078,O002442,P00096,5,2944.05,14720.25
OI0006079,O002443,P00039,2,11770.16,23540.32
OI0006080,O002444,P00090,2,13515.98,27031.96
OI0006081,O002444,P00089,4,5537.28,22149.12
OI0006082,O002444,P00031,2,9096.12,18192.24
OI0006083,O002445,P00044,3,10305.42,30916.260000000002
OI0006084,O002445,P00042,1,11714.53,11714.53
OI0006085,O002446,P00078,2,3389.32,6778.64
OI0006086,O002446,P00035,1,11526.61,11526.61
OI0006087,O002447,P00056,2,8842.33,17684.66
OI0006088,O002448,P00061,5,983.24,4916.2
OI0006089,O002448,P00025,2,8564.03,17128.06
OI0006090,O002448,P00028,5,5804.91,29024.55
OI0006091,O002448,P00091,2,4946.59,9893.18
OI0006092,O002449,P00077,3,2192.74,6578.219999999999
OI0006093,O002449,P00032,1,2972.8,2972.8
OI0006094,O002449,P00073,2,15455.92,30911.84
OI0006095,O002450,P00110,3,9433.9,28301.699999999997
OI0006097,O002450,P00093,3,3538.97,10616.91
OI0006098,O002450,P00087,2,811.76,1623.52
OI0006099,O002451,P00076,2,2930.49,5860.98
OI0006100,O002451,P00012,1,14499.23,14499.23
OI0006101,O002451,P00033,4,3874.45,15497.8
OI0006102,O002451,P00019,2,1162.47,2324.94
OI0006103,O002452,P00118,4,5621.04,22484.16
OI0006104,O002452,P00070,5,2586.86,12934.300000000001
OI0006105,O002452,P00041,2,6177.47,12354.94
OI0006106,O002452,P00086,3,4550.54,13651.619999999999
OI0006107,O002453,P00082,3,1976.8,5930.4
OI0006108,O002453,P00018,4,10426.0,41704.0
OI0006109,O002454,P00071,3,12968.25,38904.75
OI0006110,O002454,P00085,1,9236.97,9236.97
OI0006111,O002455,P00046,4,15720.6,62882.4
OI0006112,O002455,P00084,5,14069.72,70348.59999999999
OI0006113,O002455,P00101,1,9471.71,9471.71
OI0006114,O002455,P00098,4,4527.84,18111.36
OI0006115,O002456,P00014,4,13181.63,52726.52
OI0006116,O002456,P00101,4,9471.71,37886.84
OI0006117,O002456,P00094,5,13171.07,65855.35
OI0006118,O002457,P00020,4,6822.91,27291.64
OI0006119,O002457,P00024,5,661.99,3309.95
OI0006120,O002457,P00073,2,15455.92,30911.84
OI0006121,O002458,P00118,2,5621.04,11242.08
OI0006122,O002458,P00076,2,2930.49,5860.98
OI0006123,O002458,P00082,4,1976.8,7907.2
OI0006124,O002458,P00048,3,11151.18,33453.54
OI0006125,O002459,P00070,1,2586.86,2586.86
OI0006126,O002460,P00082,3,1976.8,5930.4
OI0006127,O002460,P00097,2,721.52,1443.04
OI0006128,O002460,P00020,2,6822.91,13645.82
OI0006129,O002461,P00072,1,8945.91,8945.91
OI0006130,O002461,P00034,4,209.8,839.2
OI0006131,O002462,P00085,4,9236.97,36947.88
OI0006132,O002462,P00038,5,5516.66,27583.3
OI0006133,O002463,P00089,4,5537.28,22149.12
OI0006134,O002463,P00072,1,8945.91,8945.91
OI0006135,O002463,P00029,5,9560.81,47804.049999999996
OI0006136,O002464,P00068,3,7242.25,21726.75
OI0006137,O002465,P00027,2,12270.99,24541.98
OI0006138,O002465,P00104,2,13741.36,27482.72
OI0006139,O002466,P00008,4,387.92,1551.68
OI0006140,O002466,P00094,2,13171.07,26342.14
OI0006141,O002466,P00088,3,11981.85,35945.55
OI0006142,O002466,P00035,4,11526.61,46106.44
OI0006143,O002467,P00012,5,14499.23,72496.15
OI0006144,O002467,P00070,5,2586.86,12934.300000000001
OI0006145,O002467,P00007,4,1695.66,6782.64
OI0006146,O002467,P00049,5,11581.53,57907.65
OI0006147,O002468,P00088,5,11981.85,59909.25
OI0006148,O002468,P00120,5,13556.62,67783.1
OI0006149,O002469,P00090,2,13515.98,27031.96
OI0006150,O002469,P00084,5,14069.72,70348.59999999999
OI0006151,O002470,P00083,2,14812.87,29625.74
OI0006152,O002470,P00107,4,3734.57,14938.28
OI0006153,O002471,P00010,4,14694.37,58777.48
OI0006154,O002472,P00075,3,8132.2,24396.6
OI0006155,O002472,P00013,1,15087.03,15087.03
OI0006156,O002473,P00076,5,2930.49,14652.449999999999
OI0006157,O002474,P00024,2,661.99,1323.98
OI0006158,O002474,P00005,5,10898.5,54492.5
OI0006159,O002474,P00107,2,3734.57,7469.14
OI0006160,O002474,P00015,4,6246.13,24984.52
OI0006161,O002475,P00060,4,10636.45,42545.8
OI0006162,O002476,P00028,5,5804.91,29024.55
OI0006163,O002476,P00101,4,9471.71,37886.84
OI0006164,O002476,P00111,1,9070.02,9070.02
OI0006165,O002477,P00002,5,12959.03,64795.15
OI0006166,O002477,P00018,1,10426.0,10426.0
OI0006167,O002477,P00062,1,5900.1,5900.1
OI0006168,O002477,P00019,2,1162.47,2324.94
OI0006169,O002478,P00037,5,15375.83,76879.15
OI0006170,O002478,P00081,2,14690.16,29380.32
OI0006171,O002479,P00023,1,3040.09,3040.09
OI0006172,O002479,P00034,2,209.8,419.6
OI0006173,O002480,P00114,2,2567.88,5135.76
OI0006174,O002481,P00022,4,5634.74,22538.96
OI0006175,O002481,P00114,1,2567.88,2567.88
OI0006176,O002482,P00095,2,11410.2,22820.4
OI0006177,O002482,P00018,3,10426.0,31278.0
OI0006178,O002482,P00077,4,2192.74,8770.96
OI0006179,O002482,P00001,2,7519.88,15039.76
OI0006180,O002483,P00011,3,3323.46,9970.380000000001
OI0006181,O002483,P00062,1,5900.1,5900.1
OI0006182,O002483,P00088,1,11981.85,11981.85
OI0006183,O002484,P00058,3,2681.24,8043.719999999999
OI0006184,O002485,P00008,5,387.92,1939.6000000000001
OI0006185,O002485,P00030,4,11313.56,45254.24
OI0006186,O002485,P00101,1,9471.71,9471.71
OI0006187,O002485,P00064,5,605.62,3028.1
OI0006188,O002486,P00120,3,13556.62,40669.86
OI0006189,O002486,P00066,1,7639.92,7639.92
OI0006190,O002486,P00030,2,11313.56,22627.12
OI0006191,O002487,P00016,5,3591.51,17957.550000000003
OI0006192,O002488,P00106,2,14600.94,29201.88
OI0006193,O002489,P00006,1,15242.13,15242.13
OI0006194,O002489,P00052,4,1801.57,7206.28
OI0006195,O002489,P00041,3,6177.47,18532.41
OI0006196,O002490,P00073,5,15455.92,77279.6
OI0006197,O002490,P00056,2,8842.33,17684.66
OI0006198,O002490,P00117,1,6333.74,6333.74
OI0006199,O002490,P00066,3,7639.92,22919.760000000002
OI0006200,O002491,P00032,5,2972.8,14864.0
OI0006201,O002492,P00090,4,13515.98,54063.92
OI0006202,O002492,P00053,4,2768.97,11075.88
OI0006203,O002492,P00064,5,605.62,3028.1
OI0006204,O002493,P00058,4,2681.24,10724.96
OI0006205,O002494,P00091,3,4946.59,14839.77
OI0006206,O002494,P00045,2,5431.46,10862.92
OI0006207,O002494,P00030,2,11313.56,22627.12
OI0006208,O002495,P00069,5,4360.73,21803.649999999998
OI0006209,O002495,P00035,4,11526.61,46106.44
OI0006210,O002496,P00028,3,5804.91,17414.73
OI0006211,O002496,P00081,1,14690.16,14690.16
OI0006212,O002497,P00026,5,4115.14,20575.7
OI0006213,O002497,P00092,4,11714.03,46856.12
OI0006214,O002497,P00078,3,3389.32,10167.960000000001
OI0006215,O002497,P00103,4,632.72,2530.88
OI0006216,O002498,P00078,5,3389.32,16946.600000000002
OI0006217,O002498,P00010,4,14694.37,58777.48
OI0006218,O002499,P00115,2,10635.38,21270.76
OI0006219,O002499,P00001,1,7519.88,7519.88
OI0006220,O002499,P00050,2,11773.84,23547.68
OI0006221,O002500,P00033,3,3874.45,11623.349999999999
OI0006222,O002500,P00113,4,13810.57,55242.28
OI0006223,O002501,P00037,3,15375.83,46127.49
OI0006224,O002502,P00010,1,14694.37,14694.37
OI0006225,O002503,P00098,1,4527.84,4527.84
OI0006226,O002503,P00105,5,10494.08,52470.4
OI0006227,O002504,P00016,4,3591.51,14366.04
OI0006228,O002505,P00037,5,15375.83,76879.15
OI0006229,O002505,P00023,2,3040.09,6080.18
OI0006230,O002505,P00076,2,2930.49,5860.98
OI0006231,O002505,P00077,5,2192.74,10963.699999999999
OI0006232,O002506,P00104,3,13741.36,41224.08
OI0006233,O002506,P00016,1,3591.51,3591.51
OI0006234,O002506,P00034,2,209.8,419.6
OI0006235,O002507,P00044,4,10305.42,41221.68
OI0006236,O002508,P00018,3,10426.0,31278.0
OI0006237,O002509,P00027,1,12270.99,12270.99
OI0006238,O002509,P00096,4,2944.05,11776.2
OI0006239,O002509,P00007,4,1695.66,6782.64
OI0006240,O002510,P00096,3,2944.05,8832.150000000001
OI0006241,O002510,P00058,2,2681.24,5362.48
OI0006242,O002511,P00055,1,5599.57,5599.57
OI0006243,O002512,P00094,1,13171.07,13171.07
OI0006244,O002512,P00025,1,8564.03,8564.03
OI0006245,O002513,P00102,2,13433.93,26867.86
OI0006246,O002513,P00111,2,9070.02,18140.04
OI0006247,O002513,P00066,4,7639.92,30559.68
OI0006248,O002513,P00030,3,11313.56,33940.68
OI0006249,O002514,P00098,4,4527.84,18111.36
OI0006250,O002514,P00049,3,11581.53,34744.590000000004
OI0006251,O002514,P00080,1,8989.55,8989.55
OI0006252,O002514,P00078,3,3389.32,10167.960000000001
OI0006253,O002515,P00032,5,2972.8,14864.0
OI0006254,O002515,P00091,1,4946.59,4946.59
OI0006255,O002516,P00095,5,11410.2,57051.0
OI0006256,O002516,P00077,3,2192.74,6578.219999999999
OI0006257,O002516,P00091,4,4946.59,19786.36
OI0006258,O002517,P00062,5,5900.1,29500.5
OI0006259,O002517,P00074,2,7723.94,15447.88
OI0006260,O002517,P00061,4,983.24,3932.96
OI0006261,O002517,P00085,3,9236.97,27710.909999999996
OI0006262,O002518,P00099,3,10238.47,30715.409999999996
OI0006263,O002519,P00068,5,7242.25,36211.25
OI0006264,O002519,P00046,5,15720.6,78603.0
OI0006265,O002520,P00040,4,2951.4,11805.6
OI0006266,O002520,P00087,4,811.76,3247.04
OI0006267,O002520,P00060,1,10636.45,10636.45
OI0006268,O002521,P00118,1,5621.04,5621.04
OI0006269,O002521,P00014,2,13181.63,26363.26
OI0006270,O002521,P00068,3,7242.25,21726.75
OI0006271,O002522,P00031,3,9096.12,27288.36
OI0006272,O002522,P00044,4,10305.42,41221.68
OI0006273,O002522,P00021,5,15831.58,79157.9
OI0006274,O002523,P00072,3,8945.91,26837.73
OI0006275,O002523,P00104,2,13741.36,27482.72
OI0006276,O002523,P00096,2,2944.05,5888.1
OI0006277,O002524,P00104,2,13741.36,27482.72
OI0006278,O002524,P00042,5,11714.53,58572.65
OI0006279,O002524,P00099,2,10238.47,20476.94
OI0006280,O002524,P00022,5,5634.74,28173.699999999997
OI0006281,O002525,P00033,5,3874.45,19372.25
OI0006282,O002525,P00087,2,811.76,1623.52
OI0006283,O002525,P00112,2,7810.47,15620.94
OI0006284,O002525,P00075,3,8132.2,24396.6
OI0006285,O002526,P00017,3,7245.98,21737.94
OI0006286,O002527,P00009,5,13213.04,66065.20000000001
OI0006287,O002527,P00091,4,4946.59,19786.36
OI0006288,O002527,P00026,3,4115.14,12345.420000000002
OI0006289,O002528,P00066,3,7639.92,22919.760000000002
OI0006290,O002529,P00068,2,7242.25,14484.5
OI0006291,O002529,P00064,4,605.62,2422.48
OI0006292,O002529,P00025,5,8564.03,42820.15
OI0006293,O002529,P00058,2,2681.24,5362.48
OI0006294,O002530,P00103,4,632.72,2530.88
OI0006295,O002531,P00037,3,15375.83,46127.49
OI0006296,O002531,P00012,4,14499.23,57996.92
OI0006297,O002531,P00068,2,7242.25,14484.5
OI0006298,O002532,P00094,2,13171.07,26342.14
OI0006299,O002533,P00064,4,605.62,2422.48
OI0006300,O002533,P00059,4,15594.5,62378.0
OI0006301,O002533,P00101,4,9471.71,37886.84
OI0006302,O002533,P00060,3,10636.45,31909.350000000002
OI0006303,O002534,P00079,3,5251.04,15753.119999999999
OI0006304,O002535,P00018,4,10426.0,41704.0
OI0006305,O002536,P00025,2,8564.03,17128.06
OI0006306,O002536,P00089,1,5537.28,5537.28
OI0006307,O002537,P00060,1,10636.45,10636.45
OI0006308,O002538,P00050,4,11773.84,47095.36
OI0006309,O002539,P00056,4,8842.33,35369.32
OI0006310,O002539,P00021,5,15831.58,79157.9
OI0006311,O002539,P00014,3,13181.63,39544.89
OI0006312,O002539,P00120,4,13556.62,54226.48
OI0006313,O002540,P00056,5,8842.33,44211.65
OI0006314,O002541,P00065,4,7681.42,30725.68
OI0006315,O002541,P00080,1,8989.55,8989.55
OI0006316,O002541,P00027,5,12270.99,61354.95
OI0006317,O002542,P00050,3,11773.84,35321.520000000004
OI0006318,O002543,P00039,3,11770.16,35310.479999999996
OI0006320,O002543,P00033,3,3874.45,11623.349999999999
OI0006321,O002544,P00064,3,605.62,1816.8600000000001
OI0006322,O002544,P00069,1,4360.73,4360.73
OI0006323,O002544,P00047,5,7255.75,36278.75
OI0006324,O002544,P00043,4,3075.89,12303.56
OI0006325,O002545,P00006,2,15242.13,30484.26
OI0006326,O002545,P00096,2,2944.05,5888.1
OI0006327,O002545,P00120,3,13556.62,40669.86
OI0006328,O002545,P00079,2,5251.04,10502.08
OI0006329,O002546,P00107,4,3734.57,14938.28
OI0006330,O002547,P00096,4,2944.05,11776.2
OI0006331,O002548,P00063,3,13216.58,39649.74
OI0006332,O002548,P00045,5,5431.46,27157.3
OI0006333,O002549,P00118,1,5621.04,5621.04
OI0006334,O002549,P00012,4,14499.23,57996.92
OI0006335,O002549,P00046,5,15720.6,78603.0
OI0006336,O002550,P00111,4,9070.02,36280.08
OI0006337,O002551,P00082,3,1976.8,5930.4
OI0006338,O002551,P00002,4,12959.03,51836.12
OI0006339,O002551,P00044,1,10305.42,10305.42
OI0006340,O002551,P00073,5,15455.92,77279.6
OI0006341,O002552,P00051,1,14130.98,14130.98
OI0006342,O002552,P00078,1,3389.32,3389.32
OI0006343,O002552,P00052,4,1801.57,7206.28
OI0006344,O002553,P00075,5,8132.2,40661.0
OI0006345,O002553,P00063,5,13216.58,66082.9
OI0006346,O002553,P00071,4,12968.25,51873.0
OI0006347,O002553,P00039,1,11770.16,11770.16
OI0006348,O002554,P00091,5,4946.59,24732.95
OI0006349,O002554,P00027,2,12270.99,24541.98
OI0006350,O002554,P00050,3,11773.84,35321.520000000004
OI0006351,O002555,P00052,1,1801.57,1801.57
OI0006352,O002555,P00076,4,2930.49,11721.96
OI0006353,O002555,P00118,1,5621.04,5621.04
OI0006354,O002556,P00108,5,14347.63,71738.15
OI0006355,O002557,P00025,4,8564.03,34256.12
OI0006356,O002557,P00002,4,12959.03,51836.12
OI0006357,O002558,P00103,3,632.72,1898.16
OI0006358,O002558,P00009,1,13213.04,13213.04
OI0006359,O002558,P00001,2,7519.88,15039.76
OI0006360,O002559,P00027,2,12270.99,24541.98
OI0006361,O002559,P00096,2,2944.05,5888.1
OI0006362,O002559,P00102,4,13433.93,53735.72
OI0006363,O002559,P00042,5,11714.53,58572.65
OI0006364,O002560,P00065,2,7681.42,15362.84
OI0006365,O002560,P00086,5,4550.54,22752.7
OI0006366,O002560,P00053,1,2768.97,2768.97
OI0006367,O002561,P00082,4,1976.8,7907.2
OI0006368,O002561,P00051,2,14130.98,28261.96
OI0006369,O002562,P00075,3,8132.2,24396.6
OI0006370,O002562,P00066,2,7639.92,15279.84
OI0006371,O002562,P00036,4,2532.85,10131.4
OI0006372,O002563,P00045,2,5431.46,10862.92
OI0006373,O002563,P00082,1,1976.8,1976.8
OI0006374,O002564,P00075,3,8132.2,24396.6
OI0006375,O002565,P00017,4,7245.98,28983.92
OI0006376,O002566,P00065,2,7681.42,15362.84
OI0006377,O002566,P00116,1,15959.01,15959.01
OI0006378,O002567,P00093,3,3538.97,10616.91
OI0006379,O002567,P00011,3,3323.46,9970.380000000001
OI0006380,O002567,P00053,2,2768.97,5537.94
OI0006381,O002567,P00110,4,9433.9,37735.6
OI0006382,O002568,P00114,2,2567.88,5135.76
OI0006383,O002569,P00111,2,9070.02,18140.04
OI0006384,O002569,P00051,5,14130.98,70654.9
OI0006385,O002569,P00010,3,14694.37,44083.11
OI0006386,O002569,P00093,1,3538.97,3538.97
OI0006387,O002570,P00093,4,3538.97,14155.88
OI0006388,O002570,P00052,2,1801.57,3603.14
OI0006389,O002570,P00096,5,2944.05,14720.25
OI0006390,O002571,P00012,4,14499.23,57996.92
OI0006391,O002571,P00020,4,6822.91,27291.64
OI0006392,O002571,P00082,3,1976.8,5930.4
OI0006393,O002572,P00116,2,15959.01,31918.02
OI0006394,O002573,P00051,2,14130.98,28261.96
OI0006395,O002573,P00110,1,9433.9,9433.9
OI0006396,O002573,P00062,4,5900.1,23600.4
OI0006397,O002573,P00055,3,5599.57,16798.71
OI0006398,O002574,P00045,4,5431.46,21725.84
OI0006399,O002575,P00063,3,13216.58,39649.74
OI0006400,O002575,P00062,4,5900.1,23600.4
OI0006401,O002575,P00005,2,10898.5,21797.0
OI0006402,O002575,P00041,3,6177.47,18532.41
OI0006403,O002576,P00096,1,2944.05,2944.05
OI0006404,O002576,P00031,5,9096.12,45480.600000000006
OI0006405,O002576,P00092,4,11714.03,46856.12
OI0006406,O002576,P00085,1,9236.97,9236.97
OI0006407,O002577,P00055,4,5599.57,22398.28
OI0006408,O002577,P00108,3,14347.63,43042.89
OI0006409,O002578,P00109,1,3646.7,3646.7
OI0006410,O002579,P00118,5,5621.04,28105.2
OI0006411,O002580,P00081,4,14690.16,58760.64
OI0006412,O002580,P00040,4,2951.4,11805.6
OI0006413,O002581,P00074,5,7723.94,38619.7
OI0006414,O002582,P00026,1,4115.14,4115.14
OI0006415,O002583,P00014,1,13181.63,13181.63
OI0006416,O002584,P00111,5,9070.02,45350.100000000006
OI0006417,O002584,P00096,5,2944.05,14720.25
OI0006418,O002584,P00002,2,12959.03,25918.06
OI0006419,O002585,P00032,5,2972.8,14864.0
OI0006420,O002585,P00072,4,8945.91,35783.64
OI0006421,O002586,P00115,2,10635.38,21270.76
OI0006422,O002586,P00108,3,14347.63,43042.89
OI0006423,O002586,P00010,2,14694.37,29388.74
OI0006424,O002587,P00066,2,7639.92,15279.84
OI0006425,O002588,P00050,4,11773.84,47095.36
OI0006426,O002588,P00097,2,721.52,1443.04
OI0006427,O002589,P00029,1,9560.81,9560.81
OI0006428,O002589,P00106,4,14600.94,58403.76
OI0006429,O002590,P00064,5,605.62,3028.1
OI0006430,O002590,P00010,2,14694.37,29388.74
OI0006431,O002590,P00076,2,2930.49,5860.98
OI0006432,O002590,P00018,2,10426.0,20852.0
OI0006433,O002591,P00031,1,9096.12,9096.12
OI0006434,O002591,P00087,1,811.76,811.76
OI0006435,O002592,P00035,5,11526.61,57633.05
OI0006436,O002592,P00098,2,4527.84,9055.68
OI0006437,O002593,P00062,1,5900.1,5900.1
OI0006438,O002593,P00034,3,209.8,629.4000000000001
OI0006439,O002593,P00090,4,13515.98,54063.92
OI0006440,O002593,P00047,2,7255.75,14511.5
OI0006441,O002594,P00018,5,10426.0,52130.0
OI0006442,O002594,P00093,1,3538.97,3538.97
OI0006443,O002594,P00054,5,516.23,2581.15
OI0006444,O002595,P00010,4,14694.37,58777.48
OI0006445,O002595,P00041,4,6177.47,24709.88
OI0006446,O002595,P00059,1,15594.5,15594.5
OI0006447,O002596,P00065,2,7681.42,15362.84
OI0006448,O002596,P00095,5,11410.2,57051.0
OI0006449,O002597,P00007,3,1695.66,5086.9800000000005
OI0006450,O002597,P00032,3,2972.8,8918.400000000001
OI0006451,O002597,P00118,2,5621.04,11242.08
OI0006452,O002597,P00081,5,14690.16,73450.8
OI0006453,O002598,P00007,3,1695.66,5086.9800000000005
OI0006454,O002598,P00044,5,10305.42,51527.1
OI0006455,O002598,P00010,2,14694.37,29388.74
OI0006456,O002598,P00041,5,6177.47,30887.350000000002
OI0006457,O002599,P00015,4,6246.13,24984.52
OI0006458,O002599,P00086,5,4550.54,22752.7
OI0006459,O002599,P00068,4,7242.25,28969.0
OI0006460,O002599,P00096,4,2944.05,11776.2
OI0006461,O002600,P00084,5,14069.72,70348.59999999999
OI0006462,O002600,P00036,2,2532.85,5065.7
OI0006463,O002600,P00061,1,983.24,983.24
OI0006464,O002601,P00012,2,14499.23,28998.46
OI0006465,O002601,P00099,2,10238.47,20476.94
OI0006466,O002601,P00102,1,13433.93,13433.93
OI0006467,O002602,P00117,5,6333.74,31668.699999999997
OI0006468,O002603,P00041,5,6177.47,30887.350000000002
OI0006469,O002603,P00069,2,4360.73,8721.46
OI0006470,O002604,P00004,2,11435.29,22870.58
OI0006471,O002604,P00026,4,4115.14,16460.56
OI0006472,O002605,P00047,5,7255.75,36278.75
OI0006473,O002605,P00057,4,11330.17,45320.68
OI0006474,O002605,P00013,1,15087.03,15087.03
OI0006475,O002605,P00055,3,5599.57,16798.71
OI0006476,O002606,P00039,4,11770.16,47080.64
OI0006477,O002606,P00057,5,11330.17,56650.85
OI0006478,O002607,P00023,3,3040.09,9120.27
OI0006479,O002607,P00067,2,3120.12,6240.24
OI0006480,O002607,P00077,1,2192.74,2192.74
OI0006481,O002607,P00102,2,13433.93,26867.86
OI0006482,O002608,P00115,1,10635.38,10635.38
OI0006483,O002608,P00020,2,6822.91,13645.82
OI0006484,O002608,P00066,4,7639.92,30559.68
OI0006485,O002608,P00099,1,10238.47,10238.47
OI0006486,O002609,P00033,2,3874.45,7748.9
OI0006487,O002609,P00110,1,9433.9,9433.9
OI0006488,O002610,P00068,3,7242.25,21726.75
OI0006489,O002610,P00036,3,2532.85,7598.549999999999
OI0006490,O002611,P00010,1,14694.37,14694.37
OI0006491,O002611,P00098,5,4527.84,22639.2
OI0006492,O002611,P00108,4,14347.63,57390.52
OI0006493,O002612,P00038,4,5516.66,22066.64
OI0006494,O002613,P00117,4,6333.74,25334.96
OI0006495,O002614,P00070,2,2586.86,5173.72
OI0006496,O002614,P00037,2,15375.83,30751.66
OI0006497,O002614,P00041,4,6177.47,24709.88
OI0006498,O002614,P00061,2,983.24,1966.48
OI0006499,O002615,P00109,4,3646.7,14586.8
OI0006500,O002615,P00107,1,3734.57,3734.57
OI0006501,O002615,P00002,1,12959.03,12959.03
OI0006502,O002616,P00108,4,14347.63,57390.52
OI0006503,O002617,P00098,5,4527.84,22639.2
OI0006504,O002617,P00011,3,3323.46,9970.380000000001
OI0006505,O002617,P00033,1,3874.45,3874.45
OI0006506,O002617,P00059,5,15594.5,77972.5
OI0006507,O002618,P00065,5,7681.42,38407.1
OI0006508,O002618,P00086,2,4550.54,9101.08
OI0006509,O002619,P00071,2,12968.25,25936.5
OI0006510,O002619,P00001,4,7519.88,30079.52
OI0006511,O002619,P00016,1,3591.51,3591.51
OI0006512,O002619,P00105,1,10494.08,10494.08
OI0006513,O002620,P00031,2,9096.12,18192.24
OI0006514,O002620,P00007,2,1695.66,3391.32
OI0006515,O002620,P00032,5,2972.8,14864.0
OI0006516,O002621,P00007,2,1695.66,3391.32
OI0006517,O002621,P00098,4,4527.84,18111.36
OI0006518,O002621,P00117,2,6333.74,12667.48
OI0006519,O002622,P00095,2,11410.2,22820.4
OI0006520,O002622,P00068,1,7242.25,7242.25
OI0006521,O002622,P00003,3,3596.33,10788.99
OI0006522,O002623,P00104,1,13741.36,13741.36
OI0006523,O002623,P00003,3,3596.33,10788.99
OI0006524,O002623,P00043,5,3075.89,15379.449999999999
OI0006525,O002624,P00060,2,10636.45,21272.9
OI0006526,O002624,P00063,5,13216.58,66082.9
OI0006527,O002625,P00061,1,983.24,983.24
OI0006528,O002626,P00068,3,7242.25,21726.75
OI0006529,O002626,P00087,5,811.76,4058.8
OI0006530,O002626,P00114,4,2567.88,10271.52
OI0006531,O002626,P00065,4,7681.42,30725.68
OI0006532,O002627,P00049,3,11581.53,34744.590000000004
OI0006533,O002627,P00094,4,13171.07,52684.28
OI0006535,O002627,P00099,1,10238.47,10238.47
OI0006536,O002628,P00102,5,13433.93,67169.65
OI0006537,O002628,P00069,1,4360.73,4360.73
OI0006538,O002629,P00062,2,5900.1,11800.2
OI0006539,O002629,P00057,4,11330.17,45320.68
OI0006540,O002629,P00048,3,11151.18,33453.54
OI0006541,O002630,P00020,5,6822.91,34114.55
OI0006542,O002630,P00034,3,209.8,629.4000000000001
OI0006543,O002630,P00107,4,3734.57,14938.28
OI0006544,O002631,P00027,5,12270.99,61354.95
OI0006545,O002632,P00025,5,8564.03,42820.15
OI0006546,O002632,P00024,2,661.99,1323.98
OI0006547,O002632,P00077,1,2192.74,2192.74
OI0006548,O002633,P00094,4,13171.07,52684.28
OI0006549,O002633,P00063,1,13216.58,13216.58
OI0006550,O002633,P00026,5,4115.14,20575.7
OI0006551,O002634,P00111,4,9070.02,36280.08
OI0006552,O002634,P00044,4,10305.42,41221.68
OI0006553,O002634,P00074,1,7723.94,7723.94
OI0006554,O002634,P00062,3,5900.1,17700.300000000003
OI0006555,O002635,P00067,1,3120.12,3120.12
OI0006556,O002636,P00005,2,10898.5,21797.0
OI0006557,O002636,P00061,5,983.24,4916.2
OI0006558,O002637,P00119,4,14522.12,58088.48
OI0006559,O002637,P00074,4,7723.94,30895.76
OI0006560,O002637,P00076,4,2930.49,11721.96
OI0006561,O002637,P00013,1,15087.03,15087.03
OI0006562,O002638,P00019,4,1162.47,4649.88
OI0006563,O002639,P00109,5,3646.7,18233.5
OI0006564,O002639,P00063,5,13216.58,66082.9
OI0006565,O002640,P00004,1,11435.29,11435.29
OI0006566,O002640,P00082,3,1976.8,5930.4
OI0006567,O002640,P00068,5,7242.25,36211.25
OI0006568,O002640,P00038,3,5516.66,16549.98
OI0006569,O002641,P00016,3,3591.51,10774.53
OI0006570,O002641,P00068,4,7242.25,28969.0
OI0006572,O002643,P00007,4,1695.66,6782.64
OI0006573,O002644,P00023,5,3040.09,15200.45
OI0006574,O002644,P00094,3,13171.07,39513.21
OI0006575,O002645,P00074,2,7723.94,15447.88
OI0006576,O002645,P00106,3,14600.94,43802.82
OI0006577,O002645,P00095,5,11410.2,57051.0
OI0006578,O002645,P00077,2,2192.74,4385.48
OI0006579,O002646,P00108,2,14347.63,28695.26
OI0006580,O002646,P00072,4,8945.91,35783.64
OI0006581,O002646,P00090,1,13515.98,13515.98
OI0006582,O002646,P00086,3,4550.54,13651.619999999999
OI0006583,O002647,P00059,2,15594.5,31189.0
OI0006584,O002647,P00016,1,3591.51,3591.51
OI0006585,O002647,P00072,1,8945.91,8945.91
OI0006586,O002647,P00042,2,11714.53,23429.06
OI0006587,O002648,P00026,1,4115.14,4115.14
OI0006588,O002649,P00113,5,13810.57,69052.85
OI0006589,O002649,P00058,4,2681.24,10724.96
OI0006590,O002650,P00023,2,3040.09,6080.18
OI0006591,O002650,P00090,5,13515.98,67579.9
OI0006592,O002650,P00059,3,15594.5,46783.5
OI0006593,O002651,P00109,4,3646.7,14586.8
OI0006594,O002651,P00114,3,2567.88,7703.64
OI0006595,O002652,P00054,4,516.23,2064.92
OI0006596,O002652,P00035,4,11526.61,46106.44
OI0006597,O002652,P00114,3,2567.88,7703.64
OI0006598,O002653,P00089,3,5537.28,16611.84
OI0006599,O002653,P00117,2,6333.74,12667.48
OI0006600,O002653,P00014,1,13181.63,13181.63
OI0006601,O002653,P00041,1,6177.47,6177.47
OI0006602,O002654,P00050,3,11773.84,35321.520000000004
OI0006603,O002654,P00057,1,11330.17,11330.17
OI0006604,O002654,P00056,2,8842.33,17684.66
OI0006605,O002654,P00052,1,1801.57,1801.57
OI0006606,O002655,P00065,4,7681.42,30725.68
OI0006607,O002655,P00096,4,2944.05,11776.2
OI0006608,O002656,P00043,4,3075.89,12303.56
OI0006609,O002657,P00038,3,5516.66,16549.98
OI0006610,O002657,P00046,1,15720.6,15720.6
OI0006611,O002657,P00043,1,3075.89,3075.89
OI0006612,O002657,P00107,3,3734.57,11203.710000000001
OI0006613,O002658,P00114,1,2567.88,2567.88
OI0006614,O002658,P00103,2,632.72,1265.44
OI0006615,O002658,P00035,5,11526.61,57633.05
OI0006616,O002658,P00038,5,5516.66,27583.3
OI0006617,O002659,P00004,2,11435.29,22870.58
OI0006618,O002659,P00005,3,10898.5,32695.5
OI0006619,O002659,P00050,1,11773.84,11773.84
OI0006620,O002659,P00083,5,14812.87,74064.35
OI0006621,O002660,P00113,3,13810.57,41431.71
OI0006622,O002660,P00067,2,3120.12,6240.24
OI0006623,O002660,P00033,2,3874.45,7748.9
OI0006624,O002660,P00076,3,2930.49,8791.47
OI0006625,O002661,P00089,3,5537.28,16611.84
OI0006626,O002661,P00021,1,15831.58,15831.58
OI0006627,O002661,P00015,4,6246.13,24984.52
OI0006628,O002661,P00026,2,4115.14,8230.28
OI0006629,O002662,P00006,1,15242.13,15242.13
OI0006630,O002662,P00095,1,11410.2,11410.2
OI0006631,O002662,P00087,5,811.76,4058.8
OI0006632,O002662,P00066,2,7639.92,15279.84
OI0006633,O002663,P00032,3,2972.8,8918.400000000001
OI0006634,O002663,P00058,1,2681.24,2681.24
OI0006635,O002663,P00099,4,10238.47,40953.88
OI0006636,O002664,P00066,5,7639.92,38199.6
OI0006637,O002664,P00070,1,2586.86,2586.86
OI0006638,O002664,P00104,5,13741.36,68706.8
OI0006639,O002665,P00044,1,10305.42,10305.42
OI0006640,O002666,P00104,2,13741.36,27482.72
OI0006641,O002666,P00103,2,632.72,1265.44
OI0006642,O002666,P00076,1,2930.49,2930.49
OI0006643,O002666,P00005,4,10898.5,43594.0
OI0006644,O002667,P00100,1,6083.97,6083.97
OI0006645,O002667,P00034,3,209.8,629.4000000000001
OI0006646,O002667,P00019,2,1162.47,2324.94
OI0006647,O002667,P00065,2,7681.42,15362.84
OI0006648,O002668,P00075,3,8132.2,24396.6
OI0006649,O002668,P00116,2,15959.01,31918.02
OI0006650,O002668,P00089,5,5537.28,27686.399999999998
OI0006651,O002669,P00064,1,605.62,605.62
OI0006652,O002669,P00092,4,11714.03,46856.12
OI0006653,O002669,P00116,5,15959.01,79795.05
OI0006654,O002670,P00038,3,5516.66,16549.98
OI0006655,O002670,P00084,5,14069.72,70348.59999999999
OI0006656,O002670,P00013,5,15087.03,75435.15000000001
OI0006657,O002670,P00051,2,14130.98,28261.96
OI0006658,O002671,P00115,4,10635.38,42541.52
OI0006659,O002671,P00094,1,13171.07,13171.07
OI0006660,O002671,P00071,4,12968.25,51873.0
OI0006661,O002672,P00070,5,2586.86,12934.300000000001
OI0006662,O002672,P00051,3,14130.98,42392.94
OI0006663,O002672,P00016,2,3591.51,7183.02
OI0006664,O002673,P00108,4,14347.63,57390.52
OI0006665,O002673,P00019,3,1162.47,3487.41
OI0006666,O002673,P00087,5,811.76,4058.8
OI0006667,O002674,P00086,4,4550.54,18202.16
OI0006668,O002674,P00118,4,5621.04,22484.16
OI0006669,O002674,P00077,2,2192.74,4385.48
OI0006670,O002675,P00116,1,15959.01,15959.01
OI0006671,O002675,P00033,5,3874.45,19372.25
OI0006672,O002676,P00021,2,15831.58,31663.16
OI0006673,O002677,P00047,1,7255.75,7255.75
OI0006674,O002677,P00112,4,7810.47,31241.88
OI0006675,O002677,P00118,5,5621.04,28105.2
OI0006676,O002678,P00004,2,11435.29,22870.58
OI0006677,O002679,P00060,1,10636.45,10636.45
OI0006678,O002679,P00110,4,9433.9,37735.6
OI0006679,O002679,P00074,3,7723.94,23171.82
OI0006680,O002679,P00082,2,1976.8,3953.6
OI0006681,O002680,P00032,5,2972.8,14864.0
OI0006682,O002680,P00095,1,11410.2,11410.2
OI0006683,O002680,P00060,5,10636.45,53182.25
OI0006684,O002681,P00019,2,1162.47,2324.94
OI0006685,O002681,P00018,5,10426.0,52130.0
OI0006686,O002681,P00042,3,11714.53,35143.590000000004
OI0006687,O002682,P00007,5,1695.66,8478.300000000001
OI0006688,O002682,P00022,3,5634.74,16904.22
OI0006689,O002682,P00014,1,13181.63,13181.63
OI0006690,O002683,P00092,5,11714.03,58570.15
OI0006691,O002683,P00099,3,10238.47,30715.409999999996
OI0006692,O002683,P00069,1,4360.73,4360.73
OI0006693,O002683,P00063,3,13216.58,39649.74
OI0006694,O002684,P00058,1,2681.24,2681.24
OI0006695,O002684,P00097,5,721.52,3607.6
OI0006696,O002684,P00061,2,983.24,1966.48
OI0006697,O002685,P00020,3,6822.91,20468.73
OI0006698,O002686,P00083,1,14812.87,14812.87
OI0006699,O002686,P00058,5,2681.24,13406.199999999999
OI0006700,O002686,P00068,4,7242.25,28969.0
OI0006701,O002686,P00086,4,4550.54,18202.16
OI0006702,O002687,P00091,1,4946.59,4946.59
OI0006703,O002687,P00009,3,13213.04,39639.12
OI0006704,O002688,P00028,4,5804.91,23219.64
OI0006705,O002688,P00064,2,605.62,1211.24
OI0006706,O002688,P00063,5,13216.58,66082.9
OI0006707,O002688,P00074,3,7723.94,23171.82
OI0006708,O002689,P00104,2,13741.36,27482.72
OI0006709,O002689,P00111,5,9070.02,45350.100000000006
OI0006710,O002690,P00086,4,4550.54,18202.16
OI0006711,O002690,P00054,1,516.23,516.23
OI0006712,O002690,P00077,3,2192.74,6578.219999999999
OI0006713,O002690,P00008,1,387.92,387.92
OI0006714,O002691,P00001,3,7519.88,22559.64
OI0006715,O002692,P00062,3,5900.1,17700.300000000003
OI0006716,O002692,P00110,5,9433.9,47169.5
OI0006717,O002693,P00015,5,6246.13,31230.65
OI0006718,O002693,P00059,3,15594.5,46783.5
OI0006719,O002693,P00016,2,3591.51,7183.02
OI0006720,O002694,P00088,2,11981.85,23963.7
OI0006721,O002694,P00062,2,5900.1,11800.2
OI0006722,O002694,P00064,3,605.62,1816.8600000000001
OI0006723,O002694,P00057,4,11330.17,45320.68
OI0006724,O002695,P00077,4,2192.74,8770.96
OI0006725,O002695,P00012,1,14499.23,14499.23
OI0006726,O002695,P00033,2,3874.45,7748.9
OI0006727,O002695,P00001,1,7519.88,7519.88
OI0006728,O002696,P00114,4,2567.88,10271.52
OI0006729,O002696,P00091,3,4946.59,14839.77
OI0006730,O002696,P00053,1,2768.97,2768.97
OI0006731,O002696,P00078,2,3389.32,6778.64
OI0006732,O002697,P00028,2,5804.91,11609.82
OI0006733,O002698,P00063,1,13216.58,13216.58
OI0006734,O002698,P00027,5,12270.99,61354.95
OI0006735,O002698,P00041,1,6177.47,6177.47
OI0006736,O002698,P00094,2,13171.07,26342.14
OI0006737,O002699,P00096,4,2944.05,11776.2
OI0006738,O002699,P00087,5,811.76,4058.8
OI0006739,O002699,P00010,5,14694.37,73471.85
OI0006740,O002699,P00024,4,661.99,2647.96
OI0006741,O002700,P00033,1,3874.45,3874.45
OI0006742,O002700,P00029,1,9560.81,9560.81
OI0006743,O002700,P00075,3,8132.2,24396.6
OI0006744,O002701,P00019,1,1162.47,1162.47
OI0006745,O002701,P00092,1,11714.03,11714.03
OI0006746,O002701,P00119,1,14522.12,14522.12
OI0006747,O002701,P00016,4,3591.51,14366.04
OI0006748,O002702,P00012,2,14499.23,28998.46
OI0006749,O002703,P00120,2,13556.62,27113.24
OI0006750,O002703,P00021,5,15831.58,79157.9
OI0006751,O002703,P00062,5,5900.1,29500.5
OI0006752,O002704,P00061,1,983.24,983.24
OI0006753,O002705,P00106,1,14600.94,14600.94
OI0006754,O002705,P00062,2,5900.1,11800.2
OI0006755,O002706,P00105,2,10494.08,20988.16
OI0006756,O002706,P00034,4,209.8,839.2
OI0006757,O002706,P00054,5,516.23,2581.15
OI0006758,O002706,P00003,3,3596.33,10788.99
OI0006759,O002707,P00009,3,13213.04,39639.12
OI0006760,O002707,P00093,1,3538.97,3538.97
OI0006761,O002707,P00076,3,2930.49,8791.47
OI0006762,O002708,P00089,3,5537.28,16611.84
OI0006763,O002708,P00070,1,2586.86,2586.86
OI0006764,O002709,P00078,2,3389.32,6778.64
OI0006765,O002709,P00119,3,14522.12,43566.36
OI0006766,O002710,P00039,5,11770.16,58850.8
OI0006767,O002710,P00063,4,13216.58,52866.32
OI0006768,O002710,P00021,3,15831.58,47494.74
OI0006769,O002710,P00053,3,2768.97,8306.91
OI0006770,O002711,P00071,3,12968.25,38904.75
OI0006771,O002712,P00052,3,1801.57,5404.71
OI0006772,O002712,P00095,3,11410.2,34230.600000000006
OI0006773,O002712,P00040,1,2951.4,2951.4
OI0006774,O002713,P00103,4,632.72,2530.88
OI0006775,O002713,P00034,2,209.8,419.6
OI0006776,O002713,P00033,5,3874.45,19372.25
OI0006777,O002713,P00064,4,605.62,2422.48
OI0006778,O002714,P00057,4,11330.17,45320.68
OI0006779,O002714,P00036,2,2532.85,5065.7
OI0006780,O002714,P00096,5,2944.05,14720.25
OI0006781,O002714,P00074,2,7723.94,15447.88
OI0006782,O002715,P00028,3,5804.91,17414.73
OI0006783,O002715,P00063,4,13216.58,52866.32
OI0006784,O002716,P00033,4,3874.45,15497.8
OI0006785,O002717,P00035,3,11526.61,34579.83
OI0006786,O002718,P00075,5,8132.2,40661.0
OI0006787,O002718,P00015,3,6246.13,18738.39
OI0006788,O002718,P00078,2,3389.32,6778.64
OI0006789,O002719,P00065,3,7681.42,23044.260000000002
OI0006790,O002719,P00096,3,2944.05,8832.150000000001
OI0006791,O002719,P00077,2,2192.74,4385.48
OI0006792,O002720,P00118,4,5621.04,22484.16
OI0006793,O002721,P00057,2,11330.17,22660.34
OI0006794,O002721,P00082,2,1976.8,3953.6
OI0006795,O002722,P00119,5,14522.12,72610.6
OI0006796,O002723,P00017,2,7245.98,14491.96
OI0006797,O002723,P00094,1,13171.07,13171.07
OI0006798,O002724,P00030,3,11313.56,33940.68
OI0006799,O002724,P00049,3,11581.53,34744.590000000004
OI0006800,O002724,P00042,1,11714.53,11714.53
OI0006801,O002724,P00071,3,12968.25,38904.75
OI0006802,O002725,P00014,2,13181.63,26363.26
OI0006803,O002725,P00018,1,10426.0,10426.0
OI0006804,O002725,P00025,4,8564.03,34256.12
OI0006805,O002725,P00079,2,5251.04,10502.08
OI0006806,O002726,P00074,4,7723.94,30895.76
OI0006807,O002727,P00098,4,4527.84,18111.36
OI0006808,O002727,P00081,5,14690.16,73450.8
OI0006809,O002727,P00042,4,11714.53,46858.12
OI0006810,O002727,P00082,4,1976.8,7907.2
OI0006811,O002728,P00112,4,7810.47,31241.88
OI0006812,O002728,P00056,5,8842.33,44211.65
OI0006813,O002729,P00102,1,13433.93,13433.93
OI0006814,O002730,P00079,1,5251.04,5251.04
OI0006815,O002730,P00115,1,10635.38,10635.38
OI0006816,O002731,P00045,4,5431.46,21725.84
OI0006817,O002731,P00038,3,5516.66,16549.98
OI0006818,O002732,P00022,3,5634.74,16904.22
OI0006819,O002732,P00036,5,2532.85,12664.25
OI0006820,O002732,P00103,5,632.72,3163.6000000000004
OI0006821,O002732,P00082,1,1976.8,1976.8
OI0006822,O002733,P00098,5,4527.84,22639.2
OI0006823,O002733,P00026,3,4115.14,12345.420000000002
OI0006824,O002733,P00089,4,5537.28,22149.12
OI0006825,O002734,P00099,4,10238.47,40953.88
OI0006826,O002735,P00024,5,661.99,3309.95
OI0006827,O002735,P00009,4,13213.04,52852.16
OI0006828,O002735,P00100,5,6083.97,30419.850000000002
OI0006829,O002735,P00017,1,7245.98,7245.98
OI0006830,O002736,P00015,5,6246.13,31230.65
OI0006831,O002736,P00037,1,15375.83,15375.83
OI0006832,O002737,P00073,5,15455.92,77279.6
OI0006833,O002737,P00005,2,10898.5,21797.0
OI0006834,O002738,P00055,4,5599.57,22398.28
OI0006835,O002739,P00120,3,13556.62,40669.86
OI0006836,O002739,P00045,2,5431.46,10862.92
OI0006837,O002739,P00073,3,15455.92,46367.76
OI0006838,O002740,P00038,1,5516.66,5516.66
OI0006839,O002741,P00104,4,13741.36,54965.44
OI0006840,O002741,P00042,3,11714.53,35143.590000000004
OI0006841,O002741,P00068,3,7242.25,21726.75
OI0006842,O002742,P00003,3,3596.33,10788.99
OI0006843,O002743,P00055,1,5599.57,5599.57
OI0006844,O002744,P00091,3,4946.59,14839.77
OI0006845,O002745,P00043,1,3075.89,3075.89
OI0006846,O002745,P00071,5,12968.25,64841.25
OI0006847,O002745,P00039,2,11770.16,23540.32
OI0006848,O002746,P00080,4,8989.55,35958.2
OI0006849,O002746,P00031,5,9096.12,45480.600000000006
OI0006850,O002746,P00043,2,3075.89,6151.78
OI0006851,O002747,P00112,3,7810.47,23431.41
OI0006852,O002747,P00022,5,5634.74,28173.699999999997
OI0006853,O002748,P00112,2,7810.47,15620.94
OI0006854,O002748,P00083,5,14812.87,74064.35
OI0006855,O002748,P00086,4,4550.54,18202.16
OI0006856,O002749,P00046,5,15720.6,78603.0
OI0006857,O002749,P00028,5,5804.91,29024.55
OI0006858,O002749,P00076,5,2930.49,14652.449999999999
OI0006859,O002750,P00002,4,12959.03,51836.12
OI0006860,O002750,P00088,4,11981.85,47927.4
OI0006861,O002750,P00074,5,7723.94,38619.7
OI0006862,O002751,P00029,1,9560.81,9560.81
OI0006863,O002752,P00013,4,15087.03,60348.12
OI0006864,O002753,P00029,2,9560.81,19121.62
OI0006865,O002753,P00054,5,516.23,2581.15
OI0006866,O002753,P00014,4,13181.63,52726.52
OI0006867,O002754,P00036,1,2532.85,2532.85
OI0006868,O002754,P00047,5,7255.75,36278.75
OI0006869,O002754,P00005,4,10898.5,43594.0
OI0006870,O002754,P00072,2,8945.91,17891.82
OI0006871,O002755,P00023,1,3040.09,3040.09
OI0006872,O002755,P00049,3,11581.53,34744.590000000004
OI0006873,O002755,P00106,4,14600.94,58403.76
OI0006874,O002756,P00077,4,2192.74,8770.96
OI0006875,O002756,P00116,3,15959.01,47877.03
OI0006876,O002757,P00072,5,8945.91,44729.55
OI0006877,O002757,P00006,4,15242.13,60968.52
OI0006878,O002757,P00033,5,3874.45,19372.25
OI0006879,O002757,P00077,5,2192.74,10963.699999999999
OI0006881,O002758,P00061,4,983.24,3932.96
OI0006882,O002759,P00089,2,5537.28,11074.56
OI0006883,O002759,P00016,3,3591.51,10774.53
OI0006884,O002759,P00025,4,8564.03,34256.12
OI0006885,O002759,P00046,2,15720.6,31441.2
OI0006886,O002760,P00111,3,9070.02,27210.06
OI0006887,O002761,P00001,5,7519.88,37599.4
OI0006888,O002761,P00048,1,11151.18,11151.18
OI0006889,O002761,P00052,3,1801.57,5404.71
OI0006890,O002762,P00040,2,2951.4,5902.8
OI0006891,O002762,P00005,2,10898.5,21797.0
OI0006892,O002763,P00017,4,7245.98,28983.92
OI0006893,O002763,P00058,4,2681.24,10724.96
OI0006894,O002763,P00118,3,5621.04,16863.12
OI0006895,O002763,P00093,5,3538.97,17694.85
OI0006896,O002764,P00097,2,721.52,1443.04
OI0006897,O002764,P00038,3,5516.66,16549.98
OI0006898,O002764,P00075,5,8132.2,40661.0
OI0006899,O002764,P00088,1,11981.85,11981.85
OI0006900,O002765,P00065,5,7681.42,38407.1
OI0006901,O002765,P00034,1,209.8,209.8
OI0006902,O002765,P00091,3,4946.59,14839.77
OI0006903,O002765,P00105,4,10494.08,41976.32
OI0006904,O002766,P00112,4,7810.47,31241.88
OI0006905,O002766,P00014,1,13181.63,13181.63
OI0006906,O002767,P00102,1,13433.93,13433.93
OI0006907,O002767,P00086,1,4550.54,4550.54
OI0006908,O002767,P00114,3,2567.88,7703.64
OI0006909,O002768,P00065,5,7681.42,38407.1
OI0006910,O002768,P00068,3,7242.25,21726.75
OI0006911,O002769,P00047,4,7255.75,29023.0
OI0006912,O002770,P00002,2,12959.03,25918.06
OI0006913,O002770,P00065,4,7681.42,30725.68
OI0006914,O002770,P00054,3,516.23,1548.69
OI0006915,O002770,P00109,2,3646.7,7293.4
OI0006916,O002771,P00019,3,1162.47,3487.41
OI0006917,O002771,P00120,5,13556.62,67783.1
OI0006918,O002772,P00044,4,10305.42,41221.68
OI0006919,O002772,P00006,1,15242.13,15242.13
OI0006920,O002773,P00119,2,14522.12,29044.24
OI0006921,O002773,P00084,5,14069.72,70348.59999999999
OI0006922,O002773,P00003,5,3596.33,17981.65
OI0006923,O002773,P00051,4,14130.98,56523.92
OI0006924,O002774,P00054,1,516.23,516.23
OI0006925,O002774,P00071,5,12968.25,64841.25
OI0006926,O002775,P00007,4,1695.66,6782.64
OI0006927,O002775,P00068,3,7242.25,21726.75
OI0006928,O002776,P00044,4,10305.42,41221.68
OI0006929,O002777,P00115,5,10635.38,53176.899999999994
OI0006930,O002777,P00084,5,14069.72,70348.59999999999
OI0006931,O002777,P00058,5,2681.24,13406.199999999999
OI0006932,O002778,P00020,2,6822.91,13645.82
OI0006933,O002778,P00077,5,2192.74,10963.699999999999
OI0006934,O002779,P00063,3,13216.58,39649.74
OI0006935,O002779,P00099,1,10238.47,10238.47
OI0006936,O002779,P00114,4,2567.88,10271.52
OI0006937,O002780,P00097,4,721.52,2886.08
OI0006938,O002780,P00055,5,5599.57,27997.85
OI0006939,O002780,P00028,2,5804.91,11609.82
OI0006940,O002781,P00070,3,2586.86,7760.58
OI0006941,O002781,P00032,4,2972.8,11891.2
OI0006942,O002781,P00064,1,605.62,605.62
OI0006943,O002782,P00037,2,15375.83,30751.66
OI0006944,O002783,P00052,5,1801.57,9007.85
OI0006945,O002783,P00004,2,11435.29,22870.58
OI0006946,O002783,P00012,1,14499.23,14499.23
OI0006947,O002784,P00010,3,14694.37,44083.11
OI0006948,O002784,P00050,4,11773.84,47095.36
OI0006949,O002785,P00014,1,13181.63,13181.63
OI0006950,O002785,P00001,4,7519.88,30079.52
OI0006951,O002786,P00078,5,3389.32,16946.600000000002
OI0006952,O002787,P00099,2,10238.47,20476.94
OI0006953,O002787,P00057,2,11330.17,22660.34
OI0006954,O002787,P00103,2,632.72,1265.44
OI0006955,O002787,P00104,3,13741.36,41224.08
OI0006956,O002788,P00091,5,4946.59,24732.95
OI0006957,O002788,P00024,4,661.99,2647.96
OI0006958,O002789,P00025,4,8564.03,34256.12
OI0006959,O002789,P00047,3,7255.75,21767.25
OI0006960,O002790,P00111,5,9070.02,45350.100000000006
OI0006961,O002790,P00088,4,11981.85,47927.4
OI0006962,O002790,P00080,3,8989.55,26968.649999999998
OI0006963,O002790,P00120,1,13556.62,13556.62
OI0006964,O002791,P00052,5,1801.57,9007.85
OI0006965,O002792,P00093,1,3538.97,3538.97
OI0006966,O002792,P00034,5,209.8,1049.0
OI0006967,O002793,P00115,3,10635.38,31906.14
OI0006968,O002793,P00108,1,14347.63,14347.63
OI0006969,O002793,P00114,4,2567.88,10271.52
OI0006970,O002793,P00092,3,11714.03,35142.090000000004
OI0006971,O002794,P00115,1,10635.38,10635.38
OI0006972,O002795,P00014,1,13181.63,13181.63
OI0006973,O002795,P00027,2,12270.99,24541.98
OI0006974,O002795,P00084,5,14069.72,70348.59999999999
OI0006975,O002795,P00113,1,13810.57,13810.57
OI0006976,O002796,P00061,3,983.24,2949.7200000000003
OI0006977,O002796,P00076,4,2930.49,11721.96
OI0006978,O002796,P00049,1,11581.53,11581.53
OI0006979,O002797,P00093,4,3538.97,14155.88
OI0006980,O002797,P00008,2,387.92,775.84
OI0006981,O002797,P00091,1,4946.59,4946.59
OI0006982,O002797,P00115,3,10635.38,31906.14
OI0006983,O002798,P00113,3,13810.57,41431.71
OI0006984,O002798,P00061,4,983.24,3932.96
OI0006985,O002798,P00041,5,6177.47,30887.350000000002
OI0006986,O002799,P00102,1,13433.93,13433.93
OI0006987,O002800,P00013,3,15087.03,45261.090000000004
OI0006988,O002800,P00081,2,14690.16,29380.32
OI0006989,O002800,P00090,4,13515.98,54063.92
OI0006990,O002801,P00013,3,15087.03,45261.090000000004
OI0006992,O002802,P00119,2,14522.12,29044.24
OI0006993,O002802,P00084,3,14069.72,42209.159999999996
OI0006994,O002802,P00014,2,13181.63,26363.26
OI0006995,O002802,P00120,1,13556.62,13556.62
OI0006996,O002803,P00058,1,2681.24,2681.24
OI0006997,O002803,P00096,5,2944.05,14720.25
OI0006998,O002803,P00049,1,11581.53,11581.53
OI0006999,O002804,P00031,3,9096.12,27288.36
OI0007000,O002804,P00035,5,11526.61,57633.05
OI0007001,O002804,P00090,4,13515.98,54063.92
OI0007002,O002804,P00029,4,9560.81,38243.24
OI0007003,O002805,P00103,3,632.72,1898.16
OI0007004,O002805,P00111,5,9070.02,45350.100000000006
OI0007005,O002805,P00041,1,6177.47,6177.47
OI0007006,O002805,P00007,1,1695.66,1695.66
OI0007007,O002806,P00022,3,5634.74,16904.22
OI0007008,O002806,P00073,3,15455.92,46367.76
OI0007009,O002806,P00003,3,3596.33,10788.99
OI0007010,O002807,P00050,5,11773.84,58869.2
OI0007011,O002807,P00051,2,14130.98,28261.96
OI0007012,O002808,P00082,3,1976.8,5930.4
OI0007013,O002808,P00013,1,15087.03,15087.03
OI0007014,O002808,P00012,4,14499.23,57996.92
OI0007015,O002808,P00077,4,2192.74,8770.96
OI0007016,O002809,P00012,1,14499.23,14499.23
OI0007017,O002809,P00098,1,4527.84,4527.84
OI0007018,O002810,P00027,1,12270.99,12270.99
OI0007019,O002810,P00031,4,9096.12,36384.48
OI0007020,O002811,P00067,3,3120.12,9360.36
OI0007021,O002811,P00109,4,3646.7,14586.8
OI0007022,O002812,P00102,4,13433.93,53735.72
OI0007023,O002812,P00023,2,3040.09,6080.18
OI0007024,O002812,P00064,4,605.62,2422.48
OI0007025,O002813,P00002,3,12959.03,38877.090000000004
OI0007026,O002813,P00078,4,3389.32,13557.28
OI0007027,O002814,P00019,3,1162.47,3487.41
OI0007028,O002814,P00044,2,10305.42,20610.84
OI0007029,O002814,P00007,3,1695.66,5086.9800000000005
OI0007030,O002815,P00051,2,14130.98,28261.96
OI0007031,O002815,P00038,4,5516.66,22066.64
OI0007032,O002816,P00017,5,7245.98,36229.899999999994
OI0007033,O002817,P00031,2,9096.12,18192.24
OI0007034,O002818,P00023,3,3040.09,9120.27
OI0007035,O002819,P00022,2,5634.74,11269.48
OI0007036,O002820,P00101,3,9471.71,28415.129999999997
OI0007037,O002820,P00032,4,2972.8,11891.2
OI0007038,O002820,P00068,5,7242.25,36211.25
OI0007039,O002820,P00097,5,721.52,3607.6
OI0007040,O002821,P00072,5,8945.91,44729.55
OI0007041,O002821,P00113,5,13810.57,69052.85
OI0007042,O002821,P00057,2,11330.17,22660.34
OI0007043,O002822,P00067,1,3120.12,3120.12
OI0007044,O002823,P00119,4,14522.12,58088.48
OI0007045,O002824,P00057,3,11330.17,33990.51
OI0007046,O002824,P00082,4,1976.8,7907.2
OI0007047,O002825,P00008,3,387.92,1163.76
OI0007048,O002825,P00086,3,4550.54,13651.619999999999
OI0007049,O002825,P00033,3,3874.45,11623.349999999999
OI0007050,O002825,P00074,4,7723.94,30895.76
OI0007051,O002826,P00084,2,14069.72,28139.44
OI0007052,O002826,P00065,3,7681.42,23044.260000000002
OI0007053,O002826,P00067,1,3120.12,3120.12
OI0007054,O002827,P00067,1,3120.12,3120.12
OI0007055,O002827,P00042,2,11714.53,23429.06
OI0007056,O002828,P00095,1,11410.2,11410.2
OI0007057,O002828,P00046,4,15720.6,62882.4
OI0007058,O002828,P00029,1,9560.81,9560.81
OI0007059,O002828,P00060,2,10636.45,21272.9
OI0007060,O002829,P00028,1,5804.91,5804.91
OI0007061,O002829,P00098,1,4527.84,4527.84
OI0007062,O002829,P00116,1,15959.01,15959.01
OI0007063,O002829,P00030,5,11313.56,56567.799999999996
OI0007064,O002830,P00088,4,11981.85,47927.4
OI0007065,O002830,P00008,1,387.92,387.92
OI0007066,O002830,P00030,1,11313.56,11313.56
OI0007067,O002831,P00113,1,13810.57,13810.57
OI0007068,O002831,P00007,3,1695.66,5086.9800000000005
OI0007069,O002832,P00058,2,2681.24,5362.48
OI0007070,O002832,P00089,5,5537.28,27686.399999999998
OI0007071,O002832,P00039,4,11770.16,47080.64
OI0007072,O002833,P00043,2,3075.89,6151.78
OI0007073,O002834,P00117,1,6333.74,6333.74
OI0007074,O002834,P00115,4,10635.38,42541.52
OI0007075,O002835,P00002,1,12959.03,12959.03
OI0007076,O002835,P00118,4,5621.04,22484.16
OI0007077,O002835,P00069,3,4360.73,13082.189999999999
OI0007078,O002836,P00034,3,209.8,629.4000000000001
OI0007079,O002836,P00038,3,5516.66,16549.98
OI0007080,O002836,P00024,3,661.99,1985.97
OI0007081,O002836,P00005,3,10898.5,32695.5
OI0007082,O002837,P00005,1,10898.5,10898.5
OI0007083,O002837,P00119,3,14522.12,43566.36
OI0007084,O002838,P00003,3,3596.33,10788.99
OI0007085,O002838,P00074,3,7723.94,23171.82
OI0007086,O002838,P00010,3,14694.37,44083.11
OI0007088,O002839,P00033,4,3874.45,15497.8
OI0007089,O002839,P00109,2,3646.7,7293.4
OI0007090,O002839,P00046,5,15720.6,78603.0
OI0007091,O002839,P00080,3,8989.55,26968.649999999998
OI0007092,O002840,P00051,3,14130.98,42392.94
OI0007093,O002840,P00055,1,5599.57,5599.57
OI0007094,O002840,P00018,2,10426.0,20852.0
OI0007095,O002841,P00102,4,13433.93,53735.72
OI0007096,O002842,P00073,1,15455.92,15455.92
OI0007097,O002842,P00043,1,3075.89,3075.89
OI0007098,O002842,P00078,1,3389.32,3389.32
OI0007099,O002843,P00062,4,5900.1,23600.4
OI0007100,O002843,P00103,1,632.72,632.72
OI0007101,O002843,P00110,2,9433.9,18867.8
OI0007102,O002844,P00008,4,387.92,1551.68
OI0007103,O002844,P00021,5,15831.58,79157.9
OI0007104,O002844,P00047,3,7255.75,21767.25
OI0007105,O002844,P00040,5,2951.4,14757.0
OI0007106,O002845,P00086,5,4550.54,22752.7
OI0007107,O002846,P00081,3,14690.16,44070.479999999996
OI0007108,O002846,P00017,5,7245.98,36229.899999999994
OI0007109,O002846,P00035,2,11526.61,23053.22
OI0007110,O002846,P00096,4,2944.05,11776.2
OI0007111,O002847,P00003,5,3596.33,17981.65
OI0007112,O002847,P00114,4,2567.88,10271.52
OI0007113,O002847,P00001,5,7519.88,37599.4
OI0007114,O002848,P00072,2,8945.91,17891.82
OI0007115,O002848,P00003,4,3596.33,14385.32
OI0007116,O002848,P00083,3,14812.87,44438.61
OI0007117,O002848,P00062,4,5900.1,23600.4
OI0007118,O002849,P00110,5,9433.9,47169.5
OI0007119,O002850,P00055,1,5599.57,5599.57
OI0007120,O002850,P00089,1,5537.28,5537.28
OI0007121,O002850,P00052,5,1801.57,9007.85
OI0007122,O002850,P00097,3,721.52,2164.56
OI0007123,O002851,P00111,1,9070.02,9070.02
OI0007124,O002851,P00075,3,8132.2,24396.6
OI0007125,O002851,P00064,4,605.62,2422.48
OI0007126,O002851,P00109,1,3646.7,3646.7
OI0007127,O002852,P00063,3,13216.58,39649.74
OI0007128,O002852,P00006,4,15242.13,60968.52
OI0007129,O002852,P00085,1,9236.97,9236.97
OI0007130,O002852,P00039,3,11770.16,35310.479999999996
OI0007131,O002853,P00048,5,11151.18,55755.9
OI0007132,O002853,P00037,5,15375.83,76879.15
OI0007133,O002853,P00033,5,3874.45,19372.25
OI0007134,O002854,P00120,3,13556.62,40669.86
OI0007135,O002854,P00096,3,2944.05,8832.150000000001
OI0007136,O002854,P00071,4,12968.25,51873.0
OI0007137,O002855,P00024,3,661.99,1985.97
OI0007138,O002855,P00001,5,7519.88,37599.4
OI0007139,O002855,P00091,2,4946.59,9893.18
OI0007140,O002856,P00061,5,983.24,4916.2
OI0007141,O002856,P00050,5,11773.84,58869.2
OI0007142,O002857,P00105,4,10494.08,41976.32
OI0007143,O002857,P00052,5,1801.57,9007.85
OI0007144,O002857,P00003,2,3596.33,7192.66
OI0007145,O002857,P00031,4,9096.12,36384.48
OI0007146,O002858,P00026,1,4115.14,4115.14
OI0007147,O002858,P00089,4,5537.28,22149.12
OI0007148,O002858,P00047,4,7255.75,29023.0
OI0007149,O002859,P00018,1,10426.0,10426.0
OI0007150,O002859,P00036,3,2532.85,7598.549999999999
OI0007151,O002859,P00063,1,13216.58,13216.58
OI0007152,O002860,P00045,1,5431.46,5431.46
OI0007153,O002860,P00005,1,10898.5,10898.5
OI0007154,O002861,P00027,4,12270.99,49083.96
OI0007155,O002861,P00007,1,1695.66,1695.66
OI0007156,O002862,P00027,4,12270.99,49083.96
OI0007157,O002862,P00099,2,10238.47,20476.94
OI0007158,O002863,P00012,4,14499.23,57996.92
OI0007159,O002864,P00116,1,15959.01,15959.01
OI0007160,O002864,P00034,5,209.8,1049.0
OI0007161,O002864,P00006,4,15242.13,60968.52
OI0007162,O002864,P00032,1,2972.8,2972.8
OI0007163,O002865,P00104,2,13741.36,27482.72
OI0007164,O002866,P00020,3,6822.91,20468.73
OI0007165,O002866,P00028,5,5804.91,29024.55
OI0007166,O002866,P00074,4,7723.94,30895.76
OI0007167,O002867,P00031,3,9096.12,27288.36
OI0007169,O002867,P00081,2,14690.16,29380.32
OI0007170,O002867,P00071,4,12968.25,51873.0
OI0007171,O002868,P00108,3,14347.63,43042.89
OI0007172,O002869,P00019,4,1162.47,4649.88
OI0007173,O002869,P00051,4,14130.98,56523.92
OI0007174,O002869,P00072,2,8945.91,17891.82
OI0007175,O002869,P00092,5,11714.03,58570.15
OI0007176,O002870,P00057,4,11330.17,45320.68
OI0007177,O002870,P00022,5,5634.74,28173.699999999997
OI0007178,O002870,P00065,5,7681.42,38407.1
OI0007179,O002870,P00063,3,13216.58,39649.74
OI0007180,O002871,P00013,4,15087.03,60348.12
OI0007181,O002871,P00096,5,2944.05,14720.25
OI0007182,O002871,P00041,1,6177.47,6177.47
OI0007183,O002872,P00032,2,2972.8,5945.6
OI0007184,O002872,P00101,2,9471.71,18943.42
OI0007185,O002872,P00089,4,5537.28,22149.12
OI0007186,O002873,P00048,1,11151.18,11151.18
OI0007187,O002873,P00027,1,12270.99,12270.99
OI0007188,O002874,P00105,2,10494.08,20988.16
OI0007189,O002875,P00116,4,15959.01,63836.04
OI0007190,O002876,P00028,5,5804.91,29024.55
OI0007191,O002876,P00059,1,15594.5,15594.5
OI0007192,O002876,P00031,1,9096.12,9096.12
OI0007193,O002876,P00107,3,3734.57,11203.710000000001
OI0007194,O002877,P00118,2,5621.04,11242.08
OI0007195,O002877,P00111,3,9070.02,27210.06
OI0007196,O002878,P00109,4,3646.7,14586.8
OI0007197,O002878,P00089,1,5537.28,5537.28
OI0007198,O002878,P00076,3,2930.49,8791.47
OI0007199,O002879,P00101,1,9471.71,9471.71
OI0007200,O002880,P00091,1,4946.59,4946.59
OI0007201,O002881,P00103,3,632.72,1898.16
OI0007202,O002881,P00114,4,2567.88,10271.52
OI0007203,O002882,P00049,4,11581.53,46326.12
OI0007204,O002882,P00020,3,6822.91,20468.73
OI0007205,O002882,P00041,3,6177.47,18532.41
OI0007206,O002883,P00100,4,6083.97,24335.88
OI0007207,O002884,P00102,1,13433.93,13433.93
OI0007208,O002885,P00010,5,14694.37,73471.85
OI0007209,O002886,P00109,3,3646.7,10940.099999999999
OI0007210,O002886,P00042,3,11714.53,35143.590000000004
OI0007211,O002886,P00114,3,2567.88,7703.64
OI0007212,O002886,P00006,3,15242.13,45726.39
OI0007213,O002887,P00090,3,13515.98,40547.94
OI0007214,O002888,P00099,5,10238.47,51192.35
OI0007215,O002888,P00113,5,13810.57,69052.85
OI0007216,O002888,P00023,4,3040.09,12160.36
OI0007217,O002888,P00053,2,2768.97,5537.94
OI0007218,O002889,P00049,4,11581.53,46326.12
OI0007219,O002889,P00085,1,9236.97,9236.97
OI0007220,O002889,P00069,1,4360.73,4360.73
OI0007221,O002889,P00011,2,3323.46,6646.92
OI0007222,O002890,P00088,1,11981.85,11981.85
OI0007223,O002891,P00045,5,5431.46,27157.3
OI0007224,O002891,P00097,1,721.52,721.52
OI0007225,O002891,P00015,4,6246.13,24984.52
OI0007226,O002891,P00091,2,4946.59,9893.18
OI0007227,O002892,P00103,4,632.72,2530.88
OI0007228,O002892,P00006,1,15242.13,15242.13
OI0007229,O002892,P00056,2,8842.33,17684.66
OI0007230,O002892,P00055,2,5599.57,11199.14
OI0007231,O002893,P00082,5,1976.8,9884.0
OI0007232,O002894,P00026,4,4115.14,16460.56
OI0007233,O002894,P00055,3,5599.57,16798.71
OI0007234,O002895,P00045,5,5431.46,27157.3
OI0007235,O002896,P00012,2,14499.23,28998.46
OI0007236,O002897,P00111,5,9070.02,45350.100000000006
OI0007237,O002898,P00112,1,7810.47,7810.47
OI0007238,O002898,P00084,4,14069.72,56278.88
OI0007239,O002898,P00022,4,5634.74,22538.96
OI0007240,O002898,P00092,3,11714.03,35142.090000000004
OI0007241,O002899,P00097,4,721.52,2886.08
OI0007242,O002899,P00010,5,14694.37,73471.85
OI0007243,O002899,P00056,3,8842.33,26526.989999999998
OI0007244,O002899,P00091,4,4946.59,19786.36
OI0007245,O002900,P00111,5,9070.02,45350.100000000006
OI0007246,O002900,P00049,2,11581.53,23163.06
OI0007247,O002901,P00050,5,11773.84,58869.2
OI0007248,O002902,P00106,5,14600.94,73004.7
OI0007249,O002902,P00116,1,15959.01,15959.01
OI0007250,O002903,P00007,1,1695.66,1695.66
OI0007251,O002904,P00004,1,11435.29,11435.29
OI0007252,O002904,P00097,1,721.52,721.52
OI0007253,O002905,P00114,5,2567.88,12839.400000000001
OI0007254,O002905,P00005,2,10898.5,21797.0
OI0007255,O002905,P00050,5,11773.84,58869.2
OI0007256,O002905,P00036,3,2532.85,7598.549999999999
OI0007257,O002906,P00008,4,387.92,1551.68
OI0007258,O002906,P00034,4,209.8,839.2
OI0007259,O002907,P00015,1,6246.13,6246.13
OI0007260,O002907,P00025,1,8564.03,8564.03
OI0007261,O002907,P00001,1,7519.88,7519.88
OI0007262,O002908,P00070,3,2586.86,7760.58
OI0007263,O002909,P00057,2,11330.17,22660.34
OI0007264,O002910,P00115,2,10635.38,21270.76
OI0007265,O002910,P00008,3,387.92,1163.76
OI0007266,O002910,P00015,1,6246.13,6246.13
OI0007267,O002911,P00027,5,12270.99,61354.95
OI0007268,O002912,P00014,1,13181.63,13181.63
OI0007269,O002912,P00017,1,7245.98,7245.98
OI0007270,O002912,P00003,3,3596.33,10788.99
OI0007271,O002913,P00061,5,983.24,4916.2
OI0007272,O002913,P00053,4,2768.97,11075.88
OI0007273,O002914,P00006,2,15242.13,30484.26
OI0007274,O002914,P00073,2,15455.92,30911.84
OI0007275,O002915,P00057,1,11330.17,11330.17
OI0007276,O002916,P00018,3,10426.0,31278.0
OI0007277,O002917,P00112,3,7810.47,23431.41
OI0007278,O002917,P00025,4,8564.03,34256.12
OI0007279,O002917,P00056,2,8842.33,17684.66
OI0007280,O002918,P00048,1,11151.18,11151.18
OI0007281,O002919,P00102,1,13433.93,13433.93
OI0007282,O002919,P00084,5,14069.72,70348.59999999999
OI0007284,O002921,P00014,5,13181.63,65908.15
OI0007285,O002921,P00085,2,9236.97,18473.94
OI0007286,O002922,P00100,3,6083.97,18251.91
OI0007287,O002923,P00050,2,11773.84,23547.68
OI0007288,O002923,P00006,4,15242.13,60968.52
OI0007289,O002924,P00027,5,12270.99,61354.95
OI0007290,O002924,P00063,5,13216.58,66082.9
OI0007291,O002924,P00025,2,8564.03,17128.06
OI0007292,O002925,P00038,4,5516.66,22066.64
OI0007293,O002925,P00060,4,10636.45,42545.8
OI0007294,O002926,P00052,5,1801.57,9007.85
OI0007295,O002926,P00059,2,15594.5,31189.0
OI0007296,O002927,P00113,2,13810.57,27621.14
OI0007297,O002928,P00055,5,5599.57,27997.85
OI0007298,O002929,P00086,5,4550.54,22752.7
OI0007299,O002930,P00034,1,209.8,209.8
OI0007300,O002930,P00072,3,8945.91,26837.73
OI0007301,O002931,P00115,2,10635.38,21270.76
OI0007302,O002931,P00069,3,4360.73,13082.189999999999
OI0007303,O002931,P00032,4,2972.8,11891.2
OI0007304,O002932,P00055,4,5599.57,22398.28
OI0007305,O002933,P00029,5,9560.81,47804.049999999996
OI0007307,O002933,P00004,2,11435.29,22870.58
OI0007308,O002934,P00095,5,11410.2,57051.0
OI0007309,O002934,P00113,3,13810.57,41431.71
OI0007310,O002934,P00112,1,7810.47,7810.47
OI0007311,O002934,P00068,3,7242.25,21726.75
OI0007312,O002935,P00016,4,3591.51,14366.04
OI0007313,O002935,P00108,4,14347.63,57390.52
OI0007314,O002936,P00064,5,605.62,3028.1
OI0007315,O002937,P00068,3,7242.25,21726.75
OI0007316,O002938,P00057,4,11330.17,45320.68
OI0007317,O002938,P00058,2,2681.24,5362.48
OI0007318,O002938,P00038,5,5516.66,27583.3
OI0007319,O002939,P00041,3,6177.47,18532.41
OI0007320,O002939,P00116,3,15959.01,47877.03
OI0007321,O002940,P00021,4,15831.58,63326.32
OI0007322,O002940,P00018,1,10426.0,10426.0
OI0007323,O002940,P00092,1,11714.03,11714.03
OI0007324,O002940,P00054,3,516.23,1548.69
OI0007325,O002941,P00031,2,9096.12,18192.24
OI0007326,O002941,P00079,5,5251.04,26255.2
OI0007327,O002942,P00055,4,5599.57,22398.28
OI0007328,O002942,P00084,4,14069.72,56278.88
OI0007329,O002942,P00065,1,7681.42,7681.42
OI0007330,O002943,P00026,1,4115.14,4115.14
OI0007331,O002943,P00063,5,13216.58,66082.9
OI0007332,O002943,P00084,2,14069.72,28139.44
OI0007333,O002944,P00111,1,9070.02,9070.02
OI0007334,O002944,P00037,4,15375.83,61503.32
OI0007335,O002944,P00110,5,9433.9,47169.5
OI0007336,O002944,P00050,5,11773.84,58869.2
OI0007337,O002945,P00040,2,2951.4,5902.8
OI0007338,O002945,P00044,1,10305.42,10305.42
OI0007339,O002945,P00120,5,13556.62,67783.1
OI0007340,O002946,P00103,1,632.72,632.72
OI0007341,O002946,P00106,3,14600.94,43802.82
OI0007342,O002947,P00088,1,11981.85,11981.85
OI0007343,O002947,P00120,2,13556.62,27113.24
OI0007344,O002947,P00106,4,14600.94,58403.76
OI0007345,O002947,P00026,3,4115.14,12345.420000000002
OI0007346,O002948,P00097,1,721.52,721.52
OI0007347,O002948,P00117,1,6333.74,6333.74
OI0007349,O002948,P00111,2,9070.02,18140.04
OI0007350,O002949,P00117,3,6333.74,19001.22
OI0007351,O002949,P00101,3,9471.71,28415.129999999997
OI0007352,O002949,P00033,4,3874.45,15497.8
OI0007353,O002949,P00032,4,2972.8,11891.2
OI0007354,O002950,P00011,2,3323.46,6646.92
OI0007355,O002950,P00053,5,2768.97,13844.849999999999
OI0007356,O002950,P00002,2,12959.03,25918.06
OI0007357,O002951,P00073,2,15455.92,30911.84
OI0007358,O002951,P00120,1,13556.62,13556.62
OI0007359,O002951,P00095,3,11410.2,34230.600000000006
OI0007360,O002952,P00119,1,14522.12,14522.12
OI0007361,O002952,P00036,2,2532.85,5065.7
OI0007362,O002952,P00094,2,13171.07,26342.14
OI0007363,O002952,P00030,4,11313.56,45254.24
OI0007364,O002953,P00045,5,5431.46,27157.3
OI0007365,O002953,P00087,4,811.76,3247.04
OI0007366,O002953,P00059,3,15594.5,46783.5
OI0007367,O002954,P00020,5,6822.91,34114.55
OI0007368,O002954,P00101,3,9471.71,28415.129999999997
OI0007369,O002954,P00112,1,7810.47,7810.47
OI0007370,O002954,P00102,1,13433.93,13433.93
OI0007371,O002955,P00075,2,8132.2,16264.4
OI0007372,O002955,P00073,3,15455.92,46367.76
OI0007373,O002956,P00118,2,5621.04,11242.08
OI0007374,O002957,P00047,5,7255.75,36278.75
OI0007375,O002958,P00084,2,14069.72,28139.44
OI0007376,O002959,P00089,1,5537.28,5537.28
OI0007377,O002959,P00004,2,11435.29,22870.58
OI0007378,O002959,P00066,2,7639.92,15279.84
OI0007379,O002959,P00099,5,10238.47,51192.35
OI0007380,O002960,P00096,4,2944.05,11776.2
OI0007381,O002961,P00082,5,1976.8,9884.0
OI0007382,O002961,P00020,3,6822.91,20468.73
OI0007383,O002961,P00013,4,15087.03,60348.12
OI0007384,O002962,P00048,1,11151.18,11151.18
OI0007385,O002963,P00024,4,661.99,2647.96
OI0007386,O002963,P00057,3,11330.17,33990.51
OI0007387,O002964,P00078,4,3389.32,13557.28
OI0007388,O002964,P00068,5,7242.25,36211.25
OI0007389,O002964,P00007,2,1695.66,3391.32
OI0007390,O002964,P00033,5,3874.45,19372.25
OI0007391,O002965,P00107,1,3734.57,3734.57
OI0007392,O002965,P00025,3,8564.03,25692.090000000004
OI0007393,O002965,P00050,3,11773.84,35321.520000000004
OI0007394,O002965,P00073,5,15455.92,77279.6
OI0007395,O002966,P00052,2,1801.57,3603.14
OI0007396,O002966,P00104,1,13741.36,13741.36
OI0007397,O002967,P00058,5,2681.24,13406.199999999999
OI0007398,O002967,P00110,4,9433.9,37735.6
OI0007399,O002967,P00103,3,632.72,1898.16
OI0007400,O002968,P00010,2,14694.37,29388.74
OI0007401,O002968,P00102,4,13433.93,53735.72
OI0007402,O002969,P00049,2,11581.53,23163.06
OI0007403,O002969,P00047,1,7255.75,7255.75
OI0007404,O002969,P00081,1,14690.16,14690.16
OI0007405,O002969,P00007,5,1695.66,8478.300000000001
OI0007406,O002970,P00008,1,387.92,387.92
OI0007407,O002970,P00099,3,10238.47,30715.409999999996
OI0007408,O002970,P00001,1,7519.88,7519.88
OI0007409,O002970,P00045,4,5431.46,21725.84
OI0007410,O002971,P00077,5,2192.74,10963.699999999999
OI0007411,O002971,P00027,5,12270.99,61354.95
OI0007412,O002971,P00022,2,5634.74,11269.48
OI0007413,O002971,P00094,4,13171.07,52684.28
OI0007414,O002972,P00012,3,14499.23,43497.69
OI0007415,O002972,P00010,3,14694.37,44083.11
OI0007416,O002973,P00042,1,11714.53,11714.53
OI0007417,O002973,P00058,3,2681.24,8043.719999999999
OI0007418,O002973,P00078,5,3389.32,16946.600000000002
OI0007419,O002973,P00025,1,8564.03,8564.03
OI0007421,O002974,P00026,5,4115.14,20575.7
OI0007422,O002974,P00071,2,12968.25,25936.5
OI0007423,O002975,P00086,4,4550.54,18202.16
OI0007424,O002975,P00082,1,1976.8,1976.8
OI0007425,O002976,P00102,1,13433.93,13433.93
OI0007426,O002977,P00036,3,2532.85,7598.549999999999
OI0007427,O002978,P00102,3,13433.93,40301.79
OI0007428,O002978,P00002,3,12959.03,38877.090000000004
OI0007429,O002978,P00012,1,14499.23,14499.23
OI0007430,O002978,P00093,1,3538.97,3538.97
OI0007431,O002979,P00109,4,3646.7,14586.8
OI0007432,O002979,P00083,4,14812.87,59251.48
OI0007433,O002979,P00099,2,10238.47,20476.94
OI0007434,O002979,P00108,4,14347.63,57390.52
OI0007435,O002980,P00031,1,9096.12,9096.12
OI0007436,O002980,P00032,3,2972.8,8918.400000000001
OI0007437,O002981,P00111,4,9070.02,36280.08
OI0007438,O002982,P00108,1,14347.63,14347.63
OI0007439,O002982,P00107,3,3734.57,11203.710000000001
OI0007440,O002983,P00120,5,13556.62,67783.1
OI0007441,O002984,P00056,4,8842.33,35369.32
OI0007442,O002985,P00035,1,11526.61,11526.61
OI0007443,O002986,P00087,5,811.76,4058.8
OI0007444,O002986,P00026,4,4115.14,16460.56
OI0007445,O002986,P00014,5,13181.63,65908.15
OI0007446,O002986,P00077,4,2192.74,8770.96
OI0007447,O002987,P00003,4,3596.33,14385.32
OI0007448,O002987,P00066,3,7639.92,22919.760000000002
OI0007449,O002988,P00045,4,5431.46,21725.84
OI0007450,O002988,P00080,4,8989.55,35958.2
OI0007451,O002988,P00052,4,1801.57,7206.28
OI0007452,O002988,P00068,5,7242.25,36211.25
OI0007453,O002989,P00009,4,13213.04,52852.16
OI0007454,O002989,P00116,5,15959.01,79795.05
OI0007455,O002989,P00042,1,11714.53,11714.53
OI0007456,O002989,P00033,2,3874.45,7748.9
OI0007457,O002990,P00009,3,13213.04,39639.12
OI0007458,O002991,P00097,3,721.52,2164.56
OI0007459,O002991,P00107,1,3734.57,3734.57
OI0007460,O002991,P00052,4,1801.57,7206.28
OI0007461,O002992,P00117,2,6333.74,12667.48
OI0007462,O002992,P00073,5,15455.92,77279.6
OI0007463,O002992,P00053,2,2768.97,5537.94
OI0007464,O002993,P00104,1,13741.36,13741.36
OI0007465,O002993,P00075,4,8132.2,32528.8
OI0007466,O002993,P00103,3,632.72,1898.16
OI0007467,O002993,P00003,3,3596.33,10788.99
OI0007468,O002994,P00079,2,5251.04,10502.08
OI0007469,O002994,P00033,5,3874.45,19372.25
OI0007470,O002995,P00003,5,3596.33,17981.65
OI0007471,O002996,P00040,4,2951.4,11805.6
OI0007472,O002996,P00111,4,9070.02,36280.08
OI0007473,O002996,P00011,4,3323.46,13293.84
OI0007474,O002997,P00053,4,2768.97,11075.88
OI0007475,O002998,P00033,5,3874.45,19372.25
OI0007476,O002999,P00005,2,10898.5,21797.0
OI0007477,O003000,P00076,4,2930.49,11721.96
OI0007478,O003000,P00072,2,8945.91,17891.82
OI0007479,O003000,P00078,5,3389.32,16946.600000000002
