order_id,customer_id,order_date,status,delivery_date,is_delivery_date_corrected,delivery_days
O000001,C00138,2023-08-20,Delivered,2023-08-23,False,3.0
O000002,C00361,2024-09-02,Delivered,2024-09-05,False,3.0
O000003,C00321,2023-05-07,Delivered,2023-05-14,False,7.0
O000004,C00073,2024-03-02,Delivered,2024-03-10,False,8.0
O000005,C00390,2024-09-29,Delivered,2024-10-01,False,2.0
O000006,C00204,2023-07-23,Shipped,,False,
O000007,C00265,2024-12-05,Delivered,2024-12-07,False,2.0
O000008,C00128,2023-04-13,Cancelled,,False,
O000009,C00350,2024-11-10,Shipped,,False,
O000010,C00385,2024-12-07,Delivered,2024-12-10,False,3.0
O000011,C00099,2024-05-09,Delivered,2024-05-15,False,6.0
O000012,C00013,2023-09-25,Delivered,2023-10-04,False,9.0
O000013,C00203,2023-09-12,Delivered,2023-09-19,False,7.0
O000014,C00189,2024-05-22,Placed,,False,
O000015,C00319,2023-08-29,Delivered,2023-09-06,False,8.0
O000016,C00255,2024-10-14,Cancelled,,False,
O000017,C00137,2023-04-10,Shipped,,False,
O000018,C00283,2023-07-20,Shipped,,False,
O000019,C00191,2024-10-10,Shipped,,False,
O000020,C00241,2023-07-01,Shipped,,False,
O000021,C00165,2024-05-31,Delivered,2024-06-04,False,4.0
O000022,C00387,2024-07-14,Delivered,2024-07-18,False,4.0
O000023,C00394,2023-12-27,Delivered,2024-01-03,False,7.0
O000024,C00371,2023-10-01,Returned,2023-10-04,False,3.0
O000025,C00304,2024-10-24,Delivered,2024-10-29,False,5.0
O000026,C00335,2023-11-17,Placed,,False,
O000027,C00275,2024-09-09,Delivered,2024-09-14,False,5.0
O000028,C00295,2024-01-22,Delivered,2024-01-25,False,3.0
O000029,C00075,2024-05-17,Delivered,2024-05-26,False,9.0
O000030,C00159,2023-12-24,Cancelled,,False,
O000031,C00192,2024-04-01,Cancelled,,False,
O000032,C00229,2023-10-17,Cancelled,,False,
O000033,C00066,2024-07-04,Placed,,False,
O000034,C00081,2023-02-25,Delivered,2023-03-07,False,10.0
O000035,C00218,2024-09-25,Delivered,2024-09-27,False,2.0
O000036,C00167,2024-03-24,Delivered,2024-04-01,False,8.0
O000037,C00234,2023-05-28,Delivered,2023-06-03,False,6.0
O000038,C00395,2023-01-06,Delivered,2023-01-08,False,2.0
O000039,C00379,2024-11-18,Cancelled,,False,
O000040,C00284,2023-08-29,Delivered,2023-09-04,False,6.0
O000041,C00321,2023-01-05,Shipped,,False,
O000042,C00276,2023-03-25,Cancelled,,False,
O000043,C00157,2024-02-19,Shipped,,False,
O000044,C00280,2024-01-08,Placed,,False,
O000045,C00151,2024-11-06,Delivered,2024-11-12,False,6.0
O000046,C00266,2024-10-26,Shipped,,False,
O000047,C00190,2023-03-21,Delivered,2023-03-25,False,4.0
O000048,C00117,2023-03-20,Delivered,2023-03-23,False,3.0
O000049,C00176,2023-04-27,Delivered,2023-05-07,False,10.0
O000050,C00094,2023-07-04,Returned,2023-07-14,False,10.0
O000051,C00328,2023-07-06,Delivered,2023-07-12,False,6.0
O000052,C00267,2023-01-17,Delivered,2023-01-24,False,7.0
O000053,C00182,2023-02-09,Delivered,2023-02-12,False,3.0
O000054,C00312,2023-02-14,Delivered,2023-02-22,False,8.0
O000055,C00040,2024-02-23,Shipped,,False,
O000056,C00080,2024-01-20,Shipped,,False,
O000057,C00278,2024-07-19,Delivered,2024-07-28,False,9.0
O000058,C00123,2023-04-13,Delivered,2023-04-22,False,9.0
O000059,C00119,2023-04-04,Delivered,2023-04-06,False,2.0
O000060,C00076,2024-09-20,Delivered,2024-09-30,False,10.0
O000061,C00011,2024-09-05,Delivered,2024-09-08,False,3.0
O000062,C00118,2024-08-23,Delivered,2024-08-25,False,2.0
O000063,C00319,2024-08-11,Delivered,2024-08-13,False,2.0
O000064,C00398,2024-01-22,Delivered,2024-01-28,False,6.0
O000065,C00278,2023-12-28,Delivered,2024-01-02,False,5.0
O000066,C00086,2024-05-02,Delivered,2024-05-07,False,5.0
O000067,C00225,2023-08-23,Cancelled,,False,
O000068,C00003,2024-01-16,Delivered,2024-01-26,False,10.0
O000069,C00114,2024-05-29,Delivered,2024-06-01,False,3.0
O000070,C00007,2023-01-09,Delivered,2023-01-11,False,2.0
O000071,C00201,2024-03-05,Delivered,2024-03-13,False,8.0
O000072,C00239,2024-03-18,Shipped,,False,
O000073,C00287,2024-06-13,Delivered,2024-06-18,False,5.0
O000074,C00068,2023-08-09,Delivered,2023-08-17,False,8.0
O000075,C00322,2024-10-27,Delivered,2024-11-01,False,5.0
O000076,C00009,2024-08-08,Cancelled,,False,
O000077,C00241,2024-01-07,Delivered,2024-01-10,False,3.0
O000078,C00304,2024-12-18,Shipped,,False,
O000079,C00227,2024-02-11,Delivered,2024-02-21,False,10.0
O000080,C00228,2024-05-02,Returned,2024-05-07,False,5.0
O000081,C00070,2024-07-31,Delivered,2024-08-05,False,5.0
O000082,C00035,2023-12-19,Delivered,2023-12-27,False,8.0
O000083,C00294,2024-10-23,Cancelled,,False,
O000084,C00009,2024-12-11,Delivered,2024-12-16,False,5.0
O000085,C00053,2024-04-11,Delivered,2024-04-19,False,8.0
O000086,C00028,2023-07-10,Delivered,2023-07-11,False,1.0
O000087,C00396,2024-01-16,Delivered,2024-01-19,False,3.0
O000088,C00398,2023-09-11,Shipped,,False,
O000089,C00057,2023-11-16,Shipped,,False,
O000090,C00177,2024-01-05,Cancelled,,False,
O000091,C00066,2023-10-10,Shipped,,False,
O000092,C00145,2024-12-05,Shipped,,False,
O000093,C00383,2024-10-02,Placed,,False,
O000094,C00147,2024-10-22,Cancelled,,False,
O000095,C00266,2024-05-11,Delivered,2024-05-19,False,8.0
O000096,C00293,2024-07-21,Placed,,False,
O000097,C00169,2024-01-08,Shipped,,False,
O000098,C00154,2023-05-13,Cancelled,,False,
O000099,C00392,2023-03-14,Returned,2023-03-22,False,8.0
O000100,C00304,2024-03-01,Delivered,2024-03-10,False,9.0
O000101,C00213,2024-06-15,Shipped,,False,
O000102,C00288,2024-01-02,Delivered,2024-01-04,False,2.0
O000103,C00182,2024-03-29,Cancelled,,False,
O000104,C00164,2024-07-17,Delivered,,True,
O000105,C00243,2023-01-23,Cancelled,,False,
O000106,C00328,2023-09-13,Delivered,2023-09-23,False,10.0
O000107,C00082,2024-12-20,Cancelled,,False,
O000108,C00241,2023-02-27,Delivered,2023-03-06,False,7.0
O000109,C00316,2023-01-12,Delivered,2023-01-17,False,5.0
O000110,C00307,2024-09-01,Delivered,2024-09-06,False,5.0
O000111,C00206,2023-03-29,Delivered,2023-04-01,False,3.0
O000112,C00196,2023-11-28,Placed,,False,
O000113,C00398,2024-09-30,Delivered,2024-10-04,False,4.0
O000114,C00326,2023-01-15,Delivered,2023-01-23,False,8.0
O000115,C00059,2024-05-09,Delivered,2024-05-16,False,7.0
O000116,C00371,2024-12-14,Delivered,2024-12-15,False,1.0
O000117,C00111,2024-06-04,Cancelled,,False,
O000118,C00233,2024-07-28,Placed,,False,
O000119,C00399,2023-10-10,Delivered,2023-10-11,False,1.0
O000120,C00009,2024-10-02,Delivered,2024-10-09,False,7.0
O000121,C00230,2024-12-06,Cancelled,,False,
O000122,C00323,2023-05-02,Delivered,2023-05-03,False,1.0
O000123,C00276,2024-08-03,Shipped,,False,
O000124,C00172,2023-05-18,Cancelled,,False,
O000125,C00366,2023-10-04,Shipped,,False,
O000126,C00380,2024-12-05,Cancelled,,False,
O000127,C00143,2023-02-09,Shipped,,False,
O000128,C00232,2023-02-10,Delivered,2023-02-11,False,1.0
O000129,C00049,2024-04-07,Delivered,2024-04-14,False,7.0
O000130,C00161,2024-04-05,Delivered,2024-04-12,False,7.0
O000131,C00151,2024-11-06,Shipped,,False,
O000132,C00204,2024-05-25,Cancelled,,False,
O000133,C00079,2024-07-24,Placed,,False,
O000134,C00316,2023-11-02,Returned,2023-11-05,False,3.0
O000135,C00273,2023-02-06,Delivered,2023-02-13,False,7.0
O000136,C00267,2024-08-08,Delivered,2024-08-15,False,7.0
O000137,C00105,2024-05-24,Cancelled,,False,
O000138,C00378,2023-08-01,Returned,2023-08-07,False,6.0
O000139,C00270,2023-11-04,Delivered,2023-11-06,False,2.0
O000140,C00168,2024-04-30,Delivered,2024-05-08,False,8.0
O000141,C00251,2023-11-20,Delivered,2023-11-26,False,6.0
O000142,C00089,2023-07-11,Shipped,,False,
O000143,C00075,2023-08-10,Delivered,2023-08-14,False,4.0
O000144,C00360,2024-06-12,Shipped,,False,
O000145,C00193,2024-08-31,Delivered,2024-09-02,False,2.0
O000146,C00323,2023-11-23,Delivered,2023-11-26,False,3.0
O000147,C00225,2024-07-09,Delivered,2024-07-14,False,5.0
O000148,C00044,2023-01-30,Cancelled,,False,
O000149,C00143,2024-09-02,Delivered,2024-09-10,False,8.0
O000150,C00060,2024-04-24,Delivered,2024-05-02,False,8.0
O000151,C00140,2024-11-12,Delivered,2024-11-20,False,8.0
O000152,C00166,2023-06-24,Delivered,2023-06-27,False,3.0
O000153,C00169,2023-09-07,Shipped,,False,
O000154,C00099,2024-03-17,Delivered,2024-03-21,False,4.0
O000155,C00137,2024-08-29,Delivered,2024-09-06,False,8.0
O000156,C00010,2024-10-13,Delivered,2024-10-21,False,8.0
O000157,C00373,2023-04-02,Placed,,False,
O000158,C00167,2023-02-01,Delivered,2023-02-07,False,6.0
O000159,C00102,2023-05-09,Placed,,False,
O000160,C00218,2024-03-01,Cancelled,,False,
O000161,C00396,2023-08-31,Delivered,2023-09-10,False,10.0
O000162,C00030,2024-08-17,Returned,2024-08-25,False,8.0
O000163,C00372,2024-11-15,Delivered,2024-11-25,False,10.0
O000164,C00179,2024-04-25,Delivered,2024-05-01,False,6.0
O000165,C00279,2023-02-22,Returned,2023-03-04,False,10.0
O000166,C00099,2023-06-04,Delivered,2023-06-09,False,5.0
O000167,C00084,2024-09-01,Cancelled,,False,
O000168,C00073,2023-02-23,Delivered,2023-03-03,False,8.0
O000169,C00254,2023-01-13,Returned,2023-01-19,False,6.0
O000170,C00054,2024-09-17,Cancelled,,False,
O000171,C00361,2023-12-12,Delivered,,True,
O000172,C00344,2023-10-18,Shipped,,False,
O000173,C00053,2023-05-05,Placed,,False,
O000174,C00247,2024-10-16,Returned,2024-10-23,False,7.0
O000175,C00094,2023-09-29,Delivered,2023-10-03,False,4.0
O000176,C00021,2023-04-19,Delivered,2023-04-21,False,2.0
O000177,C00140,2023-12-04,Delivered,2023-12-12,False,8.0
O000178,C00296,2023-12-08,Delivered,2023-12-10,False,2.0
O000179,C00354,2024-12-13,Cancelled,,False,
O000180,C00109,2023-09-02,Delivered,2023-09-07,False,5.0
O000181,C00251,2024-07-03,Delivered,2024-07-05,False,2.0
O000182,C00387,2024-10-26,Placed,,False,
O000183,C00103,2024-09-22,Placed,,False,
O000184,C00244,2023-02-16,Shipped,,False,
O000185,C00124,2024-08-18,Shipped,,False,
O000186,C00219,2024-12-11,Delivered,2024-12-16,False,5.0
O000187,C00119,2024-07-25,Shipped,,False,
O000188,C00229,2024-06-03,Delivered,2024-06-07,False,4.0
O000189,C00158,2024-11-17,Placed,,False,
O000190,C00317,2023-02-23,Shipped,,False,
O000191,C00271,2023-11-30,Placed,,False,
O000192,C00032,2023-05-29,Returned,2023-06-05,False,7.0
O000193,C00272,2024-04-14,Shipped,,False,
O000194,C00325,2024-05-15,Delivered,,True,
O000195,C00279,2023-01-06,Returned,2023-01-15,False,9.0
O000196,C00071,2024-01-03,Shipped,,False,
O000197,C00363,2024-08-07,Placed,,False,
O000198,C00143,2024-10-10,Cancelled,,False,
O000199,C00060,2024-09-19,Delivered,2024-09-21,False,2.0
O000200,C00272,2024-09-25,Delivered,2024-10-04,False,9.0
O000201,C00307,2024-08-17,Delivered,2024-08-23,False,6.0
O000202,C00345,2024-04-26,Delivered,2024-05-01,False,5.0
O000203,C00326,2023-03-20,Shipped,,False,
O000204,C00039,2023-10-26,Placed,,False,
O000205,C00014,2024-05-12,Delivered,2024-05-21,False,9.0
O000206,C00017,2023-02-18,Delivered,2023-02-21,False,3.0
O000207,C00310,2024-11-13,Shipped,,False,
O000208,C00188,2023-11-21,Shipped,,False,
O000209,C00095,2023-05-29,Returned,2023-06-03,False,5.0
O000210,C00266,2023-05-23,Shipped,,False,
O000211,C00313,2024-11-24,Returned,2024-12-02,False,8.0
O000212,C00174,2024-03-13,Delivered,2024-03-19,False,6.0
O000213,C00197,2023-05-23,Delivered,2023-05-31,False,8.0
O000214,C00239,2024-04-18,Delivered,2024-04-25,False,7.0
O000215,C00354,2024-10-17,Delivered,2024-10-22,False,5.0
O000216,C00151,2024-03-22,Delivered,2024-03-24,False,2.0
O000217,C00141,2023-05-30,Delivered,2023-06-05,False,6.0
O000218,C00264,2024-10-05,Delivered,2024-10-08,False,3.0
O000219,C00152,2023-01-14,Delivered,2023-01-22,False,8.0
O000220,C00215,2024-09-20,Cancelled,,False,
O000221,C00073,2023-05-15,Delivered,2023-05-21,False,6.0
O000222,C00270,2023-05-09,Shipped,,False,
O000223,C00395,2023-07-21,Placed,,False,
O000224,C00154,2023-03-09,Delivered,2023-03-11,False,2.0
O000225,C00084,2023-10-12,Delivered,2023-10-21,False,9.0
O000226,C00083,2023-08-11,Returned,2023-08-13,False,2.0
O000227,C00067,2024-02-22,Delivered,2024-03-01,False,8.0
O000228,C00139,2023-12-02,Shipped,,False,
O000229,C00015,2024-05-02,Shipped,,False,
O000230,C00317,2023-06-22,Delivered,2023-07-02,False,10.0
O000231,C00331,2024-06-07,Shipped,,False,
O000232,C00079,2023-05-18,Placed,,False,
O000233,C00361,2024-05-19,Shipped,,False,
O000234,C00398,2024-04-15,Placed,,False,
O000235,C00388,2024-11-22,Delivered,2024-12-02,False,10.0
O000236,C00041,2024-11-23,Delivered,2024-11-24,False,1.0
O000237,C00317,2024-08-20,Delivered,2024-08-27,False,7.0
O000238,C00007,2023-03-09,Shipped,,False,
O000239,C00320,2023-10-01,Delivered,2023-10-07,False,6.0
O000240,C00354,2024-01-08,Shipped,,False,
O000241,C00064,2023-02-18,Returned,2023-02-22,False,4.0
O000242,C00142,2023-10-07,Delivered,2023-10-14,False,7.0
O000243,C00354,2024-03-19,Delivered,2024-03-24,False,5.0
O000244,C00053,2024-06-29,Cancelled,,False,
O000245,C00338,2023-09-04,Delivered,2023-09-11,False,7.0
O000246,C00298,2023-10-21,Shipped,,False,
O000247,C00230,2024-04-20,Delivered,2024-04-21,False,1.0
O000248,C00331,2023-01-21,Cancelled,,False,
O000249,C00102,2024-11-04,Delivered,2024-11-07,False,3.0
O000250,C00100,2023-09-15,Cancelled,,False,
O000251,C00025,2024-02-04,Returned,2024-02-06,False,2.0
O000252,C00334,2024-05-01,Returned,2024-05-04,False,3.0
O000253,C00002,2023-11-13,Returned,2023-11-15,False,2.0
O000254,C00351,2023-11-05,Returned,2023-11-10,False,5.0
O000255,C00127,2023-03-24,Delivered,2023-03-30,False,6.0
O000256,C00132,2023-03-09,Delivered,2023-03-18,False,9.0
O000257,C00271,2023-06-11,Delivered,2023-06-14,False,3.0
O000258,C00333,2024-01-22,Shipped,,False,
O000259,C00255,2024-03-15,Delivered,2024-03-18,False,3.0
O000260,C00006,2024-11-20,Shipped,,False,
O000261,C00196,2023-07-31,Shipped,,False,
O000262,C00206,2023-08-30,Delivered,2023-09-09,False,10.0
O000263,C00397,2024-07-24,Placed,,False,
O000264,C00102,2024-01-15,Returned,2024-01-25,False,10.0
O000265,C00185,2024-06-27,Shipped,,False,
O000266,C00206,2024-09-19,Delivered,2024-09-22,False,3.0
O000267,C00088,2024-03-22,Returned,2024-03-23,False,1.0
O000268,C00212,2024-07-30,Shipped,,False,
O000269,C00184,2023-09-10,Delivered,2023-09-11,False,1.0
O000270,C00222,2023-11-28,Placed,,False,
O000271,C00091,2024-10-21,Delivered,2024-10-30,False,9.0
O000272,C00307,2024-10-31,Shipped,,False,
O000273,C00145,2023-10-02,Delivered,2023-10-08,False,6.0
O000274,C00100,2023-03-27,Delivered,2023-04-01,False,5.0
O000275,C00388,2023-02-18,Placed,,False,
O000276,C00203,2024-04-18,Delivered,2024-04-19,False,1.0
O000277,C00368,2023-08-05,Placed,,False,
O000278,C00172,2024-04-16,Cancelled,,False,
O000279,C00106,2024-12-13,Cancelled,,False,
O000280,C00075,2024-04-19,Delivered,2024-04-22,False,3.0
O000281,C00358,2024-03-18,Cancelled,,False,
O000282,C00329,2024-06-24,Delivered,2024-06-26,False,2.0
O000283,C00189,2023-12-19,Shipped,,False,
O000284,C00362,2024-10-30,Delivered,2024-11-02,False,3.0
O000285,C00197,2024-05-20,Shipped,,False,
O000286,C00158,2023-06-28,Placed,,False,
O000287,C00349,2024-05-13,Returned,2024-05-14,False,1.0
O000288,C00010,2023-04-24,Delivered,2023-04-26,False,2.0
O000289,C00378,2023-07-30,Shipped,,False,
O000290,C00197,2023-01-07,Cancelled,,False,
O000291,C00307,2024-06-26,Delivered,2024-07-03,False,7.0
O000292,C00281,2023-12-13,Delivered,2023-12-20,False,7.0
O000293,C00141,2024-10-08,Returned,2024-10-17,False,9.0
O000294,C00225,2024-07-11,Delivered,2024-07-17,False,6.0
O000295,C00159,2024-06-07,Delivered,2024-06-10,False,3.0
O000296,C00094,2024-10-04,Delivered,2024-10-12,False,8.0
O000297,C00186,2024-08-18,Delivered,2024-08-27,False,9.0
O000298,C00358,2024-01-22,Delivered,2024-01-28,False,6.0
O000299,C00044,2024-05-02,Delivered,2024-05-11,False,9.0
O000300,C00331,2024-12-29,Shipped,,False,
O000301,C00114,2023-06-10,Delivered,2023-06-20,False,10.0
O000302,C00266,2024-06-19,Shipped,,False,
O000303,C00063,2023-10-18,Shipped,,False,
O000304,C00154,2024-03-03,Delivered,2024-03-09,False,6.0
O000305,C00046,2024-11-11,Delivered,2024-11-18,False,7.0
O000306,C00049,2023-04-01,Delivered,2023-04-06,False,5.0
O000307,C00255,2024-07-08,Delivered,2024-07-17,False,9.0
O000308,C00330,2024-09-13,Delivered,2024-09-19,False,6.0
O000309,C00095,2023-04-02,Delivered,2023-04-05,False,3.0
O000310,C00094,2024-01-20,Placed,,False,
O000311,C00107,2024-04-20,Delivered,2024-04-27,False,7.0
O000312,C00195,2023-04-14,Delivered,2023-04-17,False,3.0
O000313,C00239,2024-04-07,Placed,,False,
O000314,C00111,2023-12-26,Shipped,,False,
O000315,C00344,2024-07-23,Cancelled,,False,
O000316,C00363,2024-09-05,Placed,,False,
O000317,C00220,2024-11-19,Delivered,2024-11-27,False,8.0
O000318,C00102,2024-03-31,Delivered,2024-04-10,False,10.0
O000319,C00356,2023-01-10,Delivered,2023-01-16,False,6.0
O000320,C00161,2024-09-12,Placed,,False,
O000321,C00194,2024-08-25,Delivered,2024-09-03,False,9.0
O000322,C00343,2024-03-13,Delivered,2024-03-19,False,6.0
O000323,C00243,2023-01-06,Shipped,,False,
O000324,C00116,2023-03-06,Delivered,2023-03-07,False,1.0
O000325,C00019,2023-03-16,Delivered,2023-03-24,False,8.0
O000326,C00337,2023-03-08,Placed,,False,
O000327,C00194,2023-04-15,Delivered,2023-04-22,False,7.0
O000328,C00038,2024-11-22,Delivered,2024-11-26,False,4.0
O000329,C00382,2024-08-09,Delivered,2024-08-16,False,7.0
O000330,C00042,2023-05-30,Delivered,2023-06-04,False,5.0
O000331,C00084,2023-02-28,Delivered,2023-03-01,False,1.0
O000332,C00145,2024-12-12,Delivered,2024-12-22,False,10.0
O000333,C00343,2024-10-16,Delivered,2024-10-20,False,4.0
O000334,C00239,2023-04-28,Delivered,2023-04-29,False,1.0
O000335,C00144,2024-07-21,Shipped,,False,
O000336,C00271,2023-12-13,Delivered,2023-12-19,False,6.0
O000337,C00126,2024-10-13,Returned,2024-10-23,False,10.0
O000338,C00380,2023-08-03,Delivered,2023-08-13,False,10.0
O000339,C00026,2024-04-30,Delivered,2024-05-10,False,10.0
O000340,C00063,2024-03-11,Delivered,2024-03-17,False,6.0
O000341,C00097,2023-12-27,Delivered,2024-01-06,False,10.0
O000342,C00139,2023-10-29,Delivered,2023-11-03,False,5.0
O000343,C00275,2023-07-25,Shipped,,False,
O000344,C00220,2023-11-03,Cancelled,,False,
O000345,C00149,2023-08-03,Shipped,,False,
O000346,C00069,2024-01-19,Delivered,2024-01-27,False,8.0
O000347,C00020,2023-01-24,Delivered,2023-01-27,False,3.0
O000348,C00108,2023-03-07,Delivered,2023-03-13,False,6.0
O000349,C00385,2023-10-18,Shipped,,False,
O000350,C00179,2023-06-25,Cancelled,,False,
O000351,C00225,2023-05-14,Delivered,2023-05-22,False,8.0
O000352,C00036,2024-09-11,Delivered,2024-09-19,False,8.0
O000353,C00274,2023-12-22,Delivered,2023-12-25,False,3.0
O000354,C00397,2024-02-07,Shipped,,False,
O000355,C00223,2024-07-20,Returned,2024-07-29,False,9.0
O000356,C00195,2024-04-17,Delivered,2024-04-21,False,4.0
O000357,C00035,2023-12-01,Delivered,2023-12-09,False,8.0
O000358,C00321,2023-03-21,Delivered,2023-03-24,False,3.0
O000359,C00305,2023-02-18,Cancelled,,False,
O000360,C00293,2023-01-05,Delivered,2023-01-09,False,4.0
O000361,C00115,2024-11-27,Shipped,,False,
O000362,C00217,2024-07-29,Shipped,,False,
O000363,C00194,2024-11-04,Delivered,2024-11-06,False,2.0
O000364,C00017,2024-12-11,Delivered,2024-12-17,False,6.0
O000365,C00041,2023-05-08,Shipped,,False,
O000366,C00250,2024-01-20,Delivered,2024-01-30,False,10.0
O000367,C00117,2023-12-06,Shipped,,False,
O000368,C00240,2024-03-28,Placed,,False,
O000369,C00348,2023-07-29,Placed,,False,
O000370,C00370,2023-07-22,Delivered,2023-07-27,False,5.0
O000371,C00355,2024-03-19,Cancelled,,False,
O000372,C00139,2023-11-04,Delivered,2023-11-07,False,3.0
O000373,C00399,2024-01-19,Delivered,2024-01-26,False,7.0
O000374,C00151,2023-06-16,Delivered,2023-06-22,False,6.0
O000375,C00178,2023-01-29,Shipped,,False,
O000376,C00017,2023-04-05,Delivered,2023-04-15,False,10.0
O000377,C00299,2024-03-13,Delivered,2024-03-22,False,9.0
O000378,C00149,2024-02-12,Placed,,False,
O000379,C00219,2024-06-21,Delivered,2024-06-24,False,3.0
O000380,C00156,2024-08-03,Shipped,,False,
O000381,C00070,2023-06-20,Delivered,2023-06-25,False,5.0
O000382,C00362,2023-04-14,Placed,,False,
O000383,C00395,2023-04-10,Delivered,2023-04-18,False,8.0
O000384,C00188,2024-02-13,Delivered,2024-02-19,False,6.0
O000385,C00008,2023-01-27,Shipped,,False,
O000386,C00203,2023-07-12,Returned,,True,
O000387,C00162,2024-09-13,Delivered,2024-09-15,False,2.0
O000388,C00174,2024-05-31,Shipped,,False,
O000389,C00332,2023-09-07,Shipped,,False,
O000390,C00004,2023-06-14,Cancelled,,False,
O000391,C00330,2024-10-10,Placed,,False,
O000392,C00392,2024-01-26,Delivered,2024-02-02,False,7.0
O000393,C00109,2023-07-12,Delivered,2023-07-19,False,7.0
O000394,C00224,2024-02-02,Delivered,2024-02-05,False,3.0
O000395,C00022,2023-08-13,Delivered,2023-08-16,False,3.0
O000396,C00007,2023-05-07,Returned,2023-05-15,False,8.0
O000397,C00174,2023-08-04,Delivered,2023-08-12,False,8.0
O000398,C00050,2024-02-05,Placed,,False,
O000399,C00263,2024-12-27,Delivered,2025-01-04,False,8.0
O000400,C00322,2023-04-15,Delivered,2023-04-18,False,3.0
O000401,C00262,2023-05-01,Delivered,2023-05-04,False,3.0
O000402,C00386,2024-01-27,Delivered,2024-01-28,False,1.0
O000403,C00037,2023-08-19,Delivered,2023-08-27,False,8.0
O000404,C00005,2024-10-22,Delivered,2024-10-24,False,2.0
O000405,C00375,2024-05-15,Delivered,2024-05-17,False,2.0
O000406,C00119,2024-07-22,Cancelled,,False,
O000407,C00065,2024-06-02,Delivered,2024-06-09,False,7.0
O000408,C00097,2023-10-28,Delivered,2023-11-03,False,6.0
O000409,C00213,2023-05-18,Delivered,2023-05-23,False,5.0
O000410,C00152,2024-07-02,Placed,,False,
O000411,C00364,2023-06-07,Returned,2023-06-08,False,1.0
O000412,C00231,2024-10-17,Delivered,2024-10-22,False,5.0
O000413,C00216,2023-05-07,Delivered,2023-05-17,False,10.0
O000414,C00077,2024-02-03,Delivered,2024-02-12,False,9.0
O000415,C00344,2024-10-16,Delivered,2024-10-26,False,10.0
O000416,C00336,2023-11-09,Delivered,2023-11-11,False,2.0
O000417,C00357,2023-01-11,Delivered,2023-01-14,False,3.0
O000418,C00186,2023-01-08,Delivered,2023-01-12,False,4.0
O000419,C00195,2024-06-20,Shipped,,False,
O000420,C00030,2023-12-13,Cancelled,,False,
O000421,C00064,2023-08-07,Delivered,2023-08-11,False,4.0
O000422,C00031,2023-02-28,Placed,,False,
O000423,C00023,2023-07-22,Delivered,2023-07-29,False,7.0
O000424,C00150,2023-04-22,Delivered,2023-04-25,False,3.0
O000425,C00123,2024-11-13,Returned,2024-11-18,False,5.0
O000426,C00253,2023-06-09,Delivered,2023-06-13,False,4.0
O000427,C00016,2024-09-24,Delivered,2024-09-26,False,2.0
O000428,C00209,2024-09-17,Shipped,,False,
O000429,C00084,2024-03-12,Delivered,2024-03-19,False,7.0
O000430,C00205,2023-04-23,Delivered,2023-04-30,False,7.0
O000431,C00203,2023-11-26,Delivered,2023-12-06,False,10.0
O000432,C00121,2024-11-30,Delivered,2024-12-06,False,6.0
O000433,C00316,2023-05-04,Delivered,2023-05-08,False,4.0
O000434,C00115,2024-03-04,Delivered,2024-03-13,False,9.0
O000435,C00209,2023-01-23,Delivered,2023-01-26,False,3.0
O000436,C00280,2024-05-21,Cancelled,,False,
O000437,C00212,2023-07-31,Placed,,False,
O000438,C00318,2024-06-21,Delivered,2024-06-26,False,5.0
O000439,C00214,2023-05-17,Cancelled,,False,
O000440,C00228,2023-03-27,Delivered,2023-04-02,False,6.0
O000441,C00122,2023-06-30,Returned,2023-07-10,False,10.0
O000442,C00367,2024-03-20,Shipped,,False,
O000443,C00051,2024-02-08,Shipped,,False,
O000444,C00077,2023-01-13,Placed,,False,
O000445,C00021,2023-02-14,Shipped,,False,
O000446,C00222,2024-07-09,Cancelled,,False,
O000447,C00065,2023-01-22,Shipped,,False,
O000448,C00174,2023-04-26,Shipped,,False,
O000449,C00126,2024-06-27,Delivered,2024-06-30,False,3.0
O000450,C00110,2023-03-20,Cancelled,,False,
O000451,C00030,2024-08-14,Returned,2024-08-16,False,2.0
O000452,C00337,2024-02-28,Delivered,2024-03-03,False,4.0
O000453,C00245,2023-01-18,Delivered,2023-01-20,False,2.0
O000454,C00320,2023-09-06,Cancelled,,False,
O000455,C00227,2024-12-13,Delivered,2024-12-23,False,10.0
O000456,C00388,2024-03-02,Delivered,2024-03-05,False,3.0
O000457,C00218,2023-02-02,Delivered,2023-02-03,False,1.0
O000458,C00159,2024-06-18,Returned,2024-06-25,False,7.0
O000459,C00088,2024-05-03,Delivered,2024-05-10,False,7.0
O000460,C00167,2023-06-16,Shipped,,False,
O000461,C00341,2024-10-15,Shipped,,False,
O000462,C00344,2023-12-31,Delivered,2024-01-09,False,9.0
O000463,C00250,2024-11-29,Placed,,False,
O000464,C00399,2024-06-12,Delivered,2024-06-18,False,6.0
O000465,C00110,2024-11-30,Shipped,,False,
O000466,C00204,2023-04-10,Shipped,,False,
O000467,C00321,2023-10-30,Placed,,False,
O000468,C00008,2023-05-07,Delivered,2023-05-12,False,5.0
O000469,C00235,2024-02-28,Delivered,2024-02-29,False,1.0
O000470,C00113,2023-01-09,Cancelled,,False,
O000471,C00050,2024-04-22,Delivered,2024-04-30,False,8.0
O000472,C00194,2023-11-21,Returned,2023-11-29,False,8.0
O000473,C00130,2024-03-16,Shipped,,False,
O000474,C00070,2023-06-30,Shipped,,False,
O000475,C00100,2023-08-08,Shipped,,False,
O000476,C00123,2024-12-14,Delivered,2024-12-21,False,7.0
O000477,C00347,2023-11-21,Shipped,,False,
O000478,C00370,2023-01-04,Returned,2023-01-12,False,8.0
O000479,C00309,2024-03-06,Delivered,2024-03-10,False,4.0
O000480,C00270,2024-05-29,Delivered,2024-06-06,False,8.0
O000481,C00171,2023-07-01,Delivered,2023-07-08,False,7.0
O000482,C00149,2024-09-30,Placed,,False,
O000483,C00170,2023-08-17,Delivered,2023-08-19,False,2.0
O000484,C00197,2024-11-20,Placed,,False,
O000485,C00171,2024-06-15,Delivered,2024-06-19,False,4.0
O000486,C00107,2024-06-13,Delivered,2024-06-22,False,9.0
O000487,C00079,2024-08-30,Placed,,False,
O000488,C00347,2023-05-14,Delivered,2023-05-17,False,3.0
O000489,C00237,2023-02-22,Placed,,False,
O000490,C00345,2023-04-20,Delivered,2023-04-22,False,2.0
O000491,C00184,2023-08-04,Delivered,2023-08-12,False,8.0
O000492,C00378,2023-12-18,Delivered,,True,
O000493,C00259,2023-04-28,Placed,,False,
O000494,C00248,2024-10-29,Delivered,2024-11-05,False,7.0
O000495,C00225,2024-05-14,Cancelled,,False,
O000496,C00105,2023-03-07,Shipped,,False,
O000497,C00081,2023-08-09,Delivered,,True,
O000498,C00242,2023-11-26,Delivered,2023-12-06,False,10.0
O000499,C00049,2024-03-07,Delivered,2024-03-11,False,4.0
O000500,C00092,2024-10-21,Returned,2024-10-26,False,5.0
O000501,C00127,2023-11-21,Delivered,2023-11-27,False,6.0
O000502,C00006,2024-05-20,Returned,2024-05-30,False,10.0
O000503,C00374,2024-03-22,Shipped,,False,
O000504,C00154,2023-04-24,Returned,2023-05-04,False,10.0
O000505,C00198,2023-05-06,Delivered,2023-05-14,False,8.0
O000506,C00124,2024-11-06,Delivered,2024-11-08,False,2.0
O000507,C00043,2023-11-17,Delivered,2023-11-26,False,9.0
O000508,C00045,2023-07-27,Shipped,,False,
O000509,C00222,2023-04-23,Placed,,False,
O000510,C00196,2023-08-06,Delivered,2023-08-12,False,6.0
O000511,C00103,2023-10-10,Delivered,2023-10-12,False,2.0
O000512,C00163,2023-03-09,Shipped,,False,
O000513,C00343,2023-04-07,Delivered,2023-04-15,False,8.0
O000514,C00348,2023-01-14,Delivered,2023-01-16,False,2.0
O000515,C00328,2023-01-02,Cancelled,,False,
O000516,C00285,2023-08-22,Delivered,2023-08-24,False,2.0
O000517,C00121,2023-12-28,Delivered,2024-01-07,False,10.0
O000518,C00069,2023-09-08,Delivered,2023-09-14,False,6.0
O000519,C00127,2024-10-03,Cancelled,,False,
O000520,C00339,2023-11-13,Placed,,False,
O000521,C00220,2024-05-25,Delivered,2024-06-04,False,10.0
O000522,C00266,2023-08-11,Cancelled,,False,
O000523,C00209,2024-11-12,Shipped,,False,
O000524,C00114,2024-04-29,Shipped,,False,
O000525,C00008,2024-11-30,Delivered,2024-12-04,False,4.0
O000526,C00166,2024-07-12,Delivered,2024-07-19,False,7.0
O000527,C00264,2024-03-07,Delivered,2024-03-12,False,5.0
O000528,C00102,2023-01-07,Cancelled,,False,
O000529,C00176,2023-03-04,Delivered,2023-03-05,False,1.0
O000530,C00116,2023-01-07,Delivered,,True,
O000531,C00216,2024-04-30,Cancelled,,False,
O000532,C00005,2023-07-08,Cancelled,,False,
O000533,C00168,2023-10-24,Delivered,2023-11-01,False,8.0
O000534,C00301,2024-02-03,Delivered,2024-02-04,False,1.0
O000535,C00161,2024-06-21,Delivered,2024-06-27,False,6.0
O000536,C00049,2024-05-10,Returned,2024-05-13,False,3.0
O000537,C00069,2023-06-12,Placed,,False,
O000538,C00320,2023-03-07,Delivered,2023-03-15,False,8.0
O000539,C00060,2024-04-05,Shipped,,False,
O000540,C00317,2023-06-15,Cancelled,,False,
O000541,C00008,2023-01-06,Delivered,2023-01-08,False,2.0
O000542,C00393,2024-01-21,Delivered,2024-01-23,False,2.0
O000543,C00285,2023-09-15,Delivered,2023-09-20,False,5.0
O000544,C00275,2024-12-15,Delivered,2024-12-20,False,5.0
O000545,C00289,2023-03-02,Shipped,,False,
O000546,C00387,2023-02-06,Returned,2023-02-16,False,10.0
O000547,C00044,2023-10-05,Shipped,,False,
O000548,C00291,2023-01-27,Delivered,2023-01-28,False,1.0
O000549,C00196,2024-12-19,Delivered,2024-12-29,False,10.0
O000550,C00278,2024-07-03,Placed,,False,
O000551,C00154,2023-11-18,Delivered,2023-11-23,False,5.0
O000552,C00075,2024-01-11,Delivered,2024-01-20,False,9.0
O000553,C00134,2023-07-28,Cancelled,,False,
O000554,C00386,2024-04-09,Placed,,False,
O000555,C00092,2024-01-27,Delivered,2024-02-03,False,7.0
O000556,C00206,2024-08-28,Delivered,2024-09-07,False,10.0
O000557,C00279,2024-08-04,Delivered,2024-08-12,False,8.0
O000558,C00138,2024-07-09,Delivered,2024-07-19,False,10.0
O000559,C00086,2024-03-30,Placed,,False,
O000560,C00283,2024-07-18,Returned,2024-07-23,False,5.0
O000561,C00162,2023-04-28,Placed,,False,
O000562,C00154,2024-09-06,Delivered,2024-09-08,False,2.0
O000563,C00012,2023-10-17,Placed,,False,
O000564,C00285,2023-06-03,Placed,,False,
O000565,C00114,2024-11-03,Delivered,2024-11-05,False,2.0
O000566,C00345,2024-06-24,Delivered,2024-07-03,False,9.0
O000567,C00243,2023-04-29,Delivered,2023-05-06,False,7.0
O000568,C00253,2024-07-04,Delivered,2024-07-14,False,10.0
O000569,C00105,2023-07-22,Cancelled,,False,
O000570,C00071,2024-06-11,Cancelled,,False,
O000571,C00041,2023-04-21,Placed,,False,
O000572,C00037,2023-03-27,Cancelled,,False,
O000573,C00047,2023-04-10,Delivered,2023-04-20,False,10.0
O000574,C00041,2023-11-18,Delivered,2023-11-23,False,5.0
O000575,C00307,2023-04-19,Delivered,2023-04-28,False,9.0
O000576,C00382,2023-01-07,Cancelled,,False,
O000577,C00295,2024-03-31,Delivered,2024-04-05,False,5.0
O000578,C00207,2023-03-18,Shipped,,False,
O000579,C00147,2024-11-07,Placed,,False,
O000580,C00257,2024-11-20,Delivered,2024-11-28,False,8.0
O000581,C00078,2024-05-17,Delivered,2024-05-18,False,1.0
O000582,C00367,2023-10-27,Delivered,2023-11-06,False,10.0
O000583,C00203,2023-04-27,Delivered,2023-05-05,False,8.0
O000584,C00107,2024-02-26,Cancelled,,False,
O000585,C00112,2023-08-15,Cancelled,,False,
O000586,C00400,2024-07-06,Returned,2024-07-08,False,2.0
O000587,C00315,2024-07-02,Cancelled,,False,
O000588,C00121,2023-02-06,Delivered,2023-02-15,False,9.0
O000589,C00071,2023-10-04,Placed,,False,
O000590,C00116,2023-11-28,Delivered,2023-12-06,False,8.0
O000591,C00005,2023-10-19,Delivered,2023-10-27,False,8.0
O000592,C00313,2024-01-14,Delivered,2024-01-20,False,6.0
O000593,C00380,2024-08-30,Placed,,False,
O000594,C00007,2024-08-01,Delivered,2024-08-10,False,9.0
O000595,C00164,2023-05-11,Shipped,,False,
O000596,C00393,2024-06-21,Shipped,,False,
O000597,C00348,2023-10-25,Delivered,2023-10-31,False,6.0
O000598,C00219,2023-07-03,Delivered,2023-07-04,False,1.0
O000599,C00046,2024-04-24,Shipped,,False,
O000600,C00012,2024-08-21,Delivered,2024-08-26,False,5.0
O000601,C00206,2024-07-31,Shipped,,False,
O000602,C00213,2023-04-04,Shipped,,False,
O000603,C00399,2023-05-01,Delivered,2023-05-08,False,7.0
O000604,C00214,2024-12-29,Cancelled,,False,
O000605,C00017,2024-11-17,Delivered,2024-11-26,False,9.0
O000606,C00273,2024-06-22,Placed,,False,
O000607,C00209,2023-01-14,Delivered,2023-01-22,False,8.0
O000608,C00001,2024-10-25,Cancelled,,False,
O000609,C00295,2023-02-27,Delivered,2023-03-08,False,9.0
O000610,C00321,2024-08-23,Delivered,2024-08-30,False,7.0
O000611,C00399,2023-06-01,Placed,,False,
O000612,C00377,2024-04-22,Cancelled,,False,
O000613,C00336,2023-07-10,Delivered,2023-07-13,False,3.0
O000614,C00057,2024-10-19,Delivered,2024-10-24,False,5.0
O000615,C00051,2023-10-30,Delivered,2023-11-07,False,8.0
O000616,C00062,2024-08-05,Returned,2024-08-10,False,5.0
O000617,C00105,2023-07-10,Shipped,,False,
O000618,C00220,2023-06-12,Delivered,2023-06-14,False,2.0
O000619,C00322,2024-12-12,Delivered,2024-12-16,False,4.0
O000620,C00012,2023-10-03,Delivered,2023-10-08,False,5.0
O000621,C00263,2023-04-03,Delivered,2023-04-11,False,8.0
O000622,C00239,2024-01-19,Delivered,2024-01-27,False,8.0
O000623,C00384,2024-02-14,Cancelled,,False,
O000624,C00377,2024-05-28,Delivered,2024-05-30,False,2.0
O000625,C00002,2024-10-31,Delivered,2024-11-07,False,7.0
O000626,C00303,2024-11-02,Cancelled,,False,
O000627,C00102,2024-02-16,Delivered,2024-02-21,False,5.0
O000628,C00241,2024-04-29,Cancelled,,False,
O000629,C00323,2024-01-28,Shipped,,False,
O000630,C00345,2024-05-16,Delivered,2024-05-22,False,6.0
O000631,C00228,2023-11-01,Placed,,False,
O000632,C00007,2024-09-24,Cancelled,,False,
O000633,C00028,2023-07-08,Delivered,2023-07-10,False,2.0
O000634,C00001,2023-08-09,Delivered,2023-08-12,False,3.0
O000635,C00251,2023-10-19,Placed,,False,
O000636,C00009,2023-10-22,Cancelled,,False,
O000637,C00304,2024-05-25,Delivered,2024-05-30,False,5.0
O000638,C00373,2023-03-27,Delivered,2023-04-01,False,5.0
O000639,C00197,2023-01-24,Delivered,2023-01-28,False,4.0
O000640,C00271,2024-08-07,Shipped,,False,
O000641,C00319,2024-05-21,Delivered,2024-05-24,False,3.0
O000642,C00284,2023-06-26,Delivered,2023-07-03,False,7.0
O000643,C00169,2024-05-30,Delivered,2024-05-31,False,1.0
O000644,C00182,2024-10-31,Delivered,2024-11-03,False,3.0
O000645,C00069,2023-07-31,Delivered,2023-08-10,False,10.0
O000646,C00176,2023-06-13,Delivered,2023-06-14,False,1.0
O000647,C00330,2023-01-25,Delivered,2023-01-30,False,5.0
O000648,C00160,2024-10-06,Delivered,2024-10-08,False,2.0
O000649,C00124,2024-05-09,Delivered,2024-05-11,False,2.0
O000650,C00008,2023-06-01,Delivered,2023-06-07,False,6.0
O000651,C00337,2023-05-12,Delivered,2023-05-17,False,5.0
O000652,C00338,2024-08-21,Delivered,2024-08-30,False,9.0
O000653,C00171,2024-01-23,Delivered,2024-01-31,False,8.0
O000654,C00221,2024-05-25,Delivered,2024-05-26,False,1.0
O000655,C00231,2024-06-03,Delivered,2024-06-12,False,9.0
O000656,C00246,2023-09-20,Delivered,2023-09-24,False,4.0
O000657,C00329,2023-08-01,Shipped,,False,
O000658,C00042,2024-08-26,Delivered,2024-08-27,False,1.0
O000659,C00382,2024-08-26,Delivered,2024-08-27,False,1.0
O000660,C00127,2024-11-25,Delivered,2024-11-27,False,2.0
O000661,C00018,2023-07-03,Delivered,2023-07-05,False,2.0
O000662,C00375,2024-04-28,Delivered,2024-05-02,False,4.0
O000663,C00283,2024-11-09,Delivered,2024-11-17,False,8.0
O000664,C00243,2024-04-05,Delivered,,True,
O000665,C00008,2024-04-12,Placed,,False,
O000666,C00012,2024-01-27,Delivered,2024-01-31,False,4.0
O000667,C00089,2024-12-05,Shipped,,False,
O000668,C00181,2024-02-28,Cancelled,,False,
O000669,C00203,2023-09-24,Delivered,2023-09-25,False,1.0
O000670,C00273,2024-04-01,Shipped,,False,
O000671,C00083,2023-03-03,Delivered,2023-03-04,False,1.0
O000672,C00147,2023-04-26,Shipped,,False,
O000673,C00224,2023-03-16,Cancelled,,False,
O000674,C00083,2024-12-10,Cancelled,,False,
O000675,C00349,2024-08-21,Delivered,2024-08-25,False,4.0
O000676,C00330,2024-09-08,Delivered,2024-09-10,False,2.0
O000677,C00085,2023-12-30,Shipped,,False,
O000678,C00111,2024-08-27,Placed,,False,
O000679,C00107,2024-03-01,Shipped,,False,
O000680,C00254,2024-10-29,Shipped,,False,
O000681,C00189,2023-02-09,Delivered,2023-02-14,False,5.0
O000682,C00069,2024-05-24,Delivered,2024-05-29,False,5.0
O000683,C00189,2023-02-05,Cancelled,,False,
O000684,C00194,2023-04-26,Delivered,2023-05-05,False,9.0
O000685,C00268,2023-05-12,Delivered,2023-05-22,False,10.0
O000686,C00352,2023-07-20,Shipped,,False,
O000687,C00216,2023-09-13,Delivered,2023-09-18,False,5.0
O000688,C00011,2024-01-30,Placed,,False,
O000689,C00019,2023-06-15,Delivered,2023-06-23,False,8.0
O000690,C00206,2024-07-12,Shipped,,False,
O000691,C00198,2023-12-17,Delivered,2023-12-24,False,7.0
O000692,C00022,2023-05-10,Delivered,2023-05-12,False,2.0
O000693,C00177,2023-12-29,Delivered,2024-01-07,False,9.0
O000694,C00070,2024-10-11,Shipped,,False,
O000695,C00076,2023-10-31,Cancelled,,False,
O000696,C00078,2023-03-02,Shipped,,False,
O000697,C00108,2024-08-28,Shipped,,False,
O000698,C00250,2023-07-30,Shipped,,False,
O000699,C00203,2024-03-24,Cancelled,,False,
O000700,C00321,2024-12-27,Delivered,2024-12-29,False,2.0
O000701,C00122,2023-10-10,Delivered,2023-10-15,False,5.0
O000702,C00331,2023-09-06,Delivered,2023-09-11,False,5.0
O000703,C00378,2023-09-02,Delivered,2023-09-12,False,10.0
O000704,C00227,2023-08-10,Shipped,,False,
O000705,C00235,2023-12-19,Returned,2023-12-27,False,8.0
O000706,C00317,2024-02-15,Delivered,2024-02-17,False,2.0
O000707,C00306,2024-09-28,Delivered,2024-10-02,False,4.0
O000708,C00140,2024-10-19,Delivered,2024-10-22,False,3.0
O000709,C00293,2024-11-10,Cancelled,,False,
O000710,C00346,2024-03-29,Shipped,,False,
O000711,C00257,2023-09-09,Delivered,,True,
O000712,C00072,2024-02-29,Delivered,2024-03-07,False,7.0
O000713,C00187,2023-11-24,Delivered,2023-11-27,False,3.0
O000714,C00238,2023-11-18,Cancelled,,False,
O000715,C00363,2024-09-25,Delivered,2024-09-28,False,3.0
O000716,C00369,2023-01-29,Delivered,2023-02-01,False,3.0
O000717,C00388,2024-06-04,Shipped,,False,
O000718,C00375,2024-02-28,Delivered,2024-03-09,False,10.0
O000719,C00176,2023-04-02,Returned,2023-04-09,False,7.0
O000720,C00052,2024-02-16,Shipped,,False,
O000721,C00100,2023-09-21,Cancelled,,False,
O000722,C00242,2024-07-30,Cancelled,,False,
O000723,C00226,2024-11-30,Delivered,2024-12-08,False,8.0
O000724,C00295,2023-11-16,Shipped,,False,
O000725,C00142,2024-04-10,Delivered,2024-04-18,False,8.0
O000726,C00163,2024-05-17,Delivered,2024-05-25,False,8.0
O000727,C00284,2023-11-25,Delivered,2023-12-04,False,9.0
O000728,C00393,2024-03-12,Delivered,2024-03-20,False,8.0
O000729,C00020,2024-08-07,Shipped,,False,
O000730,C00205,2024-01-30,Delivered,2024-02-06,False,7.0
O000731,C00368,2023-08-15,Placed,,False,
O000732,C00007,2023-04-30,Placed,,False,
O000733,C00048,2024-11-15,Cancelled,,False,
O000734,C00224,2024-05-14,Delivered,2024-05-21,False,7.0
O000735,C00101,2023-09-20,Delivered,2023-09-30,False,10.0
O000736,C00239,2024-05-24,Shipped,,False,
O000737,C00101,2023-05-27,Delivered,2023-05-31,False,4.0
O000738,C00377,2023-09-14,Delivered,2023-09-15,False,1.0
O000739,C00370,2024-03-25,Cancelled,,False,
O000740,C00330,2023-01-18,Delivered,2023-01-24,False,6.0
O000741,C00359,2024-08-03,Cancelled,,False,
O000742,C00386,2024-05-02,Delivered,2024-05-12,False,10.0
O000743,C00277,2024-04-10,Cancelled,,False,
O000744,C00354,2023-05-28,Delivered,2023-06-06,False,9.0
O000745,C00252,2024-01-08,Delivered,2024-01-17,False,9.0
O000746,C00252,2024-07-15,Delivered,2024-07-22,False,7.0
O000747,C00181,2024-09-30,Placed,,False,
O000748,C00225,2024-01-31,Delivered,2024-02-10,False,10.0
O000749,C00308,2024-09-19,Delivered,2024-09-21,False,2.0
O000750,C00263,2023-12-06,Delivered,2023-12-10,False,4.0
O000751,C00313,2024-05-01,Delivered,2024-05-03,False,2.0
O000752,C00255,2024-02-24,Delivered,2024-02-29,False,5.0
O000753,C00035,2024-01-26,Delivered,2024-02-05,False,10.0
O000754,C00144,2023-03-29,Placed,,False,
O000755,C00099,2024-03-03,Delivered,2024-03-12,False,9.0
O000756,C00262,2024-10-26,Delivered,2024-11-02,False,7.0
O000757,C00046,2023-01-11,Placed,,False,
O000758,C00131,2023-05-16,Delivered,2023-05-24,False,8.0
O000759,C00281,2024-11-13,Cancelled,,False,
O000760,C00222,2023-09-06,Shipped,,False,
O000761,C00121,2023-12-16,Placed,,False,
O000762,C00392,2023-04-04,Delivered,2023-04-08,False,4.0
O000763,C00115,2024-05-02,Delivered,2024-05-05,False,3.0
O000764,C00134,2023-06-30,Delivered,2023-07-10,False,10.0
O000765,C00165,2023-08-22,Delivered,2023-08-27,False,5.0
O000766,C00123,2023-03-08,Placed,,False,
O000767,C00260,2024-04-01,Returned,2024-04-07,False,6.0
O000768,C00354,2024-05-15,Delivered,2024-05-19,False,4.0
O000769,C00166,2023-11-29,Delivered,2023-12-07,False,8.0
O000770,C00133,2023-08-11,Placed,,False,
O000771,C00224,2024-05-13,Delivered,2024-05-16,False,3.0
O000772,C00217,2024-12-23,Delivered,2024-12-27,False,4.0
O000773,C00116,2024-12-01,Delivered,2024-12-10,False,9.0
O000774,C00016,2023-08-03,Delivered,2023-08-09,False,6.0
O000775,C00117,2024-12-26,Delivered,2024-12-30,False,4.0
O000776,C00369,2023-09-30,Delivered,2023-10-05,False,5.0
O000777,C00084,2023-10-07,Delivered,2023-10-16,False,9.0
O000778,C00382,2024-06-20,Delivered,2024-06-27,False,7.0
O000779,C00022,2023-01-26,Delivered,2023-01-28,False,2.0
O000780,C00306,2023-04-21,Delivered,2023-04-26,False,5.0
O000781,C00376,2023-05-26,Cancelled,,False,
O000782,C00232,2023-07-02,Delivered,2023-07-07,False,5.0
O000783,C00392,2024-12-31,Delivered,2025-01-03,False,3.0
O000784,C00278,2023-12-18,Delivered,2023-12-27,False,9.0
O000785,C00147,2023-01-25,Delivered,2023-02-02,False,8.0
O000786,C00217,2024-02-01,Delivered,2024-02-09,False,8.0
O000787,C00376,2024-06-05,Delivered,2024-06-15,False,10.0
O000788,C00333,2023-05-03,Delivered,2023-05-07,False,4.0
O000789,C00225,2023-07-24,Delivered,2023-07-28,False,4.0
O000790,C00213,2023-07-05,Shipped,,False,
O000791,C00222,2023-01-01,Delivered,2023-01-06,False,5.0
O000792,C00334,2024-01-17,Delivered,2024-01-22,False,5.0
O000793,C00245,2023-05-04,Delivered,2023-05-05,False,1.0
O000794,C00055,2024-12-09,Shipped,,False,
O000795,C00211,2024-05-05,Cancelled,,False,
O000796,C00254,2024-07-26,Delivered,2024-07-27,False,1.0
O000797,C00098,2024-07-11,Delivered,2024-07-20,False,9.0
O000798,C00338,2024-11-19,Delivered,2024-11-26,False,7.0
O000799,C00131,2024-06-02,Shipped,,False,
O000800,C00232,2023-03-25,Cancelled,,False,
O000801,C00351,2024-07-17,Delivered,2024-07-23,False,6.0
O000802,C00391,2024-02-22,Shipped,,False,
O000803,C00026,2023-05-28,Delivered,2023-06-04,False,7.0
O000804,C00069,2023-10-30,Shipped,,False,
O000805,C00378,2024-03-08,Delivered,2024-03-14,False,6.0
O000806,C00109,2023-02-12,Returned,2023-02-18,False,6.0
O000807,C00111,2023-02-09,Delivered,2023-02-18,False,9.0
O000808,C00189,2023-02-05,Delivered,2023-02-13,False,8.0
O000809,C00305,2024-08-01,Cancelled,,False,
O000810,C00056,2024-05-17,Cancelled,,False,
O000811,C00184,2023-07-23,Delivered,2023-07-30,False,7.0
O000812,C00140,2023-04-29,Shipped,,False,
O000813,C00011,2023-10-13,Delivered,2023-10-15,False,2.0
O000814,C00368,2024-11-11,Delivered,2024-11-17,False,6.0
O000815,C00108,2023-01-12,Placed,,False,
O000816,C00220,2023-11-07,Delivered,2023-11-15,False,8.0
O000817,C00210,2024-10-10,Delivered,2024-10-13,False,3.0
O000818,C00016,2024-10-03,Cancelled,,False,
O000819,C00165,2024-02-09,Shipped,,False,
O000820,C00049,2024-10-12,Shipped,,False,
O000821,C00333,2023-10-15,Delivered,2023-10-21,False,6.0
O000822,C00235,2024-09-11,Delivered,2024-09-19,False,8.0
O000823,C00217,2023-09-03,Shipped,,False,
O000824,C00340,2024-11-16,Shipped,,False,
O000825,C00210,2023-11-25,Delivered,2023-11-28,False,3.0
O000826,C00108,2024-05-10,Returned,2024-05-16,False,6.0
O000827,C00342,2024-02-07,Placed,,False,
O000828,C00262,2024-03-13,Returned,2024-03-21,False,8.0
O000829,C00059,2024-07-02,Shipped,,False,
O000830,C00046,2023-10-11,Delivered,2023-10-21,False,10.0
O000831,C00002,2023-07-28,Delivered,2023-07-30,False,2.0
O000832,C00353,2023-08-14,Shipped,,False,
O000833,C00112,2024-12-30,Delivered,2025-01-06,False,7.0
O000834,C00041,2024-02-02,Delivered,2024-02-04,False,2.0
O000835,C00189,2023-01-25,Shipped,,False,
O000836,C00351,2023-12-23,Delivered,2023-12-28,False,5.0
O000837,C00302,2023-02-07,Delivered,2023-02-09,False,2.0
O000838,C00351,2024-04-08,Delivered,2024-04-13,False,5.0
O000839,C00159,2024-09-27,Delivered,2024-09-30,False,3.0
O000840,C00086,2024-06-30,Delivered,2024-07-06,False,6.0
O000841,C00249,2023-10-06,Cancelled,,False,
O000842,C00189,2023-06-09,Shipped,,False,
O000843,C00276,2023-02-13,Returned,2023-02-21,False,8.0
O000844,C00149,2024-02-19,Delivered,2024-02-28,False,9.0
O000845,C00073,2024-09-10,Delivered,2024-09-11,False,1.0
O000846,C00099,2023-05-24,Delivered,,True,
O000847,C00148,2023-04-14,Delivered,2023-04-21,False,7.0
O000848,C00132,2023-06-19,Returned,2023-06-20,False,1.0
O000849,C00009,2024-04-16,Delivered,2024-04-17,False,1.0
O000850,C00054,2024-06-10,Delivered,2024-06-20,False,10.0
O000851,C00070,2023-10-01,Shipped,,False,
O000852,C00257,2023-02-12,Delivered,2023-02-16,False,4.0
O000853,C00201,2023-01-01,Shipped,,False,
O000854,C00299,2024-11-19,Shipped,,False,
O000855,C00317,2023-12-05,Delivered,2023-12-15,False,10.0
O000856,C00037,2023-11-04,Returned,2023-11-05,False,1.0
O000857,C00138,2024-04-20,Returned,2024-04-29,False,9.0
O000858,C00054,2023-06-07,Delivered,2023-06-09,False,2.0
O000859,C00293,2023-12-01,Delivered,2023-12-03,False,2.0
O000860,C00159,2024-12-15,Shipped,,False,
O000861,C00140,2024-01-01,Placed,,False,
O000862,C00108,2024-05-17,Delivered,2024-05-26,False,9.0
O000863,C00276,2023-08-18,Placed,,False,
O000864,C00190,2024-12-23,Delivered,2024-12-28,False,5.0
O000865,C00020,2023-05-01,Shipped,,False,
O000866,C00392,2024-05-08,Delivered,2024-05-17,False,9.0
O000867,C00128,2023-02-02,Delivered,2023-02-10,False,8.0
O000868,C00133,2023-01-08,Returned,2023-01-16,False,8.0
O000869,C00370,2023-07-04,Placed,,False,
O000870,C00338,2023-12-07,Cancelled,,False,
O000871,C00055,2023-02-10,Returned,2023-02-15,False,5.0
O000872,C00243,2024-08-28,Delivered,2024-08-29,False,1.0
O000873,C00343,2024-03-16,Returned,2024-03-21,False,5.0
O000874,C00073,2023-08-29,Delivered,2023-09-07,False,9.0
O000875,C00058,2023-09-09,Placed,,False,
O000876,C00018,2024-01-06,Delivered,2024-01-15,False,9.0
O000877,C00343,2023-09-03,Delivered,2023-09-08,False,5.0
O000878,C00399,2024-07-01,Delivered,2024-07-11,False,10.0
O000879,C00359,2023-07-13,Returned,2023-07-23,False,10.0
O000880,C00123,2024-06-18,Shipped,,False,
O000881,C00319,2023-08-06,Shipped,,False,
O000882,C00241,2024-05-21,Delivered,2024-05-27,False,6.0
O000883,C00352,2023-12-30,Returned,2024-01-05,False,6.0
O000884,C00226,2024-08-31,Delivered,2024-09-08,False,8.0
O000885,C00120,2023-02-09,Placed,,False,
O000886,C00223,2023-03-18,Delivered,2023-03-23,False,5.0
O000887,C00159,2023-05-21,Delivered,2023-05-27,False,6.0
O000888,C00339,2023-11-15,Delivered,2023-11-17,False,2.0
O000889,C00320,2023-04-06,Delivered,2023-04-09,False,3.0
O000890,C00273,2024-02-20,Shipped,,False,
O000891,C00388,2024-12-18,Delivered,2024-12-21,False,3.0
O000892,C00129,2023-07-12,Delivered,2023-07-22,False,10.0
O000893,C00223,2024-08-15,Delivered,2024-08-17,False,2.0
O000894,C00288,2023-07-08,Delivered,2023-07-12,False,4.0
O000895,C00055,2023-03-15,Shipped,,False,
O000896,C00392,2023-04-24,Delivered,2023-05-02,False,8.0
O000897,C00223,2024-01-23,Delivered,2024-01-27,False,4.0
O000898,C00127,2024-03-23,Delivered,2024-03-26,False,3.0
O000899,C00245,2024-02-28,Cancelled,,False,
O000900,C00006,2023-12-23,Delivered,2023-12-28,False,5.0
O000901,C00084,2023-04-23,Delivered,2023-04-25,False,2.0
O000902,C00246,2024-11-15,Cancelled,,False,
O000903,C00082,2024-07-21,Delivered,2024-07-24,False,3.0
O000904,C00316,2024-08-01,Delivered,2024-08-11,False,10.0
O000905,C00357,2023-08-22,Returned,2023-08-24,False,2.0
O000906,C00101,2023-03-16,Delivered,2023-03-24,False,8.0
O000907,C00020,2024-02-23,Returned,2024-03-02,False,8.0
O000908,C00159,2023-09-14,Delivered,2023-09-18,False,4.0
O000909,C00176,2023-04-13,Delivered,2023-04-23,False,10.0
O000910,C00127,2023-07-17,Cancelled,,False,
O000911,C00201,2023-07-22,Delivered,2023-07-26,False,4.0
O000912,C00286,2023-11-03,Shipped,,False,
O000913,C00254,2023-08-23,Delivered,2023-09-01,False,9.0
O000914,C00283,2024-03-31,Delivered,2024-04-01,False,1.0
O000915,C00117,2024-12-18,Returned,2024-12-25,False,7.0
O000916,C00332,2023-02-21,Cancelled,,False,
O000917,C00144,2024-06-21,Placed,,False,
O000918,C00257,2024-12-16,Placed,,False,
O000919,C00394,2023-11-26,Shipped,,False,
O000920,C00299,2024-10-14,Placed,,False,
O000921,C00306,2024-01-24,Delivered,2024-01-29,False,5.0
O000922,C00095,2023-03-20,Shipped,,False,
O000923,C00132,2024-03-21,Placed,,False,
O000924,C00261,2023-12-20,Delivered,2023-12-29,False,9.0
O000925,C00150,2024-06-07,Returned,2024-06-08,False,1.0
O000926,C00393,2024-04-26,Delivered,2024-05-06,False,10.0
O000927,C00108,2023-09-16,Shipped,,False,
O000928,C00021,2023-07-01,Returned,2023-07-05,False,4.0
O000929,C00022,2023-06-24,Delivered,2023-06-29,False,5.0
O000930,C00344,2024-06-25,Shipped,,False,
O000931,C00077,2024-01-18,Cancelled,,False,
O000932,C00381,2023-01-24,Delivered,2023-01-29,False,5.0
O000933,C00376,2023-09-05,Delivered,2023-09-10,False,5.0
O000934,C00193,2024-10-16,Returned,2024-10-20,False,4.0
O000935,C00243,2024-12-26,Delivered,2024-12-29,False,3.0
O000936,C00272,2023-05-07,Placed,,False,
O000937,C00217,2023-08-20,Cancelled,,False,
O000938,C00204,2023-12-02,Placed,,False,
O000939,C00289,2024-02-29,Delivered,2024-03-09,False,9.0
O000940,C00236,2024-09-02,Returned,2024-09-03,False,1.0
O000941,C00184,2023-11-15,Placed,,False,
O000942,C00280,2024-06-26,Delivered,2024-07-03,False,7.0
O000943,C00127,2023-12-10,Delivered,2023-12-15,False,5.0
O000944,C00226,2023-04-30,Delivered,2023-05-01,False,1.0
O000945,C00280,2024-09-14,Cancelled,,False,
O000946,C00221,2023-02-23,Delivered,2023-03-03,False,8.0
O000947,C00205,2024-07-21,Delivered,2024-07-25,False,4.0
O000948,C00191,2023-08-06,Delivered,2023-08-08,False,2.0
O000949,C00194,2023-10-24,Delivered,2023-11-01,False,8.0
O000950,C00320,2024-10-01,Cancelled,,False,
O000951,C00238,2024-01-10,Delivered,2024-01-14,False,4.0
O000952,C00230,2024-08-06,Delivered,2024-08-09,False,3.0
O000953,C00348,2024-03-16,Delivered,2024-03-17,False,1.0
O000954,C00148,2023-05-01,Delivered,2023-05-02,False,1.0
O000955,C00257,2023-11-30,Cancelled,,False,
O000956,C00373,2024-02-22,Returned,2024-03-03,False,10.0
O000957,C00298,2023-04-06,Delivered,2023-04-13,False,7.0
O000958,C00193,2023-05-30,Cancelled,,False,
O000959,C00047,2023-11-15,Delivered,2023-11-16,False,1.0
O000960,C00108,2024-02-03,Returned,2024-02-12,False,9.0
O000961,C00289,2023-01-27,Returned,2023-01-28,False,1.0
O000962,C00287,2024-06-18,Cancelled,,False,
O000963,C00018,2023-03-01,Cancelled,,False,
O000964,C00091,2023-06-14,Delivered,2023-06-19,False,5.0
O000965,C00249,2023-07-27,Cancelled,,False,
O000966,C00257,2024-03-08,Cancelled,,False,
O000967,C00247,2024-11-14,Delivered,2024-11-15,False,1.0
O000968,C00154,2023-04-07,Delivered,2023-04-11,False,4.0
O000969,C00249,2023-07-11,Placed,,False,
O000970,C00023,2024-12-04,Delivered,2024-12-08,False,4.0
O000971,C00144,2023-08-23,Delivered,2023-08-24,False,1.0
O000972,C00338,2023-01-16,Delivered,2023-01-19,False,3.0
O000973,C00333,2024-11-26,Placed,,False,
O000974,C00242,2024-02-12,Delivered,2024-02-21,False,9.0
O000975,C00136,2023-12-05,Returned,2023-12-09,False,4.0
O000976,C00283,2024-06-08,Delivered,2024-06-13,False,5.0
O000977,C00229,2024-11-03,Placed,,False,
O000978,C00042,2023-06-03,Delivered,2023-06-11,False,8.0
O000979,C00149,2023-02-09,Delivered,2023-02-10,False,1.0
O000980,C00372,2024-01-05,Delivered,2024-01-13,False,8.0
O000981,C00042,2023-06-30,Cancelled,,False,
O000982,C00146,2024-09-18,Shipped,,False,
O000983,C00207,2023-07-19,Returned,2023-07-21,False,2.0
O000984,C00005,2023-07-02,Delivered,2023-07-05,False,3.0
O000985,C00312,2023-04-15,Cancelled,,False,
O000986,C00227,2024-10-23,Delivered,2024-11-01,False,9.0
O000987,C00295,2024-11-22,Cancelled,,False,
O000988,C00201,2024-02-08,Placed,,False,
O000989,C00213,2023-06-27,Delivered,2023-07-04,False,7.0
O000990,C00107,2023-02-16,Returned,2023-02-19,False,3.0
O000991,C00125,2023-07-01,Delivered,2023-07-03,False,2.0
O000992,C00264,2023-12-23,Shipped,,False,
O000993,C00161,2023-12-12,Delivered,2023-12-17,False,5.0
O000994,C00209,2023-05-12,Returned,2023-05-14,False,2.0
O000995,C00367,2023-03-16,Shipped,,False,
O000996,C00015,2023-08-02,Delivered,2023-08-11,False,9.0
O000997,C00174,2024-05-17,Delivered,2024-05-21,False,4.0
O000998,C00326,2023-08-03,Delivered,2023-08-06,False,3.0
O000999,C00013,2023-05-10,Delivered,2023-05-11,False,1.0
O001000,C00199,2024-06-16,Delivered,2024-06-20,False,4.0
O001001,C00165,2023-09-24,Delivered,2023-09-27,False,3.0
O001002,C00160,2024-11-16,Delivered,2024-11-20,False,4.0
O001003,C00392,2023-08-11,Delivered,2023-08-12,False,1.0
O001004,C00249,2023-04-14,Delivered,2023-04-24,False,10.0
O001005,C00229,2023-07-28,Delivered,2023-08-04,False,7.0
O001006,C00288,2024-05-25,Delivered,2024-06-04,False,10.0
O001007,C00211,2023-04-26,Delivered,2023-05-02,False,6.0
O001008,C00259,2024-02-11,Delivered,2024-02-16,False,5.0
O001009,C00370,2024-12-22,Delivered,2024-12-26,False,4.0
O001010,C00279,2023-11-25,Delivered,2023-11-28,False,3.0
O001011,C00066,2024-08-23,Delivered,2024-08-31,False,8.0
O001012,C00189,2023-03-26,Delivered,2023-04-05,False,10.0
O001013,C00378,2024-12-04,Delivered,2024-12-07,False,3.0
O001014,C00216,2023-05-13,Placed,,False,
O001015,C00203,2024-06-25,Returned,2024-06-26,False,1.0
O001016,C00274,2024-10-28,Delivered,2024-10-31,False,3.0
O001017,C00014,2023-05-18,Delivered,2023-05-19,False,1.0
O001018,C00194,2024-11-01,Cancelled,,False,
O001019,C00378,2023-05-26,Shipped,,False,
O001020,C00247,2023-06-09,Shipped,,False,
O001021,C00123,2024-05-05,Delivered,2024-05-08,False,3.0
O001022,C00099,2023-01-23,Shipped,,False,
O001023,C00158,2024-12-01,Delivered,2024-12-06,False,5.0
O001024,C00118,2024-05-23,Cancelled,,False,
O001025,C00340,2023-06-26,Delivered,2023-06-29,False,3.0
O001026,C00265,2023-01-28,Delivered,2023-02-02,False,5.0
O001027,C00395,2024-07-11,Delivered,2024-07-17,False,6.0
O001028,C00302,2024-06-04,Delivered,2024-06-12,False,8.0
O001029,C00076,2023-06-29,Delivered,2023-07-02,False,3.0
O001030,C00173,2023-07-23,Delivered,2023-07-28,False,5.0
O001031,C00141,2023-09-30,Delivered,2023-10-10,False,10.0
O001032,C00093,2024-05-12,Shipped,,False,
O001033,C00040,2024-07-19,Cancelled,,False,
O001034,C00283,2024-09-15,Placed,,False,
O001035,C00295,2024-02-29,Delivered,2024-03-02,False,2.0
O001036,C00032,2023-07-07,Delivered,2023-07-17,False,10.0
O001037,C00078,2024-12-29,Shipped,,False,
O001038,C00229,2023-06-25,Placed,,False,
O001039,C00275,2023-03-27,Delivered,2023-04-06,False,10.0
O001040,C00203,2024-06-04,Cancelled,,False,
O001041,C00090,2024-06-03,Delivered,2024-06-04,False,1.0
O001042,C00111,2024-07-30,Delivered,2024-08-01,False,2.0
O001043,C00102,2024-05-03,Placed,,False,
O001044,C00334,2023-04-26,Delivered,2023-05-05,False,9.0
O001045,C00125,2023-04-20,Delivered,2023-04-27,False,7.0
O001046,C00387,2024-10-17,Cancelled,,False,
O001047,C00116,2023-06-05,Delivered,2023-06-07,False,2.0
O001048,C00275,2023-05-09,Delivered,2023-05-13,False,4.0
O001049,C00307,2024-06-23,Delivered,2024-07-03,False,10.0
O001050,C00030,2024-08-23,Delivered,2024-09-02,False,10.0
O001051,C00145,2024-02-22,Delivered,2024-02-23,False,1.0
O001052,C00214,2023-11-06,Shipped,,False,
O001053,C00317,2024-05-10,Delivered,2024-05-20,False,10.0
O001054,C00381,2023-01-03,Delivered,2023-01-05,False,2.0
O001055,C00041,2024-11-10,Delivered,2024-11-20,False,10.0
O001056,C00128,2023-04-24,Delivered,2023-04-27,False,3.0
O001057,C00329,2023-08-21,Delivered,2023-08-28,False,7.0
O001058,C00111,2024-05-12,Placed,,False,
O001059,C00164,2024-11-29,Delivered,2024-12-08,False,9.0
O001060,C00398,2023-12-15,Cancelled,,False,
O001061,C00312,2023-09-22,Cancelled,,False,
O001062,C00105,2023-12-09,Delivered,,True,
O001063,C00001,2023-11-15,Shipped,,False,
O001064,C00051,2023-10-15,Placed,,False,
O001065,C00001,2024-08-25,Returned,2024-09-02,False,8.0
O001066,C00296,2024-03-30,Returned,2024-04-02,False,3.0
O001067,C00383,2024-05-05,Shipped,,False,
O001068,C00065,2024-11-18,Delivered,2024-11-24,False,6.0
O001069,C00088,2023-12-13,Cancelled,,False,
O001070,C00277,2024-12-31,Delivered,2025-01-08,False,8.0
O001071,C00280,2023-07-31,Delivered,2023-08-03,False,3.0
O001072,C00335,2023-06-23,Cancelled,,False,
O001073,C00078,2024-09-13,Returned,2024-09-18,False,5.0
O001074,C00275,2024-05-30,Delivered,2024-06-05,False,6.0
O001075,C00078,2024-03-11,Returned,2024-03-16,False,5.0
O001076,C00169,2023-08-11,Delivered,2023-08-12,False,1.0
O001077,C00062,2024-01-31,Delivered,2024-02-10,False,10.0
O001078,C00387,2023-05-17,Shipped,,False,
O001079,C00293,2024-07-07,Delivered,2024-07-11,False,4.0
O001080,C00258,2023-06-04,Returned,2023-06-12,False,8.0
O001081,C00128,2024-12-29,Delivered,2025-01-01,False,3.0
O001082,C00343,2023-01-17,Delivered,2023-01-24,False,7.0
O001083,C00105,2024-09-03,Cancelled,,False,
O001084,C00285,2023-11-23,Shipped,,False,
O001085,C00077,2024-07-17,Shipped,,False,
O001086,C00343,2024-01-14,Returned,2024-01-24,False,10.0
O001087,C00191,2024-03-22,Returned,2024-03-29,False,7.0
O001088,C00354,2023-03-30,Delivered,2023-04-03,False,4.0
O001089,C00303,2024-02-13,Cancelled,,False,
O001090,C00196,2024-03-05,Shipped,,False,
O001091,C00239,2024-06-16,Delivered,2024-06-24,False,8.0
O001092,C00099,2024-03-15,Delivered,2024-03-25,False,10.0
O001093,C00368,2024-01-25,Delivered,2024-02-04,False,10.0
O001094,C00378,2024-04-16,Delivered,2024-04-19,False,3.0
O001095,C00350,2024-03-22,Shipped,,False,
O001096,C00071,2023-04-18,Delivered,2023-04-26,False,8.0
O001097,C00253,2023-01-03,Shipped,,False,
O001098,C00143,2023-12-17,Delivered,2023-12-21,False,4.0
O001099,C00024,2024-05-12,Delivered,2024-05-21,False,9.0
O001100,C00047,2024-01-18,Delivered,2024-01-27,False,9.0
O001101,C00202,2024-09-17,Cancelled,,False,
O001102,C00012,2023-03-24,Delivered,2023-04-01,False,8.0
O001103,C00057,2023-01-16,Returned,2023-01-18,False,2.0
O001104,C00109,2024-07-22,Shipped,,False,
O001105,C00370,2024-06-11,Returned,2024-06-16,False,5.0
O001106,C00173,2023-02-16,Delivered,2023-02-26,False,10.0
O001107,C00100,2023-09-05,Cancelled,,False,
O001108,C00042,2024-05-30,Delivered,2024-06-05,False,6.0
O001109,C00339,2024-12-22,Delivered,2024-12-28,False,6.0
O001110,C00264,2023-11-29,Placed,,False,
O001111,C00166,2024-06-03,Placed,,False,
O001112,C00143,2024-03-31,Placed,,False,
O001113,C00243,2023-10-02,Delivered,2023-10-04,False,2.0
O001114,C00068,2023-01-11,Cancelled,,False,
O001115,C00244,2023-07-07,Returned,2023-07-17,False,10.0
O001116,C00044,2024-04-19,Delivered,2024-04-29,False,10.0
O001117,C00194,2023-02-19,Returned,2023-03-01,False,10.0
O001118,C00114,2023-08-08,Placed,,False,
O001119,C00041,2023-06-28,Delivered,2023-07-02,False,4.0
O001120,C00288,2023-01-14,Placed,,False,
O001121,C00072,2024-05-03,Placed,,False,
O001122,C00085,2024-11-09,Delivered,2024-11-19,False,10.0
O001123,C00220,2023-08-12,Delivered,2023-08-14,False,2.0
O001124,C00203,2024-08-09,Shipped,,False,
O001125,C00191,2023-12-31,Placed,,False,
O001126,C00080,2023-10-16,Returned,2023-10-24,False,8.0
O001127,C00332,2024-03-05,Delivered,2024-03-08,False,3.0
O001128,C00356,2023-04-28,Cancelled,,False,
O001129,C00321,2023-04-12,Delivered,2023-04-15,False,3.0
O001130,C00374,2023-01-05,Delivered,2023-01-07,False,2.0
O001131,C00306,2024-08-05,Delivered,2024-08-07,False,2.0
O001132,C00047,2023-12-14,Delivered,2023-12-24,False,10.0
O001133,C00027,2024-06-04,Delivered,2024-06-10,False,6.0
O001134,C00263,2023-07-01,Shipped,,False,
O001135,C00024,2023-10-12,Delivered,2023-10-16,False,4.0
O001136,C00273,2024-08-14,Delivered,2024-08-17,False,3.0
O001137,C00128,2023-10-11,Shipped,,False,
O001138,C00091,2024-02-21,Delivered,2024-02-27,False,6.0
O001139,C00025,2023-04-09,Delivered,2023-04-10,False,1.0
O001140,C00261,2024-09-14,Cancelled,,False,
O001141,C00317,2024-07-08,Placed,,False,
O001142,C00364,2024-05-13,Delivered,2024-05-22,False,9.0
O001143,C00068,2023-11-07,Delivered,2023-11-12,False,5.0
O001144,C00302,2024-12-02,Delivered,2024-12-12,False,10.0
O001145,C00006,2023-07-14,Cancelled,,False,
O001146,C00239,2024-12-13,Delivered,2024-12-22,False,9.0
O001147,C00338,2024-10-16,Delivered,2024-10-18,False,2.0
O001148,C00180,2023-02-28,Delivered,2023-03-05,False,5.0
O001149,C00161,2024-01-10,Delivered,2024-01-16,False,6.0
O001150,C00273,2023-09-03,Delivered,2023-09-08,False,5.0
O001151,C00255,2023-11-10,Placed,,False,
O001152,C00339,2023-05-20,Delivered,2023-05-22,False,2.0
O001153,C00073,2023-11-05,Cancelled,,False,
O001154,C00033,2024-04-13,Shipped,,False,
O001155,C00055,2023-05-05,Returned,2023-05-08,False,3.0
O001156,C00313,2023-04-05,Delivered,2023-04-10,False,5.0
O001157,C00057,2024-10-28,Placed,,False,
O001158,C00317,2023-06-01,Cancelled,,False,
O001159,C00088,2023-01-04,Delivered,2023-01-10,False,6.0
O001160,C00235,2023-07-02,Placed,,False,
O001161,C00310,2023-05-07,Delivered,2023-05-09,False,2.0
O001162,C00391,2024-12-27,Delivered,2024-12-28,False,1.0
O001163,C00171,2024-09-22,Cancelled,,False,
O001164,C00041,2023-07-14,Delivered,2023-07-20,False,6.0
O001165,C00132,2023-12-25,Delivered,2024-01-03,False,9.0
O001166,C00204,2023-05-04,Cancelled,,False,
O001167,C00303,2023-12-29,Cancelled,,False,
O001168,C00357,2024-11-13,Delivered,2024-11-18,False,5.0
O001169,C00213,2024-12-08,Shipped,,False,
O001170,C00277,2023-12-21,Returned,2023-12-31,False,10.0
O001171,C00255,2023-12-12,Delivered,2023-12-16,False,4.0
O001172,C00198,2023-11-19,Cancelled,,False,
O001173,C00121,2024-11-06,Shipped,,False,
O001174,C00055,2023-10-11,Placed,,False,
O001175,C00237,2023-03-10,Placed,,False,
O001176,C00164,2024-08-29,Delivered,2024-09-06,False,8.0
O001177,C00254,2023-06-12,Placed,,False,
O001178,C00169,2024-02-18,Delivered,2024-02-25,False,7.0
O001179,C00038,2024-02-03,Delivered,2024-02-13,False,10.0
O001180,C00316,2023-04-04,Delivered,2023-04-08,False,4.0
O001181,C00181,2023-12-24,Cancelled,,False,
O001182,C00252,2024-02-10,Delivered,2024-02-17,False,7.0
O001183,C00192,2024-03-12,Delivered,2024-03-13,False,1.0
O001184,C00041,2023-07-10,Delivered,2023-07-13,False,3.0
O001185,C00278,2024-11-21,Delivered,2024-11-23,False,2.0
O001186,C00278,2024-11-04,Shipped,,False,
O001187,C00063,2024-09-18,Delivered,2024-09-28,False,10.0
O001188,C00322,2023-10-04,Delivered,2023-10-13,False,9.0
O001189,C00172,2023-08-12,Delivered,2023-08-21,False,9.0
O001190,C00137,2024-05-05,Delivered,2024-05-14,False,9.0
O001191,C00253,2023-02-08,Placed,,False,
O001192,C00221,2023-04-20,Delivered,2023-04-28,False,8.0
O001193,C00134,2024-08-10,Shipped,,False,
O001194,C00342,2024-01-15,Cancelled,,False,
O001195,C00138,2023-07-19,Delivered,2023-07-23,False,4.0
O001196,C00358,2024-08-16,Delivered,2024-08-23,False,7.0
O001197,C00038,2023-11-18,Delivered,2023-11-28,False,10.0
O001198,C00314,2023-03-07,Delivered,2023-03-12,False,5.0
O001199,C00215,2024-09-16,Delivered,2024-09-24,False,8.0
O001200,C00220,2023-05-20,Shipped,,False,
O001201,C00117,2023-01-23,Shipped,,False,
O001202,C00172,2024-09-16,Delivered,2024-09-20,False,4.0
O001203,C00201,2023-02-27,Returned,2023-03-09,False,10.0
O001204,C00229,2023-10-31,Placed,,False,
O001205,C00018,2024-11-08,Delivered,2024-11-09,False,1.0
O001206,C00052,2024-02-28,Delivered,2024-03-02,False,3.0
O001207,C00067,2024-07-03,Shipped,,False,
O001208,C00025,2024-12-05,Delivered,2024-12-10,False,5.0
O001209,C00184,2023-07-10,Shipped,,False,
O001210,C00395,2023-08-30,Returned,2023-09-09,False,10.0
O001211,C00331,2023-10-26,Delivered,2023-11-05,False,10.0
O001212,C00337,2023-12-30,Delivered,2024-01-01,False,2.0
O001213,C00147,2024-04-10,Shipped,,False,
O001214,C00049,2024-01-27,Cancelled,,False,
O001215,C00341,2023-10-24,Delivered,2023-10-25,False,1.0
O001216,C00261,2024-06-03,Placed,,False,
O001217,C00234,2024-11-04,Shipped,,False,
O001218,C00296,2024-08-03,Placed,,False,
O001219,C00314,2023-04-30,Delivered,2023-05-07,False,7.0
O001220,C00032,2023-09-08,Delivered,2023-09-15,False,7.0
O001221,C00227,2024-10-23,Delivered,2024-10-27,False,4.0
O001222,C00349,2024-12-22,Placed,,False,
O001223,C00183,2023-10-31,Delivered,2023-11-06,False,6.0
O001224,C00062,2023-03-01,Delivered,2023-03-04,False,3.0
O001225,C00209,2024-05-24,Delivered,2024-05-30,False,6.0
O001226,C00348,2024-03-22,Shipped,,False,
O001227,C00331,2024-06-07,Delivered,2024-06-09,False,2.0
O001228,C00177,2023-04-24,Placed,,False,
O001229,C00040,2024-02-10,Cancelled,,False,
O001230,C00210,2024-12-06,Returned,2024-12-16,False,10.0
O001231,C00060,2024-03-18,Cancelled,,False,
O001232,C00399,2024-09-16,Delivered,2024-09-20,False,4.0
O001233,C00006,2023-04-18,Delivered,,True,
O001234,C00392,2024-09-15,Placed,,False,
O001235,C00013,2024-06-25,Delivered,2024-06-26,False,1.0
O001236,C00190,2023-09-30,Delivered,2023-10-08,False,8.0
O001237,C00391,2024-11-07,Shipped,,False,
O001238,C00260,2023-06-24,Cancelled,,False,
O001239,C00270,2024-09-23,Delivered,2024-09-26,False,3.0
O001240,C00294,2023-11-02,Delivered,2023-11-10,False,8.0
O001241,C00113,2023-01-04,Delivered,2023-01-12,False,8.0
O001242,C00153,2024-05-31,Shipped,,False,
O001243,C00111,2023-10-27,Delivered,,True,
O001244,C00249,2023-05-02,Shipped,,False,
O001245,C00316,2023-03-04,Cancelled,,False,
O001246,C00395,2023-12-04,Delivered,2023-12-13,False,9.0
O001247,C00121,2023-02-18,Shipped,,False,
O001248,C00226,2024-07-25,Delivered,2024-08-03,False,9.0
O001249,C00375,2024-04-28,Delivered,2024-04-29,False,1.0
O001250,C00205,2023-09-16,Delivered,2023-09-23,False,7.0
O001251,C00297,2023-05-10,Delivered,2023-05-20,False,10.0
O001252,C00058,2024-11-06,Delivered,2024-11-11,False,5.0
O001253,C00306,2023-01-07,Cancelled,,False,
O001254,C00237,2023-07-09,Returned,2023-07-13,False,4.0
O001255,C00275,2023-09-10,Delivered,2023-09-16,False,6.0
O001256,C00306,2023-04-14,Shipped,,False,
O001257,C00300,2024-04-10,Delivered,2024-04-16,False,6.0
O001258,C00327,2023-11-04,Delivered,2023-11-14,False,10.0
O001259,C00015,2024-12-05,Shipped,,False,
O001260,C00324,2024-07-24,Delivered,,True,
O001261,C00381,2023-08-20,Cancelled,,False,
O001262,C00222,2023-12-31,Delivered,2024-01-07,False,7.0
O001263,C00232,2023-05-20,Delivered,2023-05-27,False,7.0
O001264,C00377,2024-05-06,Delivered,2024-05-10,False,4.0
O001265,C00249,2024-10-28,Delivered,2024-11-06,False,9.0
O001266,C00312,2024-05-17,Delivered,2024-05-26,False,9.0
O001267,C00152,2023-03-15,Delivered,2023-03-24,False,9.0
O001268,C00229,2023-07-12,Delivered,2023-07-14,False,2.0
O001269,C00225,2024-03-11,Delivered,2024-03-20,False,9.0
O001270,C00254,2024-07-03,Delivered,2024-07-13,False,10.0
O001271,C00066,2023-04-18,Delivered,2023-04-21,False,3.0
O001272,C00010,2024-04-20,Delivered,2024-04-24,False,4.0
O001273,C00270,2023-05-18,Cancelled,,False,
O001274,C00330,2023-04-14,Delivered,2023-04-15,False,1.0
O001275,C00111,2024-02-16,Cancelled,,False,
O001276,C00234,2023-10-26,Delivered,2023-11-02,False,7.0
O001277,C00073,2023-04-14,Delivered,2023-04-24,False,10.0
O001278,C00158,2024-07-11,Delivered,2024-07-18,False,7.0
O001279,C00143,2024-11-30,Placed,,False,
O001280,C00136,2023-07-13,Delivered,2023-07-14,False,1.0
O001281,C00117,2024-08-29,Delivered,2024-09-08,False,10.0
O001282,C00337,2024-11-06,Delivered,2024-11-07,False,1.0
O001283,C00390,2023-11-24,Shipped,,False,
O001284,C00039,2024-10-19,Cancelled,,False,
O001285,C00390,2023-02-05,Delivered,2023-02-14,False,9.0
O001286,C00189,2024-03-29,Delivered,2024-04-02,False,4.0
O001287,C00392,2023-01-09,Placed,,False,
O001288,C00064,2023-06-20,Returned,2023-06-24,False,4.0
O001289,C00384,2023-01-08,Delivered,2023-01-16,False,8.0
O001290,C00005,2024-09-22,Placed,,False,
O001291,C00381,2024-07-25,Shipped,,False,
O001292,C00152,2023-07-09,Placed,,False,
O001293,C00115,2023-11-09,Delivered,2023-11-13,False,4.0
O001294,C00337,2024-10-30,Placed,,False,
O001295,C00019,2024-02-05,Delivered,2024-02-09,False,4.0
O001296,C00400,2023-11-17,Placed,,False,
O001297,C00213,2024-09-22,Placed,,False,
O001298,C00159,2023-04-22,Delivered,2023-04-23,False,1.0
O001299,C00030,2024-05-22,Delivered,2024-05-24,False,2.0
O001300,C00074,2023-02-25,Cancelled,,False,
O001301,C00131,2023-07-05,Cancelled,,False,
O001302,C00063,2024-04-01,Cancelled,,False,
O001303,C00393,2023-12-28,Placed,,False,
O001304,C00296,2024-08-21,Delivered,2024-08-24,False,3.0
O001305,C00199,2023-06-24,Delivered,2023-06-29,False,5.0
O001306,C00150,2023-11-16,Delivered,2023-11-20,False,4.0
O001307,C00023,2023-10-26,Cancelled,,False,
O001308,C00381,2024-10-02,Cancelled,,False,
O001309,C00266,2024-05-31,Shipped,,False,
O001310,C00304,2023-06-01,Delivered,2023-06-05,False,4.0
O001311,C00097,2024-01-21,Delivered,2024-01-28,False,7.0
O001312,C00361,2024-08-08,Returned,2024-08-15,False,7.0
O001313,C00307,2024-10-04,Cancelled,,False,
O001314,C00101,2024-09-24,Delivered,2024-09-30,False,6.0
O001315,C00094,2024-02-02,Placed,,False,
O001316,C00139,2023-04-09,Cancelled,,False,
O001317,C00092,2023-07-13,Delivered,2023-07-14,False,1.0
O001318,C00165,2024-01-20,Delivered,2024-01-30,False,10.0
O001319,C00021,2023-01-17,Delivered,2023-01-19,False,2.0
O001320,C00326,2023-01-02,Returned,2023-01-03,False,1.0
O001321,C00035,2024-04-23,Delivered,2024-04-27,False,4.0
O001322,C00336,2023-06-13,Placed,,False,
O001323,C00015,2024-10-05,Delivered,2024-10-11,False,6.0
O001324,C00291,2023-09-28,Delivered,2023-10-07,False,9.0
O001325,C00087,2024-08-04,Delivered,2024-08-07,False,3.0
O001326,C00047,2023-09-22,Delivered,2023-09-25,False,3.0
O001327,C00211,2024-10-02,Returned,2024-10-05,False,3.0
O001328,C00149,2024-11-26,Cancelled,,False,
O001329,C00359,2023-12-26,Returned,2023-12-31,False,5.0
O001330,C00157,2023-03-03,Shipped,,False,
O001331,C00151,2024-05-09,Returned,2024-05-14,False,5.0
O001332,C00142,2024-10-14,Cancelled,,False,
O001333,C00021,2023-04-01,Shipped,,False,
O001334,C00020,2023-10-22,Cancelled,,False,
O001335,C00238,2023-01-24,Delivered,2023-01-25,False,1.0
O001336,C00240,2023-04-04,Cancelled,,False,
O001337,C00069,2023-05-02,Placed,,False,
O001338,C00341,2023-04-18,Delivered,2023-04-28,False,10.0
O001339,C00114,2023-01-14,Delivered,2023-01-16,False,2.0
O001340,C00027,2023-12-30,Returned,2024-01-08,False,9.0
O001341,C00072,2023-12-15,Delivered,2023-12-16,False,1.0
O001342,C00241,2024-04-24,Delivered,2024-05-02,False,8.0
O001343,C00383,2024-08-25,Returned,2024-09-02,False,8.0
O001344,C00222,2023-01-08,Delivered,2023-01-17,False,9.0
O001345,C00095,2023-05-19,Cancelled,,False,
O001346,C00308,2024-01-27,Delivered,2024-02-03,False,7.0
O001347,C00221,2023-03-09,Delivered,2023-03-12,False,3.0
O001348,C00208,2023-05-29,Placed,,False,
O001349,C00386,2024-06-19,Cancelled,,False,
O001350,C00288,2023-05-21,Delivered,2023-05-23,False,2.0
O001351,C00182,2023-03-18,Delivered,2023-03-21,False,3.0
O001352,C00308,2024-07-17,Delivered,2024-07-21,False,4.0
O001353,C00339,2024-05-25,Delivered,2024-06-02,False,8.0
O001354,C00357,2023-12-04,Shipped,,False,
O001355,C00092,2023-06-07,Delivered,2023-06-13,False,6.0
O001356,C00130,2024-01-29,Delivered,2024-02-02,False,4.0
O001357,C00270,2023-08-22,Placed,,False,
O001358,C00123,2024-07-30,Delivered,2024-08-06,False,7.0
O001359,C00313,2024-10-30,Delivered,2024-11-03,False,4.0
O001360,C00253,2023-08-12,Delivered,2023-08-20,False,8.0
O001361,C00289,2024-01-15,Delivered,2024-01-16,False,1.0
O001362,C00014,2024-09-02,Delivered,2024-09-03,False,1.0
O001363,C00158,2024-03-22,Delivered,2024-03-26,False,4.0
O001364,C00225,2023-07-04,Delivered,2023-07-12,False,8.0
O001365,C00038,2024-05-16,Delivered,2024-05-18,False,2.0
O001366,C00040,2024-01-16,Delivered,2024-01-23,False,7.0
O001367,C00220,2023-08-01,Cancelled,,False,
O001368,C00298,2023-07-08,Delivered,2023-07-09,False,1.0
O001369,C00383,2023-01-20,Cancelled,,False,
O001370,C00122,2024-01-21,Shipped,,False,
O001371,C00119,2024-07-06,Returned,2024-07-12,False,6.0
O001372,C00060,2024-09-10,Delivered,2024-09-18,False,8.0
O001373,C00047,2024-07-30,Placed,,False,
O001374,C00064,2024-09-30,Delivered,2024-10-09,False,9.0
O001375,C00174,2023-04-16,Returned,2023-04-26,False,10.0
O001376,C00019,2024-09-26,Delivered,2024-09-27,False,1.0
O001377,C00080,2023-06-21,Delivered,2023-06-27,False,6.0
O001378,C00346,2023-12-12,Delivered,2023-12-13,False,1.0
O001379,C00016,2024-02-08,Delivered,2024-02-14,False,6.0
O001380,C00157,2023-02-28,Delivered,2023-03-07,False,7.0
O001381,C00247,2024-05-07,Delivered,2024-05-10,False,3.0
O001382,C00150,2024-10-18,Delivered,2024-10-24,False,6.0
O001383,C00313,2023-03-19,Placed,,False,
O001384,C00348,2024-12-19,Cancelled,,False,
O001385,C00390,2023-03-04,Shipped,,False,
O001386,C00211,2023-05-23,Delivered,2023-05-24,False,1.0
O001387,C00277,2023-04-06,Delivered,2023-04-11,False,5.0
O001388,C00395,2024-03-17,Delivered,2024-03-21,False,4.0
O001389,C00397,2024-01-02,Returned,2024-01-11,False,9.0
O001390,C00181,2023-11-25,Delivered,2023-12-02,False,7.0
O001391,C00003,2023-05-09,Delivered,2023-05-13,False,4.0
O001392,C00220,2023-04-19,Shipped,,False,
O001393,C00321,2023-06-16,Returned,,True,
O001394,C00262,2024-08-17,Delivered,2024-08-22,False,5.0
O001395,C00128,2023-03-28,Shipped,,False,
O001396,C00159,2023-03-30,Shipped,,False,
O001397,C00152,2024-04-17,Delivered,2024-04-22,False,5.0
O001398,C00279,2023-11-30,Delivered,2023-12-02,False,2.0
O001399,C00110,2023-04-06,Delivered,2023-04-08,False,2.0
O001400,C00359,2024-06-19,Delivered,2024-06-20,False,1.0
O001401,C00214,2024-03-14,Delivered,2024-03-16,False,2.0
O001402,C00314,2024-07-27,Delivered,2024-08-01,False,5.0
O001403,C00179,2023-06-19,Cancelled,,False,
O001404,C00056,2024-03-20,Placed,,False,
O001405,C00108,2023-10-13,Delivered,2023-10-14,False,1.0
O001406,C00184,2023-09-26,Placed,,False,
O001407,C00139,2024-07-09,Cancelled,,False,
O001408,C00319,2024-07-20,Delivered,2024-07-22,False,2.0
O001409,C00305,2023-06-20,Cancelled,,False,
O001410,C00126,2023-02-04,Cancelled,,False,
O001411,C00232,2024-05-09,Delivered,2024-05-16,False,7.0
O001412,C00240,2024-03-06,Cancelled,,False,
O001413,C00085,2024-05-29,Delivered,2024-05-30,False,1.0
O001414,C00337,2024-09-24,Delivered,2024-09-25,False,1.0
O001415,C00337,2024-04-11,Delivered,2024-04-18,False,7.0
O001416,C00398,2023-01-31,Delivered,2023-02-02,False,2.0
O001417,C00264,2024-06-05,Placed,,False,
O001418,C00095,2023-07-28,Delivered,2023-07-29,False,1.0
O001419,C00188,2023-08-29,Delivered,2023-09-04,False,6.0
O001420,C00151,2024-09-17,Delivered,2024-09-27,False,10.0
O001421,C00212,2023-08-26,Cancelled,,False,
O001422,C00098,2024-05-29,Delivered,2024-06-03,False,5.0
O001423,C00010,2023-02-23,Delivered,2023-03-05,False,10.0
O001424,C00300,2023-02-17,Delivered,2023-02-20,False,3.0
O001425,C00194,2024-04-10,Delivered,2024-04-20,False,10.0
O001426,C00069,2024-11-07,Delivered,2024-11-17,False,10.0
O001427,C00334,2024-08-29,Delivered,2024-09-05,False,7.0
O001428,C00375,2023-05-17,Shipped,,False,
O001429,C00085,2023-11-30,Delivered,2023-12-05,False,5.0
O001430,C00292,2023-01-20,Placed,,False,
O001431,C00388,2024-04-07,Cancelled,,False,
O001432,C00394,2024-04-04,Shipped,,False,
O001433,C00125,2023-08-16,Delivered,2023-08-25,False,9.0
O001434,C00160,2024-07-13,Shipped,,False,
O001435,C00311,2024-02-17,Delivered,2024-02-26,False,9.0
O001436,C00242,2024-05-11,Shipped,,False,
O001437,C00087,2023-01-12,Delivered,2023-01-22,False,10.0
O001438,C00182,2024-11-04,Delivered,2024-11-13,False,9.0
O001439,C00156,2024-09-17,Delivered,2024-09-18,False,1.0
O001440,C00016,2023-04-08,Shipped,,False,
O001441,C00069,2023-01-05,Delivered,2023-01-12,False,7.0
O001442,C00203,2023-08-21,Cancelled,,False,
O001443,C00245,2024-06-12,Delivered,2024-06-15,False,3.0
O001444,C00240,2023-08-28,Cancelled,,False,
O001445,C00129,2024-07-12,Delivered,2024-07-19,False,7.0
O001446,C00246,2024-10-05,Delivered,2024-10-07,False,2.0
O001447,C00107,2023-08-19,Delivered,2023-08-29,False,10.0
O001448,C00322,2024-11-10,Returned,2024-11-20,False,10.0
O001449,C00382,2023-08-04,Placed,,False,
O001450,C00153,2023-01-01,Delivered,2023-01-04,False,3.0
O001451,C00153,2023-03-15,Delivered,2023-03-24,False,9.0
O001452,C00150,2023-12-27,Shipped,,False,
O001453,C00373,2023-12-21,Delivered,2023-12-23,False,2.0
O001454,C00001,2023-01-03,Delivered,2023-01-04,False,1.0
O001455,C00110,2024-07-13,Shipped,,False,
O001456,C00333,2023-06-14,Shipped,,False,
O001457,C00144,2023-04-03,Delivered,2023-04-13,False,10.0
O001458,C00224,2024-09-11,Delivered,2024-09-20,False,9.0
O001459,C00135,2024-09-11,Delivered,2024-09-21,False,10.0
O001460,C00374,2024-12-10,Cancelled,,False,
O001461,C00261,2023-04-13,Delivered,2023-04-19,False,6.0
O001462,C00006,2024-12-01,Shipped,,False,
O001463,C00302,2023-03-23,Delivered,2023-03-25,False,2.0
O001464,C00074,2023-07-04,Delivered,2023-07-11,False,7.0
O001465,C00239,2024-04-04,Shipped,,False,
O001466,C00044,2024-06-27,Placed,,False,
O001467,C00378,2023-06-18,Cancelled,,False,
O001468,C00153,2023-09-26,Shipped,,False,
O001469,C00174,2024-06-30,Placed,,False,
O001470,C00269,2024-07-24,Delivered,2024-07-30,False,6.0
O001471,C00113,2023-05-04,Delivered,2023-05-10,False,6.0
O001472,C00292,2024-12-03,Shipped,,False,
O001473,C00069,2024-04-03,Delivered,2024-04-06,False,3.0
O001474,C00117,2024-11-26,Returned,2024-11-28,False,2.0
O001475,C00329,2024-01-18,Shipped,,False,
O001476,C00185,2024-01-20,Delivered,2024-01-22,False,2.0
O001477,C00100,2024-10-14,Delivered,2024-10-19,False,5.0
O001478,C00102,2024-07-26,Delivered,2024-08-01,False,6.0
O001479,C00186,2024-12-11,Cancelled,,False,
O001480,C00080,2024-10-19,Delivered,2024-10-26,False,7.0
O001481,C00170,2024-11-29,Shipped,,False,
O001482,C00109,2024-10-30,Delivered,2024-11-03,False,4.0
O001483,C00163,2024-12-03,Placed,,False,
O001484,C00394,2023-06-29,Delivered,2023-07-07,False,8.0
O001485,C00165,2023-03-28,Cancelled,,False,
O001486,C00388,2024-12-07,Delivered,2024-12-11,False,4.0
O001487,C00246,2023-08-07,Shipped,,False,
O001488,C00247,2024-02-29,Delivered,2024-03-07,False,7.0
O001489,C00321,2024-09-30,Delivered,2024-10-02,False,2.0
O001490,C00208,2023-02-24,Cancelled,,False,
O001491,C00196,2023-06-13,Cancelled,,False,
O001492,C00300,2023-10-01,Delivered,2023-10-05,False,4.0
O001493,C00318,2023-10-12,Delivered,2023-10-21,False,9.0
O001494,C00032,2023-10-31,Shipped,,False,
O001495,C00247,2024-11-07,Delivered,2024-11-13,False,6.0
O001496,C00156,2024-03-23,Shipped,,False,
O001497,C00155,2023-05-25,Shipped,,False,
O001498,C00351,2024-08-12,Delivered,2024-08-22,False,10.0
O001499,C00359,2023-07-17,Shipped,,False,
O001500,C00348,2024-03-03,Delivered,2024-03-10,False,7.0
O001501,C00217,2023-12-02,Cancelled,,False,
O001502,C00100,2024-04-02,Delivered,2024-04-11,False,9.0
O001503,C00268,2023-11-06,Placed,,False,
O001504,C00189,2023-02-12,Delivered,2023-02-19,False,7.0
O001505,C00337,2023-12-07,Delivered,2023-12-11,False,4.0
O001506,C00276,2024-05-02,Delivered,2024-05-12,False,10.0
O001507,C00201,2024-01-07,Delivered,2024-01-12,False,5.0
O001508,C00017,2024-01-22,Delivered,2024-01-23,False,1.0
O001509,C00392,2024-09-23,Delivered,2024-09-24,False,1.0
O001510,C00308,2023-05-24,Delivered,2023-05-25,False,1.0
O001511,C00032,2024-04-16,Delivered,2024-04-18,False,2.0
O001512,C00193,2024-06-19,Shipped,,False,
O001513,C00305,2024-06-10,Shipped,,False,
O001514,C00021,2024-01-05,Delivered,2024-01-10,False,5.0
O001515,C00244,2024-11-03,Cancelled,,False,
O001516,C00120,2023-05-31,Cancelled,,False,
O001517,C00344,2023-05-28,Delivered,2023-05-31,False,3.0
O001518,C00212,2024-07-09,Delivered,2024-07-17,False,8.0
O001519,C00040,2024-07-07,Delivered,2024-07-11,False,4.0
O001520,C00357,2024-09-08,Delivered,2024-09-17,False,9.0
O001521,C00106,2024-12-02,Delivered,2024-12-04,False,2.0
O001522,C00059,2024-07-13,Shipped,,False,
O001523,C00076,2024-02-02,Placed,,False,
O001524,C00276,2023-08-25,Delivered,2023-09-01,False,7.0
O001525,C00346,2023-07-15,Delivered,2023-07-23,False,8.0
O001526,C00033,2023-08-12,Delivered,2023-08-13,False,1.0
O001527,C00101,2023-08-16,Delivered,2023-08-21,False,5.0
O001528,C00038,2024-12-19,Delivered,2024-12-25,False,6.0
O001529,C00129,2024-06-30,Placed,,False,
O001530,C00223,2024-04-29,Cancelled,,False,
O001531,C00132,2024-11-08,Cancelled,,False,
O001532,C00181,2023-08-02,Shipped,,False,
O001533,C00294,2024-01-17,Delivered,2024-01-22,False,5.0
O001534,C00105,2024-08-09,Delivered,2024-08-17,False,8.0
O001535,C00142,2023-01-14,Cancelled,,False,
O001536,C00141,2024-12-23,Delivered,2024-12-31,False,8.0
O001537,C00332,2023-07-26,Cancelled,,False,
O001538,C00309,2024-03-01,Delivered,2024-03-08,False,7.0
O001539,C00269,2024-02-08,Delivered,2024-02-09,False,1.0
O001540,C00081,2023-08-02,Returned,2023-08-09,False,7.0
O001541,C00061,2023-03-15,Shipped,,False,
O001542,C00273,2024-03-20,Shipped,,False,
O001543,C00380,2023-05-12,Shipped,,False,
O001544,C00331,2024-12-02,Delivered,2024-12-04,False,2.0
O001545,C00059,2023-11-28,Returned,2023-12-04,False,6.0
O001546,C00036,2024-05-07,Shipped,,False,
O001547,C00194,2023-09-16,Delivered,2023-09-18,False,2.0
O001548,C00107,2023-08-07,Shipped,,False,
O001549,C00382,2023-02-23,Cancelled,,False,
O001550,C00124,2023-03-29,Shipped,,False,
O001551,C00330,2024-02-27,Delivered,2024-02-28,False,1.0
O001552,C00061,2024-11-18,Delivered,2024-11-23,False,5.0
O001553,C00370,2023-03-15,Returned,2023-03-16,False,1.0
O001554,C00209,2024-03-18,Returned,2024-03-24,False,6.0
O001555,C00350,2023-06-22,Delivered,2023-06-23,False,1.0
O001556,C00138,2023-07-30,Shipped,,False,
O001557,C00004,2023-04-08,Delivered,2023-04-10,False,2.0
O001558,C00056,2024-01-23,Delivered,2024-01-29,False,6.0
O001559,C00353,2023-09-28,Delivered,2023-10-03,False,5.0
O001560,C00016,2024-03-23,Delivered,2024-03-27,False,4.0
O001561,C00319,2024-01-15,Delivered,2024-01-22,False,7.0
O001562,C00312,2023-08-13,Delivered,2023-08-19,False,6.0
O001563,C00140,2024-02-22,Delivered,2024-03-03,False,10.0
O001564,C00258,2023-12-13,Placed,,False,
O001565,C00126,2023-09-10,Placed,,False,
O001566,C00125,2023-08-18,Placed,,False,
O001567,C00265,2024-04-30,Delivered,2024-05-03,False,3.0
O001568,C00334,2024-05-08,Cancelled,,False,
O001569,C00047,2024-03-28,Shipped,,False,
O001570,C00118,2023-07-30,Delivered,2023-08-09,False,10.0
O001571,C00278,2024-12-20,Delivered,2024-12-22,False,2.0
O001572,C00391,2024-08-07,Shipped,,False,
O001573,C00256,2023-07-19,Shipped,,False,
O001574,C00127,2024-06-30,Delivered,2024-07-09,False,9.0
O001575,C00034,2024-07-11,Shipped,,False,
O001576,C00116,2024-11-02,Cancelled,,False,
O001577,C00017,2023-07-25,Delivered,2023-07-31,False,6.0
O001578,C00102,2023-04-09,Cancelled,,False,
O001579,C00134,2023-11-28,Placed,,False,
O001580,C00035,2024-12-23,Delivered,2024-12-24,False,1.0
O001581,C00295,2023-05-16,Delivered,2023-05-22,False,6.0
O001582,C00126,2023-07-12,Placed,,False,
O001583,C00271,2024-11-04,Shipped,,False,
O001584,C00139,2023-12-10,Delivered,2023-12-17,False,7.0
O001585,C00217,2023-06-29,Delivered,,True,
O001586,C00339,2024-06-17,Cancelled,,False,
O001587,C00050,2024-11-10,Shipped,,False,
O001588,C00394,2024-10-31,Delivered,2024-11-01,False,1.0
O001589,C00190,2023-10-09,Cancelled,,False,
O001590,C00293,2023-03-02,Returned,2023-03-04,False,2.0
O001591,C00345,2023-12-26,Shipped,,False,
O001592,C00014,2023-06-09,Shipped,,False,
O001593,C00067,2024-01-17,Delivered,2024-01-23,False,6.0
O001594,C00080,2024-03-23,Shipped,,False,
O001595,C00106,2023-03-16,Cancelled,,False,
O001596,C00397,2024-11-02,Delivered,2024-11-10,False,8.0
O001597,C00283,2023-08-17,Delivered,2023-08-25,False,8.0
O001598,C00025,2023-04-29,Placed,,False,
O001599,C00373,2024-05-19,Delivered,2024-05-20,False,1.0
O001600,C00082,2023-11-02,Cancelled,,False,
O001601,C00154,2023-03-26,Delivered,2023-03-28,False,2.0
O001602,C00168,2024-02-13,Delivered,2024-02-20,False,7.0
O001603,C00195,2023-07-08,Delivered,2023-07-11,False,3.0
O001604,C00006,2024-12-27,Delivered,2025-01-02,False,6.0
O001605,C00396,2024-07-30,Placed,,False,
O001606,C00365,2024-01-03,Returned,2024-01-09,False,6.0
O001607,C00008,2024-09-11,Delivered,2024-09-21,False,10.0
O001608,C00051,2023-05-03,Delivered,2023-05-10,False,7.0
O001609,C00077,2023-02-03,Shipped,,False,
O001610,C00250,2023-02-16,Placed,,False,
O001611,C00170,2024-01-18,Shipped,,False,
O001612,C00049,2023-01-23,Delivered,2023-01-30,False,7.0
O001613,C00013,2024-06-10,Delivered,2024-06-11,False,1.0
O001614,C00085,2023-05-20,Placed,,False,
O001615,C00101,2023-05-02,Delivered,2023-05-06,False,4.0
O001616,C00396,2024-03-14,Delivered,2024-03-20,False,6.0
O001617,C00291,2024-02-21,Delivered,2024-02-24,False,3.0
O001618,C00393,2024-07-14,Placed,,False,
O001619,C00350,2024-01-23,Delivered,2024-02-01,False,9.0
O001620,C00115,2023-01-23,Placed,,False,
O001621,C00094,2024-03-23,Delivered,2024-03-30,False,7.0
O001622,C00210,2023-07-26,Delivered,2023-08-01,False,6.0
O001623,C00146,2023-06-17,Delivered,2023-06-21,False,4.0
O001624,C00138,2024-05-15,Delivered,2024-05-22,False,7.0
O001625,C00028,2023-11-11,Delivered,2023-11-18,False,7.0
O001626,C00219,2024-12-29,Shipped,,False,
O001627,C00081,2023-05-15,Shipped,,False,
O001628,C00082,2024-12-17,Delivered,2024-12-25,False,8.0
O001629,C00283,2024-06-26,Placed,,False,
O001630,C00242,2024-12-16,Delivered,2024-12-23,False,7.0
O001631,C00250,2023-01-28,Cancelled,,False,
O001632,C00307,2023-08-06,Cancelled,,False,
O001633,C00289,2024-10-17,Delivered,2024-10-24,False,7.0
O001634,C00262,2023-04-27,Shipped,,False,
O001635,C00171,2023-02-21,Returned,2023-02-23,False,2.0
O001636,C00091,2023-08-10,Delivered,2023-08-11,False,1.0
O001637,C00332,2023-03-07,Delivered,2023-03-13,False,6.0
O001638,C00049,2023-08-11,Delivered,2023-08-20,False,9.0
O001639,C00319,2024-06-12,Delivered,2024-06-20,False,8.0
O001640,C00215,2024-10-23,Delivered,2024-10-25,False,2.0
O001641,C00361,2023-07-26,Shipped,,False,
O001642,C00050,2024-03-08,Delivered,2024-03-12,False,4.0
O001643,C00158,2024-02-02,Delivered,2024-02-08,False,6.0
O001644,C00150,2024-03-11,Delivered,,True,
O001645,C00315,2024-04-18,Delivered,2024-04-28,False,10.0
O001646,C00253,2024-06-14,Returned,,True,
O001647,C00174,2023-06-20,Delivered,2023-06-22,False,2.0
O001648,C00398,2023-03-26,Placed,,False,
O001649,C00310,2024-11-09,Returned,2024-11-11,False,2.0
O001650,C00374,2024-11-28,Delivered,2024-12-03,False,5.0
O001651,C00250,2023-06-15,Returned,2023-06-22,False,7.0
O001652,C00394,2023-09-22,Returned,2023-09-30,False,8.0
O001653,C00231,2023-02-08,Placed,,False,
O001654,C00215,2024-08-08,Delivered,2024-08-14,False,6.0
O001655,C00024,2024-09-06,Shipped,,False,
O001656,C00028,2023-08-01,Returned,2023-08-04,False,3.0
O001657,C00211,2024-05-25,Delivered,2024-05-28,False,3.0
O001658,C00152,2024-05-22,Delivered,2024-05-23,False,1.0
O001659,C00110,2023-07-25,Placed,,False,
O001660,C00194,2024-07-20,Delivered,2024-07-25,False,5.0
O001661,C00367,2023-12-10,Placed,,False,
O001662,C00206,2024-12-24,Delivered,2024-12-26,False,2.0
O001663,C00050,2024-08-08,Delivered,2024-08-13,False,5.0
O001664,C00257,2023-03-17,Placed,,False,
O001665,C00341,2024-09-11,Delivered,2024-09-14,False,3.0
O001666,C00334,2024-09-12,Delivered,2024-09-18,False,6.0
O001667,C00082,2023-04-11,Delivered,2023-04-14,False,3.0
O001668,C00180,2024-01-02,Placed,,False,
O001669,C00054,2024-03-21,Delivered,2024-03-22,False,1.0
O001670,C00228,2023-06-23,Delivered,2023-07-02,False,9.0
O001671,C00332,2023-11-22,Delivered,2023-12-02,False,10.0
O001672,C00323,2023-01-26,Placed,,False,
O001673,C00241,2024-02-01,Delivered,2024-02-11,False,10.0
O001674,C00330,2024-06-29,Placed,,False,
O001675,C00379,2024-06-19,Delivered,2024-06-25,False,6.0
O001676,C00181,2023-05-25,Shipped,,False,
O001677,C00028,2024-02-16,Delivered,2024-02-19,False,3.0
O001678,C00321,2023-02-12,Delivered,,True,
O001679,C00163,2024-04-25,Delivered,2024-05-03,False,8.0
O001680,C00372,2024-09-03,Cancelled,,False,
O001681,C00176,2023-03-09,Delivered,2023-03-18,False,9.0
O001682,C00146,2024-11-01,Returned,2024-11-08,False,7.0
O001683,C00372,2024-04-16,Delivered,2024-04-25,False,9.0
O001684,C00381,2024-03-16,Delivered,2024-03-17,False,1.0
O001685,C00252,2023-06-19,Placed,,False,
O001686,C00099,2023-11-19,Delivered,2023-11-20,False,1.0
O001687,C00215,2023-12-26,Delivered,2023-12-27,False,1.0
O001688,C00252,2024-09-02,Delivered,2024-09-06,False,4.0
O001689,C00066,2024-02-15,Shipped,,False,
O001690,C00026,2023-08-17,Shipped,,False,
O001691,C00393,2023-03-24,Shipped,,False,
O001692,C00219,2023-05-19,Shipped,,False,
O001693,C00211,2023-06-20,Delivered,2023-06-21,False,1.0
O001694,C00366,2024-08-26,Returned,2024-08-30,False,4.0
O001695,C00116,2023-12-10,Delivered,2023-12-20,False,10.0
O001696,C00394,2023-08-09,Delivered,2023-08-18,False,9.0
O001697,C00199,2024-11-04,Delivered,2024-11-14,False,10.0
O001698,C00398,2024-01-23,Shipped,,False,
O001699,C00389,2023-10-20,Delivered,2023-10-29,False,9.0
O001700,C00281,2023-02-09,Cancelled,,False,
O001701,C00089,2023-12-14,Cancelled,,False,
O001702,C00263,2024-05-30,Shipped,,False,
O001703,C00165,2024-03-29,Delivered,2024-04-06,False,8.0
O001704,C00235,2024-04-07,Placed,,False,
O001705,C00127,2023-11-22,Placed,,False,
O001706,C00361,2023-09-07,Delivered,2023-09-11,False,4.0
O001707,C00091,2023-09-01,Delivered,2023-09-11,False,10.0
O001708,C00238,2024-12-29,Shipped,,False,
O001709,C00342,2024-11-11,Delivered,2024-11-13,False,2.0
O001710,C00059,2023-06-23,Delivered,2023-06-25,False,2.0
O001711,C00387,2024-05-05,Delivered,2024-05-13,False,8.0
O001712,C00060,2023-04-13,Returned,2023-04-21,False,8.0
O001713,C00102,2024-06-29,Delivered,2024-06-30,False,1.0
O001714,C00025,2023-03-24,Delivered,2023-03-30,False,6.0
O001715,C00006,2024-03-14,Placed,,False,
O001716,C00077,2023-05-25,Shipped,,False,
O001717,C00311,2024-03-27,Shipped,,False,
O001718,C00008,2023-08-11,Returned,2023-08-16,False,5.0
O001719,C00311,2023-06-30,Delivered,2023-07-01,False,1.0
O001720,C00226,2024-12-01,Shipped,,False,
O001721,C00197,2023-09-26,Placed,,False,
O001722,C00215,2023-08-25,Placed,,False,
O001723,C00269,2023-05-29,Shipped,,False,
O001724,C00256,2024-07-10,Shipped,,False,
O001725,C00076,2024-10-29,Cancelled,,False,
O001726,C00141,2023-11-20,Returned,2023-11-22,False,2.0
O001727,C00357,2023-08-05,Cancelled,,False,
O001728,C00096,2023-12-27,Cancelled,,False,
O001729,C00170,2024-06-22,Delivered,2024-06-23,False,1.0
O001730,C00012,2024-05-20,Shipped,,False,
O001731,C00295,2023-09-05,Delivered,2023-09-11,False,6.0
O001732,C00316,2023-02-27,Delivered,2023-03-04,False,5.0
O001733,C00065,2023-06-06,Cancelled,,False,
O001734,C00131,2023-04-19,Cancelled,,False,
O001735,C00240,2024-12-24,Delivered,2024-12-28,False,4.0
O001736,C00089,2023-08-11,Delivered,2023-08-21,False,10.0
O001737,C00035,2024-10-06,Cancelled,,False,
O001738,C00309,2023-12-03,Returned,2023-12-10,False,7.0
O001739,C00048,2024-04-26,Returned,2024-05-04,False,8.0
O001740,C00179,2024-12-24,Delivered,2024-12-27,False,3.0
O001741,C00246,2023-07-09,Delivered,2023-07-10,False,1.0
O001742,C00321,2023-10-31,Cancelled,,False,
O001743,C00010,2024-01-12,Delivered,2024-01-19,False,7.0
O001744,C00194,2023-12-11,Returned,2023-12-13,False,2.0
O001745,C00070,2023-05-18,Cancelled,,False,
O001746,C00247,2024-11-14,Placed,,False,
O001747,C00311,2024-12-29,Delivered,2025-01-05,False,7.0
O001748,C00034,2023-04-06,Delivered,2023-04-10,False,4.0
O001749,C00063,2023-05-10,Delivered,,True,
O001750,C00354,2024-11-21,Delivered,2024-11-25,False,4.0
O001751,C00324,2023-10-19,Delivered,2023-10-28,False,9.0
O001752,C00028,2024-08-14,Shipped,,False,
O001753,C00400,2024-03-08,Delivered,2024-03-10,False,2.0
O001754,C00377,2023-10-08,Delivered,2023-10-12,False,4.0
O001755,C00062,2024-09-17,Delivered,2024-09-25,False,8.0
O001756,C00281,2023-09-25,Delivered,2023-09-29,False,4.0
O001757,C00369,2023-11-30,Delivered,2023-12-01,False,1.0
O001758,C00148,2024-03-21,Delivered,2024-03-27,False,6.0
O001759,C00112,2024-12-25,Delivered,2024-12-31,False,6.0
O001760,C00098,2024-12-20,Delivered,2024-12-28,False,8.0
O001761,C00235,2023-09-04,Delivered,2023-09-12,False,8.0
O001762,C00394,2023-09-13,Delivered,2023-09-20,False,7.0
O001763,C00045,2023-12-26,Placed,,False,
O001764,C00348,2024-03-25,Delivered,2024-03-27,False,2.0
O001765,C00338,2024-12-26,Delivered,2025-01-03,False,8.0
O001766,C00213,2023-09-17,Delivered,2023-09-27,False,10.0
O001767,C00320,2023-04-01,Delivered,2023-04-02,False,1.0
O001768,C00126,2023-06-27,Cancelled,,False,
O001769,C00026,2024-01-19,Delivered,2024-01-23,False,4.0
O001770,C00163,2024-05-02,Delivered,2024-05-07,False,5.0
O001771,C00292,2024-03-31,Shipped,,False,
O001772,C00214,2023-02-04,Delivered,2023-02-13,False,9.0
O001773,C00131,2023-07-04,Cancelled,,False,
O001774,C00015,2023-03-03,Cancelled,,False,
O001775,C00306,2023-03-24,Delivered,2023-03-30,False,6.0
O001776,C00058,2024-02-23,Delivered,2024-03-04,False,10.0
O001777,C00106,2024-06-23,Delivered,2024-06-26,False,3.0
O001778,C00314,2023-01-18,Delivered,2023-01-22,False,4.0
O001779,C00331,2023-11-11,Cancelled,,False,
O001780,C00399,2023-12-14,Delivered,2023-12-19,False,5.0
O001781,C00167,2023-04-16,Returned,2023-04-19,False,3.0
O001782,C00062,2024-11-29,Delivered,2024-12-07,False,8.0
O001783,C00096,2023-03-20,Delivered,2023-03-29,False,9.0
O001784,C00129,2024-07-04,Delivered,2024-07-12,False,8.0
O001785,C00210,2024-01-20,Delivered,2024-01-22,False,2.0
O001786,C00352,2023-04-04,Cancelled,,False,
O001787,C00094,2024-01-30,Delivered,2024-02-02,False,3.0
O001788,C00332,2023-02-23,Delivered,2023-03-04,False,9.0
O001789,C00263,2023-03-06,Shipped,,False,
O001790,C00317,2024-02-22,Delivered,2024-02-28,False,6.0
O001791,C00133,2024-09-03,Placed,,False,
O001792,C00216,2024-12-12,Returned,2024-12-22,False,10.0
O001793,C00158,2024-11-11,Shipped,,False,
O001794,C00311,2024-09-25,Delivered,2024-09-26,False,1.0
O001795,C00234,2024-10-10,Delivered,2024-10-19,False,9.0
O001796,C00069,2023-02-17,Delivered,2023-02-22,False,5.0
O001797,C00392,2023-02-15,Delivered,2023-02-16,False,1.0
O001798,C00248,2023-01-30,Delivered,,True,
O001799,C00395,2024-08-16,Delivered,2024-08-23,False,7.0
O001800,C00215,2024-05-18,Delivered,2024-05-25,False,7.0
O001801,C00087,2023-05-22,Placed,,False,
O001802,C00339,2024-11-12,Cancelled,,False,
O001803,C00361,2024-08-23,Delivered,2024-09-02,False,10.0
O001804,C00301,2023-02-18,Shipped,,False,
O001805,C00148,2023-02-27,Delivered,2023-03-06,False,7.0
O001806,C00176,2024-01-25,Delivered,2024-01-28,False,3.0
O001807,C00277,2023-09-09,Shipped,,False,
O001808,C00209,2023-01-19,Returned,2023-01-28,False,9.0
O001809,C00070,2023-07-25,Returned,2023-07-31,False,6.0
O001810,C00336,2024-12-03,Delivered,2024-12-12,False,9.0
O001811,C00255,2024-05-19,Delivered,2024-05-29,False,10.0
O001812,C00012,2023-09-01,Cancelled,,False,
O001813,C00281,2023-12-02,Delivered,2023-12-05,False,3.0
O001814,C00372,2024-09-06,Delivered,2024-09-07,False,1.0
O001815,C00245,2023-07-21,Delivered,2023-07-25,False,4.0
O001816,C00192,2023-12-01,Delivered,2023-12-07,False,6.0
O001817,C00298,2024-02-17,Delivered,2024-02-18,False,1.0
O001818,C00082,2023-06-06,Cancelled,,False,
O001819,C00370,2024-10-26,Shipped,,False,
O001820,C00282,2024-07-16,Placed,,False,
O001821,C00028,2024-05-07,Placed,,False,
O001822,C00005,2024-01-19,Placed,,False,
O001823,C00339,2024-09-26,Shipped,,False,
O001824,C00356,2024-03-20,Delivered,2024-03-21,False,1.0
O001825,C00264,2024-03-18,Delivered,2024-03-24,False,6.0
O001826,C00263,2024-05-13,Returned,2024-05-18,False,5.0
O001827,C00173,2024-10-20,Delivered,2024-10-25,False,5.0
O001828,C00088,2024-05-27,Delivered,2024-06-01,False,5.0
O001829,C00084,2024-07-03,Returned,2024-07-04,False,1.0
O001830,C00319,2023-02-15,Delivered,2023-02-20,False,5.0
O001831,C00163,2023-08-07,Delivered,,True,
O001832,C00380,2024-12-11,Returned,2024-12-17,False,6.0
O001833,C00236,2024-01-17,Placed,,False,
O001834,C00041,2024-11-25,Delivered,2024-12-03,False,8.0
O001835,C00057,2023-04-11,Cancelled,,False,
O001836,C00146,2023-07-22,Delivered,2023-07-28,False,6.0
O001837,C00222,2023-07-18,Placed,,False,
O001838,C00230,2023-06-18,Delivered,2023-06-22,False,4.0
O001839,C00150,2024-06-16,Shipped,,False,
O001840,C00362,2023-08-22,Delivered,2023-08-28,False,6.0
O001841,C00198,2024-03-01,Cancelled,,False,
O001842,C00328,2023-04-17,Cancelled,,False,
O001843,C00158,2024-01-22,Returned,2024-01-31,False,9.0
O001844,C00383,2023-11-23,Returned,2023-11-28,False,5.0
O001845,C00226,2024-12-05,Delivered,2024-12-11,False,6.0
O001846,C00109,2023-08-10,Cancelled,,False,
O001847,C00247,2023-09-25,Shipped,,False,
O001848,C00202,2024-06-04,Cancelled,,False,
O001849,C00040,2023-08-31,Delivered,,True,
O001850,C00232,2024-07-28,Delivered,2024-08-07,False,10.0
O001851,C00076,2023-09-20,Delivered,2023-09-30,False,10.0
O001852,C00151,2024-12-27,Delivered,2024-12-30,False,3.0
O001853,C00263,2023-05-07,Placed,,False,
O001854,C00348,2024-08-16,Delivered,2024-08-19,False,3.0
O001855,C00076,2023-01-04,Shipped,,False,
O001856,C00339,2024-06-10,Shipped,,False,
O001857,C00115,2024-11-29,Delivered,2024-12-07,False,8.0
O001858,C00161,2023-12-20,Placed,,False,
O001859,C00376,2024-06-09,Delivered,,True,
O001860,C00140,2023-01-28,Placed,,False,
O001861,C00290,2024-07-07,Delivered,2024-07-17,False,10.0
O001862,C00319,2024-04-13,Cancelled,,False,
O001863,C00230,2023-11-29,Cancelled,,False,
O001864,C00320,2024-04-07,Cancelled,,False,
O001865,C00140,2024-03-25,Cancelled,,False,
O001866,C00328,2024-01-04,Delivered,2024-01-12,False,8.0
O001867,C00322,2024-04-29,Delivered,2024-05-04,False,5.0
O001868,C00201,2023-10-31,Delivered,2023-11-01,False,1.0
O001869,C00335,2024-01-25,Cancelled,,False,
O001870,C00099,2024-09-03,Returned,2024-09-10,False,7.0
O001871,C00398,2024-03-27,Delivered,2024-03-28,False,1.0
O001872,C00093,2023-07-08,Placed,,False,
O001873,C00065,2023-05-14,Delivered,2023-05-21,False,7.0
O001874,C00152,2023-08-09,Delivered,2023-08-14,False,5.0
O001875,C00224,2023-12-16,Delivered,2023-12-19,False,3.0
O001876,C00003,2023-02-19,Delivered,2023-02-24,False,5.0
O001877,C00268,2023-06-20,Delivered,2023-06-23,False,3.0
O001878,C00223,2023-11-06,Delivered,2023-11-14,False,8.0
O001879,C00247,2024-05-07,Cancelled,,False,
O001880,C00097,2024-05-23,Cancelled,,False,
O001881,C00180,2024-08-14,Delivered,2024-08-18,False,4.0
O001882,C00134,2024-12-19,Shipped,,False,
O001883,C00380,2024-01-05,Delivered,2024-01-12,False,7.0
O001884,C00092,2023-04-11,Shipped,,False,
O001885,C00042,2023-07-13,Placed,,False,
O001886,C00289,2024-04-01,Shipped,,False,
O001887,C00143,2023-04-13,Delivered,2023-04-14,False,1.0
O001888,C00027,2024-07-16,Shipped,,False,
O001889,C00177,2024-05-03,Delivered,2024-05-09,False,6.0
O001890,C00182,2023-06-18,Cancelled,,False,
O001891,C00385,2023-05-14,Delivered,2023-05-23,False,9.0
O001892,C00189,2024-04-05,Delivered,2024-04-13,False,8.0
O001893,C00097,2024-05-22,Delivered,2024-05-28,False,6.0
O001894,C00061,2024-08-08,Delivered,2024-08-17,False,9.0
O001895,C00220,2024-09-07,Delivered,2024-09-11,False,4.0
O001896,C00052,2024-08-31,Returned,2024-09-10,False,10.0
O001897,C00287,2023-03-02,Delivered,2023-03-04,False,2.0
O001898,C00240,2024-02-10,Cancelled,,False,
O001899,C00349,2023-08-11,Delivered,2023-08-16,False,5.0
O001900,C00003,2024-05-03,Returned,,True,
O001901,C00187,2024-02-17,Placed,,False,
O001902,C00006,2024-02-21,Cancelled,,False,
O001903,C00236,2023-06-30,Shipped,,False,
O001904,C00063,2023-08-25,Delivered,2023-08-29,False,4.0
O001905,C00207,2023-12-09,Shipped,,False,
O001906,C00003,2023-08-27,Delivered,2023-08-31,False,4.0
O001907,C00145,2023-09-17,Delivered,2023-09-21,False,4.0
O001908,C00004,2024-05-14,Delivered,2024-05-23,False,9.0
O001909,C00298,2024-10-11,Delivered,2024-10-17,False,6.0
O001910,C00183,2024-01-17,Shipped,,False,
O001911,C00199,2023-09-13,Cancelled,,False,
O001912,C00015,2024-09-23,Shipped,,False,
O001913,C00071,2023-10-12,Shipped,,False,
O001914,C00297,2023-01-01,Delivered,2023-01-06,False,5.0
O001915,C00363,2023-03-21,Shipped,,False,
O001916,C00219,2023-04-09,Delivered,2023-04-17,False,8.0
O001917,C00122,2024-02-05,Shipped,,False,
O001918,C00238,2023-12-27,Delivered,2024-01-03,False,7.0
O001919,C00311,2023-12-09,Delivered,2023-12-12,False,3.0
O001920,C00315,2023-01-02,Returned,2023-01-10,False,8.0
O001921,C00349,2024-12-30,Returned,2025-01-06,False,7.0
O001922,C00134,2023-09-24,Delivered,2023-10-01,False,7.0
O001923,C00391,2024-11-15,Delivered,2024-11-19,False,4.0
O001924,C00338,2023-01-17,Shipped,,False,
O001925,C00092,2024-11-24,Placed,,False,
O001926,C00188,2023-02-28,Returned,2023-03-05,False,5.0
O001927,C00022,2024-08-27,Delivered,2024-08-28,False,1.0
O001928,C00160,2024-05-04,Delivered,2024-05-05,False,1.0
O001929,C00061,2023-11-11,Returned,2023-11-19,False,8.0
O001930,C00359,2023-06-06,Delivered,2023-06-12,False,6.0
O001931,C00314,2023-02-09,Delivered,2023-02-11,False,2.0
O001932,C00294,2023-02-14,Shipped,,False,
O001933,C00278,2024-02-17,Placed,,False,
O001934,C00087,2024-05-14,Delivered,2024-05-22,False,8.0
O001935,C00382,2024-03-02,Delivered,2024-03-12,False,10.0
O001936,C00040,2024-02-07,Delivered,2024-02-15,False,8.0
O001937,C00081,2023-04-23,Placed,,False,
O001938,C00400,2023-09-12,Delivered,2023-09-13,False,1.0
O001939,C00186,2023-05-08,Cancelled,,False,
O001940,C00205,2024-05-12,Delivered,2024-05-16,False,4.0
O001941,C00159,2023-07-22,Delivered,,True,
O001942,C00070,2023-04-29,Cancelled,,False,
O001943,C00385,2024-04-09,Delivered,2024-04-17,False,8.0
O001944,C00125,2024-02-04,Delivered,2024-02-12,False,8.0
O001945,C00061,2024-06-21,Placed,,False,
O001946,C00368,2024-10-07,Returned,2024-10-08,False,1.0
O001947,C00335,2023-02-07,Placed,,False,
O001948,C00090,2023-10-25,Delivered,2023-11-03,False,9.0
O001949,C00263,2024-04-11,Placed,,False,
O001950,C00341,2023-02-07,Delivered,2023-02-15,False,8.0
O001951,C00109,2024-03-09,Delivered,2024-03-18,False,9.0
O001952,C00202,2023-02-26,Delivered,2023-03-08,False,10.0
O001953,C00242,2023-11-07,Delivered,2023-11-10,False,3.0
O001954,C00231,2024-11-08,Cancelled,,False,
O001955,C00089,2024-03-26,Delivered,2024-04-04,False,9.0
O001956,C00060,2024-08-24,Delivered,2024-08-30,False,6.0
O001957,C00119,2023-08-25,Delivered,2023-08-28,False,3.0
O001958,C00280,2024-08-20,Delivered,2024-08-26,False,6.0
O001959,C00271,2024-11-14,Placed,,False,
O001960,C00363,2023-07-17,Delivered,2023-07-27,False,10.0
O001961,C00202,2023-02-18,Delivered,2023-02-22,False,4.0
O001962,C00195,2023-08-12,Placed,,False,
O001963,C00246,2024-10-05,Cancelled,,False,
O001964,C00008,2023-01-22,Shipped,,False,
O001965,C00206,2023-04-30,Delivered,2023-05-09,False,9.0
O001966,C00366,2023-09-07,Shipped,,False,
O001967,C00237,2023-07-03,Shipped,,False,
O001968,C00316,2023-09-04,Delivered,2023-09-14,False,10.0
O001969,C00268,2023-09-22,Delivered,2023-09-26,False,4.0
O001970,C00400,2024-12-25,Placed,,False,
O001971,C00375,2024-05-05,Placed,,False,
O001972,C00381,2023-09-30,Returned,2023-10-02,False,2.0
O001973,C00373,2024-11-04,Delivered,2024-11-12,False,8.0
O001974,C00021,2023-05-30,Delivered,2023-06-01,False,2.0
O001975,C00216,2023-04-16,Delivered,2023-04-19,False,3.0
O001976,C00130,2024-02-12,Placed,,False,
O001977,C00272,2023-08-17,Delivered,2023-08-26,False,9.0
O001978,C00012,2023-12-28,Delivered,2024-01-05,False,8.0
O001979,C00342,2023-10-30,Delivered,2023-11-01,False,2.0
O001980,C00014,2023-03-09,Delivered,2023-03-15,False,6.0
O001981,C00114,2024-06-09,Delivered,2024-06-14,False,5.0
O001982,C00364,2023-01-11,Shipped,,False,
O001983,C00161,2023-07-14,Delivered,2023-07-19,False,5.0
O001984,C00197,2024-12-27,Shipped,,False,
O001985,C00290,2023-03-07,Delivered,2023-03-12,False,5.0
O001986,C00355,2023-12-06,Placed,,False,
O001987,C00327,2024-02-27,Delivered,2024-03-03,False,5.0
O001988,C00211,2023-07-19,Delivered,2023-07-25,False,6.0
O001989,C00228,2024-05-30,Shipped,,False,
O001990,C00178,2023-07-23,Delivered,2023-07-25,False,2.0
O001991,C00040,2024-07-19,Shipped,,False,
O001992,C00383,2024-08-30,Shipped,,False,
O001993,C00071,2023-07-02,Returned,2023-07-08,False,6.0
O001994,C00398,2023-11-25,Delivered,2023-11-27,False,2.0
O001995,C00063,2023-12-06,Delivered,2023-12-12,False,6.0
O001996,C00388,2024-01-01,Delivered,2024-01-02,False,1.0
O001997,C00066,2023-07-05,Delivered,2023-07-14,False,9.0
O001998,C00056,2024-08-23,Delivered,2024-08-28,False,5.0
O001999,C00055,2024-08-08,Delivered,2024-08-18,False,10.0
O002000,C00091,2023-08-14,Delivered,2023-08-23,False,9.0
O002001,C00038,2023-04-18,Delivered,2023-04-22,False,4.0
O002002,C00009,2024-10-31,Delivered,2024-11-05,False,5.0
O002003,C00035,2024-01-30,Delivered,2024-02-03,False,4.0
O002004,C00283,2024-06-12,Returned,2024-06-22,False,10.0
O002005,C00204,2023-12-04,Delivered,2023-12-06,False,2.0
O002006,C00360,2024-12-04,Delivered,2024-12-08,False,4.0
O002007,C00330,2023-08-12,Delivered,2023-08-21,False,9.0
O002008,C00020,2024-09-10,Shipped,,False,
O002009,C00260,2023-05-22,Delivered,2023-05-28,False,6.0
O002010,C00087,2023-09-09,Delivered,2023-09-19,False,10.0
O002011,C00306,2024-01-12,Delivered,2024-01-13,False,1.0
O002012,C00364,2023-11-13,Returned,2023-11-23,False,10.0
O002013,C00055,2023-01-15,Delivered,2023-01-22,False,7.0
O002014,C00284,2024-12-28,Placed,,False,
O002015,C00377,2024-08-17,Placed,,False,
O002016,C00062,2024-09-12,Returned,2024-09-15,False,3.0
O002017,C00361,2023-07-02,Delivered,2023-07-05,False,3.0
O002018,C00076,2023-04-17,Delivered,2023-04-18,False,1.0
O002019,C00291,2023-08-01,Cancelled,,False,
O002020,C00018,2023-04-28,Shipped,,False,
O002021,C00315,2024-08-14,Delivered,,True,
O002022,C00291,2024-07-26,Cancelled,,False,
O002023,C00356,2023-06-20,Returned,2023-06-23,False,3.0
O002024,C00288,2024-07-20,Cancelled,,False,
O002025,C00092,2024-10-24,Cancelled,,False,
O002026,C00059,2024-07-03,Placed,,False,
O002027,C00277,2024-07-12,Shipped,,False,
O002028,C00286,2024-01-22,Shipped,,False,
O002029,C00359,2024-02-12,Delivered,2024-02-14,False,2.0
O002030,C00394,2023-09-26,Delivered,2023-10-02,False,6.0
O002031,C00052,2024-07-23,Delivered,,True,
O002032,C00314,2023-03-01,Shipped,,False,
O002033,C00198,2023-02-24,Returned,2023-02-25,False,1.0
O002034,C00294,2024-01-06,Delivered,2024-01-09,False,3.0
O002035,C00195,2023-06-26,Cancelled,,False,
O002036,C00351,2023-06-21,Shipped,,False,
O002037,C00170,2024-03-27,Placed,,False,
O002038,C00077,2024-02-09,Delivered,2024-02-17,False,8.0
O002039,C00119,2024-06-26,Delivered,2024-07-04,False,8.0
O002040,C00041,2024-02-05,Delivered,2024-02-15,False,10.0
O002041,C00249,2023-10-18,Delivered,2023-10-23,False,5.0
O002042,C00141,2024-12-18,Delivered,2024-12-20,False,2.0
O002043,C00221,2024-08-13,Shipped,,False,
O002044,C00177,2024-10-28,Delivered,2024-10-29,False,1.0
O002045,C00364,2023-09-29,Delivered,2023-10-07,False,8.0
O002046,C00056,2024-05-10,Cancelled,,False,
O002047,C00229,2023-10-14,Delivered,2023-10-24,False,10.0
O002048,C00238,2023-02-18,Delivered,2023-02-25,False,7.0
O002049,C00094,2024-04-07,Returned,2024-04-08,False,1.0
O002050,C00343,2024-12-08,Returned,2024-12-16,False,8.0
O002051,C00164,2023-09-13,Delivered,2023-09-22,False,9.0
O002052,C00112,2024-07-21,Shipped,,False,
O002053,C00364,2023-12-10,Delivered,2023-12-14,False,4.0
O002054,C00354,2023-09-05,Placed,,False,
O002055,C00123,2023-10-19,Delivered,2023-10-26,False,7.0
O002056,C00184,2023-08-03,Delivered,2023-08-06,False,3.0
O002057,C00076,2024-01-21,Delivered,2024-01-26,False,5.0
O002058,C00051,2023-12-13,Placed,,False,
O002059,C00230,2023-06-29,Delivered,2023-07-07,False,8.0
O002060,C00363,2023-04-04,Shipped,,False,
O002061,C00398,2024-05-07,Delivered,2024-05-16,False,9.0
O002062,C00135,2024-05-09,Delivered,2024-05-17,False,8.0
O002063,C00067,2023-08-16,Delivered,2023-08-22,False,6.0
O002064,C00358,2023-02-07,Delivered,2023-02-16,False,9.0
O002065,C00028,2023-11-16,Delivered,2023-11-22,False,6.0
O002066,C00233,2024-10-26,Delivered,2024-11-04,False,9.0
O002067,C00314,2024-02-14,Delivered,2024-02-20,False,6.0
O002068,C00064,2024-11-18,Delivered,2024-11-21,False,3.0
O002069,C00316,2023-12-05,Delivered,2023-12-13,False,8.0
O002070,C00320,2023-10-09,Delivered,2023-10-13,False,4.0
O002071,C00004,2024-12-11,Shipped,,False,
O002072,C00059,2023-03-19,Delivered,2023-03-25,False,6.0
O002073,C00070,2024-11-02,Delivered,2024-11-10,False,8.0
O002074,C00022,2023-12-28,Delivered,2024-01-07,False,10.0
O002075,C00185,2024-10-08,Delivered,2024-10-14,False,6.0
O002076,C00372,2024-01-11,Cancelled,,False,
O002077,C00078,2024-09-16,Delivered,2024-09-24,False,8.0
O002078,C00206,2024-04-19,Placed,,False,
O002079,C00332,2023-06-26,Delivered,2023-07-01,False,5.0
O002080,C00199,2023-06-30,Cancelled,,False,
O002081,C00227,2023-10-17,Delivered,2023-10-20,False,3.0
O002082,C00103,2023-03-31,Shipped,,False,
O002083,C00244,2024-09-07,Delivered,2024-09-14,False,7.0
O002084,C00087,2023-04-29,Shipped,,False,
O002085,C00349,2023-02-10,Delivered,2023-02-19,False,9.0
O002086,C00110,2023-03-13,Delivered,2023-03-19,False,6.0
O002087,C00322,2024-08-27,Delivered,2024-08-31,False,4.0
O002088,C00393,2024-02-13,Placed,,False,
O002089,C00284,2023-08-11,Cancelled,,False,
O002090,C00206,2024-08-29,Delivered,2024-08-31,False,2.0
O002091,C00286,2023-08-02,Delivered,2023-08-10,False,8.0
O002092,C00082,2024-03-26,Returned,2024-04-05,False,10.0
O002093,C00103,2024-09-14,Delivered,2024-09-21,False,7.0
O002094,C00166,2023-03-02,Delivered,2023-03-08,False,6.0
O002095,C00194,2023-10-08,Placed,,False,
O002096,C00118,2023-12-12,Delivered,2023-12-21,False,9.0
O002097,C00119,2024-08-14,Shipped,,False,
O002098,C00030,2023-08-05,Delivered,2023-08-12,False,7.0
O002099,C00042,2024-07-28,Delivered,2024-08-04,False,7.0
O002100,C00223,2023-09-19,Delivered,2023-09-26,False,7.0
O002101,C00024,2023-05-14,Delivered,2023-05-20,False,6.0
O002102,C00134,2024-01-14,Shipped,,False,
O002103,C00258,2023-11-11,Cancelled,,False,
O002104,C00391,2023-09-22,Delivered,2023-09-26,False,4.0
O002105,C00178,2023-10-07,Delivered,2023-10-13,False,6.0
O002106,C00278,2024-10-20,Shipped,,False,
O002107,C00082,2023-04-12,Cancelled,,False,
O002108,C00105,2024-04-06,Returned,2024-04-11,False,5.0
O002109,C00137,2023-03-13,Delivered,2023-03-18,False,5.0
O002110,C00079,2023-09-15,Delivered,2023-09-23,False,8.0
O002111,C00031,2024-08-07,Delivered,2024-08-09,False,2.0
O002112,C00231,2023-10-28,Cancelled,,False,
O002113,C00304,2023-03-10,Returned,2023-03-15,False,5.0
O002114,C00248,2023-08-22,Delivered,2023-08-31,False,9.0
O002115,C00356,2023-01-14,Delivered,2023-01-17,False,3.0
O002116,C00390,2024-08-02,Delivered,2024-08-05,False,3.0
O002117,C00244,2024-05-09,Delivered,2024-05-15,False,6.0
O002118,C00098,2023-04-09,Delivered,2023-04-11,False,2.0
O002119,C00354,2024-02-15,Delivered,2024-02-17,False,2.0
O002120,C00264,2023-11-06,Shipped,,False,
O002121,C00369,2024-05-22,Placed,,False,
O002122,C00353,2023-12-09,Shipped,,False,
O002123,C00118,2024-05-09,Returned,2024-05-16,False,7.0
O002124,C00211,2023-07-28,Returned,2023-08-03,False,6.0
O002125,C00186,2024-04-28,Cancelled,,False,
O002126,C00031,2024-06-16,Delivered,2024-06-23,False,7.0
O002127,C00027,2024-11-19,Delivered,2024-11-27,False,8.0
O002128,C00362,2023-10-03,Delivered,2023-10-10,False,7.0
O002129,C00172,2024-08-14,Placed,,False,
O002130,C00071,2023-06-02,Shipped,,False,
O002131,C00349,2023-09-05,Delivered,2023-09-06,False,1.0
O002132,C00212,2024-04-21,Delivered,2024-04-24,False,3.0
O002133,C00296,2023-08-03,Delivered,2023-08-13,False,10.0
O002134,C00323,2023-12-30,Shipped,,False,
O002135,C00077,2024-08-16,Shipped,,False,
O002136,C00284,2023-08-01,Returned,2023-08-02,False,1.0
O002137,C00043,2023-08-04,Delivered,2023-08-06,False,2.0
O002138,C00193,2024-11-24,Delivered,2024-12-01,False,7.0
O002139,C00252,2024-09-27,Delivered,2024-09-30,False,3.0
O002140,C00352,2023-02-08,Delivered,2023-02-18,False,10.0
O002141,C00397,2024-08-31,Delivered,2024-09-07,False,7.0
O002142,C00294,2024-10-26,Delivered,2024-10-27,False,1.0
O002143,C00215,2024-08-20,Delivered,2024-08-24,False,4.0
O002144,C00146,2024-08-02,Shipped,,False,
O002145,C00326,2023-01-08,Delivered,2023-01-13,False,5.0
O002146,C00199,2023-01-17,Delivered,2023-01-21,False,4.0
O002147,C00135,2024-04-07,Delivered,2024-04-09,False,2.0
O002148,C00265,2023-06-07,Delivered,2023-06-15,False,8.0
O002149,C00122,2023-04-04,Returned,2023-04-14,False,10.0
O002150,C00215,2023-04-21,Delivered,2023-04-25,False,4.0
O002151,C00186,2024-12-29,Shipped,,False,
O002152,C00373,2023-03-31,Shipped,,False,
O002153,C00064,2023-12-30,Delivered,2024-01-05,False,6.0
O002154,C00141,2023-06-03,Placed,,False,
O002155,C00231,2023-07-01,Shipped,,False,
O002156,C00285,2024-01-26,Placed,,False,
O002157,C00090,2023-10-10,Delivered,2023-10-12,False,2.0
O002158,C00073,2023-12-13,Returned,2023-12-23,False,10.0
O002159,C00361,2024-09-08,Shipped,,False,
O002160,C00144,2024-05-08,Delivered,2024-05-10,False,2.0
O002161,C00385,2024-10-31,Delivered,2024-11-10,False,10.0
O002162,C00288,2024-02-26,Delivered,2024-03-05,False,8.0
O002163,C00283,2023-06-01,Cancelled,,False,
O002164,C00008,2023-03-18,Delivered,2023-03-21,False,3.0
O002165,C00325,2024-07-23,Delivered,2024-07-28,False,5.0
O002166,C00312,2023-03-17,Delivered,2023-03-20,False,3.0
O002167,C00061,2024-09-15,Shipped,,False,
O002168,C00239,2024-11-04,Delivered,2024-11-06,False,2.0
O002169,C00348,2023-02-20,Delivered,2023-02-27,False,7.0
O002170,C00290,2023-09-19,Cancelled,,False,
O002171,C00258,2023-09-20,Cancelled,,False,
O002172,C00146,2023-01-31,Placed,,False,
O002173,C00280,2024-03-18,Delivered,2024-03-27,False,9.0
O002174,C00188,2024-09-25,Placed,,False,
O002175,C00400,2023-03-29,Cancelled,,False,
O002176,C00282,2024-08-19,Shipped,,False,
O002177,C00270,2024-09-03,Shipped,,False,
O002178,C00335,2023-10-30,Shipped,,False,
O002179,C00089,2023-02-04,Delivered,2023-02-13,False,9.0
O002180,C00104,2023-01-09,Delivered,2023-01-13,False,4.0
O002181,C00183,2024-02-28,Delivered,2024-03-09,False,10.0
O002182,C00281,2023-05-31,Delivered,2023-06-04,False,4.0
O002183,C00331,2024-06-08,Delivered,2024-06-12,False,4.0
O002184,C00375,2023-05-31,Placed,,False,
O002185,C00395,2024-11-28,Delivered,2024-12-01,False,3.0
O002186,C00001,2024-04-07,Delivered,2024-04-10,False,3.0
O002187,C00022,2023-07-10,Delivered,2023-07-12,False,2.0
O002188,C00355,2024-06-23,Delivered,2024-06-24,False,1.0
O002189,C00305,2024-05-27,Placed,,False,
O002190,C00200,2024-12-01,Delivered,2024-12-07,False,6.0
O002191,C00397,2024-11-03,Placed,,False,
O002192,C00070,2023-05-05,Cancelled,,False,
O002193,C00245,2023-08-07,Delivered,2023-08-15,False,8.0
O002194,C00124,2023-10-11,Returned,2023-10-21,False,10.0
O002195,C00234,2023-11-06,Delivered,2023-11-14,False,8.0
O002196,C00145,2024-06-08,Placed,,False,
O002197,C00085,2024-04-12,Returned,2024-04-15,False,3.0
O002198,C00165,2023-09-28,Placed,,False,
O002199,C00378,2023-11-16,Shipped,,False,
O002200,C00343,2024-11-19,Delivered,2024-11-22,False,3.0
O002201,C00327,2023-08-06,Delivered,2023-08-09,False,3.0
O002202,C00354,2024-01-04,Delivered,2024-01-14,False,10.0
O002203,C00280,2023-02-03,Delivered,2023-02-05,False,2.0
O002204,C00113,2023-04-04,Returned,2023-04-11,False,7.0
O002205,C00088,2024-07-24,Delivered,2024-07-29,False,5.0
O002206,C00007,2024-02-25,Delivered,2024-03-05,False,9.0
O002207,C00265,2024-02-24,Cancelled,,False,
O002208,C00265,2023-11-13,Delivered,2023-11-15,False,2.0
O002209,C00208,2023-07-03,Delivered,2023-07-07,False,4.0
O002210,C00137,2024-01-08,Placed,,False,
O002211,C00202,2023-11-12,Shipped,,False,
O002212,C00226,2024-01-29,Cancelled,,False,
O002213,C00024,2023-12-17,Shipped,,False,
O002214,C00279,2024-01-26,Delivered,2024-01-29,False,3.0
O002215,C00242,2024-08-02,Returned,2024-08-08,False,6.0
O002216,C00378,2023-04-29,Delivered,2023-05-07,False,8.0
O002217,C00020,2024-03-10,Delivered,2024-03-19,False,9.0
O002218,C00099,2023-10-28,Returned,2023-11-04,False,7.0
O002219,C00097,2024-03-31,Delivered,2024-04-05,False,5.0
O002220,C00282,2024-10-25,Delivered,2024-10-31,False,6.0
O002221,C00227,2023-08-31,Cancelled,,False,
O002222,C00171,2023-08-24,Shipped,,False,
O002223,C00205,2024-06-21,Delivered,2024-06-22,False,1.0
O002224,C00306,2023-04-16,Cancelled,,False,
O002225,C00058,2024-03-13,Delivered,2024-03-20,False,7.0
O002226,C00035,2024-05-12,Cancelled,,False,
O002227,C00079,2024-05-15,Placed,,False,
O002228,C00108,2023-11-03,Delivered,2023-11-11,False,8.0
O002229,C00001,2024-06-24,Shipped,,False,
O002230,C00083,2024-04-26,Delivered,2024-05-04,False,8.0
O002231,C00211,2024-02-13,Cancelled,,False,
O002232,C00361,2023-11-01,Delivered,2023-11-05,False,4.0
O002233,C00259,2023-05-02,Cancelled,,False,
O002234,C00067,2023-09-18,Cancelled,,False,
O002235,C00206,2024-09-27,Delivered,,True,
O002236,C00186,2024-06-15,Delivered,2024-06-20,False,5.0
O002237,C00371,2023-07-10,Placed,,False,
O002238,C00130,2023-06-12,Cancelled,,False,
O002239,C00182,2023-06-19,Delivered,2023-06-25,False,6.0
O002240,C00021,2024-08-30,Cancelled,,False,
O002241,C00265,2023-06-17,Shipped,,False,
O002242,C00323,2023-05-24,Delivered,2023-05-31,False,7.0
O002243,C00114,2024-08-03,Cancelled,,False,
O002244,C00245,2024-08-23,Returned,2024-08-29,False,6.0
O002245,C00331,2023-05-29,Delivered,2023-06-05,False,7.0
O002246,C00259,2024-10-24,Delivered,2024-11-02,False,9.0
O002247,C00124,2023-02-24,Shipped,,False,
O002248,C00318,2023-10-29,Delivered,2023-10-31,False,2.0
O002249,C00173,2023-01-28,Returned,2023-02-03,False,6.0
O002250,C00132,2024-12-29,Delivered,2025-01-04,False,6.0
O002251,C00326,2024-08-23,Delivered,,True,
O002252,C00294,2024-03-02,Cancelled,,False,
O002253,C00251,2024-07-31,Delivered,2024-08-08,False,8.0
O002254,C00046,2023-01-22,Delivered,2023-01-25,False,3.0
O002255,C00053,2023-02-20,Delivered,2023-02-26,False,6.0
O002256,C00372,2023-08-08,Delivered,2023-08-16,False,8.0
O002257,C00392,2023-02-22,Shipped,,False,
O002258,C00367,2023-08-17,Delivered,2023-08-27,False,10.0
O002259,C00097,2024-06-02,Delivered,2024-06-04,False,2.0
O002260,C00123,2024-02-20,Placed,,False,
O002261,C00396,2024-08-24,Shipped,,False,
O002262,C00307,2024-02-27,Delivered,2024-03-03,False,5.0
O002263,C00368,2023-10-29,Delivered,2023-11-03,False,5.0
O002264,C00058,2024-07-26,Delivered,2024-08-03,False,8.0
O002265,C00359,2024-06-23,Delivered,2024-06-28,False,5.0
O002266,C00014,2023-12-05,Delivered,2023-12-09,False,4.0
O002267,C00328,2023-01-12,Returned,2023-01-17,False,5.0
O002268,C00084,2023-09-06,Delivered,2023-09-09,False,3.0
O002269,C00195,2024-12-30,Shipped,,False,
O002270,C00014,2024-08-21,Delivered,2024-08-27,False,6.0
O002271,C00142,2023-03-10,Cancelled,,False,
O002272,C00376,2024-02-25,Delivered,2024-02-29,False,4.0
O002273,C00303,2024-01-13,Placed,,False,
O002274,C00033,2023-01-23,Delivered,2023-01-27,False,4.0
O002275,C00145,2024-03-09,Delivered,2024-03-17,False,8.0
O002276,C00245,2024-07-15,Placed,,False,
O002277,C00264,2024-02-21,Delivered,,True,
O002278,C00154,2023-11-16,Delivered,2023-11-22,False,6.0
O002279,C00077,2023-06-06,Shipped,,False,
O002280,C00246,2023-03-26,Shipped,,False,
O002281,C00391,2024-02-12,Shipped,,False,
O002282,C00144,2024-06-06,Delivered,2024-06-12,False,6.0
O002283,C00001,2023-02-28,Delivered,,True,
O002284,C00199,2024-01-28,Cancelled,,False,
O002285,C00367,2023-01-18,Cancelled,,False,
O002286,C00327,2023-10-31,Shipped,,False,
O002287,C00235,2023-09-29,Delivered,2023-10-05,False,6.0
O002288,C00181,2024-10-30,Delivered,2024-11-08,False,9.0
O002289,C00219,2023-07-27,Placed,,False,
O002290,C00295,2024-02-20,Shipped,,False,
O002291,C00166,2023-01-11,Delivered,2023-01-17,False,6.0
O002292,C00159,2024-04-04,Cancelled,,False,
O002293,C00181,2024-07-30,Placed,,False,
O002294,C00093,2023-03-27,Delivered,2023-03-31,False,4.0
O002295,C00164,2023-10-22,Delivered,2023-10-27,False,5.0
O002296,C00287,2023-10-31,Cancelled,,False,
O002297,C00080,2024-08-13,Delivered,2024-08-21,False,8.0
O002298,C00394,2023-05-12,Delivered,2023-05-14,False,2.0
O002299,C00078,2024-08-26,Cancelled,,False,
O002300,C00023,2024-05-22,Placed,,False,
O002301,C00063,2024-03-20,Returned,2024-03-26,False,6.0
O002302,C00295,2023-07-29,Delivered,2023-08-08,False,10.0
O002303,C00370,2024-06-21,Delivered,2024-06-30,False,9.0
O002304,C00156,2023-10-16,Delivered,2023-10-26,False,10.0
O002305,C00077,2023-05-08,Delivered,2023-05-10,False,2.0
O002306,C00012,2024-10-17,Shipped,,False,
O002307,C00184,2023-09-09,Delivered,2023-09-15,False,6.0
O002308,C00176,2023-07-02,Delivered,2023-07-11,False,9.0
O002309,C00186,2024-01-13,Delivered,2024-01-16,False,3.0
O002310,C00289,2023-01-09,Delivered,2023-01-17,False,8.0
O002311,C00310,2024-11-07,Delivered,2024-11-17,False,10.0
O002312,C00016,2024-05-29,Placed,,False,
O002313,C00011,2023-07-12,Delivered,2023-07-20,False,8.0
O002314,C00361,2024-07-03,Delivered,2024-07-08,False,5.0
O002315,C00241,2024-08-30,Delivered,2024-09-09,False,10.0
O002316,C00135,2024-07-12,Delivered,2024-07-22,False,10.0
O002317,C00165,2023-08-04,Delivered,2023-08-06,False,2.0
O002318,C00223,2023-10-21,Delivered,2023-10-27,False,6.0
O002319,C00048,2024-12-27,Shipped,,False,
O002320,C00002,2023-03-05,Returned,2023-03-10,False,5.0
O002321,C00138,2024-08-07,Cancelled,,False,
O002322,C00202,2023-06-24,Delivered,2023-07-01,False,7.0
O002323,C00290,2024-11-11,Delivered,2024-11-17,False,6.0
O002324,C00121,2023-05-24,Delivered,2023-05-26,False,2.0
O002325,C00068,2024-12-21,Shipped,,False,
O002326,C00158,2024-08-07,Cancelled,,False,
O002327,C00077,2023-03-28,Cancelled,,False,
O002328,C00185,2023-02-01,Delivered,2023-02-04,False,3.0
O002329,C00046,2023-11-01,Placed,,False,
O002330,C00116,2023-10-07,Delivered,2023-10-13,False,6.0
O002331,C00329,2024-06-13,Cancelled,,False,
O002332,C00174,2023-01-13,Shipped,,False,
O002333,C00286,2023-09-17,Shipped,,False,
O002334,C00069,2023-11-15,Delivered,2023-11-25,False,10.0
O002335,C00384,2023-03-18,Delivered,2023-03-23,False,5.0
O002336,C00060,2023-02-06,Cancelled,,False,
O002337,C00240,2024-03-18,Delivered,2024-03-28,False,10.0
O002338,C00321,2024-06-07,Shipped,,False,
O002339,C00012,2024-06-12,Delivered,2024-06-13,False,1.0
O002340,C00061,2024-09-08,Delivered,2024-09-15,False,7.0
O002341,C00211,2023-02-28,Placed,,False,
O002342,C00374,2024-07-25,Cancelled,,False,
O002343,C00135,2024-03-02,Shipped,,False,
O002344,C00249,2023-06-16,Delivered,2023-06-20,False,4.0
O002345,C00327,2024-02-28,Delivered,2024-03-01,False,2.0
O002346,C00289,2023-02-01,Placed,,False,
O002347,C00272,2023-02-10,Cancelled,,False,
O002348,C00013,2024-06-22,Delivered,2024-06-26,False,4.0
O002349,C00107,2024-08-18,Shipped,,False,
O002350,C00216,2023-01-17,Delivered,2023-01-18,False,1.0
O002351,C00092,2023-09-07,Delivered,2023-09-09,False,2.0
O002352,C00205,2023-03-19,Placed,,False,
O002353,C00313,2024-10-18,Shipped,,False,
O002354,C00122,2023-07-12,Delivered,2023-07-16,False,4.0
O002355,C00232,2023-01-02,Placed,,False,
O002356,C00384,2023-02-18,Delivered,2023-02-21,False,3.0
O002357,C00260,2024-09-06,Returned,2024-09-15,False,9.0
O002358,C00244,2024-09-13,Placed,,False,
O002359,C00136,2023-10-09,Shipped,,False,
O002360,C00349,2023-10-15,Delivered,2023-10-16,False,1.0
O002361,C00115,2024-08-05,Delivered,2024-08-11,False,6.0
O002362,C00301,2023-11-20,Placed,,False,
O002363,C00302,2024-04-14,Delivered,2024-04-20,False,6.0
O002364,C00056,2024-12-26,Delivered,2025-01-04,False,9.0
O002365,C00114,2023-02-09,Delivered,2023-02-10,False,1.0
O002366,C00394,2023-03-11,Delivered,2023-03-13,False,2.0
O002367,C00116,2024-07-19,Delivered,2024-07-24,False,5.0
O002368,C00094,2024-07-30,Delivered,2024-08-01,False,2.0
O002369,C00384,2023-11-12,Delivered,2023-11-22,False,10.0
O002370,C00398,2024-10-01,Cancelled,,False,
O002371,C00083,2023-05-05,Returned,2023-05-06,False,1.0
O002372,C00065,2023-06-20,Delivered,2023-06-21,False,1.0
O002373,C00189,2023-10-31,Returned,2023-11-06,False,6.0
O002374,C00094,2023-04-22,Placed,,False,
O002375,C00179,2024-05-15,Shipped,,False,
O002376,C00195,2023-11-13,Shipped,,False,
O002377,C00112,2023-04-22,Delivered,2023-05-02,False,10.0
O002378,C00072,2023-11-21,Returned,2023-11-24,False,3.0
O002379,C00240,2023-07-16,Shipped,,False,
O002380,C00294,2024-10-05,Cancelled,,False,
O002381,C00193,2024-10-07,Cancelled,,False,
O002382,C00297,2023-10-08,Delivered,2023-10-12,False,4.0
O002383,C00317,2024-11-18,Delivered,2024-11-22,False,4.0
O002384,C00111,2023-01-22,Shipped,,False,
O002385,C00290,2023-12-29,Delivered,2023-12-30,False,1.0
O002386,C00280,2023-05-20,Delivered,2023-05-22,False,2.0
O002387,C00367,2024-11-27,Delivered,2024-12-07,False,10.0
O002388,C00396,2024-08-28,Delivered,2024-09-03,False,6.0
O002389,C00353,2024-04-04,Delivered,2024-04-09,False,5.0
O002390,C00235,2023-10-14,Shipped,,False,
O002391,C00390,2024-12-28,Delivered,2024-12-29,False,1.0
O002392,C00035,2024-12-25,Delivered,2024-12-26,False,1.0
O002393,C00320,2024-05-17,Delivered,2024-05-23,False,6.0
O002394,C00384,2024-03-27,Returned,2024-04-06,False,10.0
O002395,C00382,2024-10-05,Delivered,2024-10-14,False,9.0
O002396,C00221,2023-07-05,Delivered,2023-07-07,False,2.0
O002397,C00201,2023-08-27,Delivered,2023-08-31,False,4.0
O002398,C00317,2023-11-15,Delivered,2023-11-18,False,3.0
O002399,C00353,2023-01-29,Delivered,2023-02-01,False,3.0
O002400,C00214,2023-12-22,Shipped,,False,
O002401,C00241,2024-09-30,Delivered,2024-10-02,False,2.0
O002402,C00167,2023-03-10,Delivered,2023-03-12,False,2.0
O002403,C00275,2024-03-09,Delivered,2024-03-17,False,8.0
O002404,C00072,2023-06-30,Delivered,2023-07-07,False,7.0
O002405,C00082,2023-05-18,Delivered,2023-05-22,False,4.0
O002406,C00385,2023-09-25,Returned,2023-09-29,False,4.0
O002407,C00337,2024-03-05,Delivered,2024-03-11,False,6.0
O002408,C00135,2024-04-03,Shipped,,False,
O002409,C00271,2024-03-17,Delivered,2024-03-26,False,9.0
O002410,C00093,2023-07-25,Delivered,2023-08-02,False,8.0
O002411,C00181,2023-08-14,Delivered,2023-08-20,False,6.0
O002412,C00005,2023-07-09,Shipped,,False,
O002413,C00132,2024-08-12,Delivered,2024-08-15,False,3.0
O002414,C00374,2023-01-01,Cancelled,,False,
O002415,C00150,2023-03-16,Cancelled,,False,
O002416,C00251,2024-09-08,Cancelled,,False,
O002417,C00012,2023-02-15,Delivered,2023-02-17,False,2.0
O002418,C00347,2024-08-28,Delivered,2024-09-02,False,5.0
O002419,C00134,2024-01-02,Delivered,2024-01-03,False,1.0
O002420,C00270,2023-03-10,Shipped,,False,
O002421,C00189,2023-06-27,Shipped,,False,
O002422,C00025,2024-06-20,Shipped,,False,
O002423,C00345,2023-08-05,Delivered,2023-08-14,False,9.0
O002424,C00111,2024-02-04,Delivered,2024-02-14,False,10.0
O002425,C00101,2023-11-14,Delivered,2023-11-22,False,8.0
O002426,C00399,2024-11-18,Cancelled,,False,
O002427,C00097,2024-05-21,Shipped,,False,
O002428,C00276,2023-06-24,Cancelled,,False,
O002429,C00111,2024-05-05,Delivered,2024-05-12,False,7.0
O002430,C00336,2023-09-21,Placed,,False,
O002431,C00037,2023-09-27,Delivered,2023-10-06,False,9.0
O002432,C00233,2023-09-17,Delivered,2023-09-21,False,4.0
O002433,C00255,2024-03-18,Delivered,2024-03-27,False,9.0
O002434,C00014,2024-11-29,Cancelled,,False,
O002435,C00340,2024-09-09,Delivered,2024-09-12,False,3.0
O002436,C00233,2023-07-15,Delivered,2023-07-25,False,10.0
O002437,C00026,2023-03-20,Delivered,2023-03-30,False,10.0
O002438,C00087,2023-05-08,Delivered,2023-05-13,False,5.0
O002439,C00105,2023-08-30,Shipped,,False,
O002440,C00055,2023-05-15,Shipped,,False,
O002441,C00021,2024-05-21,Delivered,2024-05-30,False,9.0
O002442,C00329,2023-05-25,Delivered,2023-05-26,False,1.0
O002443,C00025,2024-10-17,Delivered,2024-10-20,False,3.0
O002444,C00169,2023-01-13,Delivered,2023-01-16,False,3.0
O002445,C00125,2023-12-18,Delivered,2023-12-26,False,8.0
O002446,C00226,2023-07-04,Delivered,2023-07-14,False,10.0
O002447,C00015,2023-12-21,Returned,2023-12-25,False,4.0
O002448,C00317,2024-07-06,Delivered,2024-07-09,False,3.0
O002449,C00030,2024-12-06,Shipped,,False,
O002450,C00101,2023-04-02,Returned,2023-04-03,False,1.0
O002451,C00213,2024-02-06,Delivered,2024-02-09,False,3.0
O002452,C00398,2024-02-12,Shipped,,False,
O002453,C00366,2023-02-14,Placed,,False,
O002454,C00145,2024-04-01,Delivered,2024-04-08,False,7.0
O002455,C00127,2024-03-07,Shipped,,False,
O002456,C00173,2023-05-04,Delivered,2023-05-06,False,2.0
O002457,C00157,2024-02-23,Delivered,2024-02-27,False,4.0
O002458,C00301,2023-06-13,Returned,2023-06-18,False,5.0
O002459,C00152,2024-03-15,Shipped,,False,
O002460,C00031,2023-06-08,Delivered,2023-06-18,False,10.0
O002461,C00312,2023-02-03,Delivered,2023-02-08,False,5.0
O002462,C00180,2024-08-28,Shipped,,False,
O002463,C00072,2024-06-01,Delivered,2024-06-08,False,7.0
O002464,C00201,2024-06-14,Delivered,2024-06-20,False,6.0
O002465,C00379,2023-12-09,Delivered,2023-12-12,False,3.0
O002466,C00105,2023-11-08,Returned,2023-11-18,False,10.0
O002467,C00216,2023-02-17,Shipped,,False,
O002468,C00098,2024-09-22,Delivered,2024-09-27,False,5.0
O002469,C00048,2024-12-25,Delivered,2024-12-30,False,5.0
O002470,C00004,2023-05-05,Delivered,2023-05-12,False,7.0
O002471,C00016,2024-10-08,Delivered,2024-10-11,False,3.0
O002472,C00399,2024-01-11,Placed,,False,
O002473,C00124,2024-02-09,Delivered,2024-02-11,False,2.0
O002474,C00066,2024-05-11,Shipped,,False,
O002475,C00282,2024-02-13,Delivered,2024-02-15,False,2.0
O002476,C00170,2023-06-28,Cancelled,,False,
O002477,C00211,2024-05-19,Delivered,2024-05-20,False,1.0
O002478,C00347,2024-06-16,Cancelled,,False,
O002479,C00066,2023-04-26,Delivered,2023-05-06,False,10.0
O002480,C00010,2023-12-25,Delivered,2023-12-31,False,6.0
O002481,C00030,2023-04-12,Delivered,2023-04-17,False,5.0
O002482,C00286,2023-03-27,Delivered,2023-04-04,False,8.0
O002483,C00162,2023-01-17,Shipped,,False,
O002484,C00177,2023-03-21,Delivered,2023-03-22,False,1.0
O002485,C00343,2024-06-24,Delivered,2024-07-01,False,7.0
O002486,C00067,2023-01-25,Delivered,2023-01-30,False,5.0
O002487,C00006,2024-10-18,Returned,2024-10-21,False,3.0
O002488,C00044,2023-01-12,Shipped,,False,
O002489,C00012,2023-07-20,Delivered,2023-07-26,False,6.0
O002490,C00145,2023-03-21,Delivered,2023-03-26,False,5.0
O002491,C00300,2024-11-07,Placed,,False,
O002492,C00361,2023-05-04,Placed,,False,
O002493,C00044,2023-10-02,Delivered,2023-10-03,False,1.0
O002494,C00247,2024-05-09,Delivered,2024-05-13,False,4.0
O002495,C00224,2023-06-02,Delivered,2023-06-12,False,10.0
O002496,C00273,2024-12-26,Delivered,2024-12-29,False,3.0
O002497,C00351,2023-01-31,Shipped,,False,
O002498,C00147,2023-08-27,Delivered,2023-09-02,False,6.0
O002499,C00118,2023-06-20,Delivered,2023-06-24,False,4.0
O002500,C00241,2023-03-02,Delivered,2023-03-04,False,2.0
O002501,C00249,2024-06-24,Delivered,2024-06-28,False,4.0
O002502,C00130,2023-05-01,Returned,2023-05-06,False,5.0
O002503,C00064,2024-08-12,Delivered,2024-08-20,False,8.0
O002504,C00086,2024-10-02,Delivered,2024-10-08,False,6.0
O002505,C00023,2024-10-19,Shipped,,False,
O002506,C00026,2024-01-19,Delivered,2024-01-20,False,1.0
O002507,C00168,2024-08-05,Cancelled,,False,
O002508,C00147,2023-06-25,Delivered,2023-06-26,False,1.0
O002509,C00354,2023-09-02,Delivered,2023-09-09,False,7.0
O002510,C00099,2024-02-03,Delivered,2024-02-13,False,10.0
O002511,C00013,2024-06-15,Delivered,2024-06-16,False,1.0
O002512,C00298,2024-03-24,Delivered,2024-03-27,False,3.0
O002513,C00394,2023-02-23,Cancelled,,False,
O002514,C00041,2024-07-15,Shipped,,False,
O002515,C00390,2023-05-20,Delivered,2023-05-24,False,4.0
O002516,C00125,2024-08-15,Shipped,,False,
O002517,C00307,2024-05-16,Delivered,2024-05-17,False,1.0
O002518,C00303,2023-02-11,Delivered,2023-02-20,False,9.0
O002519,C00117,2024-08-06,Returned,2024-08-13,False,7.0
O002520,C00002,2024-03-11,Cancelled,,False,
O002521,C00336,2023-02-28,Delivered,2023-03-03,False,3.0
O002522,C00329,2024-05-28,Returned,2024-06-01,False,4.0
O002523,C00313,2024-03-03,Delivered,2024-03-07,False,4.0
O002524,C00176,2024-07-18,Delivered,2024-07-19,False,1.0
O002525,C00126,2023-12-02,Shipped,,False,
O002526,C00072,2023-01-01,Delivered,2023-01-07,False,6.0
O002527,C00301,2023-11-24,Cancelled,,False,
O002528,C00236,2024-03-03,Delivered,2024-03-06,False,3.0
O002529,C00280,2023-09-09,Delivered,2023-09-11,False,2.0
O002530,C00310,2024-06-03,Delivered,2024-06-13,False,10.0
O002531,C00246,2023-07-27,Placed,,False,
O002532,C00287,2024-09-11,Placed,,False,
O002533,C00078,2023-02-02,Shipped,,False,
O002534,C00176,2024-09-24,Shipped,,False,
O002535,C00305,2023-09-14,Delivered,2023-09-16,False,2.0
O002536,C00279,2023-11-19,Shipped,,False,
O002537,C00251,2023-03-13,Returned,2023-03-19,False,6.0
O002538,C00034,2023-01-18,Shipped,,False,
O002539,C00222,2023-11-24,Returned,2023-11-29,False,5.0
O002540,C00157,2024-04-09,Placed,,False,
O002541,C00172,2023-06-22,Shipped,,False,
O002542,C00064,2024-06-27,Delivered,2024-07-07,False,10.0
O002543,C00078,2024-12-24,Delivered,2024-12-31,False,7.0
O002544,C00312,2023-06-23,Cancelled,,False,
O002545,C00192,2023-02-16,Cancelled,,False,
O002546,C00060,2023-01-29,Delivered,2023-01-31,False,2.0
O002547,C00140,2024-03-09,Delivered,2024-03-13,False,4.0
O002548,C00087,2024-12-02,Delivered,2024-12-10,False,8.0
O002549,C00180,2023-07-26,Delivered,2023-08-03,False,8.0
O002550,C00296,2024-04-24,Delivered,2024-05-01,False,7.0
O002551,C00328,2023-11-05,Delivered,2023-11-09,False,4.0
O002552,C00309,2023-07-11,Delivered,2023-07-13,False,2.0
O002553,C00156,2023-11-16,Cancelled,,False,
O002554,C00349,2023-03-01,Shipped,,False,
O002555,C00055,2023-03-22,Delivered,2023-03-24,False,2.0
O002556,C00199,2024-08-07,Cancelled,,False,
O002557,C00192,2023-08-20,Placed,,False,
O002558,C00218,2023-12-28,Delivered,2024-01-02,False,5.0
O002559,C00092,2023-08-12,Delivered,2023-08-20,False,8.0
O002560,C00307,2023-06-04,Returned,,True,
O002561,C00397,2024-11-02,Delivered,2024-11-12,False,10.0
O002562,C00211,2024-09-23,Delivered,2024-09-27,False,4.0
O002563,C00392,2023-06-27,Delivered,2023-07-01,False,4.0
O002564,C00027,2024-12-28,Delivered,2025-01-03,False,6.0
O002565,C00055,2023-09-13,Delivered,2023-09-22,False,9.0
O002566,C00236,2024-09-29,Delivered,2024-10-08,False,9.0
O002567,C00339,2024-08-24,Delivered,2024-09-03,False,10.0
O002568,C00242,2024-11-02,Delivered,2024-11-12,False,10.0
O002569,C00113,2023-09-27,Delivered,2023-10-03,False,6.0
O002570,C00011,2024-12-25,Cancelled,,False,
O002571,C00317,2024-01-09,Delivered,2024-01-10,False,1.0
O002572,C00112,2023-02-05,Delivered,,True,
O002573,C00110,2023-08-08,Returned,,True,
O002574,C00164,2024-01-06,Delivered,2024-01-08,False,2.0
O002575,C00228,2024-05-17,Cancelled,,False,
O002576,C00119,2024-08-27,Delivered,2024-09-05,False,9.0
O002577,C00176,2023-08-06,Shipped,,False,
O002578,C00297,2024-06-04,Delivered,2024-06-13,False,9.0
O002579,C00385,2023-05-06,Delivered,2023-05-07,False,1.0
O002580,C00011,2024-04-06,Delivered,2024-04-11,False,5.0
O002581,C00367,2024-08-10,Returned,2024-08-15,False,5.0
O002582,C00322,2024-01-23,Placed,,False,
O002583,C00253,2024-11-07,Delivered,2024-11-10,False,3.0
O002584,C00328,2024-11-02,Shipped,,False,
O002585,C00300,2024-09-28,Delivered,2024-10-02,False,4.0
O002586,C00089,2024-03-16,Returned,2024-03-19,False,3.0
O002587,C00189,2024-07-17,Delivered,2024-07-21,False,4.0
O002588,C00123,2024-12-08,Delivered,2024-12-16,False,8.0
O002589,C00098,2023-05-06,Returned,2023-05-15,False,9.0
O002590,C00291,2023-12-16,Cancelled,,False,
O002591,C00356,2023-11-24,Delivered,2023-12-04,False,10.0
O002592,C00380,2024-06-26,Shipped,,False,
O002593,C00377,2024-04-21,Shipped,,False,
O002594,C00211,2023-11-04,Delivered,2023-11-13,False,9.0
O002595,C00216,2023-04-16,Delivered,2023-04-20,False,4.0
O002596,C00068,2024-11-07,Delivered,,True,
O002597,C00254,2023-11-28,Shipped,,False,
O002598,C00246,2023-11-04,Returned,2023-11-09,False,5.0
O002599,C00148,2023-07-27,Returned,2023-07-30,False,3.0
O002600,C00034,2024-05-07,Delivered,2024-05-15,False,8.0
O002601,C00309,2023-05-06,Shipped,,False,
O002602,C00260,2024-02-06,Delivered,2024-02-11,False,5.0
O002603,C00377,2024-01-12,Placed,,False,
O002604,C00264,2023-01-04,Cancelled,,False,
O002605,C00014,2024-11-14,Cancelled,,False,
O002606,C00219,2023-06-26,Delivered,2023-07-03,False,7.0
O002607,C00062,2023-06-29,Placed,,False,
O002608,C00210,2023-10-28,Placed,,False,
O002609,C00236,2024-11-14,Delivered,2024-11-21,False,7.0
O002610,C00397,2023-03-04,Delivered,2023-03-11,False,7.0
O002611,C00077,2023-01-03,Delivered,2023-01-10,False,7.0
O002612,C00311,2024-02-29,Delivered,2024-03-03,False,3.0
O002613,C00053,2023-04-17,Delivered,2023-04-21,False,4.0
O002614,C00384,2023-11-16,Placed,,False,
O002615,C00127,2023-06-06,Delivered,2023-06-12,False,6.0
O002616,C00286,2023-06-25,Delivered,2023-06-26,False,1.0
O002617,C00397,2023-09-16,Delivered,2023-09-20,False,4.0
O002618,C00365,2024-08-15,Shipped,,False,
O002619,C00020,2024-11-27,Shipped,,False,
O002620,C00067,2024-12-30,Delivered,2025-01-01,False,2.0
O002621,C00250,2023-09-03,Shipped,,False,
O002622,C00109,2023-09-30,Cancelled,,False,
O002623,C00326,2024-07-23,Delivered,2024-08-02,False,10.0
O002624,C00203,2023-04-19,Delivered,2023-04-21,False,2.0
O002625,C00290,2023-10-23,Delivered,2023-11-02,False,10.0
O002626,C00034,2023-01-11,Shipped,,False,
O002627,C00214,2024-09-05,Delivered,2024-09-13,False,8.0
O002628,C00115,2024-03-22,Delivered,2024-03-25,False,3.0
O002629,C00327,2023-09-10,Shipped,,False,
O002630,C00262,2023-08-11,Delivered,2023-08-20,False,9.0
O002631,C00315,2024-09-16,Shipped,,False,
O002632,C00296,2023-09-04,Delivered,2023-09-11,False,7.0
O002633,C00351,2024-09-26,Delivered,2024-10-04,False,8.0
O002634,C00266,2024-08-12,Delivered,2024-08-18,False,6.0
O002635,C00189,2023-07-30,Delivered,2023-08-09,False,10.0
O002636,C00271,2024-12-23,Returned,2025-01-02,False,10.0
O002637,C00132,2024-04-12,Cancelled,,False,
O002638,C00064,2024-07-04,Delivered,2024-07-11,False,7.0
O002639,C00172,2024-12-11,Delivered,2024-12-21,False,10.0
O002640,C00386,2023-06-18,Delivered,2023-06-20,False,2.0
O002641,C00358,2023-08-21,Delivered,2023-08-29,False,8.0
O002642,C00028,2024-05-19,Delivered,2024-05-24,False,5.0
O002643,C00068,2023-10-06,Delivered,2023-10-07,False,1.0
O002644,C00129,2023-02-11,Delivered,2023-02-14,False,3.0
O002645,C00063,2023-06-07,Returned,2023-06-12,False,5.0
O002646,C00074,2024-10-08,Returned,2024-10-14,False,6.0
O002647,C00020,2024-12-13,Delivered,2024-12-14,False,1.0
O002648,C00268,2023-03-04,Delivered,2023-03-05,False,1.0
O002649,C00280,2024-05-21,Delivered,2024-05-22,False,1.0
O002650,C00196,2023-08-07,Placed,,False,
O002651,C00059,2024-10-06,Delivered,2024-10-14,False,8.0
O002652,C00200,2024-02-10,Returned,2024-02-12,False,2.0
O002653,C00088,2024-06-08,Returned,2024-06-15,False,7.0
O002654,C00098,2023-08-20,Cancelled,,False,
O002655,C00223,2024-08-01,Shipped,,False,
O002656,C00121,2024-01-10,Cancelled,,False,
O002657,C00073,2023-08-17,Delivered,2023-08-26,False,9.0
O002658,C00204,2023-01-09,Returned,2023-01-10,False,1.0
O002659,C00284,2023-06-27,Delivered,2023-07-04,False,7.0
O002660,C00313,2024-12-12,Placed,,False,
O002661,C00289,2024-06-26,Placed,,False,
O002662,C00196,2023-12-10,Shipped,,False,
O002663,C00398,2023-03-16,Delivered,2023-03-25,False,9.0
O002664,C00031,2024-09-07,Placed,,False,
O002665,C00295,2023-10-02,Shipped,,False,
O002666,C00317,2023-04-26,Delivered,2023-04-30,False,4.0
O002667,C00364,2023-01-23,Returned,2023-01-30,False,7.0
O002668,C00298,2024-09-28,Cancelled,,False,
O002669,C00246,2023-08-18,Delivered,2023-08-25,False,7.0
O002670,C00170,2023-01-24,Returned,2023-01-25,False,1.0
O002671,C00044,2023-05-11,Placed,,False,
O002672,C00085,2024-11-16,Delivered,2024-11-22,False,6.0
O002673,C00116,2023-02-07,Shipped,,False,
O002674,C00353,2023-01-16,Delivered,2023-01-26,False,10.0
O002675,C00197,2024-07-05,Placed,,False,
O002676,C00143,2023-12-19,Delivered,2023-12-28,False,9.0
O002677,C00092,2023-04-01,Delivered,2023-04-02,False,1.0
O002678,C00006,2023-08-17,Delivered,2023-08-22,False,5.0
O002679,C00163,2024-12-18,Cancelled,,False,
O002680,C00110,2023-04-10,Delivered,2023-04-19,False,9.0
O002681,C00110,2024-05-02,Delivered,2024-05-06,False,4.0
O002682,C00260,2024-05-19,Delivered,2024-05-24,False,5.0
O002683,C00167,2024-06-22,Delivered,2024-06-26,False,4.0
O002684,C00007,2024-10-02,Delivered,2024-10-11,False,9.0
O002685,C00051,2024-06-22,Shipped,,False,
O002686,C00256,2024-03-05,Delivered,2024-03-12,False,7.0
O002687,C00134,2023-08-19,Delivered,2023-08-25,False,6.0
O002688,C00353,2023-08-24,Delivered,2023-08-26,False,2.0
O002689,C00301,2024-09-29,Delivered,2024-10-07,False,8.0
O002690,C00065,2023-01-24,Placed,,False,
O002691,C00328,2023-02-13,Delivered,2023-02-14,False,1.0
O002692,C00146,2024-06-11,Cancelled,,False,
O002693,C00334,2023-12-24,Delivered,2023-12-28,False,4.0
O002694,C00268,2023-07-30,Delivered,2023-08-07,False,8.0
O002695,C00225,2024-11-12,Placed,,False,
O002696,C00278,2023-03-29,Delivered,2023-04-03,False,5.0
O002697,C00117,2024-01-13,Delivered,2024-01-17,False,4.0
O002698,C00302,2024-02-01,Delivered,2024-02-07,False,6.0
O002699,C00349,2024-10-30,Delivered,2024-11-06,False,7.0
O002700,C00019,2023-04-20,Delivered,2023-04-28,False,8.0
O002701,C00076,2023-08-11,Placed,,False,
O002702,C00110,2024-10-25,Cancelled,,False,
O002703,C00259,2023-07-20,Delivered,2023-07-24,False,4.0
O002704,C00363,2024-04-25,Delivered,2024-05-05,False,10.0
O002705,C00337,2024-08-24,Delivered,2024-08-26,False,2.0
O002706,C00085,2024-12-13,Shipped,,False,
O002707,C00139,2024-12-10,Delivered,2024-12-19,False,9.0
O002708,C00182,2023-06-10,Shipped,,False,
O002709,C00032,2023-07-19,Delivered,2023-07-28,False,9.0
O002710,C00040,2024-03-25,Delivered,2024-03-31,False,6.0
O002711,C00335,2023-06-04,Shipped,,False,
O002712,C00128,2024-06-22,Placed,,False,
O002713,C00179,2023-04-22,Delivered,2023-04-29,False,7.0
O002714,C00002,2024-10-11,Delivered,2024-10-15,False,4.0
O002715,C00310,2024-03-16,Delivered,2024-03-18,False,2.0
O002716,C00306,2023-02-21,Returned,2023-02-22,False,1.0
O002717,C00219,2023-01-28,Delivered,2023-02-07,False,10.0
O002718,C00031,2024-04-06,Returned,2024-04-07,False,1.0
O002719,C00259,2023-07-29,Delivered,2023-08-04,False,6.0
O002720,C00105,2024-09-18,Delivered,2024-09-28,False,10.0
O002721,C00151,2023-11-24,Delivered,2023-12-02,False,8.0
O002722,C00043,2024-04-11,Delivered,2024-04-13,False,2.0
O002723,C00097,2024-04-25,Delivered,2024-05-04,False,9.0
O002724,C00004,2023-03-03,Delivered,2023-03-09,False,6.0
O002725,C00133,2023-10-25,Shipped,,False,
O002726,C00382,2024-12-31,Delivered,2025-01-10,False,10.0
O002727,C00315,2024-05-30,Delivered,2024-05-31,False,1.0
O002728,C00340,2023-09-11,Delivered,2023-09-15,False,4.0
O002729,C00388,2024-05-25,Cancelled,,False,
O002730,C00365,2023-10-12,Delivered,2023-10-15,False,3.0
O002731,C00009,2023-08-25,Delivered,2023-08-28,False,3.0
O002732,C00102,2023-03-22,Delivered,2023-03-30,False,8.0
O002733,C00102,2024-05-27,Placed,,False,
O002734,C00393,2024-05-03,Delivered,2024-05-13,False,10.0
O002735,C00389,2023-12-24,Delivered,2023-12-31,False,7.0
O002736,C00240,2024-05-10,Returned,2024-05-20,False,10.0
O002737,C00258,2024-05-05,Placed,,False,
O002738,C00215,2023-09-25,Shipped,,False,
O002739,C00238,2024-02-09,Delivered,2024-02-16,False,7.0
O002740,C00343,2023-11-23,Delivered,2023-11-26,False,3.0
O002741,C00007,2024-06-29,Delivered,2024-07-01,False,2.0
O002742,C00098,2024-10-06,Placed,,False,
O002743,C00068,2024-04-23,Delivered,2024-04-24,False,1.0
O002744,C00070,2024-01-11,Delivered,2024-01-15,False,4.0
O002745,C00284,2023-12-31,Placed,,False,
O002746,C00028,2024-02-20,Delivered,2024-02-25,False,5.0
O002747,C00333,2023-08-05,Shipped,,False,
O002748,C00226,2024-05-11,Delivered,2024-05-17,False,6.0
O002749,C00016,2024-11-18,Placed,,False,
O002750,C00219,2024-05-22,Shipped,,False,
O002751,C00300,2023-08-04,Delivered,2023-08-11,False,7.0
O002752,C00393,2024-07-12,Delivered,2024-07-21,False,9.0
O002753,C00052,2024-02-23,Returned,2024-02-27,False,4.0
O002754,C00123,2024-08-21,Returned,2024-08-31,False,10.0
O002755,C00024,2023-12-11,Placed,,False,
O002756,C00064,2023-09-26,Delivered,2023-10-01,False,5.0
O002757,C00376,2023-09-21,Delivered,2023-09-23,False,2.0
O002758,C00356,2023-09-10,Delivered,2023-09-13,False,3.0
O002759,C00178,2023-05-04,Delivered,,True,
O002760,C00196,2023-06-06,Shipped,,False,
O002761,C00220,2024-08-12,Delivered,2024-08-15,False,3.0
O002762,C00155,2023-06-26,Delivered,2023-06-29,False,3.0
O002763,C00216,2023-09-12,Delivered,2023-09-16,False,4.0
O002764,C00327,2024-10-11,Delivered,2024-10-19,False,8.0
O002765,C00380,2023-12-21,Cancelled,,False,
O002766,C00049,2024-05-28,Delivered,2024-06-04,False,7.0
O002767,C00075,2023-02-12,Delivered,2023-02-16,False,4.0
O002768,C00179,2023-06-11,Delivered,2023-06-13,False,2.0
O002769,C00200,2023-04-23,Delivered,2023-04-27,False,4.0
O002770,C00336,2023-11-22,Cancelled,,False,
O002771,C00190,2023-06-28,Delivered,2023-07-07,False,9.0
O002772,C00084,2024-03-12,Placed,,False,
O002773,C00114,2023-03-21,Cancelled,,False,
O002774,C00133,2024-03-08,Delivered,2024-03-09,False,1.0
O002775,C00362,2023-06-17,Delivered,2023-06-21,False,4.0
O002776,C00157,2023-01-19,Delivered,2023-01-22,False,3.0
O002777,C00266,2024-05-08,Delivered,2024-05-13,False,5.0
O002778,C00367,2023-06-22,Shipped,,False,
O002779,C00251,2023-06-28,Delivered,2023-07-07,False,9.0
O002780,C00273,2024-09-06,Delivered,2024-09-16,False,10.0
O002781,C00391,2024-01-04,Delivered,2024-01-09,False,5.0
O002782,C00263,2023-07-12,Delivered,2023-07-16,False,4.0
O002783,C00271,2024-01-19,Delivered,2024-01-21,False,2.0
O002784,C00254,2023-06-20,Cancelled,,False,
O002785,C00067,2023-08-25,Delivered,2023-09-03,False,9.0
O002786,C00328,2023-10-30,Delivered,2023-10-31,False,1.0
O002787,C00210,2023-03-17,Cancelled,,False,
O002788,C00054,2023-09-02,Shipped,,False,
O002789,C00360,2023-02-25,Delivered,2023-02-26,False,1.0
O002790,C00075,2024-08-16,Delivered,2024-08-20,False,4.0
O002791,C00252,2024-06-19,Delivered,2024-06-28,False,9.0
O002792,C00360,2024-05-03,Delivered,2024-05-05,False,2.0
O002793,C00259,2023-11-09,Delivered,2023-11-17,False,8.0
O002794,C00107,2024-11-01,Delivered,2024-11-02,False,1.0
O002795,C00199,2024-05-19,Cancelled,,False,
O002796,C00325,2024-10-08,Placed,,False,
O002797,C00013,2024-11-12,Returned,2024-11-17,False,5.0
O002798,C00308,2024-12-06,Delivered,2024-12-08,False,2.0
O002799,C00117,2023-03-05,Delivered,2023-03-10,False,5.0
O002800,C00160,2023-09-25,Placed,,False,
O002801,C00338,2023-03-08,Delivered,2023-03-12,False,4.0
O002802,C00011,2023-11-28,Cancelled,,False,
O002803,C00040,2024-09-04,Delivered,2024-09-14,False,10.0
O002804,C00305,2024-11-20,Delivered,2024-11-25,False,5.0
O002805,C00188,2024-03-12,Delivered,2024-03-16,False,4.0
O002806,C00048,2024-02-12,Delivered,2024-02-13,False,1.0
O002807,C00352,2023-06-06,Placed,,False,
O002808,C00276,2024-09-12,Cancelled,,False,
O002809,C00009,2023-01-27,Returned,2023-01-28,False,1.0
O002810,C00328,2023-12-07,Shipped,,False,
O002811,C00350,2023-12-21,Cancelled,,False,
O002812,C00324,2024-12-06,Delivered,2024-12-11,False,5.0
O002813,C00380,2023-09-18,Cancelled,,False,
O002814,C00003,2023-09-25,Delivered,2023-09-27,False,2.0
O002815,C00218,2023-01-03,Delivered,2023-01-12,False,9.0
O002816,C00006,2023-06-02,Delivered,2023-06-09,False,7.0
O002817,C00163,2023-11-25,Shipped,,False,
O002818,C00069,2024-05-01,Shipped,,False,
O002819,C00288,2023-10-13,Cancelled,,False,
O002820,C00381,2023-05-10,Shipped,,False,
O002821,C00216,2023-09-12,Placed,,False,
O002822,C00030,2024-03-10,Shipped,,False,
O002823,C00292,2023-08-03,Placed,,False,
O002824,C00075,2023-10-04,Delivered,2023-10-08,False,4.0
O002825,C00367,2024-07-10,Placed,,False,
O002826,C00366,2023-01-16,Cancelled,,False,
O002827,C00297,2024-06-07,Delivered,2024-06-17,False,10.0
O002828,C00330,2023-10-15,Delivered,2023-10-18,False,3.0
O002829,C00011,2024-04-01,Delivered,2024-04-09,False,8.0
O002830,C00304,2023-08-14,Delivered,2023-08-16,False,2.0
O002831,C00213,2024-05-12,Delivered,2024-05-19,False,7.0
O002832,C00191,2024-05-03,Cancelled,,False,
O002833,C00273,2023-11-25,Delivered,2023-11-28,False,3.0
O002834,C00090,2024-10-01,Shipped,,False,
O002835,C00203,2024-09-11,Cancelled,,False,
O002836,C00254,2023-12-01,Returned,2023-12-10,False,9.0
O002837,C00122,2023-01-10,Delivered,2023-01-18,False,8.0
O002838,C00134,2023-11-07,Delivered,2023-11-08,False,1.0
O002839,C00128,2023-01-14,Cancelled,,False,
O002840,C00074,2023-01-20,Returned,2023-01-30,False,10.0
O002841,C00305,2024-04-26,Delivered,2024-04-29,False,3.0
O002842,C00057,2024-11-04,Placed,,False,
O002843,C00200,2024-05-24,Placed,,False,
O002844,C00315,2024-12-18,Shipped,,False,
O002845,C00096,2024-10-21,Delivered,2024-10-26,False,5.0
O002846,C00037,2023-03-10,Cancelled,,False,
O002847,C00228,2024-08-11,Delivered,2024-08-16,False,5.0
O002848,C00118,2023-08-29,Shipped,,False,
O002849,C00029,2024-06-27,Delivered,2024-06-30,False,3.0
O002850,C00334,2023-05-10,Delivered,2023-05-17,False,7.0
O002851,C00290,2023-05-10,Delivered,2023-05-14,False,4.0
O002852,C00171,2024-10-30,Delivered,2024-11-09,False,10.0
O002853,C00088,2023-02-26,Returned,2023-02-27,False,1.0
O002854,C00217,2023-05-16,Delivered,2023-05-24,False,8.0
O002855,C00307,2024-11-20,Shipped,,False,
O002856,C00193,2024-04-05,Delivered,2024-04-08,False,3.0
O002857,C00204,2023-03-03,Delivered,2023-03-06,False,3.0
O002858,C00063,2023-09-28,Shipped,,False,
O002859,C00054,2023-12-30,Delivered,2024-01-07,False,8.0
O002860,C00089,2023-07-17,Delivered,2023-07-20,False,3.0
O002861,C00009,2024-05-02,Placed,,False,
O002862,C00302,2023-08-09,Cancelled,,False,
O002863,C00054,2024-08-10,Delivered,2024-08-15,False,5.0
O002864,C00148,2023-12-27,Delivered,2024-01-06,False,10.0
O002865,C00221,2024-08-27,Placed,,False,
O002866,C00301,2023-03-02,Delivered,2023-03-09,False,7.0
O002867,C00178,2023-10-21,Delivered,2023-10-25,False,4.0
O002868,C00335,2023-03-23,Delivered,2023-03-30,False,7.0
O002869,C00315,2024-03-10,Delivered,2024-03-19,False,9.0
O002870,C00150,2024-08-31,Cancelled,,False,
O002871,C00111,2024-12-22,Delivered,2024-12-29,False,7.0
O002872,C00064,2023-03-21,Delivered,2023-03-24,False,3.0
O002873,C00303,2023-10-26,Delivered,2023-11-01,False,6.0
O002874,C00211,2023-11-28,Delivered,2023-12-02,False,4.0
O002875,C00337,2023-02-17,Returned,2023-02-22,False,5.0
O002876,C00004,2024-05-26,Placed,,False,
O002877,C00278,2023-06-10,Cancelled,,False,
O002878,C00202,2024-03-01,Shipped,,False,
O002879,C00390,2023-09-13,Delivered,2023-09-21,False,8.0
O002880,C00144,2023-02-23,Cancelled,,False,
O002881,C00014,2024-09-17,Delivered,2024-09-20,False,3.0
O002882,C00276,2024-03-23,Placed,,False,
O002883,C00052,2023-02-28,Delivered,2023-03-09,False,9.0
O002884,C00094,2023-04-19,Shipped,,False,
O002885,C00147,2023-04-10,Placed,,False,
O002886,C00176,2023-12-29,Placed,,False,
O002887,C00046,2023-09-24,Delivered,2023-09-25,False,1.0
O002888,C00194,2023-12-03,Shipped,,False,
O002889,C00223,2024-07-30,Shipped,,False,
O002890,C00288,2024-04-28,Delivered,2024-05-06,False,8.0
O002891,C00345,2024-04-15,Delivered,,True,
O002892,C00376,2024-01-07,Delivered,2024-01-14,False,7.0
O002893,C00162,2023-11-03,Cancelled,,False,
O002894,C00271,2024-01-07,Delivered,2024-01-17,False,10.0
O002895,C00263,2024-06-20,Shipped,,False,
O002896,C00150,2023-10-21,Delivered,2023-10-31,False,10.0
O002897,C00299,2023-12-17,Delivered,2023-12-24,False,7.0
O002898,C00104,2024-01-02,Cancelled,,False,
O002899,C00255,2023-12-27,Shipped,,False,
O002900,C00269,2023-07-17,Cancelled,,False,
O002901,C00255,2023-06-01,Delivered,2023-06-02,False,1.0
O002902,C00009,2024-03-25,Cancelled,,False,
O002903,C00238,2023-07-24,Cancelled,,False,
O002904,C00217,2024-07-06,Delivered,2024-07-10,False,4.0
O002905,C00306,2024-10-27,Placed,,False,
O002906,C00283,2023-02-22,Cancelled,,False,
O002907,C00288,2023-01-25,Cancelled,,False,
O002908,C00275,2023-12-02,Delivered,2023-12-11,False,9.0
O002909,C00270,2023-01-25,Shipped,,False,
O002910,C00349,2023-07-08,Delivered,2023-07-10,False,2.0
O002911,C00210,2024-06-06,Delivered,,True,
O002912,C00295,2024-06-27,Delivered,2024-07-03,False,6.0
O002913,C00126,2024-08-17,Cancelled,,False,
O002914,C00328,2023-09-29,Shipped,,False,
O002915,C00316,2023-02-19,Returned,2023-02-23,False,4.0
O002916,C00065,2023-07-28,Shipped,,False,
O002917,C00015,2024-08-04,Cancelled,,False,
O002918,C00063,2023-11-19,Returned,2023-11-26,False,7.0
O002919,C00328,2023-11-24,Cancelled,,False,
O002920,C00168,2024-02-25,Shipped,,False,
O002921,C00027,2023-08-04,Cancelled,,False,
O002922,C00283,2024-12-31,Shipped,,False,
O002923,C00275,2024-03-21,Delivered,2024-03-22,False,1.0
O002924,C00276,2024-03-04,Shipped,,False,
O002925,C00154,2024-07-31,Placed,,False,
O002926,C00100,2024-12-10,Shipped,,False,
O002927,C00386,2023-03-11,Delivered,,True,
O002928,C00091,2023-11-16,Delivered,2023-11-21,False,5.0
O002929,C00178,2024-04-05,Shipped,,False,
O002930,C00274,2024-09-11,Placed,,False,
O002931,C00094,2023-09-21,Returned,2023-09-22,False,1.0
O002932,C00234,2023-05-19,Placed,,False,
O002933,C00197,2023-11-01,Delivered,2023-11-11,False,10.0
O002934,C00353,2024-10-19,Delivered,2024-10-27,False,8.0
O002935,C00070,2023-04-11,Delivered,2023-04-13,False,2.0
O002936,C00390,2024-05-07,Delivered,2024-05-12,False,5.0
O002937,C00346,2023-02-09,Delivered,2023-02-16,False,7.0
O002938,C00090,2024-06-17,Delivered,2024-06-18,False,1.0
O002939,C00160,2024-11-09,Cancelled,,False,
O002940,C00289,2024-07-29,Delivered,2024-08-08,False,10.0
O002941,C00056,2023-06-17,Delivered,2023-06-26,False,9.0
O002942,C00276,2024-06-21,Shipped,,False,
O002943,C00273,2024-02-16,Delivered,2024-02-17,False,1.0
O002944,C00393,2024-01-10,Delivered,2024-01-13,False,3.0
O002945,C00139,2023-01-07,Delivered,2023-01-13,False,6.0
O002946,C00036,2023-05-14,Delivered,2023-05-19,False,5.0
O002947,C00358,2023-05-14,Delivered,2023-05-23,False,9.0
O002948,C00036,2024-08-06,Placed,,False,
O002949,C00028,2024-02-21,Shipped,,False,
O002950,C00221,2023-03-04,Returned,2023-03-12,False,8.0
O002951,C00342,2024-07-04,Delivered,2024-07-13,False,9.0
O002952,C00375,2023-06-18,Placed,,False,
O002953,C00214,2023-10-29,Delivered,2023-11-01,False,3.0
O002954,C00263,2023-10-30,Returned,2023-11-04,False,5.0
O002955,C00292,2024-08-09,Delivered,2024-08-12,False,3.0
O002956,C00087,2024-05-29,Delivered,2024-06-08,False,10.0
O002957,C00109,2023-03-15,Delivered,2023-03-25,False,10.0
O002958,C00117,2023-09-28,Cancelled,,False,
O002959,C00349,2023-10-21,Cancelled,,False,
O002960,C00163,2023-11-27,Delivered,2023-12-02,False,5.0
O002961,C00082,2023-05-07,Delivered,2023-05-09,False,2.0
O002962,C00135,2024-08-20,Delivered,2024-08-28,False,8.0
O002963,C00048,2024-01-15,Delivered,2024-01-18,False,3.0
O002964,C00308,2023-07-27,Delivered,2023-07-28,False,1.0
O002965,C00372,2023-12-03,Delivered,2023-12-13,False,10.0
O002966,C00349,2024-06-03,Delivered,2024-06-13,False,10.0
O002967,C00146,2023-04-18,Delivered,2023-04-21,False,3.0
O002968,C00355,2023-08-18,Returned,2023-08-28,False,10.0
O002969,C00002,2023-03-07,Cancelled,,False,
O002970,C00372,2024-09-17,Delivered,2024-09-26,False,9.0
O002971,C00061,2024-12-17,Delivered,2024-12-25,False,8.0
O002972,C00385,2023-07-11,Delivered,2023-07-21,False,10.0
O002973,C00225,2024-07-05,Shipped,,False,
O002974,C00151,2024-01-20,Delivered,2024-01-27,False,7.0
O002975,C00313,2024-11-11,Cancelled,,False,
O002976,C00068,2023-11-25,Cancelled,,False,
O002977,C00024,2024-10-30,Delivered,2024-11-07,False,8.0
O002978,C00171,2024-02-29,Returned,2024-03-07,False,7.0
O002979,C00108,2024-10-31,Delivered,2024-11-05,False,5.0
O002980,C00075,2023-03-27,Delivered,2023-04-02,False,6.0
O002981,C00012,2024-12-20,Shipped,,False,
O002982,C00164,2023-12-09,Cancelled,,False,
O002983,C00292,2023-01-01,Delivered,2023-01-04,False,3.0
O002984,C00261,2023-04-25,Cancelled,,False,
O002985,C00400,2023-02-25,Delivered,2023-02-26,False,1.0
O002986,C00033,2024-08-10,Cancelled,,False,
O002987,C00342,2024-04-17,Delivered,2024-04-20,False,3.0
O002988,C00029,2024-07-30,Delivered,2024-08-04,False,5.0
O002989,C00305,2023-08-28,Cancelled,,False,
O002990,C00213,2024-01-29,Cancelled,,False,
O002991,C00260,2024-06-18,Delivered,2024-06-27,False,9.0
O002992,C00228,2023-02-27,Delivered,2023-03-03,False,4.0
O002993,C00190,2024-09-17,Delivered,2024-09-19,False,2.0
O002994,C00206,2023-03-03,Delivered,2023-03-09,False,6.0
O002995,C00143,2024-10-02,Delivered,2024-10-09,False,7.0
O002996,C00012,2024-11-25,Delivered,2024-12-04,False,9.0
O002997,C00172,2024-04-22,Cancelled,,False,
O002998,C00069,2023-12-17,Delivered,2023-12-20,False,3.0
O002999,C00331,2024-12-29,Returned,2025-01-06,False,8.0
O003000,C00139,2024-01-10,Delivered,2024-01-17,False,7.0
