payment_id,order_id,amount,method,payment_status,payment_date
PM000001,O000001,35310.48,Net Banking,Success,2023-08-20
PM000002,O000002,87088.24,COD,Success,2024-09-02
PM000003,O000003,23588.75,Debit Card,Failed,2023-05-07
PM000004,O000004,17519.13,Credit Card,Refunded,2024-03-02
PM000005,O000005,15375.83,COD,Success,2024-09-29
PM000006,O000007,56409.84,Net Banking,Success,2024-12-05
PM000007,O000008,3342.64,COD,Failed,2023-04-13
PM000008,O000009,151495.94,Net Banking,Pending,2024-11-10
PM000009,O000010,7293.4,Net Banking,Success,2024-12-07
PM000010,O000011,46084.56,Debit Card,Failed,2024-05-09
PM000011,O000012,52703.97,COD,Success,2023-09-25
PM000012,O000013,25918.06,Wallet,Success,2023-09-12
PM000013,O000014,15740.14,Credit Card,Success,2024-05-22
PM000014,O000015,27996.74,Credit Card,Success,2023-08-29
PM000015,O000016,120469.77,UPI,Success,2024-10-14
PM000016,O000017,63813.21,Debit Card,Success,2023-04-10
PM000017,O000018,45789.94,UPI,Success,2023-07-20
PM000018,O000019,75360.17,UPI,Success,2024-10-10
PM000019,O000020,58869.2,Debit Card,Refunded,2023-07-01
PM000020,O000021,93146.32,Credit Card,Success,2024-05-31
PM000021,O000022,51689.74,Net Banking,Success,2024-07-14
PM000022,O000023,23056.84,Credit Card,Success,2023-12-27
PM000023,O000024,28091.37,Net Banking,Success,2023-10-01
PM000024,O000025,58088.48,Debit Card,Success,2024-10-24
PM000025,O000026,59389.61,Credit Card,Success,2023-11-17
PM000026,O000027,1323.98,Wallet,Success,2024-09-09
PM000027,O000028,77449.68,COD,Success,2024-01-22
PM000028,O000029,81665.8,COD,Pending,2024-05-17
PM000029,O000030,69666.96,Net Banking,Success,2023-12-24
PM000030,O000032,34506.36,Credit Card,Success,2023-10-17
PM000031,O000034,25530.96,Wallet,Success,2023-02-25
PM000032,O000035,16549.98,COD,Success,2024-09-25
PM000033,O000036,56424.25,COD,Success,2024-03-24
PM000034,O000037,64841.25,UPI,Success,2023-05-28
PM000035,O000038,82439.52,Credit Card,Success,2023-01-06
PM000036,O000039,116076.83,Wallet,Success,2024-11-18
PM000037,O000040,81294.25,Credit Card,Success,2023-08-29
PM000038,O000041,97182.32,Wallet,Success,2023-01-05
PM000039,O000042,30429.11,Credit Card,Success,2023-03-25
PM000040,O000043,143446.21,COD,Refunded,2024-02-19
PM000041,O000044,16722.88,Net Banking,Success,2024-01-08
PM000042,O000045,94287.32,Debit Card,Success,2024-11-06
PM000043,O000046,42332.45,Credit Card,Success,2024-10-26
PM000044,O000047,52839.24,Wallet,Success,2023-03-21
PM000045,O000048,18473.94,Net Banking,Success,2023-03-20
PM000046,O000050,50561.9,Credit Card,Failed,2023-07-04
PM000047,O000051,45254.24,Net Banking,Success,2023-07-06
PM000048,O000052,12160.36,Credit Card,Failed,2023-01-17
PM000049,O000053,42541.52,Debit Card,Refunded,2023-02-09
PM000050,O000054,45693.92,Debit Card,Success,2023-02-14
PM000051,O000055,38619.7,COD,Success,2024-02-23
PM000052,O000056,145053.91,Credit Card,Success,2024-01-20
PM000053,O000057,60663.1,Net Banking,Refunded,2024-07-19
PM000054,O000058,63326.32,Net Banking,Success,2023-04-13
PM000055,O000059,69049.74,Wallet,Refunded,2023-04-04
PM000056,O000060,10935.3,COD,Success,2024-09-20
PM000057,O000061,82961.04,COD,Success,2024-09-05
PM000058,O000062,46790.38,Credit Card,Success,2024-08-23
PM000059,O000063,85921.35,Credit Card,Refunded,2024-08-11
PM000060,O000064,85897.09,Net Banking,Failed,2024-01-22
PM000061,O000065,5404.71,Wallet,Success,2023-12-28
PM000062,O000066,24031.64,Wallet,Success,2024-05-02
PM000063,O000067,97066.94,Debit Card,Failed,2023-08-23
PM000064,O000068,83290.05,Credit Card,Success,2024-01-16
PM000065,O000069,67579.9,Credit Card,Refunded,2024-05-29
PM000066,O000070,66584.83,COD,Refunded,2023-01-09
PM000067,O000071,51393.43,Debit Card,Success,2024-03-05
PM000068,O000072,55948.68,Wallet,Success,2024-03-18
PM000069,O000073,14130.98,COD,Success,2024-06-13
PM000070,O000074,125333.99,UPI,Success,2023-08-09
PM000071,O000075,53380.69,UPI,Success,2024-10-27
PM000072,O000076,107037.19,Net Banking,Success,2024-08-08
PM000073,O000077,14491.96,COD,Success,2024-01-07
PM000074,O000078,52852.16,COD,Success,2024-12-18
PM000075,O000079,71657.52,UPI,Refunded,2024-02-11
PM000076,O000080,37379.4,COD,Success,2024-05-02
PM000077,O000081,169321.91,COD,Success,2024-07-31
PM000078,O000082,45256.86,COD,Success,2023-12-19
PM000079,O000083,11199.14,UPI,Success,2024-10-23
PM000080,O000084,1323.98,COD,Success,2024-12-11
PM000081,O000085,6822.91,UPI,Success,2024-04-11
PM000082,O000086,27734.92,Wallet,Success,2023-07-10
PM000083,O000088,6240.24,Debit Card,Success,2023-09-11
PM000084,O000089,15497.8,Net Banking,Pending,2023-11-16
PM000085,O000090,36384.48,UPI,Success,2024-01-05
PM000086,O000091,76210.65,Debit Card,Success,2023-10-10
PM000087,O000092,17648.44,Credit Card,Success,2024-12-05
PM000088,O000093,28983.92,COD,Success,2024-10-02
PM000089,O000094,25459.88,Wallet,Refunded,2024-10-22
PM000090,O000095,24054.96,COD,Success,2024-05-11
PM000091,O000096,70054.61,Net Banking,Success,2024-07-21
PM000092,O000097,103520.55,UPI,Pending,2024-01-08
PM000093,O000099,10636.45,COD,Success,2023-03-14
PM000094,O000100,11203.71,Credit Card,Success,2024-03-01
PM000095,O000102,68444.39,Net Banking,Success,2024-01-02
PM000096,O000103,61885.19,Debit Card,Refunded,2024-03-29
PM000097,O000104,10625.72,Debit Card,Success,2024-07-17
PM000098,O000105,82145.12,Credit Card,Failed,2023-01-23
PM000099,O000106,68901.95,UPI,Failed,2023-09-13
PM000100,O000107,65855.35,Wallet,Success,2024-12-20
PM000101,O000108,15620.94,Net Banking,Success,2023-02-27
PM000102,O000109,65964.06,Credit Card,Success,2023-01-12
PM000103,O000110,17551.4,COD,Success,2024-09-01
PM000104,O000111,145519.13,UPI,Failed,2023-03-29
PM000105,O000112,102899.42,Debit Card,Success,2023-11-28
PM000106,O000113,73399.78,COD,Refunded,2024-09-30
PM000107,O000114,44624.05,Net Banking,Success,2023-01-15
PM000108,O000115,7748.9,COD,Success,2024-05-09
PM000109,O000116,62479.77,UPI,Success,2024-12-14
PM000110,O000117,1323.98,UPI,Success,2024-06-04
PM000111,O000118,88194.46,Wallet,Success,2024-07-28
PM000112,O000119,96593.25,COD,Success,2023-10-10
PM000113,O000120,32788.74,Credit Card,Success,2024-10-02
PM000114,O000121,111018.46,Net Banking,Success,2024-12-06
PM000115,O000122,69227.82,Debit Card,Success,2023-05-02
PM000116,O000123,15720.6,Credit Card,Success,2024-08-03
PM000117,O000124,33289.6,UPI,Success,2023-05-18
PM000118,O000125,49805.48,UPI,Success,2023-10-04
PM000119,O000126,124699.41,Credit Card,Success,2024-12-05
PM000120,O000127,27621.14,COD,Success,2023-02-09
PM000121,O000128,76602.56,COD,Success,2023-02-10
PM000122,O000129,60030.16,UPI,Success,2024-04-07
PM000123,O000131,30068.99,Net Banking,Success,2024-11-06
PM000124,O000132,105788.97,Credit Card,Failed,2024-05-25
PM000125,O000133,1162.47,COD,Success,2024-07-24
PM000126,O000134,94589.17,Credit Card,Success,2023-11-02
PM000127,O000135,160180.75,UPI,Success,2023-02-06
PM000128,O000136,46429.26,Credit Card,Success,2024-08-08
PM000129,O000137,5516.66,Net Banking,Failed,2024-05-24
PM000130,O000138,31848.46,Credit Card,Success,2023-08-01
PM000131,O000140,83499.75,Net Banking,Refunded,2024-04-30
PM000132,O000141,45570.38,COD,Success,2023-11-20
PM000133,O000142,26735.43,UPI,Failed,2023-07-11
PM000134,O000143,93576.87,UPI,Failed,2023-08-10
PM000135,O000144,22559.64,Net Banking,Success,2024-06-12
PM000136,O000145,35292.55,Wallet,Success,2024-08-31
PM000137,O000146,44947.75,Net Banking,Success,2023-11-23
PM000138,O000147,88228.85,Credit Card,Success,2024-07-09
PM000139,O000148,57996.92,Debit Card,Success,2023-01-30
PM000140,O000149,61470.91,COD,Success,2024-09-02
PM000141,O000150,33022.41,Credit Card,Success,2024-04-24
PM000142,O000151,983.24,Debit Card,Success,2024-11-12
PM000143,O000152,176274.07,Debit Card,Success,2023-06-24
PM000144,O000153,20610.84,Wallet,Success,2023-09-07
PM000145,O000154,57051.0,UPI,Success,2024-03-17
PM000146,O000155,111981.49,COD,Success,2024-08-29
PM000147,O000156,58178.18,Net Banking,Success,2024-10-13
PM000148,O000157,65860.48,Debit Card,Success,2023-04-02
PM000149,O000158,60218.12,Debit Card,Success,2023-02-01
PM000150,O000159,19291.64,Credit Card,Success,2023-05-09
PM000151,O000160,69795.16,Credit Card,Success,2024-03-01
PM000152,O000161,61823.68,COD,Failed,2023-08-31
PM000153,O000162,11891.2,Credit Card,Success,2024-08-17
PM000154,O000164,99351.0,Wallet,Failed,2024-04-25
PM000155,O000165,83938.91,Wallet,Success,2023-02-22
PM000156,O000166,68068.87,Credit Card,Success,2023-06-04
PM000157,O000167,119500.83,Net Banking,Success,2024-09-01
PM000158,O000168,70289.82,Debit Card,Success,2023-02-23
PM000159,O000169,75435.15,COD,Success,2023-01-13
PM000160,O000170,52709.91,COD,Success,2024-09-17
PM000161,O000172,4385.48,Debit Card,Success,2023-10-18
PM000162,O000173,146410.03,Net Banking,Success,2023-05-05
PM000163,O000174,37957.94,Wallet,Success,2024-10-16
PM000164,O000175,67679.19,Wallet,Success,2023-09-29
PM000165,O000176,41402.44,UPI,Refunded,2023-04-19
PM000166,O000177,109860.45,Credit Card,Success,2023-12-04
PM000167,O000178,101043.64,Debit Card,Failed,2023-12-08
PM000168,O000179,62081.12,Wallet,Success,2024-12-13
PM000169,O000180,44237.93,Debit Card,Success,2023-09-02
PM000170,O000181,83565.18,Wallet,Success,2024-07-03
PM000171,O000182,140660.44,UPI,Success,2024-10-26
PM000172,O000183,107868.89,UPI,Success,2024-09-22
PM000173,O000184,4024.19,UPI,Success,2023-02-16
PM000174,O000185,112816.64,COD,Success,2024-08-18
PM000175,O000186,43119.36,UPI,Success,2024-12-11
PM000176,O000188,66227.98,Net Banking,Success,2024-06-03
PM000177,O000189,42024.79,Debit Card,Success,2024-11-17
PM000178,O000190,137194.11,COD,Pending,2023-02-23
PM000179,O000191,76339.96,Net Banking,Success,2023-11-30
PM000180,O000192,132636.97,UPI,Success,2023-05-29
PM000181,O000193,122972.36,Net Banking,Success,2024-04-14
PM000182,O000194,70463.85,Wallet,Success,2024-05-15
PM000183,O000195,88079.46,Debit Card,Refunded,2023-01-06
PM000184,O000196,17700.3,Wallet,Success,2024-01-03
PM000185,O000197,46081.65,Wallet,Failed,2024-08-07
PM000186,O000198,22066.64,Wallet,Success,2024-10-10
PM000187,O000199,98108.78,UPI,Success,2024-09-19
PM000188,O000201,81388.09,COD,Refunded,2024-08-17
PM000189,O000202,26028.88,UPI,Failed,2024-04-26
PM000190,O000203,107439.7,Wallet,Success,2023-03-20
PM000191,O000204,20564.07,Net Banking,Success,2023-10-26
PM000192,O000205,100011.84,Debit Card,Success,2024-05-12
PM000193,O000206,43863.55,Wallet,Failed,2023-02-18
PM000194,O000207,35039.51,Wallet,Pending,2024-11-13
PM000195,O000208,51441.37,Debit Card,Success,2023-11-21
PM000196,O000209,36889.34,Debit Card,Success,2023-05-29
PM000197,O000210,186630.66,UPI,Refunded,2023-05-23
PM000198,O000211,19001.22,UPI,Success,2024-11-24
PM000199,O000212,133742.85,UPI,Refunded,2024-03-13
PM000200,O000213,115870.11,Debit Card,Success,2023-05-23
PM000201,O000214,176490.24,Debit Card,Success,2024-04-18
PM000202,O000215,46676.85,Credit Card,Failed,2024-10-17
PM000203,O000216,10940.1,COD,Success,2024-03-22
PM000204,O000217,25292.74,UPI,Success,2023-05-30
PM000205,O000218,114652.17,UPI,Success,2024-10-05
PM000206,O000219,37973.08,Debit Card,Success,2023-01-14
PM000207,O000220,2064.92,UPI,Success,2024-09-20
PM000208,O000221,26457.66,Debit Card,Success,2023-05-15
PM000209,O000222,14385.32,Credit Card,Success,2023-05-09
PM000210,O000223,983.24,UPI,Success,2023-07-21
PM000211,O000224,53738.01,UPI,Success,2023-03-09
PM000212,O000225,52470.4,Debit Card,Success,2023-10-12
PM000213,O000226,53978.41,Wallet,Success,2023-08-11
PM000214,O000227,24456.06,Wallet,Success,2024-02-22
PM000215,O000228,112327.27,Credit Card,Success,2023-12-02
PM000216,O000229,130415.2,Debit Card,Success,2024-05-02
PM000217,O000230,156322.21,Debit Card,Success,2023-06-22
PM000218,O000231,15497.8,Net Banking,Success,2024-06-07
PM000219,O000232,53711.36,COD,Success,2023-05-18
PM000220,O000233,72120.02,Debit Card,Success,2024-05-19
PM000221,O000234,47650.25,Net Banking,Success,2024-04-15
PM000222,O000235,32665.28,COD,Success,2024-11-22
PM000223,O000236,21737.94,UPI,Success,2024-11-23
PM000224,O000237,37552.92,COD,Success,2024-08-20
PM000225,O000238,62378.0,Wallet,Success,2023-03-09
PM000226,O000239,178965.23,UPI,Success,2023-10-01
PM000227,O000240,71738.15,Net Banking,Success,2024-01-08
PM000228,O000241,58570.15,Net Banking,Failed,2023-02-18
PM000229,O000242,42209.16,Net Banking,Success,2023-10-07
PM000230,O000243,94678.95,Debit Card,Success,2024-03-19
PM000231,O000244,6240.24,UPI,Success,2024-06-29
PM000232,O000245,3953.6,UPI,Success,2023-09-04
PM000233,O000246,10897.69,Debit Card,Success,2023-10-21
PM000234,O000247,54358.38,COD,Success,2024-04-20
PM000235,O000248,63836.04,Net Banking,Pending,2023-01-21
PM000236,O000249,15600.6,COD,Pending,2024-11-04
PM000237,O000250,30715.41,UPI,Success,2023-09-15
PM000238,O000251,74370.15,Wallet,Success,2024-02-04
PM000239,O000252,83148.76,Debit Card,Success,2024-05-01
PM000240,O000253,45320.68,Credit Card,Success,2023-11-13
PM000241,O000254,62183.8,UPI,Success,2023-11-05
PM000242,O000255,29201.88,Wallet,Failed,2023-03-24
PM000243,O000256,25217.22,Net Banking,Success,2023-03-09
PM000244,O000257,89399.33,COD,Success,2023-06-11
PM000245,O000258,54333.42,COD,Success,2024-01-22
PM000246,O000259,64795.15,Debit Card,Success,2024-03-15
PM000247,O000260,69186.38,COD,Success,2024-11-20
PM000248,O000261,2726.91,Debit Card,Success,2023-07-31
PM000249,O000262,117869.46,Net Banking,Success,2023-08-30
PM000250,O000264,24255.5,Credit Card,Failed,2024-01-15
PM000251,O000265,33058.74,COD,Success,2024-06-27
PM000252,O000266,77950.7,Net Banking,Success,2024-09-19
PM000253,O000267,57826.41,Net Banking,Success,2024-03-22
PM000254,O000268,36211.25,UPI,Success,2024-07-30
PM000255,O000269,42392.94,Wallet,Success,2023-09-10
PM000256,O000271,56114.0,UPI,Success,2024-10-21
PM000257,O000272,110703.16,Debit Card,Refunded,2024-10-31
PM000258,O000273,201058.19,Debit Card,Success,2023-10-02
PM000259,O000274,115740.6,UPI,Failed,2023-03-27
PM000260,O000275,78979.36,UPI,Pending,2023-02-18
PM000261,O000276,47048.75,Net Banking,Success,2024-04-18
PM000262,O000277,45235.27,COD,Success,2023-08-05
PM000263,O000278,87013.8,Wallet,Pending,2024-04-16
PM000264,O000279,101759.48,Debit Card,Success,2024-12-13
PM000265,O000280,78288.14,Debit Card,Success,2024-04-19
PM000266,O000281,116883.18,Credit Card,Success,2024-03-18
PM000267,O000282,42590.5,Net Banking,Success,2024-06-24
PM000268,O000283,70387.72,Credit Card,Success,2023-12-19
PM000269,O000284,86034.14,Credit Card,Success,2024-10-30
PM000270,O000285,47161.8,Wallet,Failed,2024-05-20
PM000271,O000286,17979.1,COD,Success,2023-06-28
PM000272,O000287,97735.41,Net Banking,Success,2024-05-13
PM000273,O000288,7681.42,UPI,Pending,2023-04-24
PM000274,O000289,55125.48,Wallet,Success,2023-07-30
PM000275,O000290,52230.14,Net Banking,Success,2023-01-07
PM000276,O000291,114125.36,Credit Card,Success,2024-06-26
PM000277,O000292,18473.94,COD,Success,2023-12-13
PM000278,O000293,97994.64,COD,Success,2024-10-08
PM000279,O000294,104901.33,Net Banking,Success,2024-07-11
PM000280,O000295,52045.18,Wallet,Success,2024-06-07
PM000281,O000296,46783.5,Net Banking,Success,2024-10-04
PM000282,O000297,75145.18,Debit Card,Success,2024-08-18
PM000283,O000298,52455.69,Wallet,Success,2024-01-22
PM000284,O000299,65821.12,Wallet,Success,2024-05-02
PM000285,O000300,11074.56,UPI,Success,2024-12-29
PM000286,O000301,10774.53,COD,Refunded,2023-06-10
PM000287,O000302,75669.8,UPI,Success,2024-06-19
PM000288,O000303,17957.55,Net Banking,Success,2023-10-18
PM000289,O000304,56920.24,Wallet,Success,2024-03-03
PM000290,O000305,18202.16,UPI,Success,2024-11-11
PM000291,O000306,74064.35,Net Banking,Success,2023-04-01
PM000292,O000307,74192.69,UPI,Success,2024-07-08
PM000293,O000308,103377.37,COD,Success,2024-09-13
PM000294,O000309,58953.4,Credit Card,Success,2023-04-02
PM000295,O000310,10668.02,Debit Card,Failed,2024-01-20
PM000296,O000311,57633.05,Debit Card,Success,2024-04-20
PM000297,O000312,37230.52,Debit Card,Success,2023-04-14
PM000298,O000313,59168.32,Credit Card,Success,2024-04-07
PM000299,O000314,135115.59,Net Banking,Success,2023-12-26
PM000300,O000315,86547.3,Credit Card,Success,2024-07-23
PM000301,O000316,0.0,Wallet,Success,2024-09-05
PM000302,O000318,45063.04,COD,Pending,2024-03-31
PM000303,O000319,100868.05,COD,Success,2023-01-10
PM000304,O000320,160226.85,COD,Success,2024-09-12
PM000305,O000321,30856.33,Wallet,Refunded,2024-08-25
PM000306,O000322,64533.13,Debit Card,Pending,2024-03-13
PM000307,O000324,34889.38,UPI,Pending,2023-03-06
PM000308,O000325,387.92,Debit Card,Pending,2023-03-16
PM000309,O000326,58850.8,COD,Success,2023-03-08
PM000310,O000327,148977.39,Credit Card,Success,2023-04-15
PM000311,O000328,2192.74,Wallet,Success,2024-11-22
PM000312,O000329,63608.55,Credit Card,Success,2024-08-09
PM000313,O000330,15600.6,Debit Card,Success,2023-05-30
PM000314,O000331,14160.68,COD,Success,2023-02-28
PM000315,O000332,63349.99,Net Banking,Failed,2024-12-12
PM000316,O000333,50474.45,COD,Success,2024-10-16
PM000317,O000334,54357.77,UPI,Success,2023-04-28
PM000318,O000335,7192.66,Credit Card,Success,2024-07-21
PM000319,O000336,88249.81,Wallet,Refunded,2023-12-13
PM000320,O000337,105909.24,UPI,Success,2024-10-13
PM000321,O000339,40392.38,COD,Success,2024-04-30
PM000322,O000340,10426.0,COD,Success,2024-03-11
PM000323,O000341,100142.18,Debit Card,Success,2023-12-27
PM000324,O000342,3591.51,Credit Card,Success,2023-10-29
PM000325,O000343,112494.9,Wallet,Refunded,2023-07-25
PM000326,O000344,92513.71,UPI,Success,2023-11-03
PM000327,O000345,108294.61,Wallet,Success,2023-08-03
PM000328,O000346,82046.07,Wallet,Success,2024-01-19
PM000329,O000347,153261.28,Wallet,Success,2023-01-24
PM000330,O000348,144979.76,UPI,Success,2023-03-07
PM000331,O000349,15594.5,Wallet,Success,2023-10-18
PM000332,O000350,38476.63,COD,Success,2023-06-25
PM000333,O000351,46562.78,Credit Card,Success,2023-05-14
PM000334,O000352,11410.2,UPI,Success,2024-09-11
PM000335,O000353,81815.14,Credit Card,Success,2023-12-22
PM000336,O000354,64843.33,Wallet,Success,2024-02-07
PM000337,O000355,16622.89,Net Banking,Success,2024-07-20
PM000338,O000356,3874.45,Debit Card,Success,2024-04-17
PM000339,O000358,53176.9,Wallet,Success,2023-03-21
PM000340,O000359,35321.52,UPI,Success,2023-02-18
PM000341,O000360,18614.37,Credit Card,Success,2023-01-05
PM000342,O000361,9173.71,COD,Success,2024-11-27
PM000343,O000362,58333.09,Wallet,Success,2024-07-29
PM000344,O000363,67577.73,Credit Card,Success,2024-11-04
PM000345,O000364,92026.63,Wallet,Success,2024-12-11
PM000346,O000365,22283.39,UPI,Success,2023-05-08
PM000347,O000366,91622.73,Credit Card,Success,2024-01-20
PM000348,O000367,49192.84,COD,Success,2023-12-06
PM000349,O000368,8564.03,Debit Card,Success,2024-03-28
PM000350,O000369,39821.8,Net Banking,Success,2023-07-29
PM000351,O000370,79585.92,Credit Card,Refunded,2023-07-22
PM000352,O000371,18111.36,UPI,Success,2024-03-19
PM000353,O000372,91854.82,COD,Success,2023-11-04
PM000354,O000373,75037.18,UPI,Success,2024-01-19
PM000355,O000374,86976.22,Wallet,Failed,2023-06-16
PM000356,O000375,25317.85,Credit Card,Success,2023-01-29
PM000357,O000376,6240.24,Wallet,Success,2023-04-05
PM000358,O000377,65507.61,UPI,Success,2024-03-13
PM000359,O000378,15087.03,Net Banking,Success,2024-02-12
PM000360,O000379,62023.18,Wallet,Refunded,2024-06-21
PM000361,O000380,80634.25,COD,Pending,2024-08-03
PM000362,O000382,22752.7,UPI,Refunded,2023-04-14
PM000363,O000383,47577.51,Credit Card,Success,2023-04-10
PM000364,O000384,62378.0,Net Banking,Success,2024-02-13
PM000365,O000385,66480.86,Debit Card,Success,2023-01-27
PM000366,O000386,41224.08,Credit Card,Failed,2023-07-12
PM000367,O000387,144365.68,COD,Success,2024-09-13
PM000368,O000388,70058.32,Credit Card,Failed,2024-05-31
PM000369,O000389,52726.52,Net Banking,Success,2023-09-07
PM000370,O000390,18030.33,Wallet,Success,2023-06-14
PM000371,O000391,90954.92,COD,Failed,2024-10-10
PM000372,O000392,6875.53,Wallet,Success,2024-01-26
PM000373,O000393,2951.4,COD,Success,2023-07-12
PM000374,O000394,69705.55,Net Banking,Success,2024-02-02
PM000375,O000395,6578.22,UPI,Success,2023-08-13
PM000376,O000396,18972.46,Debit Card,Success,2023-05-07
PM000377,O000397,92507.97,Net Banking,Success,2023-08-04
PM000378,O000398,139444.29,Wallet,Success,2024-02-05
PM000379,O000399,35866.69,Debit Card,Success,2024-12-27
PM000380,O000400,62882.4,COD,Success,2023-04-15
PM000381,O000401,89845.86,Net Banking,Success,2023-05-01
PM000382,O000402,14366.04,COD,Success,2024-01-27
PM000383,O000403,67169.65,COD,Success,2023-08-19
PM000384,O000404,54271.97,Credit Card,Success,2024-10-22
PM000385,O000405,62413.87,Wallet,Pending,2024-05-15
PM000386,O000406,29901.3,Wallet,Success,2024-07-22
PM000387,O000407,8918.4,COD,Failed,2024-06-02
PM000388,O000408,26419.21,Credit Card,Success,2023-10-28
PM000389,O000409,89427.63,Net Banking,Success,2023-05-18
PM000390,O000410,114326.05,Debit Card,Success,2024-07-02
PM000391,O000411,72327.42,Net Banking,Success,2023-06-07
PM000392,O000412,28450.91,UPI,Refunded,2024-10-17
PM000393,O000413,144109.82,Credit Card,Success,2023-05-07
PM000394,O000414,26882.44,COD,Success,2024-02-03
PM000395,O000415,116506.91,Net Banking,Success,2024-10-16
PM000396,O000416,89400.37,Credit Card,Success,2023-11-09
PM000397,O000417,1801.57,Credit Card,Success,2023-01-11
PM000398,O000419,70522.32,COD,Refunded,2024-06-20
PM000399,O000420,16549.98,UPI,Success,2023-12-13
PM000400,O000421,54226.48,UPI,Success,2023-08-07
PM000401,O000422,81044.94,COD,Refunded,2023-02-28
PM000402,O000423,99040.63,Net Banking,Success,2023-07-22
PM000403,O000424,95904.49,UPI,Success,2023-04-22
PM000404,O000425,42871.71,UPI,Success,2024-11-13
PM000405,O000426,23587.99,UPI,Failed,2023-06-09
PM000406,O000427,32803.1,Wallet,Success,2024-09-24
PM000407,O000428,33401.65,Credit Card,Success,2024-09-17
PM000408,O000429,80193.4,COD,Success,2024-03-12
PM000409,O000430,0.0,Net Banking,Success,2023-04-23
PM000410,O000431,24839.93,Credit Card,Success,2023-11-26
PM000411,O000432,37327.66,Net Banking,Success,2024-11-30
PM000412,O000433,167521.18,Debit Card,Success,2023-05-04
PM000413,O000434,75941.55,Credit Card,Success,2024-03-04
PM000414,O000435,26867.86,UPI,Success,2023-01-23
PM000415,O000436,59536.93,Wallet,Success,2024-05-21
PM000416,O000438,63046.18,UPI,Failed,2024-06-21
PM000417,O000439,35591.38,Debit Card,Success,2023-05-17
PM000418,O000440,43802.82,Wallet,Success,2023-03-27
PM000419,O000441,168038.45,UPI,Success,2023-06-30
PM000420,O000442,93760.16,UPI,Success,2024-03-20
PM000421,O000443,94046.7,UPI,Success,2024-02-08
PM000422,O000444,14600.94,Wallet,Failed,2023-01-13
PM000423,O000445,13433.93,Credit Card,Refunded,2023-02-14
PM000424,O000446,115505.25,Net Banking,Success,2024-07-09
PM000425,O000447,88486.45,Debit Card,Success,2023-01-22
PM000426,O000448,88111.37,COD,Success,2023-04-26
PM000427,O000449,104578.38,COD,Success,2024-06-27
PM000428,O000450,29359.76,Wallet,Pending,2023-03-20
PM000429,O000451,43601.84,COD,Refunded,2024-08-14
PM000430,O000452,71694.4,Debit Card,Failed,2024-02-28
PM000431,O000453,67155.0,Net Banking,Success,2023-01-18
PM000432,O000454,27031.96,Credit Card,Success,2023-09-06
PM000433,O000455,36630.81,Net Banking,Success,2024-12-13
PM000434,O000456,12796.63,COD,Success,2024-03-02
PM000435,O000457,162123.9,Debit Card,Success,2023-02-02
PM000436,O000458,71316.89,Net Banking,Success,2024-06-18
PM000437,O000459,75730.27,UPI,Success,2024-05-03
PM000438,O000460,2164.56,Wallet,Failed,2023-06-16
PM000439,O000461,73294.55,Net Banking,Success,2024-10-15
PM000440,O000462,48671.65,UPI,Success,2023-12-31
PM000441,O000463,16745.58,UPI,Success,2024-11-29
PM000442,O000464,52982.9,Debit Card,Success,2024-06-12
PM000443,O000465,34114.55,UPI,Success,2024-11-30
PM000444,O000466,605.62,UPI,Pending,2023-04-10
PM000445,O000467,128934.76,Net Banking,Success,2023-10-30
PM000446,O000468,78418.1,Credit Card,Success,2023-05-07
PM000447,O000469,22820.4,Credit Card,Failed,2024-02-28
PM000448,O000470,22662.2,Wallet,Success,2023-01-09
PM000449,O000471,79047.54,UPI,Success,2024-04-22
PM000450,O000472,64655.37,Credit Card,Success,2023-11-21
PM000451,O000473,18111.36,Debit Card,Success,2024-03-16
PM000452,O000474,47080.64,COD,Success,2023-06-30
PM000453,O000475,76697.38,Net Banking,Success,2023-08-08
PM000454,O000476,84088.76,COD,Success,2024-12-14
PM000455,O000477,38096.94,UPI,Success,2023-11-21
PM000456,O000478,21797.0,Net Banking,Success,2023-01-04
PM000457,O000479,23983.58,Credit Card,Success,2024-03-06
PM000458,O000480,79259.83,Wallet,Success,2024-05-29
PM000459,O000481,66826.81,UPI,Success,2023-07-01
PM000460,O000482,13651.62,Net Banking,Success,2024-09-30
PM000461,O000483,136444.53,Net Banking,Success,2023-08-17
PM000462,O000484,12959.03,Wallet,Success,2024-11-20
PM000463,O000485,122332.67,Credit Card,Success,2024-06-15
PM000464,O000486,87099.93,COD,Success,2024-06-13
PM000465,O000487,30895.76,UPI,Success,2024-08-30
PM000466,O000488,93106.92,Debit Card,Success,2023-05-14
PM000467,O000489,24984.52,UPI,Failed,2023-02-22
PM000468,O000490,88766.55,COD,Success,2023-04-20
PM000469,O000491,88335.47,UPI,Pending,2023-08-04
PM000470,O000492,93330.17,COD,Pending,2023-12-18
PM000471,O000493,48639.29,Debit Card,Success,2023-04-28
PM000472,O000494,73811.23,COD,Success,2024-10-29
PM000473,O000495,62172.61,Net Banking,Success,2024-05-14
PM000474,O000496,102396.58,UPI,Success,2023-03-07
PM000475,O000497,35142.09,Net Banking,Success,2023-08-09
PM000476,O000498,48490.8,Net Banking,Failed,2023-11-26
PM000477,O000499,46335.28,COD,Success,2024-03-07
PM000478,O000500,91972.77,COD,Success,2024-10-21
PM000479,O000501,42392.94,Credit Card,Success,2023-11-21
PM000480,O000502,45498.48,Debit Card,Success,2024-05-20
PM000481,O000503,13556.62,Debit Card,Success,2024-03-22
PM000482,O000504,105927.16,COD,Success,2023-04-24
PM000483,O000505,77690.45,Debit Card,Success,2023-05-06
PM000484,O000506,59707.21,Debit Card,Success,2024-11-06
PM000485,O000507,51166.59,Credit Card,Success,2023-11-17
PM000486,O000508,65812.05,Wallet,Success,2023-07-27
PM000487,O000509,106311.02,UPI,Success,2023-04-23
PM000488,O000510,108344.16,Net Banking,Failed,2023-08-06
PM000489,O000511,15806.94,Net Banking,Success,2023-10-10
PM000490,O000512,167104.78,Debit Card,Refunded,2023-03-09
PM000491,O000513,24167.15,Credit Card,Success,2023-04-07
PM000492,O000514,6578.22,Net Banking,Success,2023-01-14
PM000493,O000515,10494.08,COD,Success,2023-01-02
PM000494,O000516,81924.06,UPI,Success,2023-08-22
PM000495,O000517,50804.47,COD,Success,2023-12-28
PM000496,O000518,34256.12,UPI,Success,2023-09-08
PM000497,O000519,25964.36,COD,Success,2024-10-03
PM000498,O000520,51968.01,Wallet,Success,2023-11-13
PM000499,O000522,72366.34,Wallet,Success,2023-08-11
PM000500,O000523,56799.42,COD,Success,2024-11-12
PM000501,O000524,150862.7,Net Banking,Refunded,2024-04-29
PM000502,O000525,58850.8,COD,Refunded,2024-11-30
PM000503,O000526,139830.5,Net Banking,Success,2024-07-12
PM000504,O000527,55566.89,Wallet,Failed,2024-03-07
PM000505,O000528,50001.61,UPI,Success,2023-01-07
PM000506,O000529,58604.04,Net Banking,Success,2023-03-04
PM000507,O000530,3120.12,Net Banking,Success,2023-01-07
PM000508,O000531,14522.12,COD,Success,2024-04-30
PM000509,O000532,75432.2,Credit Card,Success,2023-07-08
PM000510,O000533,101774.28,Net Banking,Success,2023-10-24
PM000511,O000534,132029.75,Credit Card,Success,2024-02-03
PM000512,O000535,75764.99,Wallet,Success,2024-06-21
PM000513,O000536,123635.96,Wallet,Failed,2024-05-10
PM000514,O000537,72636.68,Debit Card,Success,2023-06-12
PM000515,O000538,29044.24,Net Banking,Success,2023-03-07
PM000516,O000539,28083.91,COD,Success,2024-04-05
PM000517,O000540,22631.43,Debit Card,Success,2023-06-15
PM000518,O000541,114538.72,Credit Card,Failed,2023-01-06
PM000519,O000542,12863.78,Wallet,Success,2024-01-21
PM000520,O000543,59649.98,UPI,Success,2023-09-15
PM000521,O000544,41221.68,UPI,Pending,2024-12-15
PM000522,O000545,61428.49,UPI,Success,2023-03-02
PM000523,O000546,12839.4,COD,Success,2023-02-06
PM000524,O000547,67141.8,COD,Success,2023-10-05
PM000525,O000550,12045.76,Credit Card,Failed,2024-07-03
PM000526,O000551,92248.22,Net Banking,Success,2023-11-18
PM000527,O000552,62270.52,Debit Card,Success,2024-01-11
PM000528,O000553,61888.68,Net Banking,Success,2023-07-28
PM000529,O000554,69398.24,UPI,Success,2024-04-09
PM000530,O000555,64486.76,Credit Card,Success,2024-01-27
PM000531,O000556,175944.42,Credit Card,Failed,2024-08-28
PM000532,O000558,86223.33,UPI,Pending,2024-07-09
PM000533,O000559,35124.0,Debit Card,Success,2024-03-30
PM000534,O000560,19068.64,Credit Card,Success,2024-07-18
PM000535,O000561,88943.69,UPI,Success,2023-04-28
PM000536,O000562,108213.07,Net Banking,Failed,2024-09-06
PM000537,O000563,38805.34,COD,Success,2023-10-17
PM000538,O000564,97677.57,Credit Card,Success,2023-06-03
PM000539,O000565,108005.28,Net Banking,Refunded,2024-11-03
PM000540,O000566,91906.8,Credit Card,Success,2024-06-24
PM000541,O000567,124022.31,Debit Card,Success,2023-04-29
PM000542,O000568,122415.95,Net Banking,Success,2024-07-04
PM000543,O000569,85195.94,Wallet,Success,2023-07-22
PM000544,O000570,82182.55,COD,Failed,2024-06-11
PM000545,O000571,79197.36,Debit Card,Success,2023-04-21
PM000546,O000572,109358.98,UPI,Success,2023-03-27
PM000547,O000573,84546.28,Debit Card,Success,2023-04-10
PM000548,O000574,24607.86,Net Banking,Pending,2023-11-18
PM000549,O000575,22398.99,Wallet,Success,2023-04-19
PM000550,O000576,66465.11,Credit Card,Success,2023-01-07
PM000551,O000577,15720.6,Debit Card,Success,2024-03-31
PM000552,O000578,60619.48,Debit Card,Success,2023-03-18
PM000553,O000579,5945.6,Wallet,Failed,2024-11-07
PM000554,O000580,1976.8,COD,Success,2024-11-20
PM000555,O000581,90380.11,Net Banking,Success,2024-05-17
PM000556,O000582,140125.86,Debit Card,Success,2023-10-27
PM000557,O000583,91253.35,COD,Refunded,2023-04-27
PM000558,O000584,41948.55,COD,Success,2024-02-26
PM000559,O000585,26255.2,COD,Success,2023-08-15
PM000560,O000586,78104.71,Credit Card,Failed,2024-07-06
PM000561,O000587,74757.12,Debit Card,Failed,2024-07-02
PM000562,O000588,109361.76,Credit Card,Success,2023-02-06
PM000563,O000589,66089.1,Net Banking,Success,2023-10-04
PM000564,O000590,67935.78,Wallet,Failed,2023-11-28
PM000565,O000591,64318.26,Wallet,Success,2023-10-19
PM000566,O000592,75435.15,COD,Success,2024-01-14
PM000567,O000593,94350.85,COD,Success,2024-08-30
PM000568,O000594,151012.72,Debit Card,Failed,2024-08-01
PM000569,O000595,49435.82,Debit Card,Success,2023-05-11
PM000570,O000596,91624.22,Debit Card,Success,2024-06-21
PM000571,O000597,24222.62,Wallet,Success,2023-10-25
PM000572,O000598,20726.98,COD,Pending,2023-07-03
PM000573,O000599,49501.94,Debit Card,Success,2024-04-24
PM000574,O000600,35249.72,Debit Card,Success,2024-08-21
PM000575,O000601,104386.93,Debit Card,Success,2024-07-31
PM000576,O000602,78712.9,COD,Success,2023-04-04
PM000577,O000603,86832.59,Net Banking,Success,2023-05-01
PM000578,O000604,87118.57,Wallet,Success,2024-12-29
PM000579,O000605,34314.24,Credit Card,Success,2024-11-17
PM000580,O000606,19001.22,Credit Card,Success,2024-06-22
PM000581,O000607,72976.57,Debit Card,Success,2023-01-14
PM000582,O000608,32713.58,Credit Card,Refunded,2024-10-25
PM000583,O000609,29822.84,Debit Card,Success,2023-02-27
PM000584,O000610,26426.08,Credit Card,Success,2024-08-23
PM000585,O000611,48748.14,Debit Card,Success,2023-06-01
PM000586,O000612,6246.13,Credit Card,Success,2024-04-22
PM000587,O000613,30209.56,Credit Card,Success,2023-07-10
PM000588,O000614,51544.15,UPI,Refunded,2024-10-19
PM000589,O000615,121698.59,Credit Card,Success,2023-10-30
PM000590,O000616,69796.61,Wallet,Success,2024-08-05
PM000591,O000618,83770.83,Debit Card,Success,2023-06-12
PM000592,O000619,58882.3,Credit Card,Refunded,2024-12-12
PM000593,O000620,33076.4,Credit Card,Failed,2023-10-03
PM000594,O000621,34831.95,Debit Card,Success,2023-04-03
PM000595,O000622,74957.2,Debit Card,Success,2024-01-19
PM000596,O000623,128425.51,Wallet,Refunded,2024-02-14
PM000597,O000624,34861.74,COD,Success,2024-05-28
PM000598,O000625,34031.19,Net Banking,Success,2024-10-31
PM000599,O000626,38577.18,Net Banking,Success,2024-11-02
PM000600,O000627,13557.28,Credit Card,Success,2024-02-16
PM000601,O000628,18943.42,Debit Card,Success,2024-04-29
PM000602,O000630,52798.96,UPI,Refunded,2024-05-16
PM000603,O000631,35429.01,Debit Card,Success,2023-11-01
PM000604,O000632,75104.57,COD,Pending,2024-09-24
PM000605,O000633,110760.04,COD,Refunded,2023-07-08
PM000606,O000635,98331.35,Debit Card,Success,2023-10-19
PM000607,O000636,52188.78,COD,Success,2023-10-22
PM000608,O000637,58760.64,Credit Card,Success,2024-05-25
PM000609,O000638,38649.39,COD,Success,2023-03-27
PM000610,O000639,18360.17,Debit Card,Success,2023-01-24
PM000611,O000640,100763.44,Wallet,Success,2024-08-07
PM000612,O000641,47929.06,Wallet,Success,2024-05-21
PM000613,O000643,68906.72,Debit Card,Success,2024-05-30
PM000614,O000644,9029.9,Wallet,Success,2024-10-31
PM000615,O000645,56775.81,Wallet,Success,2023-07-31
PM000616,O000646,82215.78,Credit Card,Success,2023-06-13
PM000617,O000647,29023.0,Wallet,Success,2023-01-25
PM000618,O000648,72727.26,Net Banking,Failed,2024-10-06
PM000619,O000649,63239.46,COD,Success,2024-05-09
PM000620,O000650,109107.86,Credit Card,Success,2023-06-01
PM000621,O000651,7293.4,Wallet,Pending,2023-05-12
PM000622,O000652,84927.27,Net Banking,Success,2024-08-21
PM000623,O000653,111389.76,UPI,Pending,2024-01-23
PM000624,O000654,50691.16,Credit Card,Success,2024-05-25
PM000625,O000655,13406.2,Debit Card,Pending,2024-06-03
PM000626,O000656,72127.25,Net Banking,Success,2023-09-20
PM000627,O000657,85326.49,Credit Card,Success,2023-08-01
PM000628,O000658,14155.88,Debit Card,Success,2024-08-26
PM000629,O000659,125759.58,Wallet,Success,2024-08-26
PM000630,O000660,77249.14,COD,Success,2024-11-25
PM000631,O000661,59633.53,UPI,Success,2023-07-03
PM000632,O000662,55092.22,Credit Card,Success,2024-04-28
PM000633,O000663,97389.33,Credit Card,Success,2024-11-09
PM000634,O000664,8306.91,UPI,Success,2024-04-05
PM000635,O000665,62853.0,Wallet,Success,2024-04-12
PM000636,O000666,109601.72,Net Banking,Success,2024-01-27
PM000637,O000667,73794.1,Net Banking,Success,2024-12-05
PM000638,O000668,108279.79,Net Banking,Success,2024-02-28
PM000639,O000670,44550.74,Credit Card,Success,2024-04-01
PM000640,O000671,110745.42,Net Banking,Success,2023-03-03
PM000641,O000672,30895.76,Wallet,Success,2023-04-26
PM000642,O000673,29449.17,Wallet,Pending,2023-03-16
PM000643,O000674,55527.76,Credit Card,Success,2024-12-10
PM000644,O000676,79382.27,UPI,Success,2024-09-08
PM000645,O000677,91031.88,Credit Card,Success,2023-12-30
PM000646,O000678,62076.47,COD,Refunded,2024-08-27
PM000647,O000679,83589.31,Net Banking,Success,2024-03-01
PM000648,O000680,52060.22,Net Banking,Failed,2024-10-29
PM000649,O000681,64937.59,Debit Card,Success,2023-02-09
PM000650,O000682,9471.71,Net Banking,Success,2024-05-24
PM000651,O000683,46005.64,COD,Failed,2023-02-05
PM000652,O000684,11805.6,Net Banking,Success,2023-04-26
PM000653,O000685,23600.4,Debit Card,Success,2023-05-12
PM000654,O000686,19207.35,Debit Card,Success,2023-07-20
PM000655,O000687,67492.66,UPI,Success,2023-09-13
PM000656,O000688,1162.47,Net Banking,Refunded,2024-01-30
PM000657,O000689,89071.74,Net Banking,Success,2023-06-15
PM000658,O000690,76105.74,Credit Card,Success,2024-07-12
PM000659,O000691,71661.68,UPI,Success,2023-12-17
PM000660,O000692,91643.06,COD,Success,2023-05-10
PM000661,O000693,18316.81,Net Banking,Success,2023-12-29
PM000662,O000694,26100.56,COD,Success,2024-10-11
PM000663,O000695,84116.44,Wallet,Success,2023-10-31
PM000664,O000696,36538.4,Debit Card,Success,2023-03-02
PM000665,O000697,62261.4,Wallet,Failed,2024-08-28
PM000666,O000698,84729.5,Debit Card,Success,2023-07-30
PM000667,O000699,79480.89,Debit Card,Success,2024-03-24
PM000668,O000701,12959.03,Wallet,Success,2023-10-10
PM000669,O000702,79144.47,Wallet,Success,2023-09-06
PM000670,O000703,98544.34,Wallet,Pending,2023-09-02
PM000671,O000704,99277.88,COD,Refunded,2023-08-10
PM000672,O000705,83699.46,UPI,Failed,2023-12-19
PM000673,O000706,22266.98,Wallet,Success,2024-02-15
PM000674,O000707,84637.09,Credit Card,Success,2024-09-28
PM000675,O000708,4115.14,COD,Success,2024-10-19
PM000676,O000709,93422.96,Net Banking,Success,2024-11-10
PM000677,O000710,1211.24,UPI,Success,2024-03-29
PM000678,O000711,47169.5,Credit Card,Success,2023-09-09
PM000679,O000712,137513.13,UPI,Success,2024-02-29
PM000680,O000713,88973.3,Credit Card,Success,2023-11-24
PM000681,O000714,159666.46,UPI,Success,2023-11-18
PM000682,O000715,88047.07,Net Banking,Success,2024-09-25
PM000683,O000716,35754.63,Debit Card,Success,2023-01-29
PM000684,O000717,36880.7,COD,Success,2024-06-04
PM000685,O000718,6382.53,Wallet,Success,2024-02-28
PM000686,O000719,99788.46,COD,Success,2023-04-02
PM000687,O000720,41221.68,Net Banking,Failed,2024-02-16
PM000688,O000721,99859.25,Wallet,Success,2023-09-21
PM000689,O000722,25886.3,Debit Card,Success,2024-07-30
PM000690,O000723,37548.59,Credit Card,Refunded,2024-11-30
PM000691,O000724,94010.1,Wallet,Success,2023-11-16
PM000692,O000726,18233.5,UPI,Success,2024-05-17
PM000693,O000727,54180.72,Debit Card,Success,2023-11-25
PM000694,O000728,31083.98,Wallet,Refunded,2024-03-12
PM000695,O000730,18791.1,COD,Success,2024-01-30
PM000696,O000731,46526.9,UPI,Success,2023-08-15
PM000697,O000732,82377.42,COD,Success,2023-04-30
PM000698,O000733,106902.42,Credit Card,Success,2024-11-15
PM000699,O000734,86436.12,Wallet,Failed,2024-05-14
PM000700,O000735,28261.96,Net Banking,Success,2023-09-20
PM000701,O000736,95077.29,Net Banking,Success,2024-05-24
PM000702,O000737,15455.92,UPI,Success,2023-05-27
PM000703,O000738,20879.5,UPI,Refunded,2023-09-14
PM000704,O000739,61723.6,Net Banking,Refunded,2024-03-25
PM000705,O000740,13181.63,Credit Card,Pending,2023-01-18
PM000706,O000741,77279.6,Debit Card,Success,2024-08-03
PM000707,O000742,112775.57,Credit Card,Failed,2024-05-02
PM000708,O000743,37289.43,UPI,Success,2024-04-10
PM000709,O000744,193525.52,Net Banking,Success,2023-05-28
PM000710,O000745,101390.3,Net Banking,Success,2024-01-08
PM000711,O000746,10347.44,Debit Card,Success,2024-07-15
PM000712,O000747,93280.21,Credit Card,Success,2024-09-30
PM000713,O000748,71060.72,Debit Card,Success,2024-01-31
PM000714,O000749,3596.33,Credit Card,Success,2024-09-19
PM000715,O000750,45994.29,Credit Card,Success,2023-12-06
PM000716,O000751,45728.59,Net Banking,Pending,2024-05-01
PM000717,O000752,21729.23,COD,Success,2024-02-24
PM000718,O000753,119774.27,Net Banking,Failed,2024-01-26
PM000719,O000754,92183.42,COD,Success,2023-03-29
PM000720,O000755,39649.74,Net Banking,Success,2024-03-03
PM000721,O000756,43833.66,Wallet,Success,2024-10-26
PM000722,O000757,146707.73,Wallet,Failed,2023-01-11
PM000723,O000758,25334.96,Wallet,Success,2023-05-16
PM000724,O000759,27482.72,Debit Card,Success,2024-11-13
PM000725,O000760,0.0,Wallet,Success,2023-09-06
PM000726,O000761,38124.12,UPI,Success,2023-12-16
PM000727,O000762,35321.52,UPI,Success,2023-04-04
PM000728,O000763,22660.34,Wallet,Success,2024-05-02
PM000729,O000764,13515.98,Credit Card,Success,2023-06-30
PM000730,O000765,29038.08,Net Banking,Pending,2023-08-22
PM000731,O000766,35958.2,Wallet,Success,2023-03-08
PM000732,O000767,63018.81,UPI,Success,2024-04-01
PM000733,O000768,16611.84,COD,Refunded,2024-05-15
PM000734,O000769,53081.74,Wallet,Success,2023-11-29
PM000735,O000770,71548.75,COD,Success,2023-08-11
PM000736,O000771,15720.6,Credit Card,Pending,2024-05-13
PM000737,O000772,5902.8,COD,Success,2024-12-23
PM000738,O000773,85911.92,UPI,Success,2024-12-01
PM000739,O000774,130789.08,COD,Success,2023-08-03
PM000740,O000775,46497.69,Wallet,Success,2024-12-26
PM000741,O000776,22610.37,Credit Card,Success,2023-09-30
PM000742,O000777,74803.34,COD,Success,2023-10-07
PM000743,O000778,35310.48,Wallet,Success,2024-06-20
PM000744,O000779,84175.76,Credit Card,Success,2023-01-26
PM000745,O000780,22503.52,Net Banking,Success,2023-04-21
PM000746,O000781,58760.64,UPI,Success,2023-05-26
PM000747,O000782,12839.4,Net Banking,Success,2023-07-02
PM000748,O000783,39002.39,Credit Card,Success,2024-12-31
PM000749,O000784,86334.61,Wallet,Success,2023-12-18
PM000750,O000785,31682.8,Net Banking,Success,2023-01-25
PM000751,O000786,110624.6,COD,Success,2024-02-01
PM000752,O000787,98096.1,UPI,Success,2024-06-05
PM000753,O000788,11773.84,Debit Card,Success,2023-05-03
PM000754,O000789,48116.51,Credit Card,Success,2023-07-24
PM000755,O000790,170787.43,Debit Card,Success,2023-07-05
PM000756,O000792,23540.32,Wallet,Success,2024-01-17
PM000757,O000793,162109.87,UPI,Success,2023-05-04
PM000758,O000794,83772.27,Wallet,Success,2024-12-09
PM000759,O000795,41921.76,Debit Card,Success,2024-05-05
PM000760,O000796,6578.22,Net Banking,Success,2024-07-26
PM000761,O000797,69842.38,Credit Card,Success,2024-07-11
PM000762,O000798,55559.42,Credit Card,Success,2024-11-19
PM000763,O000799,19498.94,Wallet,Success,2024-06-02
PM000764,O000800,3120.12,Net Banking,Success,2023-03-25
PM000765,O000801,99434.61,Debit Card,Success,2024-07-17
PM000766,O000802,35155.54,COD,Success,2024-02-22
PM000767,O000803,6540.46,Debit Card,Success,2023-05-28
PM000768,O000804,39639.12,Net Banking,Success,2023-10-30
PM000769,O000805,81249.08,Credit Card,Success,2024-03-08
PM000770,O000806,109636.26,Net Banking,Success,2023-02-12
PM000771,O000807,14742.68,UPI,Success,2023-02-09
PM000772,O000808,150813.54,Net Banking,Success,2023-02-05
PM000773,O000809,19372.25,Credit Card,Success,2024-08-01
PM000774,O000810,81727.31,Wallet,Success,2024-05-17
PM000775,O000811,68414.89,Wallet,Success,2023-07-23
PM000776,O000812,92519.0,Debit Card,Success,2023-04-29
PM000777,O000814,153032.77,Net Banking,Success,2024-11-11
PM000778,O000815,21726.75,COD,Refunded,2023-01-12
PM000779,O000816,37931.12,Net Banking,Success,2023-11-07
PM000780,O000817,13597.86,Debit Card,Success,2024-10-10
PM000781,O000818,59242.96,Credit Card,Success,2024-10-03
PM000782,O000819,50571.04,UPI,Success,2024-02-09
PM000783,O000820,103587.72,Credit Card,Success,2024-10-12
PM000784,O000821,81459.26,Credit Card,Success,2023-10-15
PM000785,O000822,43250.05,Credit Card,Pending,2024-09-11
PM000786,O000823,82232.37,Debit Card,Failed,2023-09-03
PM000787,O000824,32613.57,COD,Success,2024-11-16
PM000788,O000825,67886.36,UPI,Success,2023-11-25
PM000789,O000826,3874.45,Credit Card,Success,2024-05-10
PM000790,O000827,136805.46,Wallet,Failed,2024-02-07
PM000791,O000828,14679.5,UPI,Failed,2024-03-13
PM000792,O000829,86846.03,Wallet,Success,2024-07-02
PM000793,O000830,125326.69,UPI,Success,2023-10-11
PM000794,O000831,80973.72,Net Banking,Failed,2023-07-28
PM000795,O000832,85810.47,Wallet,Success,2023-08-14
PM000796,O000833,51705.91,Credit Card,Failed,2024-12-30
PM000797,O000834,103644.99,Wallet,Success,2024-02-02
PM000798,O000835,122581.71,COD,Success,2023-01-25
PM000799,O000836,94973.55,Wallet,Success,2023-12-23
PM000800,O000837,77747.19,Net Banking,Success,2023-02-07
PM000801,O000838,36709.65,Net Banking,Refunded,2024-04-08
PM000802,O000839,41601.19,Debit Card,Success,2024-09-27
PM000803,O000840,22278.08,Debit Card,Success,2024-06-30
PM000804,O000841,28261.96,UPI,Failed,2023-10-06
PM000805,O000842,54904.88,Net Banking,Success,2023-06-09
PM000806,O000843,143162.55,Debit Card,Success,2023-02-13
PM000807,O000844,60178.22,Wallet,Success,2024-02-19
PM000808,O000845,8635.7,COD,Success,2024-09-10
PM000809,O000846,70410.14,COD,Success,2023-05-24
PM000810,O000847,144893.03,Debit Card,Failed,2023-04-14
PM000811,O000848,56550.96,Net Banking,Success,2023-06-19
PM000812,O000849,10271.52,UPI,Success,2024-04-16
PM000813,O000850,112630.24,Net Banking,Success,2024-06-10
PM000814,O000851,21004.16,Net Banking,Success,2023-10-01
PM000815,O000852,4196.06,Credit Card,Success,2023-02-12
PM000816,O000853,38243.24,Credit Card,Success,2023-01-01
PM000817,O000854,116273.27,Net Banking,Success,2024-11-19
PM000818,O000855,47927.37,UPI,Success,2023-12-05
PM000819,O000856,53731.72,COD,Success,2023-11-04
PM000820,O000857,92641.88,COD,Success,2024-04-20
PM000821,O000858,193747.49,UPI,Success,2023-06-07
PM000822,O000860,63973.5,Credit Card,Success,2024-12-15
PM000823,O000861,31351.43,Net Banking,Failed,2024-01-01
PM000824,O000862,131738.33,Wallet,Success,2024-05-17
PM000825,O000863,27065.32,Wallet,Success,2023-08-18
PM000826,O000864,28828.69,Credit Card,Success,2024-12-23
PM000827,O000865,54700.02,COD,Success,2023-05-01
PM000828,O000866,93608.23,COD,Success,2024-05-08
PM000829,O000867,147579.34,Credit Card,Failed,2023-02-02
PM000830,O000868,86239.23,Net Banking,Refunded,2023-01-08
PM000831,O000869,76760.06,UPI,Success,2023-07-04
PM000832,O000870,112001.91,Wallet,Success,2023-12-07
PM000833,O000871,106629.56,COD,Success,2023-02-10
PM000834,O000873,123378.11,Credit Card,Success,2024-03-16
PM000835,O000874,47927.4,Wallet,Success,2023-08-29
PM000836,O000875,49777.55,COD,Success,2023-09-09
PM000837,O000876,29388.74,Credit Card,Success,2024-01-06
PM000838,O000877,18111.36,Debit Card,Success,2023-09-03
PM000839,O000878,15720.6,Debit Card,Success,2024-07-01
PM000840,O000879,26426.08,Net Banking,Success,2023-07-13
PM000841,O000880,134132.34,Wallet,Failed,2024-06-18
PM000842,O000881,5888.1,Wallet,Success,2023-08-06
PM000843,O000882,43594.0,COD,Success,2024-05-21
PM000844,O000883,24709.88,Wallet,Success,2023-12-30
PM000845,O000884,99266.96,Debit Card,Failed,2024-08-31
PM000846,O000885,54693.32,Net Banking,Failed,2023-02-09
PM000847,O000886,46127.49,COD,Success,2023-03-18
PM000848,O000887,22567.72,Wallet,Success,2023-05-21
PM000849,O000888,80111.19,COD,Success,2023-11-15
PM000850,O000889,52726.52,Wallet,Success,2023-04-06
PM000851,O000890,6151.78,COD,Success,2024-02-20
PM000852,O000891,51444.25,Wallet,Success,2024-12-18
PM000853,O000892,72771.82,UPI,Success,2023-07-12
PM000854,O000893,30187.01,Wallet,Success,2024-08-15
PM000855,O000894,22627.12,Wallet,Failed,2023-07-08
PM000856,O000895,7723.94,Debit Card,Success,2023-03-15
PM000857,O000896,23431.41,Debit Card,Success,2023-04-24
PM000858,O000897,60360.65,UPI,Success,2024-01-23
PM000859,O000898,11776.2,COD,Success,2024-03-23
PM000860,O000899,56791.92,UPI,Success,2024-02-28
PM000861,O000900,133342.47,COD,Success,2023-12-23
PM000862,O000901,15534.61,COD,Refunded,2023-04-23
PM000863,O000902,605.62,Credit Card,Success,2024-11-15
PM000864,O000903,46598.71,COD,Success,2024-07-21
PM000865,O000904,65627.85,Debit Card,Success,2024-08-01
PM000866,O000905,22389.44,UPI,Success,2023-08-22
PM000867,O000906,28625.31,Credit Card,Success,2023-03-16
PM000868,O000907,20610.84,Net Banking,Success,2024-02-23
PM000869,O000908,43599.76,UPI,Refunded,2023-09-14
PM000870,O000909,157086.46,Credit Card,Refunded,2023-04-13
PM000871,O000910,26342.14,COD,Success,2023-07-17
PM000872,O000912,75232.89,UPI,Success,2023-11-03
PM000873,O000913,89571.92,Debit Card,Failed,2023-08-23
PM000874,O000914,106239.93,Wallet,Success,2024-03-31
PM000875,O000915,9631.56,Debit Card,Success,2024-12-18
PM000876,O000916,45480.6,COD,Success,2023-02-21
PM000877,O000917,20681.12,Wallet,Success,2024-06-21
PM000878,O000918,27997.85,Net Banking,Success,2024-12-16
PM000879,O000919,26861.63,COD,Success,2023-11-26
PM000880,O000920,159388.1,Wallet,Success,2024-10-14
PM000881,O000921,56041.04,Wallet,Success,2024-01-24
PM000882,O000922,24709.88,Credit Card,Success,2023-03-20
PM000883,O000923,27710.91,Wallet,Success,2024-03-21
PM000884,O000924,55333.97,Wallet,Success,2023-12-20
PM000885,O000925,76506.54,UPI,Success,2024-06-07
PM000886,O000926,136618.79,Debit Card,Success,2024-04-26
PM000887,O000927,629.4,Net Banking,Pending,2023-09-16
PM000888,O000928,58302.74,Credit Card,Success,2023-07-01
PM000889,O000929,20330.92,Net Banking,Success,2023-06-24
PM000890,O000930,66474.69,Net Banking,Success,2024-06-25
PM000891,O000931,12240.43,Debit Card,Success,2024-01-18
PM000892,O000932,20476.94,Net Banking,Success,2023-01-24
PM000893,O000933,26389.57,UPI,Refunded,2023-09-05
PM000894,O000934,86588.22,Debit Card,Success,2024-10-16
PM000895,O000935,75435.15,COD,Success,2024-12-26
PM000896,O000936,34859.44,Wallet,Success,2023-05-07
PM000897,O000937,16617.3,Net Banking,Success,2023-08-20
PM000898,O000938,59536.06,Debit Card,Success,2023-12-02
PM000899,O000939,62937.96,COD,Success,2024-02-29
PM000900,O000940,92957.26,Credit Card,Success,2024-09-02
PM000901,O000941,7760.58,Credit Card,Success,2023-11-15
PM000902,O000942,32413.87,COD,Success,2024-06-26
PM000903,O000943,70864.47,Credit Card,Success,2023-12-10
PM000904,O000944,6240.24,Net Banking,Refunded,2023-04-30
PM000905,O000945,119704.54,Credit Card,Refunded,2024-09-14
PM000906,O000946,75488.94,Net Banking,Success,2023-02-23
PM000907,O000947,74850.6,Wallet,Success,2024-07-21
PM000908,O000948,59074.25,COD,Success,2023-08-06
PM000909,O000949,12615.45,Net Banking,Failed,2023-10-24
PM000910,O000950,144610.2,Wallet,Refunded,2024-10-01
PM000911,O000951,5516.66,Debit Card,Refunded,2024-01-10
PM000912,O000952,1323.98,COD,Success,2024-08-06
PM000913,O000953,35783.64,COD,Success,2024-03-16
PM000914,O000954,20441.97,UPI,Success,2023-05-01
PM000915,O000955,78090.99,Debit Card,Success,2023-11-30
PM000916,O000956,63040.77,Credit Card,Success,2024-02-22
PM000917,O000957,60782.03,COD,Success,2023-04-06
PM000918,O000958,52913.94,Wallet,Success,2023-05-30
PM000919,O000959,3607.6,Debit Card,Success,2023-11-15
PM000920,O000960,9101.08,UPI,Success,2024-02-03
PM000921,O000961,91927.92,UPI,Success,2023-01-27
PM000922,O000962,120195.88,Credit Card,Success,2024-06-18
PM000923,O000963,71372.56,Net Banking,Success,2023-03-01
PM000924,O000964,47335.53,UPI,Failed,2023-06-14
PM000925,O000965,45591.01,COD,Success,2023-07-27
PM000926,O000966,69350.49,COD,Success,2024-03-08
PM000927,O000967,59738.86,Debit Card,Success,2024-11-14
PM000928,O000968,97825.46,COD,Success,2023-04-07
PM000929,O000969,83998.25,COD,Refunded,2023-07-11
PM000930,O000970,87791.24,Credit Card,Pending,2024-12-04
PM000931,O000971,91642.65,Debit Card,Success,2023-08-23
PM000932,O000972,21107.59,Net Banking,Failed,2023-01-16
PM000933,O000973,92420.81,Wallet,Success,2024-11-26
PM000934,O000974,107671.35,UPI,Success,2024-02-12
PM000935,O000975,68949.06,Wallet,Success,2023-12-05
PM000936,O000976,131671.18,Credit Card,Success,2024-06-08
PM000937,O000977,155715.38,COD,Success,2024-11-03
PM000938,O000979,68034.18,Debit Card,Success,2023-02-09
PM000939,O000980,811.76,Debit Card,Success,2024-01-05
PM000940,O000981,83195.48,Debit Card,Success,2023-06-30
PM000941,O000982,77352.17,Credit Card,Refunded,2024-09-18
PM000942,O000983,10599.78,Net Banking,Success,2023-07-19
PM000943,O000984,43307.34,COD,Success,2023-07-02
PM000944,O000985,35783.64,Net Banking,Success,2023-04-15
PM000945,O000986,32879.97,UPI,Success,2024-10-23
PM000946,O000987,40685.66,Net Banking,Failed,2024-11-22
PM000947,O000988,35143.59,Wallet,Success,2024-02-08
PM000948,O000989,36384.48,COD,Success,2023-06-27
PM000949,O000990,15375.83,COD,Success,2023-02-16
PM000950,O000991,90913.73,Wallet,Success,2023-07-01
PM000951,O000992,57416.46,COD,Success,2023-12-23
PM000952,O000993,76302.53,UPI,Failed,2023-12-12
PM000953,O000994,72902.42,UPI,Success,2023-05-12
PM000954,O000995,1898.16,Debit Card,Success,2023-03-16
PM000955,O000996,94413.86,Debit Card,Success,2023-08-02
PM000956,O000997,97713.55,COD,Success,2024-05-17
PM000957,O000998,22820.4,Debit Card,Success,2023-08-03
PM000958,O000999,1551.68,Net Banking,Success,2023-05-10
PM000959,O001000,58786.81,COD,Failed,2024-06-16
PM000960,O001001,23429.06,Credit Card,Success,2023-09-24
PM000961,O001002,91221.5,UPI,Success,2024-11-16
PM000962,O001003,49562.43,Credit Card,Success,2023-08-11
PM000963,O001004,59421.93,Wallet,Success,2023-04-14
PM000964,O001005,50224.03,Debit Card,Success,2023-07-28
PM000965,O001006,84561.66,Wallet,Refunded,2024-05-25
PM000966,O001007,14068.89,Wallet,Success,2023-04-26
PM000967,O001008,135327.24,Debit Card,Success,2024-02-11
PM000968,O001009,31298.95,Wallet,Success,2024-12-22
PM000969,O001010,7192.66,Net Banking,Success,2023-11-25
PM000970,O001011,27031.04,Net Banking,Refunded,2024-08-23
PM000971,O001012,29957.62,Net Banking,Success,2023-03-26
PM000972,O001013,6246.13,UPI,Pending,2024-12-04
PM000973,O001014,5362.48,Credit Card,Success,2023-05-13
PM000974,O001015,38108.52,Credit Card,Success,2024-06-25
PM000975,O001016,50199.09,Credit Card,Success,2024-10-28
PM000976,O001017,51488.04,UPI,Success,2023-05-18
PM000977,O001018,53388.43,UPI,Refunded,2024-11-01
PM000978,O001020,5599.57,Net Banking,Success,2023-06-09
PM000979,O001021,11330.17,Debit Card,Success,2024-05-05
PM000980,O001022,30916.26,Net Banking,Success,2023-01-23
PM000981,O001023,3591.51,Wallet,Success,2024-12-01
PM000982,O001024,77119.98,Credit Card,Success,2024-05-23
PM000983,O001025,57078.18,UPI,Success,2023-06-26
PM000984,O001026,26433.16,COD,Failed,2023-01-28
PM000985,O001027,14365.78,Net Banking,Success,2024-07-11
PM000986,O001028,60425.0,Credit Card,Success,2024-06-04
PM000987,O001029,38069.83,UPI,Success,2023-06-29
PM000988,O001030,126471.35,Wallet,Success,2023-07-23
PM000989,O001031,13433.93,UPI,Success,2023-09-30
PM000990,O001032,8832.15,Wallet,Success,2024-05-12
PM000991,O001033,35322.7,UPI,Success,2024-07-19
PM000992,O001034,159435.09,Wallet,Success,2024-09-15
PM000993,O001035,116400.62,Net Banking,Success,2024-02-29
PM000994,O001036,21004.16,Credit Card,Failed,2023-07-07
PM000995,O001037,68960.8,Debit Card,Success,2024-12-29
PM000996,O001038,44070.48,Credit Card,Success,2023-06-25
PM000997,O001039,101529.03,Wallet,Refunded,2023-03-27
PM000998,O001040,65512.5,Credit Card,Success,2024-06-04
PM000999,O001041,26622.03,UPI,Refunded,2024-06-03
PM001000,O001042,104358.73,COD,Success,2024-07-30
PM001001,O001043,38733.6,Wallet,Success,2024-05-03
PM001002,O001044,112210.39,Net Banking,Success,2023-04-26
PM001003,O001045,12839.4,Credit Card,Success,2023-04-20
PM001004,O001046,18324.25,UPI,Success,2024-10-17
PM001005,O001047,130665.5,Wallet,Success,2023-06-05
PM001006,O001048,121538.95,Debit Card,Success,2023-05-09
PM001007,O001049,11770.16,COD,Success,2024-06-23
PM001008,O001050,37012.35,Credit Card,Success,2024-08-23
PM001009,O001051,88684.65,COD,Success,2024-02-22
PM001010,O001052,116867.07,COD,Success,2023-11-06
PM001011,O001053,12934.3,UPI,Success,2024-05-10
PM001012,O001054,43254.1,Debit Card,Success,2023-01-03
PM001013,O001055,101465.31,Credit Card,Pending,2024-11-10
PM001014,O001057,34630.22,Wallet,Refunded,2023-08-21
PM001015,O001058,135295.28,Net Banking,Success,2024-05-12
PM001016,O001059,45422.02,UPI,Success,2024-11-29
PM001017,O001060,70485.91,Debit Card,Success,2023-12-15
PM001018,O001061,31231.64,Debit Card,Success,2023-09-22
PM001019,O001062,67544.96,Net Banking,Success,2023-12-09
PM001020,O001063,11773.84,COD,Success,2023-11-15
PM001021,O001064,33676.24,Wallet,Success,2023-10-15
PM001022,O001065,43167.49,COD,Refunded,2024-08-25
PM001023,O001066,80283.64,Net Banking,Failed,2024-03-30
PM001024,O001067,54196.63,Wallet,Success,2024-05-05
PM001025,O001068,38098.63,Debit Card,Success,2024-11-18
PM001026,O001069,12492.26,UPI,Success,2023-12-13
PM001027,O001070,10724.96,UPI,Success,2024-12-31
PM001028,O001071,42820.15,Net Banking,Failed,2023-07-31
PM001029,O001072,70348.6,UPI,Success,2023-06-23
PM001030,O001073,78040.18,Credit Card,Success,2024-09-13
PM001031,O001074,103722.53,Wallet,Success,2024-05-30
PM001032,O001075,30742.51,Debit Card,Refunded,2024-03-11
PM001033,O001076,79311.3,UPI,Refunded,2023-08-11
PM001034,O001077,26422.92,Net Banking,Success,2024-01-31
PM001035,O001078,19330.43,Credit Card,Success,2023-05-17
PM001036,O001079,11223.46,UPI,Success,2024-07-07
PM001037,O001080,104900.74,Credit Card,Success,2023-06-04
PM001038,O001081,25918.06,Debit Card,Success,2024-12-29
PM001039,O001082,6333.74,COD,Success,2023-01-17
PM001040,O001083,108162.32,UPI,Success,2024-09-03
PM001041,O001084,37886.84,Wallet,Success,2023-11-23
PM001042,O001086,3075.89,Net Banking,Success,2024-01-14
PM001043,O001087,51836.12,COD,Success,2024-03-22
PM001044,O001088,54965.44,Wallet,Success,2023-03-30
PM001045,O001089,24144.22,COD,Failed,2024-02-13
PM001046,O001090,95541.44,Wallet,Refunded,2024-03-05
PM001047,O001091,7255.75,Credit Card,Success,2024-06-16
PM001048,O001092,64788.76,UPI,Success,2024-03-15
PM001049,O001093,106136.03,Net Banking,Success,2024-01-25
PM001050,O001094,89642.83,Wallet,Success,2024-04-16
PM001051,O001095,83434.26,Wallet,Success,2024-03-22
PM001052,O001096,24709.88,UPI,Pending,2023-04-18
PM001053,O001097,36842.19,COD,Failed,2023-01-03
PM001054,O001098,52643.5,Debit Card,Success,2023-12-17
PM001055,O001099,67919.59,Debit Card,Success,2024-05-12
PM001056,O001100,14499.23,Wallet,Success,2024-01-18
PM001057,O001101,10494.08,Net Banking,Success,2024-09-17
PM001058,O001102,65083.66,Net Banking,Success,2023-03-24
PM001059,O001103,108838.44,Credit Card,Pending,2023-01-16
PM001060,O001104,27805.13,Debit Card,Success,2024-07-22
PM001061,O001105,5804.91,Credit Card,Success,2024-06-11
PM001062,O001106,71548.47,Credit Card,Success,2023-02-16
PM001063,O001107,94637.75,Debit Card,Success,2023-09-05
PM001064,O001108,95890.42,COD,Success,2024-05-30
PM001065,O001109,147841.43,Net Banking,Success,2024-12-22
PM001066,O001110,93276.47,Credit Card,Success,2023-11-29
PM001067,O001111,3487.41,COD,Success,2024-06-03
PM001068,O001112,42213.07,Credit Card,Success,2024-03-31
PM001069,O001113,113785.56,Credit Card,Refunded,2023-10-02
PM001070,O001114,9970.38,Credit Card,Success,2023-01-11
PM001071,O001115,117722.5,Credit Card,Success,2023-07-07
PM001072,O001116,12667.48,Credit Card,Success,2024-04-19
PM001073,O001117,77048.88,COD,Refunded,2023-02-19
PM001074,O001118,62094.07,Net Banking,Success,2023-08-08
PM001075,O001119,48915.01,Wallet,Success,2023-06-28
PM001076,O001120,73471.85,UPI,Failed,2023-01-14
PM001077,O001121,33063.14,Debit Card,Success,2024-05-03
PM001078,O001122,54505.92,Debit Card,Pending,2024-11-09
PM001079,O001123,66281.28,Credit Card,Success,2023-08-12
PM001080,O001124,77373.09,Net Banking,Success,2024-08-09
PM001081,O001125,56963.55,Wallet,Success,2023-12-31
PM001082,O001126,168702.32,Credit Card,Pending,2023-10-16
PM001083,O001127,85480.17,Debit Card,Success,2024-03-05
PM001084,O001128,1443.04,Credit Card,Success,2023-04-28
PM001085,O001129,15600.6,Credit Card,Success,2023-04-12
PM001086,O001130,24233.37,Debit Card,Success,2023-01-05
PM001087,O001131,4946.59,Debit Card,Success,2024-08-05
PM001088,O001132,51873.0,Credit Card,Success,2023-12-14
PM001089,O001133,49409.22,COD,Success,2024-06-04
PM001090,O001134,58424.56,COD,Success,2023-07-01
PM001091,O001135,52852.16,COD,Success,2023-10-12
PM001092,O001136,7245.98,UPI,Success,2024-08-14
PM001093,O001137,79111.16,Debit Card,Success,2023-10-11
PM001094,O001138,65430.19,Debit Card,Success,2024-02-21
PM001095,O001139,516.23,Credit Card,Success,2023-04-09
PM001096,O001140,9471.71,Credit Card,Success,2024-09-14
PM001097,O001141,37734.75,Wallet,Success,2024-07-08
PM001098,O001144,58850.8,UPI,Success,2024-12-02
PM001099,O001145,110499.15,Debit Card,Success,2023-07-14
PM001100,O001146,57051.0,Wallet,Success,2024-12-13
PM001101,O001147,49988.26,Wallet,Success,2024-10-16
PM001102,O001148,27482.72,COD,Success,2023-02-28
PM001103,O001149,87815.28,Wallet,Success,2024-01-10
PM001104,O001150,106448.14,Debit Card,Success,2023-09-03
PM001105,O001151,77029.64,Net Banking,Success,2023-11-10
PM001106,O001152,127483.43,Credit Card,Success,2023-05-20
PM001107,O001153,13406.2,Wallet,Success,2023-11-05
PM001108,O001154,57176.45,Credit Card,Success,2024-04-13
PM001109,O001155,9970.38,Wallet,Success,2023-05-05
PM001110,O001156,51915.29,Wallet,Success,2023-04-05
PM001111,O001157,67061.95,Wallet,Success,2024-10-28
PM001112,O001158,66265.08,Debit Card,Success,2023-06-01
PM001113,O001159,98557.13,Wallet,Success,2023-01-04
PM001114,O001160,14790.65,Net Banking,Success,2023-07-02
PM001115,O001161,56261.48,Wallet,Success,2023-05-07
PM001116,O001162,41512.67,COD,Failed,2024-12-27
PM001117,O001163,49051.96,Wallet,Success,2024-09-22
PM001118,O001164,81825.82,Net Banking,Success,2023-07-14
PM001119,O001165,15279.84,Debit Card,Success,2023-12-25
PM001120,O001166,22480.03,Debit Card,Success,2023-05-04
PM001121,O001167,71068.72,Credit Card,Success,2023-12-29
PM001122,O001168,29372.85,Wallet,Success,2024-11-13
PM001123,O001169,3607.6,Net Banking,Success,2024-12-08
PM001124,O001170,61804.55,Credit Card,Success,2023-12-21
PM001125,O001171,22859.38,Wallet,Pending,2023-12-12
PM001126,O001172,70348.6,Credit Card,Success,2023-11-19
PM001127,O001173,96933.27,Wallet,Success,2024-11-06
PM001128,O001174,1265.44,UPI,Success,2023-10-11
PM001129,O001175,100689.34,Net Banking,Success,2023-03-10
PM001130,O001176,6288.02,UPI,Success,2024-08-29
PM001131,O001177,128316.26,Debit Card,Success,2023-06-12
PM001132,O001178,91981.22,UPI,Success,2024-02-18
PM001133,O001179,83056.11,Debit Card,Success,2024-02-03
PM001134,O001180,23412.07,Net Banking,Success,2023-04-04
PM001135,O001181,108745.76,Net Banking,Success,2023-12-24
PM001136,O001182,39437.98,Net Banking,Success,2024-02-10
PM001137,O001183,120972.21,Debit Card,Success,2024-03-12
PM001138,O001184,85688.23,Wallet,Refunded,2023-07-10
PM001139,O001185,76800.6,Net Banking,Refunded,2024-11-21
PM001140,O001186,85830.56,Net Banking,Success,2024-11-04
PM001141,O001187,30990.07,Wallet,Success,2024-09-18
PM001142,O001188,10947.96,Credit Card,Success,2023-10-04
PM001143,O001189,45782.61,Debit Card,Success,2023-08-12
PM001144,O001191,103123.27,Wallet,Success,2023-02-08
PM001145,O001192,146213.85,UPI,Success,2023-04-20
PM001146,O001193,53143.65,Wallet,Success,2024-08-10
PM001147,O001195,23540.32,COD,Success,2023-07-19
PM001148,O001196,54492.5,Wallet,Success,2024-08-16
PM001149,O001197,57533.32,Credit Card,Success,2023-11-18
PM001150,O001198,45035.45,Debit Card,Pending,2023-03-07
PM001151,O001199,72705.7,UPI,Success,2024-09-16
PM001152,O001200,11609.82,UPI,Success,2023-05-20
PM001153,O001201,112268.69,UPI,Pending,2023-01-23
PM001154,O001202,9120.27,UPI,Success,2024-09-16
PM001155,O001203,71907.38,Debit Card,Success,2023-02-27
PM001156,O001204,57996.92,UPI,Failed,2023-10-31
PM001157,O001205,69626.85,UPI,Success,2024-11-08
PM001158,O001206,35321.52,COD,Success,2024-02-28
PM001159,O001207,33349.68,UPI,Success,2024-07-03
PM001160,O001209,28969.0,Debit Card,Success,2023-07-10
PM001161,O001210,15594.5,Debit Card,Success,2023-08-30
PM001162,O001211,14652.45,UPI,Success,2023-10-26
PM001163,O001213,49517.44,Debit Card,Success,2024-04-10
PM001164,O001214,27686.4,Net Banking,Success,2024-01-27
PM001165,O001215,91521.48,Debit Card,Success,2023-10-24
PM001166,O001216,105578.37,UPI,Success,2024-06-03
PM001167,O001217,69339.92,UPI,Success,2024-11-04
PM001168,O001218,25229.62,Credit Card,Failed,2024-08-03
PM001169,O001219,39678.82,UPI,Success,2023-04-30
PM001170,O001220,11064.35,COD,Success,2023-09-08
PM001171,O001221,45726.39,Net Banking,Success,2024-10-23
PM001172,O001222,17292.52,Debit Card,Success,2024-12-22
PM001173,O001223,34484.18,Wallet,Failed,2023-10-31
PM001174,O001224,60968.52,Debit Card,Success,2023-03-01
PM001175,O001225,56081.37,Wallet,Success,2024-05-24
PM001176,O001226,71493.09,UPI,Success,2024-03-22
PM001177,O001228,75442.8,Wallet,Success,2023-04-24
PM001178,O001229,45089.51,Debit Card,Success,2024-02-10
PM001179,O001230,1551.68,Credit Card,Success,2024-12-06
PM001180,O001232,57817.95,Wallet,Success,2024-09-16
PM001181,O001233,52588.49,Net Banking,Success,2023-04-18
PM001182,O001234,64039.82,Credit Card,Failed,2024-09-15
PM001183,O001235,106275.74,UPI,Success,2024-06-25
PM001184,O001236,150730.93,COD,Success,2023-09-30
PM001185,O001237,110587.84,Credit Card,Success,2024-11-07
PM001186,O001238,31278.0,COD,Refunded,2023-06-24
PM001187,O001239,25083.89,Wallet,Failed,2024-09-23
PM001188,O001240,65267.48,UPI,Failed,2023-11-02
PM001189,O001241,105111.4,COD,Success,2023-01-04
PM001190,O001242,136615.99,COD,Success,2024-05-31
PM001191,O001243,48161.65,COD,Success,2023-10-27
PM001192,O001244,56523.92,Wallet,Success,2023-05-02
PM001193,O001245,86385.09,Debit Card,Success,2023-03-04
PM001194,O001246,45792.08,COD,Failed,2023-12-04
PM001195,O001247,69846.03,Credit Card,Failed,2023-02-18
PM001196,O001248,35023.21,Credit Card,Success,2024-07-25
PM001197,O001249,39053.11,UPI,Success,2024-04-28
PM001198,O001250,65195.02,Wallet,Success,2023-09-16
PM001199,O001251,57962.7,Wallet,Success,2023-05-10
PM001200,O001252,110575.39,Net Banking,Failed,2024-11-06
PM001201,O001253,82870.05,COD,Success,2023-01-07
PM001202,O001254,39816.55,Debit Card,Success,2023-07-09
PM001203,O001255,26382.57,COD,Success,2023-09-10
PM001204,O001256,33131.88,Net Banking,Success,2023-04-14
PM001205,O001257,91521.93,UPI,Success,2024-04-10
PM001206,O001258,98280.8,Net Banking,Success,2023-11-04
PM001207,O001259,73382.67,Net Banking,Success,2024-12-05
PM001208,O001260,101049.33,UPI,Success,2024-07-24
PM001209,O001261,75435.15,Credit Card,Success,2023-08-20
PM001210,O001262,73131.31,COD,Success,2023-12-31
PM001211,O001263,99627.77,UPI,Success,2023-05-20
PM001212,O001264,91019.47,Credit Card,Success,2024-05-06
PM001213,O001265,80473.37,Debit Card,Success,2024-10-28
PM001214,O001266,71738.15,COD,Success,2024-05-17
PM001215,O001267,20988.16,Net Banking,Success,2023-03-15
PM001216,O001268,33803.41,Net Banking,Success,2023-07-12
PM001217,O001270,44845.99,Credit Card,Success,2024-07-03
PM001218,O001271,131594.5,Wallet,Success,2023-04-18
PM001219,O001272,66713.96,Wallet,Failed,2024-04-20
PM001220,O001273,31536.82,Wallet,Success,2023-05-18
PM001221,O001274,99934.16,COD,Success,2023-04-14
PM001222,O001275,133580.01,UPI,Failed,2024-02-16
PM001223,O001277,43975.1,Wallet,Success,2023-04-14
PM001224,O001279,109793.1,Wallet,Success,2024-11-30
PM001225,O001280,108322.83,Net Banking,Success,2023-07-13
PM001226,O001281,2064.92,Net Banking,Success,2024-08-29
PM001227,O001282,44847.91,Credit Card,Pending,2024-11-06
PM001228,O001283,61125.26,COD,Success,2023-11-24
PM001229,O001284,9471.71,UPI,Success,2024-10-19
PM001230,O001285,30725.68,Wallet,Refunded,2023-02-05
PM001231,O001286,53333.77,Wallet,Success,2024-03-29
PM001232,O001288,10616.91,Wallet,Success,2023-06-20
PM001233,O001289,66890.81,UPI,Success,2023-01-08
PM001234,O001290,6373.49,Credit Card,Success,2024-09-22
PM001235,O001291,94289.08,Credit Card,Success,2024-07-25
PM001236,O001292,5621.24,COD,Success,2023-07-09
PM001237,O001293,34114.55,Debit Card,Refunded,2023-11-09
PM001238,O001294,54492.5,Net Banking,Pending,2024-10-30
PM001239,O001295,38877.09,UPI,Success,2024-02-05
PM001240,O001296,16012.17,UPI,Failed,2023-11-17
PM001241,O001297,56278.88,Net Banking,Success,2024-09-22
PM001242,O001298,102496.57,UPI,Success,2023-04-22
PM001243,O001299,46783.5,COD,Success,2024-05-22
PM001244,O001300,92037.7,Net Banking,Success,2023-02-25
PM001245,O001301,1162.47,Wallet,Success,2023-07-05
PM001246,O001302,24541.98,Debit Card,Success,2024-04-01
PM001247,O001303,90510.94,Net Banking,Success,2023-12-28
PM001248,O001304,30887.35,UPI,Success,2024-08-21
PM001249,O001305,72555.66,UPI,Success,2023-06-24
PM001250,O001306,15455.92,Wallet,Success,2023-11-16
PM001251,O001307,88292.09,Net Banking,Success,2023-10-26
PM001252,O001308,15359.13,UPI,Refunded,2024-10-02
PM001253,O001309,35220.41,UPI,Success,2024-05-31
PM001254,O001310,387.92,Debit Card,Success,2023-06-01
PM001255,O001311,0.0,UPI,Success,2024-01-21
PM001256,O001312,8132.2,Wallet,Refunded,2024-08-08
PM001257,O001313,145755.6,Credit Card,Success,2024-10-04
PM001258,O001314,47169.5,COD,Success,2024-09-24
PM001259,O001315,20657.46,UPI,Pending,2024-02-02
PM001260,O001316,37963.07,UPI,Success,2023-04-09
PM001261,O001317,41540.42,COD,Success,2023-07-13
PM001262,O001318,82293.3,Net Banking,Success,2024-01-20
PM001263,O001319,63372.08,Credit Card,Success,2023-01-17
PM001264,O001320,1816.86,UPI,Pending,2023-01-02
PM001265,O001321,40669.86,Wallet,Success,2024-04-23
PM001266,O001322,52420.73,Debit Card,Success,2023-06-13
PM001267,O001323,80449.08,Net Banking,Success,2024-10-05
PM001268,O001324,44592.96,UPI,Success,2023-09-28
PM001269,O001325,84670.39,Wallet,Success,2024-08-04
PM001270,O001326,22520.2,UPI,Failed,2023-09-22
PM001271,O001327,48335.17,Credit Card,Success,2024-10-02
PM001272,O001328,24855.94,UPI,Success,2024-11-26
PM001273,O001329,49466.99,Debit Card,Pending,2023-12-26
PM001274,O001330,68706.8,Net Banking,Success,2023-03-03
PM001275,O001331,22127.21,UPI,Success,2024-05-09
PM001276,O001332,106501.85,Wallet,Success,2024-10-14
PM001277,O001333,58828.47,Debit Card,Success,2023-04-01
PM001278,O001334,83760.05,UPI,Success,2023-10-22
PM001279,O001335,10494.08,Net Banking,Success,2023-01-24
PM001280,O001336,33599.01,COD,Success,2023-04-04
PM001281,O001337,97746.2,COD,Success,2023-05-02
PM001282,O001338,3323.46,Net Banking,Success,2023-04-18
PM001283,O001339,148545.6,Wallet,Success,2023-01-14
PM001284,O001340,34800.35,Net Banking,Success,2023-12-30
PM001285,O001341,43025.89,Credit Card,Success,2023-12-15
PM001286,O001343,67654.84,Wallet,Success,2024-08-25
PM001287,O001344,60890.77,Credit Card,Success,2023-01-08
PM001288,O001346,47095.36,COD,Success,2024-01-27
PM001289,O001347,11410.2,Net Banking,Success,2023-03-09
PM001290,O001348,11609.82,Credit Card,Pending,2023-05-29
PM001291,O001349,44947.75,COD,Success,2024-06-19
PM001292,O001350,11770.16,Net Banking,Pending,2023-05-21
PM001293,O001351,46326.12,COD,Success,2023-03-18
PM001294,O001352,33136.01,Credit Card,Success,2024-07-17
PM001295,O001353,36803.04,Debit Card,Success,2024-05-25
PM001296,O001354,104169.89,UPI,Success,2023-12-04
PM001297,O001355,98169.3,COD,Success,2023-06-07
PM001298,O001356,5804.91,UPI,Success,2024-01-29
PM001299,O001357,116581.19,Debit Card,Success,2023-08-22
PM001300,O001358,50429.42,Credit Card,Success,2024-07-30
PM001301,O001359,78620.78,Credit Card,Success,2024-10-30
PM001302,O001360,105215.82,UPI,Success,2023-08-12
PM001303,O001361,9031.34,COD,Success,2024-01-15
PM001304,O001362,22964.6,Wallet,Success,2024-09-02
PM001305,O001363,20560.66,Net Banking,Success,2024-03-22
PM001306,O001364,14938.28,Wallet,Success,2023-07-04
PM001307,O001365,18251.91,Wallet,Success,2024-05-16
PM001308,O001367,17489.22,COD,Success,2023-08-01
PM001309,O001368,7810.47,Debit Card,Success,2023-07-08
PM001310,O001369,92525.73,Net Banking,Success,2023-01-20
PM001311,O001370,66889.38,Debit Card,Success,2024-01-21
PM001312,O001371,96210.15,Credit Card,Success,2024-07-06
PM001313,O001372,36550.11,Net Banking,Success,2024-09-10
PM001314,O001374,99157.99,COD,Success,2024-09-30
PM001315,O001375,74798.52,Net Banking,Refunded,2023-04-16
PM001316,O001376,79540.19,Debit Card,Success,2024-09-26
PM001317,O001377,31230.65,COD,Success,2023-06-21
PM001318,O001378,102948.5,Credit Card,Success,2023-12-12
PM001319,O001379,18020.51,Debit Card,Success,2024-02-08
PM001320,O001380,15141.88,Credit Card,Success,2023-02-28
PM001321,O001381,23547.68,Wallet,Success,2024-05-07
PM001322,O001382,5860.98,Wallet,Success,2024-10-18
PM001323,O001383,97250.22,Debit Card,Success,2023-03-19
PM001324,O001384,125091.97,COD,Success,2024-12-19
PM001325,O001385,3075.89,Credit Card,Success,2023-03-04
PM001326,O001386,95239.18,Net Banking,Success,2023-05-23
PM001327,O001388,31781.3,Debit Card,Success,2024-03-17
PM001328,O001389,37202.31,UPI,Success,2024-01-02
PM001329,O001390,57051.0,Debit Card,Refunded,2023-11-25
PM001330,O001391,119453.82,COD,Success,2023-05-09
PM001331,O001392,44898.84,UPI,Success,2023-04-19
PM001332,O001393,106878.43,UPI,Success,2023-06-16
PM001333,O001394,23428.06,COD,Success,2024-08-17
PM001334,O001395,35690.11,UPI,Success,2023-03-28
PM001335,O001396,516.23,Wallet,Success,2023-03-30
PM001336,O001397,77218.12,UPI,Success,2024-04-17
PM001337,O001398,68799.86,Wallet,Success,2023-11-30
PM001338,O001399,98450.49,Credit Card,Pending,2023-04-06
PM001339,O001400,86541.9,Debit Card,Success,2024-06-19
PM001340,O001401,101731.88,Credit Card,Success,2024-03-14
PM001341,O001402,109492.86,Debit Card,Success,2024-07-27
PM001342,O001403,100018.27,COD,Success,2023-06-19
PM001343,O001404,80416.35,COD,Success,2024-03-20
PM001344,O001405,16264.4,Net Banking,Success,2023-10-13
PM001345,O001406,170352.51,Credit Card,Pending,2023-09-26
PM001346,O001408,775.84,Debit Card,Success,2024-07-20
PM001347,O001409,163542.09,UPI,Failed,2023-06-20
PM001348,O001410,68373.9,Wallet,Success,2023-02-04
PM001349,O001411,25936.5,UPI,Success,2024-05-09
PM001350,O001412,45633.01,Net Banking,Failed,2024-03-06
PM001351,O001413,16480.34,UPI,Success,2024-05-29
PM001352,O001414,29992.18,Wallet,Success,2024-09-24
PM001353,O001415,10347.44,Wallet,Success,2024-04-11
PM001354,O001416,75507.04,Wallet,Success,2023-01-31
PM001355,O001417,76857.43,Net Banking,Success,2024-06-05
PM001356,O001418,49597.46,UPI,Success,2023-07-28
PM001357,O001419,18738.39,Net Banking,Success,2023-08-29
PM001358,O001420,69733.04,UPI,Failed,2024-09-17
PM001359,O001421,33572.68,Credit Card,Success,2023-08-26
PM001360,O001422,51527.1,Wallet,Success,2024-05-29
PM001361,O001423,83441.75,Wallet,Success,2023-02-23
PM001362,O001424,42458.9,Wallet,Success,2023-02-17
PM001363,O001425,81261.51,Debit Card,Success,2024-04-10
PM001364,O001426,86984.41,Wallet,Success,2024-11-07
PM001365,O001427,3514.12,Net Banking,Success,2024-08-29
PM001366,O001428,30592.93,Net Banking,Success,2023-05-17
PM001367,O001429,54285.84,Net Banking,Success,2023-11-30
PM001368,O001430,36278.75,Debit Card,Success,2023-01-20
PM001369,O001431,14864.0,Debit Card,Success,2024-04-07
PM001370,O001432,41695.47,UPI,Failed,2024-04-04
PM001371,O001433,18650.65,Debit Card,Success,2023-08-16
PM001372,O001434,42250.66,Credit Card,Pending,2024-07-13
PM001373,O001435,21737.94,COD,Success,2024-02-17
PM001374,O001436,42526.28,Credit Card,Success,2024-05-11
PM001375,O001437,78868.99,COD,Success,2023-01-12
PM001376,O001438,100399.88,Debit Card,Success,2024-11-04
PM001377,O001439,29475.65,Debit Card,Refunded,2024-09-17
PM001378,O001440,8913.32,UPI,Success,2023-04-08
PM001379,O001441,40301.79,Credit Card,Success,2023-01-05
PM001380,O001442,17414.73,UPI,Success,2023-08-21
PM001381,O001443,95516.19,Credit Card,Success,2024-06-12
PM001382,O001444,113383.48,Wallet,Success,2023-08-28
PM001383,O001445,13293.84,Credit Card,Success,2024-07-12
PM001384,O001446,50770.92,Net Banking,Success,2024-10-05
PM001385,O001447,93775.64,Net Banking,Success,2023-08-19
PM001386,O001448,5860.98,Wallet,Failed,2024-11-10
PM001387,O001450,73869.4,COD,Success,2023-01-01
PM001388,O001451,68485.06,COD,Success,2023-03-15
PM001389,O001452,26837.73,COD,Success,2023-12-27
PM001390,O001453,47975.58,Wallet,Success,2023-12-21
PM001391,O001454,63311.32,Credit Card,Success,2023-01-03
PM001392,O001455,23963.7,Debit Card,Success,2024-07-13
PM001393,O001456,65100.98,Debit Card,Success,2023-06-14
PM001394,O001457,28809.15,COD,Failed,2023-04-03
PM001395,O001458,18111.36,COD,Success,2024-09-11
PM001396,O001459,10963.7,UPI,Success,2024-09-11
PM001397,O001460,35645.38,Wallet,Success,2024-12-10
PM001398,O001461,39502.16,COD,Success,2023-04-13
PM001399,O001462,37778.36,Debit Card,Failed,2024-12-01
PM001400,O001463,82300.17,Debit Card,Pending,2023-03-23
PM001401,O001464,130901.39,COD,Success,2023-07-04
PM001402,O001465,44309.87,Debit Card,Success,2024-04-04
PM001403,O001466,129644.93,Debit Card,Success,2024-06-27
PM001404,O001467,3487.41,Debit Card,Success,2023-06-18
PM001405,O001468,56307.07,COD,Success,2023-09-26
PM001406,O001469,86233.52,Wallet,Success,2024-06-30
PM001407,O001470,17957.55,Debit Card,Failed,2024-07-24
PM001408,O001471,72387.56,Debit Card,Success,2023-05-04
PM001409,O001472,93863.35,Debit Card,Failed,2024-12-03
PM001410,O001473,53400.29,UPI,Success,2024-04-03
PM001411,O001474,27157.3,COD,Success,2024-11-26
PM001412,O001475,23570.85,Wallet,Success,2024-01-18
PM001413,O001476,60807.01,Wallet,Success,2024-01-20
PM001414,O001477,90655.62,Net Banking,Success,2024-10-14
PM001415,O001478,20476.94,Debit Card,Refunded,2024-07-26
PM001416,O001479,7760.58,Credit Card,Success,2024-12-11
PM001417,O001480,35361.56,UPI,Success,2024-10-19
PM001418,O001481,61344.92,Net Banking,Success,2024-11-29
PM001419,O001482,54881.99,COD,Success,2024-10-30
PM001420,O001483,27997.85,UPI,Failed,2024-12-03
PM001421,O001484,16125.16,UPI,Success,2023-06-29
PM001422,O001485,57730.74,Net Banking,Failed,2023-03-28
PM001423,O001486,46856.12,COD,Success,2024-12-07
PM001424,O001487,54318.88,Debit Card,Success,2023-08-07
PM001425,O001488,91523.04,Credit Card,Pending,2024-02-29
PM001426,O001489,7907.2,UPI,Success,2024-09-30
PM001427,O001490,63642.31,Wallet,Success,2023-02-24
PM001428,O001491,112814.26,Wallet,Success,2023-06-13
PM001429,O001492,82232.35,Wallet,Success,2023-10-01
PM001430,O001493,95673.3,Wallet,Success,2023-10-12
PM001431,O001494,154613.56,Net Banking,Success,2023-10-31
PM001432,O001495,7519.88,COD,Success,2024-11-07
PM001433,O001496,106943.84,COD,Refunded,2024-03-23
PM001434,O001497,30953.9,Credit Card,Success,2023-05-25
PM001435,O001498,91741.7,COD,Success,2024-08-12
PM001436,O001499,74770.04,Wallet,Success,2023-07-17
PM001437,O001500,133808.32,Net Banking,Success,2024-03-03
PM001438,O001501,16481.04,Wallet,Success,2023-12-02
PM001439,O001502,28866.21,Credit Card,Success,2024-04-02
PM001440,O001503,81584.34,Wallet,Success,2023-11-06
PM001441,O001504,106792.43,Credit Card,Success,2023-02-12
PM001442,O001505,45264.83,UPI,Success,2023-12-07
PM001443,O001506,100675.94,UPI,Success,2024-05-02
PM001444,O001507,21272.9,Debit Card,Success,2024-01-07
PM001445,O001508,88400.55,Debit Card,Success,2024-01-22
PM001446,O001509,78603.0,UPI,Refunded,2024-09-23
PM001447,O001510,113045.67,Debit Card,Success,2023-05-24
PM001448,O001511,30559.68,Credit Card,Refunded,2024-04-16
PM001449,O001512,59989.49,COD,Success,2024-06-19
PM001450,O001513,70579.62,COD,Refunded,2024-06-10
PM001451,O001514,129899.45,UPI,Success,2024-01-05
PM001452,O001515,53182.25,Net Banking,Refunded,2024-11-03
PM001453,O001516,64475.85,UPI,Success,2023-05-31
PM001454,O001517,8163.24,Net Banking,Pending,2023-05-28
PM001455,O001518,93887.61,Credit Card,Success,2024-07-09
PM001456,O001519,78603.0,Debit Card,Success,2024-07-07
PM001457,O001520,91649.34,UPI,Failed,2024-09-08
PM001458,O001521,44070.48,Credit Card,Success,2024-12-02
PM001459,O001522,41257.85,Wallet,Success,2024-07-13
PM001460,O001523,30921.82,Wallet,Success,2024-02-02
PM001461,O001524,151265.79,Debit Card,Refunded,2023-08-25
PM001462,O001525,20476.94,Net Banking,Success,2023-07-15
PM001463,O001526,91936.98,UPI,Success,2023-08-12
PM001464,O001527,69806.07,COD,Success,2023-08-16
PM001465,O001528,24649.2,Net Banking,Success,2024-12-19
PM001466,O001529,47583.31,Wallet,Failed,2024-06-30
PM001467,O001531,52251.32,Wallet,Success,2024-11-08
PM001468,O001532,66003.21,Credit Card,Success,2023-08-02
PM001469,O001533,93303.12,Debit Card,Failed,2024-01-17
PM001470,O001534,5599.57,Debit Card,Success,2024-08-09
PM001471,O001535,162670.6,Credit Card,Success,2023-01-14
PM001472,O001536,101734.79,COD,Success,2024-12-23
PM001473,O001537,105373.93,Credit Card,Success,2023-07-26
PM001474,O001538,15039.76,Net Banking,Success,2024-03-01
PM001475,O001539,80761.25,Wallet,Success,2024-02-08
PM001476,O001540,60348.12,COD,Success,2023-08-02
PM001477,O001541,73879.1,Wallet,Success,2023-03-15
PM001478,O001542,31230.65,Credit Card,Success,2024-03-20
PM001479,O001543,123143.57,Credit Card,Success,2023-05-12
PM001480,O001544,22870.58,Net Banking,Failed,2024-12-02
PM001481,O001545,51873.57,Debit Card,Success,2023-11-28
PM001482,O001546,38211.58,Debit Card,Success,2024-05-07
PM001483,O001547,58414.07,Credit Card,Success,2023-09-16
PM001484,O001548,118264.01,Credit Card,Success,2023-08-07
PM001485,O001549,75435.15,Credit Card,Success,2023-02-23
PM001486,O001550,7748.9,Debit Card,Success,2023-03-29
PM001487,O001551,51873.0,Net Banking,Success,2024-02-27
PM001488,O001552,114135.43,COD,Success,2024-11-18
PM001489,O001553,1323.98,Net Banking,Success,2023-03-15
PM001490,O001554,2435.28,Credit Card,Refunded,2024-03-18
PM001491,O001555,163558.6,Credit Card,Success,2023-06-22
PM001492,O001556,112101.68,Credit Card,Success,2023-07-30
PM001493,O001557,39166.24,COD,Pending,2023-04-08
PM001494,O001558,116714.26,UPI,Success,2024-01-23
PM001495,O001560,17036.21,Wallet,Refunded,2024-03-23
PM001496,O001561,67060.22,Debit Card,Success,2024-01-15
PM001497,O001562,125121.27,Net Banking,Success,2023-08-13
PM001498,O001563,54837.9,Wallet,Success,2024-02-22
PM001499,O001564,97093.61,UPI,Refunded,2023-12-13
PM001500,O001565,85905.82,Wallet,Refunded,2023-09-10
PM001501,O001566,16173.73,Debit Card,Success,2023-08-18
PM001502,O001567,45261.09,Net Banking,Success,2024-04-30
PM001503,O001568,107954.63,Wallet,Success,2024-05-08
PM001504,O001569,30284.7,Debit Card,Success,2024-03-28
PM001505,O001570,84731.04,UPI,Pending,2023-07-30
PM001506,O001571,89061.04,Credit Card,Success,2024-12-20
PM001507,O001572,49757.08,UPI,Success,2024-08-07
PM001508,O001573,15175.04,Debit Card,Success,2023-07-19
PM001509,O001574,67571.43,Wallet,Success,2024-06-30
PM001510,O001575,10238.47,COD,Success,2024-07-11
PM001511,O001576,102073.08,COD,Success,2024-11-02
PM001512,O001577,13510.35,Net Banking,Failed,2023-07-25
PM001513,O001578,61354.95,COD,Success,2023-04-09
PM001514,O001579,53735.72,UPI,Success,2023-11-28
PM001515,O001580,73691.8,Net Banking,Success,2024-12-23
PM001516,O001581,236272.75,Wallet,Success,2023-05-16
PM001517,O001583,35000.75,Debit Card,Refunded,2024-11-04
PM001518,O001584,86734.48,Wallet,Success,2023-12-10
PM001519,O001585,85937.0,COD,Refunded,2023-06-29
PM001520,O001586,86371.61,UPI,Success,2024-06-17
PM001521,O001587,44033.83,UPI,Success,2024-11-10
PM001522,O001588,9970.38,Wallet,Success,2024-10-31
PM001523,O001589,107190.41,UPI,Success,2023-10-09
PM001524,O001590,34995.72,COD,Success,2023-03-02
PM001525,O001591,50809.73,Credit Card,Success,2023-12-26
PM001526,O001592,106130.95,Net Banking,Success,2023-06-09
PM001527,O001593,77030.91,COD,Success,2024-01-17
PM001528,O001594,141296.71,Debit Card,Success,2024-03-23
PM001529,O001595,111876.17,Wallet,Refunded,2023-03-16
PM001530,O001596,80429.0,Debit Card,Success,2024-11-02
PM001531,O001597,1623.52,Debit Card,Refunded,2023-08-17
PM001532,O001598,115473.45,Debit Card,Success,2023-04-29
PM001533,O001599,92458.59,COD,Success,2024-05-19
PM001534,O001600,125224.44,Wallet,Failed,2023-11-02
PM001535,O001601,140407.64,Debit Card,Refunded,2023-03-26
PM001536,O001602,88893.57,Debit Card,Success,2024-02-13
PM001537,O001603,10238.47,Wallet,Success,2023-07-08
PM001538,O001604,122138.68,UPI,Success,2024-12-27
PM001539,O001605,33426.68,Credit Card,Success,2024-07-30
PM001540,O001606,26258.34,Debit Card,Pending,2024-01-03
PM001541,O001607,102637.1,Net Banking,Success,2024-09-11
PM001542,O001608,19851.04,Debit Card,Success,2023-05-03
PM001543,O001609,23044.26,COD,Success,2023-02-03
PM001544,O001610,15447.88,UPI,Success,2023-02-16
PM001545,O001611,0.0,Wallet,Success,2024-01-18
PM001546,O001612,45028.86,Net Banking,Failed,2023-01-23
PM001547,O001613,56500.32,Net Banking,Success,2024-06-10
PM001548,O001614,78978.66,Wallet,Refunded,2023-05-20
PM001549,O001615,5621.04,COD,Pending,2023-05-02
PM001550,O001616,74066.3,COD,Failed,2024-03-14
PM001551,O001617,811.76,Wallet,Success,2024-02-21
PM001552,O001618,68229.9,Credit Card,Success,2024-07-14
PM001553,O001619,7544.98,UPI,Success,2024-01-23
PM001554,O001620,85806.92,Wallet,Success,2023-01-23
PM001555,O001621,42130.0,Credit Card,Success,2024-03-23
PM001556,O001622,30329.16,COD,Failed,2023-07-26
PM001557,O001623,97563.65,COD,Success,2023-06-17
PM001558,O001624,94684.51,COD,Success,2024-05-15
PM001559,O001625,92096.24,Credit Card,Success,2023-11-11
PM001560,O001626,77009.7,UPI,Success,2024-12-29
PM001561,O001627,57125.62,COD,Success,2023-05-15
PM001562,O001628,83593.97,Wallet,Success,2024-12-17
PM001563,O001629,18113.54,Credit Card,Success,2024-06-26
PM001564,O001630,106226.04,COD,Success,2024-12-16
PM001565,O001631,89859.01,Credit Card,Success,2023-01-28
PM001566,O001633,61143.6,Wallet,Success,2024-10-17
PM001567,O001634,31668.7,UPI,Success,2023-04-27
PM001568,O001635,98967.67,COD,Success,2023-02-21
PM001569,O001636,1163.76,Wallet,Success,2023-08-10
PM001570,O001637,10545.03,UPI,Success,2023-03-07
PM001571,O001638,8989.55,COD,Failed,2023-08-11
PM001572,O001639,149075.1,Wallet,Success,2024-06-12
PM001573,O001640,51841.58,Wallet,Success,2024-10-23
PM001574,O001641,83600.13,Debit Card,Success,2023-07-26
PM001575,O001642,55525.0,Wallet,Success,2024-03-08
PM001576,O001643,35945.55,Credit Card,Success,2024-02-02
PM001577,O001644,34114.55,Wallet,Success,2024-03-11
PM001578,O001645,10051.92,Debit Card,Success,2024-04-18
PM001579,O001646,107387.32,UPI,Refunded,2024-06-14
PM001580,O001647,102643.78,Wallet,Success,2023-06-20
PM001581,O001648,34118.08,COD,Success,2023-03-26
PM001582,O001649,146203.86,UPI,Success,2024-11-09
PM001583,O001650,17981.65,UPI,Success,2024-11-28
PM001584,O001651,48338.14,UPI,Success,2023-06-15
PM001585,O001652,43014.94,UPI,Success,2023-09-22
PM001586,O001653,26434.29,COD,Refunded,2023-02-08
PM001587,O001654,41037.37,Wallet,Success,2024-08-08
PM001588,O001655,184045.05,Debit Card,Pending,2024-09-06
PM001589,O001656,90928.11,Wallet,Success,2023-08-01
PM001590,O001657,73098.85,UPI,Success,2024-05-25
PM001591,O001658,48739.42,Wallet,Success,2024-05-22
PM001592,O001659,36211.25,Wallet,Failed,2023-07-25
PM001593,O001660,15200.45,UPI,Success,2024-07-20
PM001594,O001661,32953.25,Credit Card,Refunded,2023-12-10
PM001595,O001663,23431.41,COD,Failed,2024-08-08
PM001596,O001664,30419.85,Debit Card,Success,2023-03-17
PM001597,O001665,8832.15,Net Banking,Pending,2024-09-11
PM001598,O001666,7206.28,COD,Success,2024-09-12
PM001599,O001667,78148.54,Credit Card,Success,2023-04-11
PM001600,O001668,91422.24,Debit Card,Success,2024-01-02
PM001601,O001669,69976.44,Credit Card,Success,2024-03-21
PM001602,O001670,31909.35,Wallet,Success,2023-06-23
PM001603,O001671,69730.99,Wallet,Success,2023-11-22
PM001604,O001672,40953.88,COD,Success,2023-01-26
PM001605,O001673,36001.53,COD,Success,2024-02-01
PM001606,O001675,29380.32,Debit Card,Success,2024-06-19
PM001607,O001676,49269.11,Wallet,Refunded,2023-05-25
PM001608,O001677,22484.54,Wallet,Success,2024-02-16
PM001609,O001678,129842.25,Net Banking,Success,2023-02-12
PM001610,O001679,41224.08,Net Banking,Success,2024-04-25
PM001611,O001681,113718.81,Credit Card,Success,2023-03-09
PM001612,O001682,54788.95,UPI,Refunded,2024-11-01
PM001613,O001683,121764.51,Debit Card,Success,2024-04-16
PM001614,O001684,21104.73,Debit Card,Success,2024-03-16
PM001615,O001685,122792.2,COD,Success,2023-06-19
PM001616,O001686,52852.16,UPI,Success,2023-11-19
PM001617,O001687,37117.58,COD,Success,2023-12-26
PM001618,O001688,66510.89,Debit Card,Success,2024-09-02
PM001619,O001689,75038.72,Credit Card,Success,2024-02-15
PM001620,O001690,79025.2,UPI,Success,2023-08-17
PM001621,O001691,39484.12,Debit Card,Success,2023-03-24
PM001622,O001692,97922.69,Net Banking,Pending,2023-05-19
PM001623,O001693,30559.68,COD,Success,2023-06-20
PM001624,O001694,64194.62,UPI,Pending,2024-08-26
PM001625,O001695,23295.92,Wallet,Pending,2023-12-10
PM001626,O001696,14757.0,Net Banking,Success,2023-08-09
PM001627,O001697,112079.91,Wallet,Success,2024-11-04
PM001628,O001698,35142.09,UPI,Success,2024-01-23
PM001629,O001699,88476.54,Net Banking,Success,2023-10-20
PM001630,O001700,83576.42,Credit Card,Success,2023-02-09
PM001631,O001701,61790.33,Net Banking,Success,2023-12-14
PM001632,O001702,90087.6,UPI,Success,2024-05-30
PM001633,O001703,31441.2,Debit Card,Failed,2024-03-29
PM001634,O001704,43246.64,UPI,Success,2024-04-07
PM001635,O001705,28983.92,Debit Card,Success,2023-11-22
PM001636,O001706,73513.46,Credit Card,Success,2023-09-07
PM001637,O001707,54413.35,Wallet,Success,2023-09-01
PM001638,O001708,15242.13,Wallet,Success,2024-12-29
PM001639,O001709,88081.71,Debit Card,Success,2024-11-11
PM001640,O001710,39850.81,Wallet,Success,2023-06-23
PM001641,O001711,83667.2,Net Banking,Success,2024-05-05
PM001642,O001712,43525.74,Net Banking,Success,2023-04-13
PM001643,O001713,4527.84,Net Banking,Success,2024-06-29
PM001644,O001714,12183.66,Net Banking,Success,2023-03-24
PM001645,O001715,27686.4,COD,Refunded,2024-03-14
PM001646,O001716,41704.0,Debit Card,Success,2023-05-25
PM001647,O001717,188703.68,Wallet,Success,2024-03-27
PM001648,O001718,35310.48,Credit Card,Success,2023-08-11
PM001649,O001719,58777.48,Wallet,Success,2023-06-30
PM001650,O001720,53950.3,COD,Success,2024-12-01
PM001651,O001721,94680.88,Net Banking,Success,2023-09-26
PM001652,O001722,110427.73,COD,Success,2023-08-25
PM001653,O001724,45358.35,UPI,Pending,2024-07-10
PM001654,O001725,155715.38,Debit Card,Success,2024-10-29
PM001655,O001726,98785.93,Debit Card,Success,2023-11-20
PM001656,O001727,26854.61,UPI,Success,2023-08-05
PM001657,O001728,93693.77,Net Banking,Failed,2023-12-27
PM001658,O001729,15211.64,Wallet,Success,2024-06-22
PM001659,O001730,36039.94,Wallet,Success,2024-05-20
PM001660,O001731,721.52,Credit Card,Success,2023-09-05
PM001661,O001732,101374.4,Credit Card,Success,2023-02-27
PM001662,O001733,50849.12,Debit Card,Success,2023-06-06
PM001663,O001734,95293.05,UPI,Success,2023-04-19
PM001664,O001735,62664.26,COD,Failed,2024-12-24
PM001665,O001736,133599.15,Wallet,Success,2023-08-11
PM001666,O001737,62378.0,COD,Success,2024-10-06
PM001667,O001738,26426.08,UPI,Success,2023-12-03
PM001668,O001739,11800.2,Wallet,Success,2024-04-26
PM001669,O001740,91760.75,UPI,Success,2024-12-24
PM001670,O001741,42209.16,Net Banking,Success,2023-07-09
PM001671,O001742,47494.74,Credit Card,Success,2023-10-31
PM001672,O001743,17957.55,Debit Card,Refunded,2024-01-12
PM001673,O001744,68559.83,UPI,Success,2023-12-11
PM001674,O001745,15279.84,Credit Card,Success,2023-05-18
PM001675,O001746,50632.4,Debit Card,Success,2024-11-14
PM001676,O001747,52637.68,Wallet,Refunded,2024-12-29
PM001677,O001748,18672.85,Wallet,Success,2023-04-06
PM001678,O001749,21167.94,UPI,Failed,2023-05-10
PM001679,O001750,143649.82,COD,Success,2024-11-21
PM001680,O001751,8043.72,COD,Success,2023-10-19
PM001681,O001752,80326.17,Wallet,Success,2024-08-14
PM001682,O001753,38876.86,Net Banking,Success,2024-03-08
PM001683,O001754,132500.31,Debit Card,Success,2023-10-08
PM001684,O001755,31241.88,Net Banking,Failed,2024-09-17
PM001685,O001756,141261.7,COD,Success,2023-09-25
PM001686,O001757,96219.56,Credit Card,Success,2023-11-30
PM001687,O001758,44438.61,Net Banking,Success,2024-03-21
PM001688,O001759,102372.97,Debit Card,Success,2024-12-25
PM001689,O001760,7293.4,Wallet,Success,2024-12-20
PM001690,O001761,13746.09,COD,Success,2023-09-04
PM001691,O001762,18202.16,Credit Card,Success,2023-09-13
PM001692,O001763,10238.47,Wallet,Success,2023-12-26
PM001693,O001764,45198.84,Net Banking,Success,2024-03-25
PM001694,O001765,70524.42,COD,Success,2024-12-26
PM001695,O001766,49644.76,Credit Card,Success,2023-09-17
PM001696,O001767,68165.05,Credit Card,Success,2023-04-01
PM001697,O001768,118085.09,Wallet,Success,2023-06-27
PM001698,O001769,48294.56,COD,Success,2024-01-19
PM001699,O001770,41595.38,Debit Card,Failed,2024-05-02
PM001700,O001771,101985.58,Credit Card,Success,2024-03-31
PM001701,O001772,48929.02,Wallet,Success,2023-02-04
PM001702,O001773,65675.71,COD,Success,2023-07-04
PM001703,O001774,90653.94,Wallet,Success,2023-03-03
PM001704,O001775,100592.45,UPI,Success,2023-03-24
PM001705,O001776,100765.25,UPI,Failed,2024-02-23
PM001706,O001777,41381.9,Debit Card,Success,2024-06-23
PM001707,O001778,74416.38,UPI,Success,2023-01-18
PM001708,O001779,15497.8,Debit Card,Success,2023-11-11
PM001709,O001780,25692.09,Debit Card,Success,2023-12-14
PM001710,O001781,60931.1,Credit Card,Success,2023-04-16
PM001711,O001782,12270.99,Net Banking,Success,2024-11-29
PM001712,O001783,99585.61,UPI,Success,2023-03-20
PM001713,O001784,129569.5,Wallet,Pending,2024-07-04
PM001714,O001785,27165.5,UPI,Success,2024-01-20
PM001715,O001786,20575.7,COD,Success,2023-04-04
PM001716,O001787,93594.55,Wallet,Success,2024-01-30
PM001717,O001788,104746.14,Wallet,Success,2023-02-23
PM001718,O001789,124127.24,Credit Card,Success,2023-03-06
PM001719,O001790,124914.71,Credit Card,Success,2024-02-22
PM001720,O001791,48432.51,Debit Card,Success,2024-09-03
PM001721,O001792,53176.9,COD,Success,2024-12-12
PM001722,O001793,84597.27,Net Banking,Success,2024-11-11
PM001723,O001794,9595.0,Wallet,Success,2024-09-25
PM001724,O001795,9893.18,Net Banking,Success,2024-10-10
PM001725,O001796,82913.81,Net Banking,Refunded,2023-02-17
PM001726,O001797,90429.34,Debit Card,Success,2023-02-15
PM001727,O001798,34920.92,Credit Card,Refunded,2023-01-30
PM001728,O001799,111953.52,Debit Card,Success,2024-08-16
PM001729,O001800,71048.47,COD,Success,2024-05-18
PM001730,O001801,55272.03,Debit Card,Success,2023-05-22
PM001731,O001802,26068.83,Debit Card,Success,2024-11-12
PM001732,O001803,2930.49,Net Banking,Pending,2024-08-23
PM001733,O001804,65812.89,Wallet,Success,2023-02-18
PM001734,O001805,101661.06,COD,Success,2023-02-27
PM001735,O001806,16074.76,Debit Card,Success,2024-01-25
PM001736,O001807,86925.91,COD,Pending,2023-09-09
PM001737,O001808,57368.55,Wallet,Success,2023-01-19
PM001738,O001809,133050.66,Wallet,Success,2023-07-25
PM001739,O001810,28128.88,Net Banking,Success,2024-12-03
PM001740,O001811,131898.35,Debit Card,Success,2024-05-19
PM001741,O001812,51489.98,Credit Card,Success,2023-09-01
PM001742,O001813,36222.44,Debit Card,Success,2023-12-02
PM001743,O001814,79190.93,Net Banking,Success,2024-09-06
PM001744,O001815,109491.62,Net Banking,Success,2023-07-21
PM001745,O001816,67159.3,COD,Success,2023-12-01
PM001746,O001817,56915.06,Net Banking,Success,2024-02-17
PM001747,O001818,131880.67,Debit Card,Success,2023-06-06
PM001748,O001819,3247.04,Credit Card,Success,2024-10-26
PM001749,O001820,85619.65,UPI,Pending,2024-07-16
PM001750,O001821,16946.6,Wallet,Success,2024-05-07
PM001751,O001822,78918.47,Credit Card,Success,2024-01-19
PM001752,O001823,33696.24,Debit Card,Success,2024-09-26
PM001753,O001824,92729.88,Debit Card,Pending,2024-03-20
PM001754,O001825,11779.38,Wallet,Success,2024-03-18
PM001755,O001826,59270.2,Credit Card,Success,2024-05-13
PM001756,O001827,108319.35,UPI,Success,2024-10-20
PM001757,O001828,133491.65,Wallet,Success,2024-05-27
PM001758,O001829,50674.63,COD,Success,2024-07-03
PM001759,O001830,12167.94,COD,Success,2023-02-15
PM001760,O001831,138172.96,UPI,Success,2023-08-07
PM001761,O001832,6240.24,UPI,Success,2024-12-11
PM001762,O001833,28158.22,COD,Success,2024-01-17
PM001763,O001834,218913.26,Credit Card,Success,2024-11-25
PM001764,O001835,74625.7,Credit Card,Success,2023-04-11
PM001765,O001836,128144.08,UPI,Success,2023-07-22
PM001766,O001837,13557.28,UPI,Success,2023-07-18
PM001767,O001838,36787.45,Credit Card,Success,2023-06-18
PM001768,O001839,4550.54,COD,Success,2024-06-16
PM001769,O001840,55576.66,UPI,Success,2023-08-22
PM001770,O001841,38530.04,Wallet,Success,2024-03-01
PM001771,O001842,28133.3,Wallet,Success,2023-04-17
PM001772,O001843,84041.71,Debit Card,Success,2024-01-22
PM001773,O001844,58624.66,Credit Card,Success,2023-11-23
PM001774,O001845,92003.27,UPI,Success,2024-12-05
PM001775,O001846,42060.4,Debit Card,Success,2023-08-10
PM001776,O001847,92654.06,Net Banking,Success,2023-09-25
PM001777,O001848,40570.59,UPI,Success,2024-06-04
PM001778,O001849,59593.79,UPI,Success,2023-08-31
PM001779,O001850,48938.58,Net Banking,Success,2024-07-28
PM001780,O001851,148448.67,Debit Card,Success,2023-09-20
PM001781,O001852,24732.95,Wallet,Success,2024-12-27
PM001782,O001853,34256.12,Credit Card,Success,2023-05-07
PM001783,O001854,124140.92,Credit Card,Success,2024-08-16
PM001784,O001855,64841.25,UPI,Success,2023-01-04
PM001785,O001856,63537.77,Net Banking,Success,2024-06-10
PM001786,O001857,32710.68,Credit Card,Refunded,2024-11-29
PM001787,O001858,47105.72,Debit Card,Success,2023-12-20
PM001788,O001859,95888.18,Debit Card,Refunded,2024-06-09
PM001789,O001860,27888.92,UPI,Success,2023-01-28
PM001790,O001861,72275.4,Debit Card,Failed,2024-07-07
PM001791,O001862,51836.12,COD,Success,2024-04-13
PM001792,O001863,42776.52,Net Banking,Success,2023-11-29
PM001793,O001864,44972.86,Credit Card,Success,2024-04-07
PM001794,O001865,80249.78,UPI,Success,2024-03-25
PM001795,O001866,13181.63,Net Banking,Success,2024-01-04
PM001796,O001867,84799.94,Debit Card,Success,2024-04-29
PM001797,O001868,16946.6,Net Banking,Success,2023-10-31
PM001798,O001869,57390.52,UPI,Success,2024-01-25
PM001799,O001870,81627.95,Credit Card,Success,2024-09-03
PM001800,O001871,83094.44,COD,Success,2024-03-27
PM001801,O001872,22660.34,COD,Success,2023-07-08
PM001802,O001873,38981.94,Debit Card,Success,2023-05-14
PM001803,O001874,93689.84,Net Banking,Success,2023-08-09
PM001804,O001875,52130.0,Wallet,Success,2023-12-16
PM001805,O001876,79988.72,Debit Card,Failed,2023-02-19
PM001806,O001877,23429.06,COD,Pending,2023-06-20
PM001807,O001878,94572.23,Credit Card,Success,2023-11-06
PM001808,O001880,78965.84,Credit Card,Success,2024-05-23
PM001809,O001881,8945.91,UPI,Success,2024-08-14
PM001810,O001882,25451.68,Credit Card,Success,2024-12-19
PM001811,O001883,85951.55,Wallet,Success,2024-01-05
PM001812,O001884,85982.37,COD,Success,2023-04-11
PM001813,O001885,100240.8,COD,Success,2023-07-13
PM001814,O001886,57633.05,UPI,Success,2024-04-01
PM001815,O001888,28862.12,Net Banking,Success,2024-07-16
PM001816,O001889,84015.54,UPI,Success,2024-05-03
PM001817,O001890,144824.67,Debit Card,Success,2023-06-18
PM001818,O001891,9120.27,Net Banking,Success,2023-05-14
PM001819,O001893,57606.4,UPI,Success,2024-05-22
PM001820,O001894,42729.8,Credit Card,Pending,2024-08-08
PM001821,O001895,58372.8,UPI,Success,2024-09-07
PM001822,O001896,35142.09,Credit Card,Failed,2024-08-31
PM001823,O001897,2886.08,Credit Card,Success,2023-03-02
PM001824,O001898,27183.59,COD,Success,2024-02-10
PM001825,O001899,72277.9,Net Banking,Refunded,2023-08-11
PM001826,O001900,58638.54,COD,Success,2024-05-03
PM001827,O001901,18845.24,Debit Card,Success,2024-02-17
PM001828,O001902,20375.02,Wallet,Failed,2024-02-21
PM001829,O001903,27352.71,Wallet,Success,2023-06-30
PM001830,O001904,62450.91,Net Banking,Success,2023-08-25
PM001831,O001905,21270.76,COD,Success,2023-12-09
PM001832,O001906,11502.37,UPI,Success,2023-08-27
PM001833,O001907,88702.02,COD,Success,2023-09-17
PM001834,O001908,3163.6,Debit Card,Success,2024-05-14
PM001835,O001909,16617.3,Wallet,Success,2024-10-11
PM001836,O001910,66082.9,COD,Success,2024-01-17
PM001837,O001911,56125.05,UPI,Success,2023-09-13
PM001838,O001912,82051.19,UPI,Success,2024-09-23
PM001839,O001913,29387.64,Credit Card,Success,2023-10-12
PM001840,O001914,77342.89,Credit Card,Refunded,2023-01-01
PM001841,O001915,79704.87,Debit Card,Failed,2023-03-21
PM001842,O001916,21803.65,Debit Card,Success,2023-04-09
PM001843,O001917,13844.85,Net Banking,Success,2024-02-05
PM001844,O001918,5431.46,Wallet,Success,2023-12-27
PM001845,O001919,29039.25,Credit Card,Pending,2023-12-09
PM001846,O001920,59054.49,Debit Card,Refunded,2023-01-02
PM001847,O001921,129107.04,Debit Card,Success,2024-12-30
PM001848,O001922,94655.37,COD,Failed,2023-09-24
PM001849,O001923,17408.2,Credit Card,Success,2024-11-15
PM001850,O001924,41614.06,Debit Card,Success,2023-01-17
PM001851,O001925,96292.99,Wallet,Success,2024-11-24
PM001852,O001926,9236.97,UPI,Success,2023-02-28
PM001853,O001927,76410.48,Credit Card,Success,2024-08-27
PM001854,O001928,58305.67,COD,Success,2024-05-04
PM001855,O001929,157596.59,Credit Card,Success,2023-11-11
PM001856,O001930,95409.95,Wallet,Success,2023-06-06
PM001857,O001931,27710.91,Debit Card,Failed,2023-02-09
PM001858,O001932,60262.37,Credit Card,Success,2023-02-14
PM001859,O001933,7293.4,Wallet,Success,2024-02-17
PM001860,O001934,40661.0,UPI,Refunded,2024-05-14
PM001861,O001935,69927.11,UPI,Success,2024-03-02
PM001862,O001936,35310.48,Wallet,Success,2024-02-07
PM001863,O001937,16863.12,Wallet,Success,2023-04-23
PM001864,O001938,39052.35,UPI,Success,2023-09-12
PM001865,O001939,83571.63,Debit Card,Pending,2023-05-08
PM001866,O001940,28682.43,Net Banking,Refunded,2024-05-12
PM001867,O001941,27031.96,Wallet,Success,2023-07-22
PM001868,O001942,50133.74,UPI,Refunded,2023-04-29
PM001869,O001943,7192.66,Wallet,Failed,2024-04-09
PM001870,O001944,82511.59,Debit Card,Success,2024-02-04
PM001871,O001945,72686.79,COD,Success,2024-06-21
PM001872,O001946,110213.28,Net Banking,Refunded,2024-10-07
PM001873,O001947,45800.26,Net Banking,Success,2023-02-07
PM001874,O001948,18508.94,Credit Card,Success,2023-10-25
PM001875,O001949,59909.46,Debit Card,Success,2024-04-11
PM001876,O001950,60662.56,Debit Card,Success,2023-02-07
PM001877,O001951,74161.86,Credit Card,Success,2024-03-09
PM001878,O001953,81889.9,Wallet,Success,2023-11-07
PM001879,O001954,146564.61,COD,Success,2024-11-08
PM001880,O001955,75688.79,Net Banking,Success,2024-03-26
PM001881,O001956,111611.88,Net Banking,Success,2024-08-24
PM001882,O001957,17694.85,Debit Card,Success,2023-08-25
PM001883,O001958,13469.5,Credit Card,Success,2024-08-20
PM001884,O001959,516.23,Wallet,Success,2024-11-14
PM001885,O001960,10426.0,COD,Failed,2023-07-17
PM001886,O001961,95598.63,COD,Success,2023-02-18
PM001887,O001962,2422.48,Wallet,Success,2023-08-12
PM001888,O001963,84276.28,Debit Card,Success,2024-10-05
PM001889,O001964,38939.39,Debit Card,Success,2023-01-22
PM001890,O001965,11075.88,COD,Pending,2023-04-30
PM001891,O001966,58570.15,Wallet,Success,2023-09-07
PM001892,O001968,43979.81,Credit Card,Success,2023-09-04
PM001893,O001969,82590.05,Debit Card,Success,2023-09-22
PM001894,O001970,48976.51,Debit Card,Success,2024-12-25
PM001895,O001971,11074.56,Wallet,Success,2024-05-05
PM001896,O001972,75548.28,Wallet,Success,2023-09-30
PM001897,O001973,109127.88,UPI,Success,2024-11-04
PM001898,O001974,132753.01,COD,Success,2023-05-30
PM001899,O001975,13433.93,UPI,Pending,2023-04-16
PM001900,O001976,51345.52,Credit Card,Success,2024-02-12
PM001901,O001977,22538.96,Wallet,Success,2023-08-17
PM001902,O001978,21004.16,Debit Card,Failed,2023-12-28
PM001903,O001979,63368.4,Wallet,Success,2023-10-30
PM001904,O001980,10788.99,Credit Card,Success,2023-03-09
PM001905,O001981,25009.71,Net Banking,Success,2024-06-09
PM001906,O001982,34114.55,Wallet,Success,2023-01-11
PM001907,O001983,171757.34,COD,Success,2023-07-14
PM001908,O001984,76537.15,COD,Pending,2024-12-27
PM001909,O001985,57176.45,COD,Success,2023-03-07
PM001910,O001986,52866.32,COD,Refunded,2023-12-06
PM001911,O001987,74206.08,UPI,Success,2024-02-27
PM001912,O001988,106189.86,Wallet,Refunded,2023-07-19
PM001913,O001989,93919.74,Wallet,Success,2024-05-30
PM001914,O001990,123554.55,Net Banking,Success,2023-07-23
PM001915,O001991,32800.34,Debit Card,Success,2024-07-19
PM001916,O001992,1898.16,Debit Card,Success,2024-08-30
PM001917,O001993,81123.17,Debit Card,Success,2023-07-02
PM001918,O001994,52721.03,COD,Refunded,2023-11-25
PM001919,O001995,0.0,Credit Card,Success,2023-12-06
PM001920,O001996,41431.71,Net Banking,Success,2024-01-01
PM001921,O001997,74676.0,UPI,Success,2023-07-05
PM001922,O001998,11410.2,Net Banking,Success,2024-08-23
PM001923,O001999,5930.4,Wallet,Success,2024-08-08
PM001924,O002000,93538.05,Net Banking,Success,2023-08-14
PM001925,O002001,33885.48,Wallet,Success,2023-04-18
PM001926,O002003,205287.83,Debit Card,Refunded,2024-01-30
PM001927,O002004,112657.95,Credit Card,Success,2024-06-12
PM001928,O002005,38016.36,COD,Success,2023-12-04
PM001929,O002007,18192.24,COD,Success,2023-08-12
PM001930,O002008,26342.14,COD,Success,2024-09-10
PM001931,O002009,94857.16,UPI,Success,2023-05-22
PM001932,O002010,16264.4,Credit Card,Success,2023-09-09
PM001933,O002011,89320.39,UPI,Success,2024-01-12
PM001934,O002012,123627.93,COD,Pending,2023-11-13
PM001935,O002013,50321.83,Debit Card,Success,2023-01-15
PM001936,O002014,27106.44,Net Banking,Success,2024-12-28
PM001937,O002015,12303.56,Debit Card,Success,2024-08-17
PM001938,O002016,52775.58,UPI,Success,2024-09-12
PM001939,O002017,122248.59,Debit Card,Success,2023-07-02
PM001940,O002018,10305.42,Net Banking,Refunded,2023-04-17
PM001941,O002019,62378.0,UPI,Success,2023-08-01
PM001942,O002020,13424.89,Net Banking,Success,2023-04-28
PM001943,O002021,35035.69,COD,Failed,2024-08-14
PM001944,O002022,70127.03,Debit Card,Success,2024-07-26
PM001945,O002023,6646.92,Net Banking,Success,2023-06-20
PM001946,O002024,92546.08,Debit Card,Success,2024-07-20
PM001947,O002025,127692.0,COD,Success,2024-10-24
PM001948,O002026,143232.32,UPI,Success,2024-07-03
PM001949,O002027,28713.77,Wallet,Success,2024-07-12
PM001950,O002028,11492.5,Net Banking,Success,2024-01-22
PM001951,O002029,73585.72,UPI,Success,2024-02-12
PM001952,O002030,84069.46,Debit Card,Success,2023-09-26
PM001953,O002031,94708.63,Credit Card,Success,2024-07-23
PM001954,O002032,81922.84,Credit Card,Success,2023-03-01
PM001955,O002033,10494.08,Net Banking,Success,2023-02-24
PM001956,O002034,51659.62,Debit Card,Success,2024-01-06
PM001957,O002035,189863.72,Wallet,Success,2023-06-26
PM001958,O002036,77733.64,COD,Success,2023-06-21
PM001959,O002037,151335.03,Net Banking,Success,2024-03-27
PM001960,O002038,11776.2,COD,Refunded,2024-02-09
PM001961,O002039,1898.16,Wallet,Success,2024-06-26
PM001962,O002040,17414.73,Wallet,Success,2024-02-05
PM001963,O002041,38550.92,Credit Card,Success,2023-10-18
PM001964,O002042,27479.27,Net Banking,Success,2024-12-18
PM001965,O002043,41976.32,UPI,Success,2024-08-13
PM001966,O002044,5135.76,Net Banking,Success,2024-10-28
PM001967,O002045,45028.87,Wallet,Success,2023-09-29
PM001968,O002046,67940.82,Debit Card,Refunded,2024-05-10
PM001969,O002047,91437.47,Debit Card,Failed,2023-10-14
PM001970,O002048,113138.99,COD,Success,2023-02-18
PM001971,O002049,44808.09,Wallet,Success,2024-04-07
PM001972,O002050,67579.9,Net Banking,Success,2024-12-08
PM001973,O002051,36741.16,COD,Success,2023-09-13
PM001974,O002052,54965.44,Credit Card,Success,2024-07-21
PM001975,O002053,14491.96,Wallet,Success,2023-12-10
PM001976,O002054,65236.96,Credit Card,Success,2023-09-05
PM001977,O002055,632.72,Debit Card,Pending,2023-10-19
PM001978,O002056,34307.42,COD,Success,2023-08-03
PM001979,O002057,28173.7,UPI,Success,2024-01-21
PM001980,O002058,204886.55,UPI,Success,2023-12-13
PM001981,O002059,52171.17,Net Banking,Success,2023-06-29
PM001982,O002060,57768.87,COD,Refunded,2023-04-04
PM001983,O002061,9567.85,Debit Card,Success,2024-05-07
PM001984,O002063,44630.26,Credit Card,Success,2023-08-16
PM001985,O002064,70069.3,Wallet,Success,2023-02-07
PM001986,O002065,49687.12,UPI,Success,2023-11-16
PM001987,O002066,36278.75,Net Banking,Success,2024-10-26
PM001988,O002067,35310.48,Credit Card,Success,2024-02-14
PM001989,O002068,11074.56,Wallet,Pending,2024-11-18
PM001990,O002069,148587.52,COD,Success,2023-12-05
PM001991,O002070,26819.38,Wallet,Success,2023-10-09
PM001992,O002072,41320.4,Debit Card,Success,2023-03-19
PM001993,O002073,166797.0,UPI,Success,2024-11-02
PM001994,O002074,96798.31,Net Banking,Success,2023-12-28
PM001995,O002075,68551.32,Credit Card,Success,2024-10-08
PM001996,O002076,19667.49,UPI,Success,2024-01-11
PM001997,O002077,27552.44,UPI,Success,2024-09-16
PM001998,O002078,24704.08,UPI,Success,2024-04-19
PM001999,O002079,85074.84,Credit Card,Success,2023-06-26
PM002000,O002080,88285.76,Debit Card,Success,2023-06-30
PM002001,O002081,54699.94,COD,Success,2023-10-17
PM002002,O002082,3579.88,Wallet,Success,2023-03-31
PM002003,O002083,2647.96,Wallet,Success,2024-09-07
PM002004,O002084,5135.76,Wallet,Failed,2023-04-29
PM002005,O002085,44729.55,COD,Success,2023-02-10
PM002006,O002086,73004.7,Debit Card,Success,2023-03-13
PM002007,O002087,75494.74,COD,Success,2024-08-27
PM002008,O002088,25334.96,Debit Card,Success,2024-02-13
PM002009,O002089,60016.35,Debit Card,Success,2023-08-11
PM002010,O002090,91329.6,Debit Card,Success,2024-08-29
PM002011,O002091,14499.23,Debit Card,Success,2023-08-02
PM002012,O002092,7151.25,Credit Card,Success,2024-03-26
PM002013,O002093,41568.1,Wallet,Success,2024-09-14
PM002014,O002094,9471.71,Wallet,Failed,2023-03-02
PM002015,O002095,7790.88,COD,Pending,2023-10-08
PM002016,O002096,59410.81,Debit Card,Success,2023-12-12
PM002017,O002097,68644.67,COD,Success,2024-08-14
PM002018,O002098,34008.0,UPI,Success,2023-08-05
PM002019,O002099,33100.71,Net Banking,Success,2024-07-28
PM002020,O002100,61827.87,Wallet,Failed,2023-09-19
PM002021,O002101,39373.33,COD,Success,2023-05-14
PM002022,O002102,71423.63,Wallet,Success,2024-01-14
PM002023,O002103,63416.29,Debit Card,Pending,2023-11-11
PM002024,O002104,38774.91,Net Banking,Success,2023-09-22
PM002025,O002105,18256.69,Wallet,Refunded,2023-10-07
PM002026,O002106,50345.19,Wallet,Success,2024-10-20
PM002027,O002107,64842.83,Wallet,Success,2023-04-12
PM002028,O002108,8306.91,Wallet,Failed,2024-04-06
PM002029,O002109,27288.36,UPI,Success,2023-03-13
PM002030,O002110,51836.12,UPI,Success,2023-09-15
PM002031,O002111,69460.62,UPI,Failed,2024-08-07
PM002032,O002112,117305.76,Net Banking,Success,2023-10-28
PM002033,O002113,94454.34,Credit Card,Success,2023-03-10
PM002034,O002114,11981.85,Net Banking,Refunded,2023-08-22
PM002035,O002115,42587.76,UPI,Success,2023-01-14
PM002036,O002116,77102.56,UPI,Success,2024-08-02
PM002037,O002117,81062.11,UPI,Success,2024-05-09
PM002038,O002118,80624.14,COD,Success,2023-04-09
PM002039,O002119,15523.12,COD,Success,2024-02-15
PM002040,O002120,67914.92,Wallet,Success,2023-11-06
PM002041,O002121,29380.32,Debit Card,Success,2024-05-22
PM002042,O002122,25936.5,Credit Card,Success,2023-12-09
PM002043,O002123,5812.35,Debit Card,Success,2024-05-09
PM002044,O002124,50288.29,COD,Success,2023-07-28
PM002045,O002125,2681.24,Debit Card,Pending,2024-04-28
PM002046,O002126,103649.45,Credit Card,Success,2024-06-16
PM002047,O002127,26829.0,COD,Success,2024-11-19
PM002048,O002128,89219.2,UPI,Success,2023-10-03
PM002049,O002129,25692.09,Wallet,Success,2024-08-14
PM002050,O002130,67323.81,UPI,Success,2023-06-02
PM002051,O002131,55285.38,Debit Card,Success,2023-09-05
PM002052,O002132,34028.34,UPI,Success,2024-04-21
PM002053,O002133,43520.86,UPI,Success,2023-08-03
PM002054,O002134,42124.9,Debit Card,Success,2023-12-30
PM002055,O002135,4916.2,Net Banking,Success,2024-08-16
PM002056,O002136,35466.52,Credit Card,Success,2023-08-01
PM002057,O002137,153589.04,UPI,Success,2023-08-04
PM002058,O002138,78172.09,Net Banking,Success,2024-11-24
PM002059,O002139,129416.54,COD,Success,2024-09-27
PM002060,O002140,6616.67,Debit Card,Failed,2023-02-08
PM002061,O002141,57334.83,Debit Card,Success,2024-08-31
PM002062,O002142,78646.74,Credit Card,Success,2024-10-26
PM002063,O002143,14130.54,Net Banking,Success,2024-08-20
PM002064,O002144,90138.94,Credit Card,Success,2024-08-02
PM002065,O002145,71846.71,COD,Success,2023-01-08
PM002066,O002146,93767.41,Credit Card,Success,2023-01-17
PM002067,O002148,25702.42,Wallet,Success,2023-06-07
PM002068,O002149,47683.57,Wallet,Success,2023-04-04
PM002069,O002150,108294.81,Debit Card,Success,2023-04-21
PM002070,O002151,27710.91,COD,Success,2024-12-29
PM002071,O002152,70137.08,UPI,Success,2023-03-31
PM002072,O002153,28261.96,Wallet,Success,2023-12-30
PM002073,O002154,51539.7,UPI,Refunded,2023-06-03
PM002074,O002155,157835.2,Credit Card,Success,2023-07-01
PM002075,O002156,23219.64,Net Banking,Success,2024-01-26
PM002076,O002157,5599.57,Credit Card,Success,2023-10-10
PM002077,O002158,104577.6,Wallet,Success,2023-12-13
PM002078,O002159,67220.33,Credit Card,Success,2024-09-08
PM002079,O002161,102400.16,Credit Card,Success,2024-10-31
PM002080,O002162,4360.73,Wallet,Success,2024-02-26
PM002081,O002163,44918.11,Credit Card,Success,2023-06-01
PM002082,O002164,41817.44,Credit Card,Pending,2023-03-18
PM002083,O002165,78541.6,Net Banking,Success,2024-07-23
PM002084,O002166,68264.69,Net Banking,Success,2023-03-17
PM002085,O002167,63351.26,UPI,Success,2024-09-15
PM002086,O002168,53316.33,UPI,Success,2024-11-04
PM002087,O002169,27686.4,COD,Success,2023-02-20
PM002088,O002170,27686.4,Wallet,Success,2023-09-19
PM002089,O002171,74431.76,UPI,Success,2023-09-20
PM002090,O002172,47127.73,UPI,Success,2023-01-31
PM002091,O002173,116486.49,COD,Success,2024-03-18
PM002092,O002174,188035.8,Credit Card,Success,2024-09-25
PM002093,O002175,152193.68,UPI,Failed,2023-03-29
PM002094,O002176,113929.24,Debit Card,Success,2024-08-19
PM002095,O002177,97272.91,COD,Success,2024-09-03
PM002096,O002178,115445.48,Debit Card,Refunded,2023-10-30
PM002097,O002179,27777.15,Net Banking,Success,2023-02-04
PM002098,O002180,8564.03,Credit Card,Success,2023-01-09
PM002099,O002181,5945.6,COD,Success,2024-02-28
PM002100,O002182,93914.07,COD,Success,2023-05-31
PM002101,O002183,94987.25,Debit Card,Success,2024-06-08
PM002102,O002184,7681.42,Net Banking,Success,2023-05-31
PM002103,O002185,96378.14,Net Banking,Success,2024-11-28
PM002104,O002186,36564.78,Credit Card,Success,2024-04-07
PM002105,O002187,36976.16,Debit Card,Success,2023-07-10
PM002106,O002188,140396.36,Net Banking,Pending,2024-06-23
PM002107,O002189,58760.64,Net Banking,Success,2024-05-27
PM002108,O002190,22302.36,Wallet,Success,2024-12-01
PM002109,O002191,11623.35,Wallet,Success,2024-11-03
PM002110,O002192,52490.66,Net Banking,Failed,2023-05-05
PM002111,O002193,35945.55,UPI,Success,2023-08-07
PM002112,O002194,11435.29,COD,Success,2023-10-11
PM002113,O002195,118531.6,Debit Card,Success,2023-11-06
PM002114,O002196,60253.65,Wallet,Success,2024-06-08
PM002115,O002197,62369.6,Debit Card,Success,2024-04-12
PM002116,O002198,22066.64,Debit Card,Failed,2023-09-28
PM002117,O002199,88733.47,Net Banking,Refunded,2023-11-16
PM002118,O002200,52533.12,Debit Card,Success,2024-11-19
PM002119,O002201,61623.7,UPI,Success,2023-08-06
PM002120,O002202,63836.04,Net Banking,Success,2024-01-04
PM002121,O002204,2857.76,Net Banking,Success,2023-04-04
PM002122,O002205,98209.44,Credit Card,Success,2024-07-24
PM002123,O002206,42980.72,Debit Card,Success,2024-02-25
PM002124,O002207,127216.78,Net Banking,Success,2024-02-24
PM002125,O002208,82890.25,Wallet,Success,2023-11-13
PM002126,O002210,9227.67,Credit Card,Success,2024-01-08
PM002127,O002211,184126.24,Credit Card,Success,2023-11-12
PM002128,O002212,14757.0,Wallet,Success,2024-01-29
PM002129,O002213,46326.12,Net Banking,Refunded,2023-12-17
PM002130,O002214,72726.93,Credit Card,Pending,2024-01-26
PM002131,O002215,67926.53,Debit Card,Refunded,2024-08-02
PM002132,O002216,29380.32,Debit Card,Success,2023-04-29
PM002133,O002217,160456.78,Net Banking,Success,2024-03-10
PM002134,O002218,73020.29,UPI,Success,2023-10-28
PM002135,O002219,53172.45,Debit Card,Success,2024-03-31
PM002136,O002220,121175.41,COD,Success,2024-10-25
PM002137,O002221,40953.88,COD,Success,2023-08-31
PM002138,O002222,70580.89,Credit Card,Success,2023-08-24
PM002139,O002223,81163.48,Debit Card,Success,2024-06-21
PM002140,O002224,105748.35,COD,Success,2023-04-16
PM002141,O002225,5945.6,UPI,Success,2024-03-13
PM002142,O002226,36918.88,Debit Card,Pending,2024-05-12
PM002143,O002227,59909.25,COD,Success,2024-05-15
PM002144,O002228,67973.92,COD,Success,2023-11-03
PM002145,O002229,20782.59,Debit Card,Success,2024-06-24
PM002146,O002230,79157.9,COD,Success,2024-04-26
PM002147,O002231,100339.02,UPI,Success,2024-02-13
PM002148,O002232,95641.2,COD,Success,2023-11-01
PM002149,O002233,147544.73,UPI,Success,2023-05-02
PM002150,O002234,40083.61,Net Banking,Success,2023-09-18
PM002151,O002235,96342.04,UPI,Success,2024-09-27
PM002152,O002236,123407.04,UPI,Pending,2024-06-15
PM002153,O002237,67773.09,Wallet,Success,2023-07-10
PM002154,O002238,21332.08,Debit Card,Success,2023-06-12
PM002155,O002239,2972.8,UPI,Success,2023-06-19
PM002156,O002240,1265.44,Wallet,Refunded,2024-08-30
PM002157,O002241,52443.6,Wallet,Success,2023-06-17
PM002158,O002242,20075.1,COD,Success,2023-05-24
PM002159,O002243,125634.51,Debit Card,Success,2024-08-03
PM002160,O002244,11151.18,Credit Card,Success,2024-08-23
PM002161,O002245,34371.69,Credit Card,Success,2023-05-29
PM002162,O002246,30916.26,Debit Card,Failed,2024-10-24
PM002163,O002247,30633.06,Credit Card,Success,2023-02-24
PM002164,O002248,114276.63,Net Banking,Success,2023-10-29
PM002165,O002249,45566.14,Net Banking,Success,2023-01-28
PM002166,O002250,116471.39,Debit Card,Success,2024-12-29
PM002167,O002251,64565.22,UPI,Success,2024-08-23
PM002168,O002252,35369.32,COD,Success,2024-03-02
PM002169,O002253,65871.47,Debit Card,Failed,2024-07-31
PM002170,O002254,99093.95,UPI,Refunded,2023-01-22
PM002171,O002255,106362.58,COD,Refunded,2023-02-20
PM002172,O002256,63428.92,UPI,Refunded,2023-08-08
PM002173,O002257,91395.99,UPI,Pending,2023-02-22
PM002174,O002258,97307.08,Debit Card,Success,2023-08-17
PM002175,O002259,57332.2,UPI,Success,2024-06-02
PM002176,O002260,28022.5,COD,Success,2024-02-20
PM002177,O002261,121931.4,Debit Card,Refunded,2024-08-24
PM002178,O002262,121846.15,COD,Failed,2024-02-27
PM002179,O002263,63178.36,Credit Card,Success,2023-10-29
PM002180,O002264,98741.72,Wallet,Success,2024-07-26
PM002181,O002265,98081.49,Credit Card,Pending,2024-06-23
PM002182,O002266,27291.64,Wallet,Success,2023-12-05
PM002183,O002267,109620.85,COD,Success,2023-01-12
PM002184,O002268,103666.69,COD,Success,2023-09-06
PM002185,O002269,29335.89,COD,Success,2024-12-30
PM002186,O002270,115759.87,UPI,Success,2024-08-21
PM002187,O002271,63800.67,Credit Card,Success,2023-03-10
PM002188,O002272,86494.68,Credit Card,Success,2024-02-25
PM002189,O002273,38619.7,Debit Card,Success,2024-01-13
PM002190,O002274,82756.85,Net Banking,Success,2023-01-23
PM002191,O002275,18251.91,Net Banking,Success,2024-03-09
PM002192,O002276,134468.49,Debit Card,Pending,2024-07-15
PM002193,O002277,60217.54,Wallet,Success,2024-02-21
PM002194,O002278,5599.57,Net Banking,Success,2023-11-16
PM002195,O002279,70701.2,Wallet,Success,2023-06-06
PM002196,O002280,12160.36,UPI,Success,2023-03-26
PM002197,O002281,63836.04,Net Banking,Pending,2024-02-12
PM002198,O002282,32221.46,UPI,Success,2024-06-06
PM002199,O002283,73708.02,Wallet,Success,2023-02-28
PM002200,O002284,32703.74,Wallet,Success,2024-01-28
PM002201,O002285,85557.99,Credit Card,Success,2023-01-18
PM002202,O002286,3487.41,Debit Card,Failed,2023-10-31
PM002203,O002287,1162.47,Credit Card,Success,2023-09-29
PM002204,O002288,43735.34,Credit Card,Success,2024-10-30
PM002205,O002289,96884.07,Net Banking,Success,2023-07-27
PM002206,O002290,3953.6,UPI,Success,2024-02-20
PM002207,O002291,105731.55,COD,Success,2023-01-11
PM002208,O002292,88150.44,COD,Success,2024-04-04
PM002209,O002293,35945.55,Wallet,Success,2024-07-30
PM002210,O002294,66082.9,UPI,Success,2023-03-27
PM002211,O002295,35321.52,Credit Card,Success,2023-10-22
PM002212,O002296,93858.86,Credit Card,Success,2023-10-31
PM002213,O002297,45150.93,Debit Card,Success,2024-08-13
PM002214,O002298,71592.88,Wallet,Success,2023-05-12
PM002215,O002299,86879.0,COD,Success,2024-08-26
PM002216,O002300,108096.6,COD,Success,2024-05-22
PM002217,O002301,127714.54,COD,Success,2024-03-20
PM002218,O002302,87021.64,UPI,Failed,2023-07-29
PM002219,O002303,52866.32,Wallet,Failed,2024-06-21
PM002220,O002304,81801.19,COD,Success,2023-10-16
PM002221,O002305,54063.92,Wallet,Success,2023-05-08
PM002222,O002306,122557.83,Credit Card,Success,2024-10-17
PM002223,O002307,31825.12,UPI,Success,2023-09-09
PM002224,O002308,39220.49,Wallet,Failed,2023-07-02
PM002225,O002309,46375.44,Wallet,Success,2024-01-13
PM002226,O002310,18532.41,Net Banking,Success,2023-01-09
PM002227,O002311,70793.84,UPI,Success,2024-11-07
PM002228,O002312,74185.05,UPI,Failed,2024-05-29
PM002229,O002313,51636.51,Net Banking,Success,2023-07-12
PM002230,O002314,38522.59,Wallet,Success,2024-07-03
PM002231,O002315,65908.15,Credit Card,Pending,2024-08-30
PM002232,O002316,52225.91,Credit Card,Success,2024-07-12
PM002233,O002317,36143.42,Credit Card,Success,2023-08-04
PM002234,O002318,55255.26,Debit Card,Failed,2023-10-21
PM002235,O002319,62648.3,Wallet,Success,2024-12-27
PM002236,O002320,3538.97,Debit Card,Refunded,2023-03-05
PM002237,O002321,90501.86,UPI,Success,2024-08-07
PM002238,O002322,79795.05,UPI,Success,2023-06-24
PM002239,O002323,14045.1,UPI,Success,2024-11-11
PM002240,O002324,162538.16,Credit Card,Success,2023-05-24
PM002241,O002325,31497.16,Wallet,Success,2024-12-21
PM002242,O002326,5516.66,Wallet,Success,2024-08-07
PM002243,O002327,103806.96,Credit Card,Success,2023-03-28
PM002244,O002328,117706.22,Credit Card,Success,2023-02-01
PM002245,O002329,14024.59,Wallet,Success,2023-11-01
PM002246,O002330,23940.98,UPI,Success,2023-10-07
PM002247,O002331,85529.84,COD,Success,2024-06-13
PM002248,O002332,32011.36,COD,Success,2023-01-13
PM002249,O002333,41976.32,COD,Success,2023-09-17
PM002250,O002334,123198.3,Debit Card,Success,2023-11-15
PM002251,O002335,7192.66,COD,Success,2023-03-18
PM002252,O002336,62768.76,Wallet,Success,2023-02-06
PM002253,O002337,33667.16,Net Banking,Success,2024-03-18
PM002254,O002338,67861.72,Credit Card,Success,2024-06-07
PM002255,O002339,94800.42,Debit Card,Success,2024-06-12
PM002256,O002340,11593.9,Debit Card,Refunded,2024-09-08
PM002257,O002341,2422.48,Net Banking,Failed,2023-02-28
PM002258,O002342,92833.73,COD,Success,2024-07-25
PM002259,O002344,47535.27,Net Banking,Success,2023-06-16
PM002260,O002345,57114.73,Debit Card,Success,2024-02-28
PM002261,O002346,39871.89,Debit Card,Success,2023-02-01
PM002262,O002347,38908.55,Debit Card,Success,2023-02-10
PM002263,O002348,36585.85,Credit Card,Success,2024-06-22
PM002264,O002349,73081.57,COD,Success,2024-08-18
PM002265,O002350,49386.73,Debit Card,Success,2023-01-17
PM002266,O002351,7245.98,COD,Success,2023-09-07
PM002267,O002352,13529.48,Debit Card,Success,2023-03-19
PM002268,O002353,80660.88,COD,Success,2024-10-18
PM002269,O002354,23379.01,COD,Success,2023-07-12
PM002270,O002355,47159.01,Wallet,Success,2023-01-02
PM002271,O002356,32189.82,Debit Card,Success,2023-02-18
PM002272,O002357,73809.05,Credit Card,Success,2024-09-06
PM002273,O002358,88474.58,Credit Card,Success,2024-09-13
PM002274,O002359,75808.3,Wallet,Success,2023-10-09
PM002275,O002360,65778.45,Credit Card,Success,2023-10-15
PM002276,O002361,113566.91,Debit Card,Refunded,2024-08-05
PM002277,O002362,11151.61,UPI,Success,2023-11-20
PM002278,O002363,38715.72,Wallet,Success,2024-04-14
PM002279,O002364,41339.77,Credit Card,Success,2024-12-26
PM002280,O002365,51192.35,Credit Card,Refunded,2023-02-09
PM002281,O002366,48561.01,Credit Card,Success,2023-03-11
PM002282,O002367,55510.91,UPI,Success,2024-07-19
PM002283,O002368,62040.45,Net Banking,Success,2024-07-30
PM002284,O002369,29813.99,Net Banking,Success,2023-11-12
PM002285,O002370,8255.28,COD,Success,2024-10-01
PM002286,O002371,88921.63,Net Banking,Refunded,2023-05-05
PM002287,O002372,86413.86,Debit Card,Success,2023-06-20
PM002288,O002373,26854.17,COD,Success,2023-10-31
PM002289,O002374,3953.6,Wallet,Success,2023-04-22
PM002290,O002375,20639.08,COD,Pending,2024-05-15
PM002291,O002376,65847.34,Net Banking,Refunded,2023-11-13
PM002292,O002377,43070.76,UPI,Success,2023-04-22
PM002293,O002378,62512.3,Debit Card,Failed,2023-11-21
PM002294,O002379,83867.62,COD,Success,2023-07-16
PM002295,O002380,172536.44,COD,Success,2024-10-05
PM002296,O002381,104533.8,Wallet,Success,2024-10-07
PM002297,O002382,131685.6,UPI,Success,2023-10-08
PM002298,O002383,55062.19,Debit Card,Success,2024-11-18
PM002299,O002384,21272.9,Wallet,Success,2023-01-22
PM002300,O002385,60877.93,Wallet,Success,2023-12-29
PM002301,O002386,35625.43,Credit Card,Success,2023-05-20
PM002302,O002387,102467.87,Wallet,Pending,2024-11-27
PM002303,O002388,65436.15,Credit Card,Failed,2024-08-28
PM002304,O002389,37672.31,Debit Card,Success,2024-04-04
PM002305,O002390,37331.98,UPI,Success,2023-10-14
PM002306,O002391,69596.08,Wallet,Success,2024-12-28
PM002307,O002392,34553.64,COD,Success,2024-12-25
PM002308,O002393,15553.56,Debit Card,Success,2024-05-17
PM002309,O002394,94069.6,Wallet,Refunded,2024-03-27
PM002310,O002395,62899.11,UPI,Failed,2024-10-05
PM002311,O002396,61726.99,UPI,Success,2023-07-05
PM002312,O002397,13451.8,Net Banking,Success,2023-08-27
PM002313,O002398,33274.82,Credit Card,Success,2023-11-15
PM002314,O002399,15600.6,UPI,Success,2023-01-29
PM002315,O002400,51709.27,Wallet,Success,2023-12-22
PM002316,O002401,87366.04,Debit Card,Success,2024-09-30
PM002317,O002402,6782.64,COD,Success,2023-03-10
PM002318,O002403,77307.13,UPI,Pending,2024-03-09
PM002319,O002404,28643.83,Credit Card,Success,2023-06-30
PM002320,O002405,55667.81,COD,Refunded,2023-05-18
PM002321,O002406,105684.64,COD,Refunded,2023-09-25
PM002322,O002407,79038.11,Debit Card,Failed,2024-03-05
PM002323,O002408,38960.39,COD,Failed,2024-04-03
PM002324,O002409,26194.17,Net Banking,Success,2024-03-17
PM002325,O002410,60170.66,Debit Card,Success,2023-07-25
PM002326,O002411,3487.41,UPI,Success,2023-08-14
PM002327,O002412,38904.75,Wallet,Failed,2023-07-09
PM002328,O002413,47305.65,COD,Success,2024-08-12
PM002329,O002414,41984.29,COD,Success,2023-01-01
PM002330,O002415,50882.35,Debit Card,Success,2023-03-16
PM002331,O002416,45640.8,UPI,Refunded,2024-09-08
PM002332,O002417,19701.67,UPI,Success,2023-02-15
PM002333,O002418,99339.56,UPI,Success,2024-08-28
PM002334,O002419,101684.67,Net Banking,Success,2024-01-02
PM002335,O002420,110135.68,Credit Card,Success,2023-03-10
PM002336,O002421,10600.52,Debit Card,Failed,2023-06-27
PM002337,O002422,51836.12,UPI,Refunded,2024-06-20
PM002338,O002424,10635.38,Net Banking,Success,2024-02-04
PM002339,O002425,132606.06,Debit Card,Success,2023-11-14
PM002340,O002426,106156.14,Net Banking,Refunded,2024-11-18
PM002341,O002427,62172.77,Debit Card,Failed,2024-05-21
PM002342,O002428,80978.23,Wallet,Failed,2023-06-24
PM002343,O002429,5945.6,Wallet,Success,2024-05-05
PM002344,O002430,23697.06,Debit Card,Success,2023-09-21
PM002345,O002431,132598.27,Credit Card,Failed,2023-09-27
PM002346,O002432,76651.41,UPI,Success,2023-09-17
PM002347,O002433,47156.84,COD,Success,2024-03-18
PM002348,O002434,24335.88,Net Banking,Refunded,2024-11-29
PM002349,O002435,103607.15,UPI,Success,2024-09-09
PM002350,O002436,14499.23,COD,Refunded,2023-07-15
PM002351,O002437,80531.38,Credit Card,Refunded,2023-03-20
PM002352,O002438,91033.82,UPI,Success,2023-05-08
PM002353,O002439,6240.24,Net Banking,Success,2023-08-30
PM002354,O002440,2532.85,Net Banking,Success,2023-05-15
PM002355,O002441,2435.28,Credit Card,Success,2024-05-21
PM002356,O002442,88571.08,Credit Card,Success,2023-05-25
PM002357,O002443,23540.32,Net Banking,Success,2024-10-17
PM002358,O002444,67373.32,Wallet,Success,2023-01-13
PM002359,O002445,42630.79,Credit Card,Failed,2023-12-18
PM002360,O002446,18305.25,UPI,Success,2023-07-04
PM002361,O002447,17684.66,COD,Refunded,2023-12-21
PM002362,O002448,60961.99,Net Banking,Success,2024-07-06
PM002363,O002449,40462.86,Wallet,Pending,2024-12-06
PM002364,O002450,40542.13,Credit Card,Failed,2023-04-02
PM002365,O002451,38182.95,Credit Card,Refunded,2024-02-06
PM002366,O002452,61425.02,Net Banking,Success,2024-02-12
PM002367,O002453,47634.4,Credit Card,Success,2023-02-14
PM002368,O002454,48141.72,Net Banking,Success,2024-04-01
PM002369,O002455,160814.07,Wallet,Success,2024-03-07
PM002370,O002457,61513.43,Debit Card,Refunded,2024-02-23
PM002371,O002458,58463.8,Debit Card,Success,2023-06-13
PM002372,O002459,2586.86,UPI,Success,2024-03-15
PM002373,O002460,21019.26,Debit Card,Refunded,2023-06-08
PM002374,O002461,9785.11,Debit Card,Success,2023-02-03
PM002375,O002462,64531.18,Net Banking,Success,2024-08-28
PM002376,O002463,78899.08,COD,Failed,2024-06-01
PM002377,O002464,21726.75,Net Banking,Success,2024-06-14
PM002378,O002465,52024.7,Debit Card,Failed,2023-12-09
PM002379,O002466,109945.81,COD,Success,2023-11-08
PM002380,O002467,150120.74,UPI,Success,2023-02-17
PM002381,O002468,127692.35,Debit Card,Success,2024-09-22
PM002382,O002469,97380.56,COD,Success,2024-12-25
PM002383,O002470,44564.02,UPI,Success,2023-05-05
PM002384,O002471,58777.48,Wallet,Refunded,2024-10-08
PM002385,O002472,39483.63,Credit Card,Success,2024-01-11
PM002386,O002473,14652.45,UPI,Success,2024-02-09
PM002387,O002474,88270.14,Wallet,Success,2024-05-11
PM002388,O002475,42545.8,UPI,Success,2024-02-13
PM002389,O002476,75981.41,COD,Success,2023-06-28
PM002390,O002477,83446.19,Credit Card,Success,2024-05-19
PM002391,O002478,106259.47,Debit Card,Pending,2024-06-16
PM002392,O002479,3459.69,Wallet,Refunded,2023-04-26
PM002393,O002480,5135.76,Debit Card,Success,2023-12-25
PM002394,O002481,25106.84,Net Banking,Success,2023-04-12
PM002395,O002482,77909.12,COD,Success,2023-03-27
PM002396,O002483,27852.33,Net Banking,Success,2023-01-17
PM002397,O002484,8043.72,Debit Card,Pending,2023-03-21
PM002398,O002485,59693.65,Wallet,Refunded,2024-06-24
PM002399,O002486,70936.9,Debit Card,Success,2023-01-25
PM002400,O002487,17957.55,Net Banking,Success,2024-10-18
PM002401,O002488,29201.88,COD,Refunded,2023-01-12
PM002402,O002489,40980.82,COD,Success,2023-07-20
PM002403,O002490,124217.76,Net Banking,Success,2023-03-21
PM002404,O002491,14864.0,Net Banking,Pending,2024-11-07
PM002405,O002492,68167.9,Credit Card,Success,2023-05-04
PM002406,O002493,10724.96,COD,Success,2023-10-02
PM002407,O002494,48329.81,COD,Failed,2024-05-09
PM002408,O002495,67910.09,COD,Success,2023-06-02
PM002409,O002496,32104.89,COD,Success,2024-12-26
PM002410,O002497,80130.66,COD,Pending,2023-01-31
PM002411,O002498,75724.08,Credit Card,Failed,2023-08-27
PM002412,O002499,52338.32,UPI,Success,2023-06-20
PM002413,O002500,66865.63,COD,Success,2023-03-02
PM002414,O002501,46127.49,Credit Card,Success,2024-06-24
PM002415,O002502,14694.37,UPI,Failed,2023-05-01
PM002416,O002503,56998.24,Wallet,Success,2024-08-12
PM002417,O002504,14366.04,Debit Card,Failed,2024-10-02
PM002418,O002505,99784.01,Credit Card,Success,2024-10-19
PM002419,O002506,45235.19,COD,Failed,2024-01-19
PM002420,O002507,41221.68,UPI,Success,2024-08-05
PM002421,O002508,31278.0,UPI,Success,2023-06-25
PM002422,O002509,30829.83,UPI,Success,2023-09-02
PM002423,O002510,14194.63,UPI,Success,2024-02-03
PM002424,O002511,5599.57,Debit Card,Success,2024-06-15
PM002425,O002512,21735.1,Net Banking,Success,2024-03-24
PM002426,O002513,109508.26,Wallet,Success,2023-02-23
PM002427,O002514,72013.46,Credit Card,Success,2024-07-15
PM002428,O002515,19810.59,UPI,Success,2023-05-20
PM002429,O002516,83415.58,Credit Card,Success,2024-08-15
PM002430,O002517,76592.25,Wallet,Success,2024-05-16
PM002431,O002518,30715.41,UPI,Success,2023-02-11
PM002432,O002519,114814.25,UPI,Failed,2024-08-06
PM002433,O002520,25689.09,Credit Card,Refunded,2024-03-11
PM002434,O002521,53711.05,COD,Success,2023-02-28
PM002435,O002522,147667.94,Net Banking,Failed,2024-05-28
PM002436,O002523,60208.55,COD,Success,2024-03-03
PM002437,O002524,134706.01,Credit Card,Success,2024-07-18
PM002438,O002525,61013.31,UPI,Refunded,2023-12-02
PM002439,O002526,21737.94,Credit Card,Success,2023-01-01
PM002440,O002527,98196.98,Net Banking,Success,2023-11-24
PM002441,O002528,22919.76,UPI,Success,2024-03-03
PM002442,O002529,65089.61,Wallet,Success,2023-09-09
PM002443,O002530,2530.88,Net Banking,Success,2024-06-03
PM002444,O002531,118608.91,COD,Success,2023-07-27
PM002445,O002532,26342.14,COD,Success,2024-09-11
PM002446,O002533,134596.67,Wallet,Success,2023-02-02
PM002447,O002534,15753.12,Wallet,Failed,2024-09-24
PM002448,O002535,41704.0,Net Banking,Success,2023-09-14
PM002449,O002536,22665.34,Debit Card,Success,2023-11-19
PM002450,O002537,10636.45,UPI,Success,2023-03-13
PM002451,O002538,47095.36,UPI,Success,2023-01-18
PM002452,O002539,208298.59,Credit Card,Success,2023-11-24
PM002453,O002540,44211.65,Wallet,Success,2024-04-09
PM002454,O002541,101070.18,COD,Success,2023-06-22
PM002455,O002542,35321.52,Wallet,Success,2024-06-27
PM002456,O002543,46933.83,UPI,Success,2024-12-24
PM002457,O002544,54759.9,UPI,Success,2023-06-23
PM002458,O002545,87544.3,Debit Card,Success,2023-02-16
PM002459,O002546,14938.28,Net Banking,Pending,2023-01-29
PM002460,O002547,11776.2,COD,Pending,2024-03-09
PM002461,O002548,66807.04,UPI,Failed,2024-12-02
PM002462,O002549,142220.96,COD,Success,2023-07-26
PM002463,O002550,36280.08,Net Banking,Success,2024-04-24
PM002464,O002551,145351.54,Credit Card,Success,2023-11-05
PM002465,O002552,24726.58,COD,Success,2023-07-11
PM002466,O002553,170387.06,COD,Refunded,2023-11-16
PM002467,O002554,84596.45,Net Banking,Success,2023-03-01
PM002468,O002555,19144.57,UPI,Success,2023-03-22
PM002469,O002556,71738.15,UPI,Failed,2024-08-07
PM002470,O002557,86092.24,Debit Card,Success,2023-08-20
PM002471,O002558,30150.96,COD,Success,2023-12-28
PM002472,O002559,142738.45,Credit Card,Success,2023-08-12
PM002473,O002560,40884.51,Credit Card,Pending,2023-06-04
PM002474,O002561,36169.16,COD,Success,2024-11-02
PM002475,O002562,49807.84,Debit Card,Failed,2024-09-23
PM002476,O002563,12839.72,COD,Success,2023-06-27
PM002477,O002564,24396.6,Debit Card,Success,2024-12-28
PM002478,O002565,28983.92,UPI,Refunded,2023-09-13
PM002479,O002566,31321.85,Credit Card,Refunded,2024-09-29
PM002480,O002567,63860.83,Credit Card,Success,2024-08-24
PM002481,O002568,5135.76,Debit Card,Success,2024-11-02
PM002482,O002569,136417.02,Net Banking,Success,2023-09-27
PM002483,O002570,32479.27,Net Banking,Success,2024-12-25
PM002484,O002571,91218.96,Wallet,Refunded,2024-01-09
PM002485,O002572,31918.02,Credit Card,Success,2023-02-05
PM002486,O002573,78094.97,Credit Card,Success,2023-08-08
PM002487,O002574,21725.84,UPI,Success,2024-01-06
PM002488,O002575,103579.55,Net Banking,Success,2024-05-17
PM002489,O002576,104517.74,Net Banking,Success,2024-08-27
PM002490,O002577,65441.17,Credit Card,Success,2023-08-06
PM002491,O002578,3646.7,COD,Success,2024-06-04
PM002492,O002579,28105.2,COD,Success,2023-05-06
PM002493,O002580,70566.24,Debit Card,Success,2024-04-06
PM002494,O002581,38619.7,Wallet,Success,2024-08-10
PM002495,O002582,4115.14,Net Banking,Failed,2024-01-23
PM002496,O002583,13181.63,Net Banking,Success,2024-11-07
PM002497,O002584,85988.41,Wallet,Success,2024-11-02
PM002498,O002585,50647.64,COD,Failed,2024-09-28
PM002499,O002586,93702.39,Debit Card,Failed,2024-03-16
PM002500,O002587,15279.84,Wallet,Success,2024-07-17
PM002501,O002588,48538.4,Net Banking,Success,2024-12-08
PM002502,O002589,67964.57,COD,Success,2023-05-06
PM002503,O002590,59129.82,Debit Card,Success,2023-12-16
PM002504,O002591,9907.88,Wallet,Success,2023-11-24
PM002505,O002592,66688.73,Net Banking,Success,2024-06-26
PM002506,O002593,75104.92,Credit Card,Success,2024-04-21
PM002507,O002594,58250.12,Net Banking,Success,2023-11-04
PM002508,O002595,99081.86,Credit Card,Success,2023-04-16
PM002509,O002596,72413.84,Credit Card,Success,2024-11-07
PM002510,O002597,98698.26,Net Banking,Success,2023-11-28
PM002511,O002598,116890.17,Credit Card,Failed,2023-11-04
PM002512,O002599,88482.42,Net Banking,Refunded,2023-07-27
PM002513,O002600,76397.54,Wallet,Success,2024-05-07
PM002514,O002601,62909.33,Net Banking,Failed,2023-05-06
PM002515,O002602,31668.7,Debit Card,Refunded,2024-02-06
PM002516,O002603,39608.81,Debit Card,Success,2024-01-12
PM002517,O002604,39331.14,Credit Card,Pending,2023-01-04
PM002518,O002605,113485.17,UPI,Success,2024-11-14
PM002519,O002606,103731.49,Debit Card,Success,2023-06-26
PM002520,O002607,44421.11,COD,Success,2023-06-29
PM002521,O002608,65079.35,Credit Card,Success,2023-10-28
PM002522,O002609,17182.8,Credit Card,Success,2024-11-14
PM002523,O002610,29325.3,Debit Card,Success,2023-03-04
PM002524,O002611,94724.09,Net Banking,Success,2023-01-03
PM002525,O002612,22066.64,Credit Card,Success,2024-02-29
PM002526,O002613,25334.96,Wallet,Success,2023-04-17
PM002527,O002614,62601.74,Net Banking,Success,2023-11-16
PM002528,O002615,31280.4,Wallet,Success,2023-06-06
PM002529,O002617,114456.53,Credit Card,Failed,2023-09-16
PM002530,O002618,47508.18,UPI,Success,2024-08-15
PM002531,O002619,70101.61,Wallet,Success,2024-11-27
PM002532,O002620,36447.56,COD,Success,2024-12-30
PM002533,O002621,34170.16,Net Banking,Success,2023-09-03
PM002534,O002623,39909.8,UPI,Success,2024-07-23
PM002535,O002624,87355.8,Wallet,Success,2023-04-19
PM002536,O002625,983.24,Net Banking,Failed,2023-10-23
PM002537,O002626,66782.75,Debit Card,Success,2023-01-11
PM002538,O002627,97667.34,COD,Success,2024-09-05
PM002539,O002628,71530.38,Net Banking,Failed,2024-03-22
PM002540,O002629,90574.42,Debit Card,Success,2023-09-10
PM002541,O002630,49682.23,Net Banking,Success,2023-08-11
PM002542,O002631,61354.95,Wallet,Success,2024-09-16
PM002543,O002632,46336.87,Net Banking,Failed,2023-09-04
PM002544,O002633,86476.56,Credit Card,Success,2024-09-26
PM002545,O002634,102926.0,UPI,Success,2024-08-12
PM002546,O002635,3120.12,COD,Failed,2023-07-30
PM002547,O002636,26713.2,Wallet,Success,2024-12-23
PM002548,O002637,115793.23,Credit Card,Success,2024-04-12
PM002549,O002638,4649.88,Net Banking,Success,2024-07-04
PM002550,O002639,84316.4,Wallet,Success,2024-12-11
PM002551,O002640,70126.92,Debit Card,Success,2023-06-18
PM002552,O002641,39743.53,Wallet,Success,2023-08-21
PM002553,O002643,6782.64,Credit Card,Success,2023-10-06
PM002554,O002644,54713.66,Credit Card,Failed,2023-02-11
PM002555,O002645,120687.18,Net Banking,Success,2023-06-07
PM002556,O002646,91646.5,UPI,Success,2024-10-08
PM002557,O002647,67155.48,Wallet,Success,2024-12-13
PM002558,O002648,4115.14,COD,Success,2023-03-04
PM002559,O002649,79777.81,Net Banking,Refunded,2024-05-21
PM002560,O002650,120443.58,Debit Card,Failed,2023-08-07
PM002561,O002651,22290.44,Net Banking,Success,2024-10-06
PM002562,O002652,55875.0,COD,Success,2024-02-10
PM002563,O002653,48638.42,Wallet,Refunded,2024-06-08
PM002564,O002654,66137.92,Net Banking,Pending,2023-08-20
PM002565,O002655,42501.88,Credit Card,Success,2024-08-01
PM002566,O002656,12303.56,Wallet,Success,2024-01-10
PM002567,O002657,46550.18,Net Banking,Success,2023-08-17
PM002568,O002658,89049.67,Credit Card,Success,2023-01-09
PM002569,O002659,141404.27,Debit Card,Pending,2023-06-27
PM002570,O002660,64212.32,Debit Card,Success,2024-12-12
PM002571,O002661,65658.22,Debit Card,Success,2024-06-26
PM002572,O002662,45990.97,Debit Card,Success,2023-12-10
PM002573,O002663,52553.52,COD,Refunded,2023-03-16
PM002574,O002664,109493.26,Credit Card,Success,2024-09-07
PM002575,O002665,10305.42,COD,Success,2023-10-02
PM002576,O002666,75272.65,COD,Success,2023-04-26
PM002577,O002667,24401.15,Debit Card,Success,2023-01-23
PM002578,O002668,84001.02,UPI,Success,2024-09-28
PM002579,O002669,127256.79,Credit Card,Success,2023-08-18
PM002580,O002671,107585.59,COD,Success,2023-05-11
PM002581,O002672,62510.26,Net Banking,Success,2024-11-16
PM002582,O002673,64936.73,Debit Card,Success,2023-02-07
PM002583,O002674,45071.8,Wallet,Success,2023-01-16
PM002584,O002675,35331.26,Wallet,Success,2024-07-05
PM002585,O002676,31663.16,Credit Card,Refunded,2023-12-19
PM002586,O002677,66602.83,Credit Card,Failed,2023-04-01
PM002587,O002678,22870.58,COD,Success,2023-08-17
PM002588,O002679,75497.47,Wallet,Failed,2024-12-18
PM002589,O002680,79456.45,Wallet,Success,2023-04-10
PM002590,O002681,89598.53,Debit Card,Success,2024-05-02
PM002591,O002682,38564.15,COD,Success,2024-05-19
PM002592,O002683,133296.03,Wallet,Success,2024-06-22
PM002593,O002684,8255.32,Net Banking,Failed,2024-10-02
PM002594,O002685,20468.73,Wallet,Success,2024-06-22
PM002595,O002686,75390.23,Debit Card,Success,2024-03-05
PM002596,O002687,44585.71,Wallet,Failed,2023-08-19
PM002597,O002688,113685.6,UPI,Success,2023-08-24
PM002598,O002689,72832.82,UPI,Success,2024-09-29
PM002599,O002690,25684.53,Net Banking,Success,2023-01-24
PM002600,O002691,22559.64,COD,Success,2023-02-13
PM002601,O002692,64869.8,Debit Card,Failed,2024-06-11
PM002602,O002693,85197.17,UPI,Success,2023-12-24
PM002603,O002694,82901.44,COD,Success,2023-07-30
PM002604,O002695,38538.97,Net Banking,Pending,2024-11-12
PM002605,O002696,34658.9,Net Banking,Refunded,2023-03-29
PM002606,O002697,11609.82,Wallet,Pending,2024-01-13
PM002607,O002698,107091.14,Wallet,Success,2024-02-01
PM002608,O002699,91954.81,UPI,Pending,2024-10-30
PM002609,O002700,37831.86,Debit Card,Success,2023-04-20
PM002610,O002701,41764.66,Credit Card,Success,2023-08-11
PM002611,O002702,28998.46,Net Banking,Success,2024-10-25
PM002612,O002703,135771.64,Debit Card,Success,2023-07-20
PM002613,O002704,983.24,UPI,Success,2024-04-25
PM002614,O002705,26401.14,UPI,Success,2024-08-24
PM002615,O002706,35197.5,COD,Success,2024-12-13
PM002616,O002707,51969.56,Wallet,Success,2024-12-10
PM002617,O002708,19198.7,Credit Card,Success,2023-06-10
PM002618,O002709,50345.0,Debit Card,Success,2023-07-19
PM002619,O002710,167518.77,Wallet,Success,2024-03-25
PM002620,O002711,38904.75,Wallet,Success,2023-06-04
PM002621,O002712,42586.71,Wallet,Refunded,2024-06-22
PM002622,O002713,24745.21,Net Banking,Success,2023-04-22
PM002623,O002714,80554.51,Wallet,Refunded,2024-10-11
PM002624,O002715,70281.05,Wallet,Success,2024-03-16
PM002625,O002716,15497.8,Wallet,Success,2023-02-21
PM002626,O002717,34579.83,Debit Card,Success,2023-01-28
PM002627,O002718,66178.03,COD,Success,2024-04-06
PM002628,O002719,36261.89,UPI,Success,2023-07-29
PM002629,O002720,22484.16,Wallet,Success,2024-09-18
PM002630,O002721,26613.94,UPI,Success,2023-11-24
PM002631,O002722,72610.6,Credit Card,Success,2024-04-11
PM002632,O002723,27663.03,Wallet,Success,2024-04-25
PM002633,O002724,119304.55,Wallet,Success,2023-03-03
PM002634,O002725,81547.46,Credit Card,Success,2023-10-25
PM002635,O002726,30895.76,Wallet,Success,2024-12-31
PM002636,O002727,146327.48,Credit Card,Success,2024-05-30
PM002637,O002728,75453.53,Net Banking,Failed,2023-09-11
PM002638,O002729,13433.93,Credit Card,Success,2024-05-25
PM002639,O002730,15886.42,Net Banking,Success,2023-10-12
PM002640,O002731,38275.82,COD,Success,2023-08-25
PM002641,O002732,34708.87,Wallet,Success,2023-03-22
PM002642,O002733,57133.74,Wallet,Success,2024-05-27
PM002643,O002734,40953.88,Credit Card,Success,2024-05-03
PM002644,O002735,93827.94,Debit Card,Success,2023-12-24
PM002645,O002736,46606.48,Net Banking,Success,2024-05-10
PM002646,O002737,99076.6,Debit Card,Success,2024-05-05
PM002647,O002738,22398.28,Net Banking,Failed,2023-09-25
PM002648,O002739,97900.54,Debit Card,Failed,2024-02-09
PM002649,O002740,5516.66,UPI,Success,2023-11-23
PM002650,O002741,111835.78,Credit Card,Pending,2024-06-29
PM002651,O002742,10788.99,Credit Card,Success,2024-10-06
PM002652,O002743,5599.57,Debit Card,Success,2024-04-23
PM002653,O002744,14839.77,Wallet,Success,2024-01-11
PM002654,O002745,91457.46,UPI,Success,2023-12-31
PM002655,O002746,87590.58,Debit Card,Success,2024-02-20
PM002656,O002747,51605.11,Net Banking,Success,2023-08-05
PM002657,O002748,107887.45,Net Banking,Success,2024-05-11
PM002658,O002749,122280.0,UPI,Success,2024-11-18
PM002659,O002750,138383.22,Credit Card,Success,2024-05-22
PM002660,O002751,9560.81,Net Banking,Success,2023-08-04
PM002661,O002752,60348.12,Debit Card,Failed,2024-07-12
PM002662,O002753,74429.29,Credit Card,Success,2024-02-23
PM002663,O002754,100297.42,Net Banking,Success,2024-08-21
PM002664,O002755,96188.44,Wallet,Success,2023-12-11
PM002665,O002756,56647.99,Debit Card,Success,2023-09-26
PM002666,O002757,136034.02,Debit Card,Success,2023-09-21
PM002667,O002758,3932.96,Debit Card,Success,2023-09-10
PM002668,O002759,87546.41,COD,Success,2023-05-04
PM002669,O002760,27210.06,UPI,Success,2023-06-06
PM002670,O002761,54155.29,Wallet,Success,2024-08-12
PM002671,O002763,74266.85,UPI,Success,2023-09-12
PM002672,O002764,70635.87,COD,Success,2024-10-11
PM002673,O002765,95432.99,Wallet,Success,2023-12-21
PM002674,O002766,44423.51,Net Banking,Success,2024-05-28
PM002675,O002767,25688.11,COD,Success,2023-02-12
PM002676,O002768,60133.85,UPI,Refunded,2023-06-11
PM002677,O002769,29023.0,COD,Success,2023-04-23
PM002678,O002770,65485.83,UPI,Success,2023-11-22
PM002679,O002771,71270.51,UPI,Success,2023-06-28
PM002680,O002772,56463.81,Net Banking,Success,2024-03-12
PM002681,O002773,173898.41,UPI,Refunded,2023-03-21
PM002682,O002774,65357.48,Net Banking,Success,2024-03-08
PM002683,O002775,28509.39,Credit Card,Success,2023-06-17
PM002684,O002776,41221.68,COD,Success,2023-01-19
PM002685,O002777,136931.7,Wallet,Success,2024-05-08
PM002686,O002778,24609.52,COD,Success,2023-06-22
PM002687,O002779,60159.73,Net Banking,Failed,2023-06-28
PM002688,O002780,42493.75,Wallet,Success,2024-09-06
PM002689,O002781,20257.4,Credit Card,Success,2024-01-04
PM002690,O002782,30751.66,COD,Success,2023-07-12
PM002691,O002783,46377.66,Debit Card,Success,2024-01-19
PM002692,O002784,91178.47,Debit Card,Success,2023-06-20
PM002693,O002785,43261.15,Wallet,Success,2023-08-25
PM002694,O002786,16946.6,Credit Card,Success,2023-10-30
PM002695,O002787,85626.8,COD,Success,2023-03-17
PM002696,O002788,27380.91,Wallet,Success,2023-09-02
PM002697,O002789,56023.37,COD,Failed,2023-02-25
PM002698,O002790,133802.77,Net Banking,Success,2024-08-16
PM002699,O002791,9007.85,Net Banking,Success,2024-06-19
PM002700,O002792,4587.97,Credit Card,Success,2024-05-03
PM002701,O002793,91667.38,Debit Card,Success,2023-11-09
PM002702,O002794,10635.38,Credit Card,Success,2024-11-01
PM002703,O002795,121882.78,Credit Card,Success,2024-05-19
PM002704,O002796,26253.21,Debit Card,Success,2024-10-08
PM002705,O002797,51784.45,Net Banking,Success,2024-11-12
PM002706,O002798,76252.02,COD,Success,2024-12-06
PM002707,O002799,13433.93,COD,Success,2023-03-05
PM002708,O002800,128705.33,Wallet,Success,2023-09-25
PM002709,O002801,45261.09,Debit Card,Success,2023-03-08
PM002710,O002802,111173.28,Credit Card,Success,2023-11-28
PM002711,O002803,28983.02,Net Banking,Success,2024-09-04
PM002712,O002804,177228.57,Wallet,Success,2024-11-20
PM002713,O002805,55121.39,Debit Card,Pending,2024-03-12
PM002714,O002806,74060.97,Net Banking,Refunded,2024-02-12
PM002715,O002807,87131.16,UPI,Pending,2023-06-06
PM002716,O002808,87785.31,Credit Card,Success,2024-09-12
PM002717,O002809,19027.07,Credit Card,Success,2023-01-27
PM002718,O002810,48655.47,Debit Card,Success,2023-12-07
PM002719,O002811,23947.16,Net Banking,Success,2023-12-21
PM002720,O002812,62238.38,COD,Pending,2024-12-06
PM002721,O002813,52434.37,Credit Card,Success,2023-09-18
PM002722,O002814,29185.23,Debit Card,Success,2023-09-25
PM002723,O002815,50328.6,Credit Card,Success,2023-01-03
PM002724,O002816,36229.9,Wallet,Success,2023-06-02
PM002725,O002817,18192.24,Wallet,Pending,2023-11-25
PM002726,O002818,9120.27,Credit Card,Success,2024-05-01
PM002727,O002819,11269.48,UPI,Success,2023-10-13
PM002728,O002820,80125.18,Credit Card,Success,2023-05-10
PM002729,O002821,136442.74,COD,Refunded,2023-09-12
PM002730,O002822,3120.12,Net Banking,Success,2024-03-10
PM002731,O002823,58088.48,Wallet,Success,2023-08-03
PM002732,O002824,41897.71,Net Banking,Success,2023-10-04
PM002733,O002825,57334.49,COD,Success,2024-07-10
PM002734,O002826,54303.82,Net Banking,Failed,2023-01-16
PM002735,O002827,26549.18,Debit Card,Success,2024-06-07
PM002736,O002828,105126.31,Wallet,Pending,2023-10-15
PM002737,O002829,82859.56,Debit Card,Success,2024-04-01
PM002738,O002830,59628.88,UPI,Success,2023-08-14
PM002739,O002831,18897.55,COD,Success,2024-05-12
PM002740,O002832,80129.52,UPI,Success,2024-05-03
PM002741,O002833,6151.78,Debit Card,Success,2023-11-25
PM002742,O002834,48875.26,Debit Card,Success,2024-10-01
PM002743,O002835,48525.38,Net Banking,Success,2024-09-11
PM002744,O002836,51860.85,Net Banking,Success,2023-12-01
PM002745,O002837,54464.86,Credit Card,Failed,2023-01-10
PM002746,O002838,78043.92,Credit Card,Success,2023-11-07
PM002747,O002840,68844.51,Debit Card,Pending,2023-01-20
PM002748,O002841,53735.72,UPI,Failed,2024-04-26
PM002749,O002842,21921.13,Debit Card,Success,2024-11-04
PM002750,O002843,43100.92,Net Banking,Success,2024-05-24
PM002751,O002844,117233.83,Net Banking,Success,2024-12-18
PM002752,O002845,22752.7,Debit Card,Success,2024-10-21
PM002753,O002846,115129.8,Wallet,Success,2023-03-10
PM002754,O002847,65852.57,Debit Card,Success,2024-08-11
PM002755,O002848,100316.15,UPI,Success,2023-08-29
PM002756,O002849,47169.5,UPI,Success,2024-06-27
PM002757,O002850,22309.26,Debit Card,Success,2023-05-10
PM002758,O002851,39535.8,COD,Success,2023-05-10
PM002759,O002852,145165.71,Wallet,Pending,2024-10-30
PM002760,O002853,152007.3,Credit Card,Success,2023-02-26
PM002761,O002854,101375.01,Debit Card,Success,2023-05-16
PM002762,O002855,49478.55,Wallet,Refunded,2024-11-20
PM002763,O002856,63785.4,Wallet,Pending,2024-04-05
PM002764,O002857,94561.31,Net Banking,Success,2023-03-03
PM002765,O002858,55287.26,Net Banking,Success,2023-09-28
PM002766,O002859,31241.13,Wallet,Refunded,2023-12-30
PM002767,O002860,16329.96,Debit Card,Success,2023-07-17
PM002768,O002862,69560.9,Net Banking,Refunded,2023-08-09
PM002769,O002863,57996.92,Wallet,Success,2024-08-10
PM002770,O002864,80949.33,Debit Card,Pending,2023-12-27
PM002771,O002865,27482.72,UPI,Success,2024-08-27
PM002772,O002866,80389.04,Wallet,Success,2023-03-02
PM002773,O002867,108541.68,UPI,Refunded,2023-10-21
PM002774,O002868,43042.89,Debit Card,Success,2023-03-23
PM002775,O002869,137635.77,COD,Success,2024-03-10
PM002776,O002870,151551.22,Credit Card,Success,2024-08-31
PM002777,O002871,81245.84,COD,Success,2024-12-22
PM002778,O002872,47038.14,UPI,Success,2023-03-21
PM002779,O002873,23422.17,Wallet,Success,2023-10-26
PM002780,O002874,20988.16,Wallet,Success,2023-11-28
PM002781,O002875,63836.04,Debit Card,Success,2023-02-17
PM002782,O002876,64918.88,COD,Success,2024-05-26
PM002783,O002877,38452.14,Wallet,Success,2023-06-10
PM002784,O002878,28915.55,Net Banking,Success,2024-03-01
PM002785,O002879,9471.71,Wallet,Refunded,2023-09-13
PM002786,O002880,4946.59,Debit Card,Success,2023-02-23
PM002787,O002881,12169.68,UPI,Refunded,2024-09-17
PM002788,O002882,85327.26,UPI,Success,2024-03-23
PM002789,O002883,24335.88,Wallet,Pending,2023-02-28
PM002790,O002884,13433.93,Wallet,Failed,2023-04-19
PM002791,O002885,73471.85,Wallet,Success,2023-04-10
PM002792,O002886,99513.72,Debit Card,Success,2023-12-29
PM002793,O002887,40547.94,Credit Card,Failed,2023-09-24
PM002794,O002888,137943.5,UPI,Success,2023-12-03
PM002795,O002889,66570.74,UPI,Success,2024-07-30
PM002796,O002890,11981.85,UPI,Failed,2024-04-28
PM002797,O002891,62756.52,Wallet,Success,2024-04-15
PM002798,O002892,46656.81,Wallet,Success,2024-01-07
PM002799,O002893,9884.0,Net Banking,Success,2023-11-03
PM002800,O002894,33259.27,Credit Card,Success,2024-01-07
PM002801,O002895,27157.3,Debit Card,Success,2024-06-20
PM002802,O002896,28998.46,Net Banking,Success,2023-10-21
PM002803,O002897,45350.1,Net Banking,Failed,2023-12-17
PM002804,O002898,121770.4,UPI,Success,2024-01-02
PM002805,O002899,122671.28,Net Banking,Success,2023-12-27
PM002806,O002900,68513.16,Wallet,Success,2023-07-17
PM002807,O002901,58869.2,Credit Card,Refunded,2023-06-01
PM002808,O002902,88963.71,Credit Card,Success,2024-03-25
PM002809,O002903,1695.66,Net Banking,Success,2023-07-24
PM002810,O002904,12156.81,COD,Success,2024-07-06
PM002811,O002905,101104.15,Debit Card,Pending,2024-10-27
PM002812,O002906,2390.88,Debit Card,Refunded,2023-02-22
PM002813,O002907,22330.04,Net Banking,Success,2023-01-25
PM002814,O002908,7760.58,UPI,Success,2023-12-02
PM002815,O002909,22660.34,UPI,Success,2023-01-25
PM002816,O002910,28680.65,Debit Card,Success,2023-07-08
PM002817,O002911,61354.95,COD,Pending,2024-06-06
PM002818,O002912,31216.6,Wallet,Success,2024-06-27
PM002819,O002913,15992.08,Net Banking,Success,2024-08-17
PM002820,O002914,61396.1,Debit Card,Success,2023-09-29
PM002821,O002915,11330.17,Debit Card,Pending,2023-02-19
PM002822,O002916,31278.0,Wallet,Success,2023-07-28
PM002823,O002917,75372.19,Credit Card,Failed,2024-08-04
PM002824,O002918,11151.18,Credit Card,Success,2023-11-19
PM002825,O002919,83782.53,Net Banking,Success,2023-11-24
PM002826,O002920,0.0,Net Banking,Success,2024-02-25
PM002827,O002921,84382.09,COD,Success,2023-08-04
PM002828,O002922,18251.91,Wallet,Success,2024-12-31
PM002829,O002923,84516.2,UPI,Success,2024-03-21
PM002830,O002924,144565.91,Net Banking,Success,2024-03-04
PM002831,O002925,64612.44,Net Banking,Success,2024-07-31
PM002832,O002927,27621.14,Net Banking,Success,2023-03-11
PM002833,O002928,27997.85,Credit Card,Success,2023-11-16
PM002834,O002929,22752.7,Credit Card,Success,2024-04-05
PM002835,O002930,27047.53,Debit Card,Refunded,2024-09-11
PM002836,O002932,22398.28,Credit Card,Success,2023-05-19
PM002837,O002933,70674.63,Wallet,Success,2023-11-01
PM002838,O002934,128019.93,Debit Card,Success,2024-10-19
PM002839,O002935,71756.56,COD,Success,2023-04-11
PM002840,O002936,3028.1,Wallet,Success,2024-05-07
PM002841,O002937,21726.75,COD,Success,2023-02-09
PM002842,O002938,78266.46,Debit Card,Success,2024-06-17
PM002843,O002939,66409.44,Wallet,Success,2024-11-09
PM002844,O002940,87015.04,Wallet,Success,2024-07-29
PM002845,O002941,44447.44,COD,Success,2023-06-17
PM002846,O002942,86358.58,Net Banking,Success,2024-06-21
PM002847,O002944,176612.04,Net Banking,Success,2024-01-10
PM002848,O002945,83991.32,Wallet,Success,2023-01-07
PM002849,O002946,44435.54,Debit Card,Success,2023-05-14
PM002850,O002947,109844.27,Net Banking,Pending,2023-05-14
PM002851,O002948,25195.3,COD,Success,2024-08-06
PM002852,O002949,74805.35,Net Banking,Success,2024-02-21
PM002853,O002951,78699.06,Credit Card,Success,2024-07-04
PM002854,O002952,91184.2,Net Banking,Success,2023-06-18
PM002855,O002953,77187.84,Credit Card,Success,2023-10-29
PM002856,O002954,83774.08,Credit Card,Success,2023-10-30
PM002857,O002955,62632.16,UPI,Success,2024-08-09
PM002858,O002956,11242.08,Debit Card,Success,2024-05-29
PM002859,O002957,36278.75,Wallet,Success,2023-03-15
PM002860,O002958,28139.44,COD,Success,2023-09-28
PM002861,O002959,94880.05,Net Banking,Success,2023-10-21
PM002862,O002960,11776.2,Debit Card,Success,2023-11-27
PM002863,O002961,90700.85,Credit Card,Refunded,2023-05-07
PM002864,O002962,11151.18,Wallet,Refunded,2024-08-20
PM002865,O002963,36638.47,UPI,Success,2024-01-15
PM002866,O002964,72532.1,Debit Card,Success,2023-07-27
PM002867,O002965,142027.78,COD,Success,2023-12-03
PM002868,O002966,17344.5,UPI,Success,2024-06-03
PM002869,O002967,53039.96,Credit Card,Success,2023-04-18
PM002870,O002968,83124.46,COD,Success,2023-08-18
PM002871,O002969,53587.27,Wallet,Success,2023-03-07
PM002872,O002970,60349.05,Credit Card,Success,2024-09-17
PM002873,O002971,136272.41,Credit Card,Success,2024-12-17
PM002874,O002972,87580.8,COD,Success,2023-07-11
PM002875,O002973,45268.88,Net Banking,Success,2024-07-05
PM002876,O002974,46512.2,Credit Card,Success,2024-01-20
PM002877,O002975,20178.96,Net Banking,Success,2024-11-11
PM002878,O002976,13433.93,Net Banking,Refunded,2023-11-25
PM002879,O002977,7598.55,Net Banking,Success,2024-10-30
PM002880,O002978,97217.08,Credit Card,Success,2024-02-29
PM002881,O002979,151705.74,Wallet,Success,2024-10-31
PM002882,O002980,18014.52,COD,Success,2023-03-27
PM002883,O002981,36280.08,Net Banking,Success,2024-12-20
PM002884,O002982,25551.34,Credit Card,Success,2023-12-09
PM002885,O002983,67783.1,UPI,Success,2023-01-01
PM002886,O002984,35369.32,COD,Success,2023-04-25
PM002887,O002985,11526.61,Credit Card,Pending,2023-02-25
PM002888,O002986,95198.47,COD,Success,2024-08-10
PM002889,O002987,37305.08,Net Banking,Success,2024-04-17
PM002890,O002988,101101.57,Credit Card,Success,2024-07-30
PM002891,O002989,152110.64,Credit Card,Success,2023-08-28
PM002892,O002990,39639.12,Net Banking,Success,2024-01-29
PM002893,O002991,13105.41,Net Banking,Failed,2024-06-18
PM002894,O002992,95485.02,Net Banking,Refunded,2023-02-27
PM002895,O002993,58957.31,Credit Card,Success,2024-09-17
PM002896,O002994,29874.33,COD,Refunded,2023-03-03
PM002897,O002995,17981.65,UPI,Success,2024-10-02
PM002898,O002996,61379.52,Debit Card,Pending,2024-11-25
PM002899,O002997,11075.88,COD,Pending,2024-04-22
PM002900,O002998,19372.25,UPI,Success,2023-12-17
PM002901,O002999,21797.0,Debit Card,Success,2024-12-29
PM002902,O003000,46560.38,Debit Card,Success,2024-01-10
